model,benchmark,resample_id,k,recall,precision,jaccard,snr_k16,snr_k8,regime_flip,num_scored_in_overlap,partial_frs_estimate
DS-R1-1.5B,AQuA,0,8,1.0,0.5012285012285013,0.5012285012285013,0.6541537763683102,0.6675550721957513,False,25,88.5
DS-R1-1.5B,AQuA,1,8,0.8872549019607843,0.44471744471744473,0.42093023255813955,0.6541537763683102,0.66569901543284,False,28,90.84821428571429
DS-R1-1.5B,AQuA,2,8,1.0,0.5012285012285013,0.5012285012285013,0.6541537763683102,0.6710144066579692,False,22,87.7840909090909
DS-R1-1.5B,AQuA,3,8,0.9852941176470589,0.49385749385749383,0.4902439024390244,0.6541537763683102,0.6740219571032933,False,26,87.74038461538461
DS-R1-1.5B,AQuA,4,8,0.9901960784313726,0.4963144963144963,0.4938875305623472,0.6541537763683102,0.6569527283472423,False,23,88.8586956521739
DS-R1-1.5B,AQuA,5,8,0.9754901960784313,0.48894348894348894,0.4830097087378641,0.6541537763683102,0.6818299471968291,False,25,93.0
DS-R1-1.5B,AQuA,6,8,0.9705882352941176,0.4864864864864865,0.4794188861985472,0.6541537763683102,0.677522480973384,False,24,90.10416666666667
DS-R1-1.5B,AQuA,7,8,1.0,0.5012285012285013,0.5012285012285013,0.6541537763683102,0.6696381119081596,False,29,92.67241379310344
DS-R1-1.5B,AQuA,8,8,0.9607843137254902,0.48157248157248156,0.472289156626506,0.6541537763683102,0.6475648006158737,False,28,91.51785714285714
DS-R1-1.5B,AQuA,9,8,0.9852941176470589,0.49385749385749383,0.4902439024390244,0.6541537763683102,0.6621141175830352,False,21,88.0952380952381
DS-R1-1.5B,AQuA,0,4,0.9411764705882353,0.23587223587223588,0.2324455205811138,0.6541537763683102,0.6874004767580376,False,15,95.0
DS-R1-1.5B,AQuA,1,4,1.0,0.25061425061425063,0.25061425061425063,0.6541537763683102,0.6851680005990907,False,14,91.96428571428571
DS-R1-1.5B,AQuA,2,4,0.9509803921568627,0.23832923832923833,0.2354368932038835,0.6541537763683102,0.5301735559448455,False,12,81.77083333333333
DS-R1-1.5B,AQuA,3,4,0.8725490196078431,0.21867321867321868,0.2119047619047619,0.6541537763683102,0.658236362239395,False,9,93.05555555555556
DS-R1-1.5B,AQuA,4,4,1.0,0.25061425061425063,0.25061425061425063,0.6541537763683102,0.6511219830059343,False,11,91.47727272727273
DS-R1-1.5B,AQuA,5,4,1.0,0.25061425061425063,0.25061425061425063,0.6541537763683102,0.7213323157444267,False,10,93.75
DS-R1-1.5B,AQuA,6,4,1.0,0.25061425061425063,0.25061425061425063,0.6541537763683102,0.6822723122601387,False,15,92.08333333333333
DS-R1-1.5B,AQuA,7,4,0.9803921568627451,0.2457002457002457,0.24449877750611246,0.6541537763683102,0.6404005065591227,False,13,94.23076923076923
DS-R1-1.5B,AQuA,8,4,1.0,0.25061425061425063,0.25061425061425063,0.6541537763683102,0.6530987557293727,False,14,95.08928571428571
DS-R1-1.5B,AQuA,9,4,0.9803921568627451,0.2457002457002457,0.24449877750611246,0.6541537763683102,0.6255674012621923,False,15,97.91666666666667
DS-R1-1.5B,CommonsenseQA,0,8,1.0,0.5,0.5,0.00039351231637744637,-0.025875216146668573,True,26,58.89423076923077
DS-R1-1.5B,CommonsenseQA,1,8,1.0,0.5,0.5,0.00039351231637744637,0.007919097268060301,False,27,58.7962962962963
DS-R1-1.5B,CommonsenseQA,2,8,0.9856704196519959,0.49283520982599793,0.4893292682926829,0.00039351231637744637,0.0035065656163638234,False,21,49.70238095238095
DS-R1-1.5B,CommonsenseQA,3,8,0.9959058341862845,0.49795291709314227,0.4969356486210419,0.00039351231637744637,-0.0017502418087226037,True,19,47.36842105263158
DS-R1-1.5B,CommonsenseQA,4,8,1.0,0.5,0.5,0.00039351231637744637,0.0016111419298186211,False,28,59.82142857142857
DS-R1-1.5B,CommonsenseQA,5,8,1.0,0.5,0.5,0.00039351231637744637,-0.005059135489078657,True,25,54.5
DS-R1-1.5B,CommonsenseQA,6,8,1.0,0.5,0.5,0.00039351231637744637,0.0018012343943815284,False,22,50.28409090909091
DS-R1-1.5B,CommonsenseQA,7,8,0.9744114636642784,0.4872057318321392,0.4810510358767054,0.00039351231637744637,0.001099244516182438,False,27,52.31481481481482
DS-R1-1.5B,CommonsenseQA,8,8,1.0,0.5,0.5,0.00039351231637744637,0.002899174182818006,False,19,52.30263157894737
DS-R1-1.5B,CommonsenseQA,9,8,0.9959058341862845,0.49795291709314227,0.4969356486210419,0.00039351231637744637,-0.016048917786171627,True,30,55.208333333333336
DS-R1-1.5B,CommonsenseQA,0,4,0.9304703476482618,0.23285568065506654,0.22887323943661972,0.00039351231637744637,0.033284827541717424,False,18,45.486111111111114
DS-R1-1.5B,CommonsenseQA,1,4,0.9897750511247444,0.24769703172978505,0.2470648289943849,0.00039351231637744637,-0.023784662051638213,True,14,74.55357142857143
DS-R1-1.5B,CommonsenseQA,2,4,0.9938650306748467,0.24872057318321392,0.24833929483903935,0.00039351231637744637,0.013892255368972664,False,12,59.375
DS-R1-1.5B,CommonsenseQA,3,4,1.0,0.2502558853633572,0.2502558853633572,0.00039351231637744637,0.0013611722353639574,False,15,62.5
DS-R1-1.5B,CommonsenseQA,4,4,1.0,0.2502558853633572,0.2502558853633572,0.00039351231637744637,0.006831466960527439,False,15,57.5
DS-R1-1.5B,CommonsenseQA,5,4,1.0,0.2502558853633572,0.2502558853633572,0.00039351231637744637,0.0013939152011549932,False,14,43.30357142857143
DS-R1-1.5B,CommonsenseQA,6,4,1.0,0.2502558853633572,0.2502558853633572,0.00039351231637744637,-0.0007393281812950861,True,11,52.84090909090909
DS-R1-1.5B,CommonsenseQA,7,4,0.9550102249488752,0.2389969293756397,0.23633603238866396,0.00039351231637744637,0.03275714555444433,False,13,55.76923076923077
DS-R1-1.5B,CommonsenseQA,8,4,1.0,0.2502558853633572,0.2502558853633572,0.00039351231637744637,-0.04546242568228165,True,15,57.083333333333336
DS-R1-1.5B,CommonsenseQA,9,4,0.9938650306748467,0.24872057318321392,0.24833929483903935,0.00039351231637744637,-0.02655947653868415,True,10,68.125
DS-R1-1.5B,GPQA,0,8,1.0,0.500697350069735,0.500697350069735,-0.053474427346895906,-0.05235299426062797,False,22,56.25
DS-R1-1.5B,GPQA,1,8,1.0,0.500697350069735,0.500697350069735,-0.053474427346895906,-0.027835067505039307,False,23,51.630434782608695
DS-R1-1.5B,GPQA,2,8,1.0,0.500697350069735,0.500697350069735,-0.053474427346895906,-0.06669843894726805,False,27,54.861111111111114
DS-R1-1.5B,GPQA,3,8,0.9888579387186629,0.49511854951185497,0.492371705963939,-0.053474427346895906,-0.061617233918950576,False,23,54.891304347826086
DS-R1-1.5B,GPQA,4,8,1.0,0.500697350069735,0.500697350069735,-0.053474427346895906,-0.06013664865219666,False,27,53.47222222222222
DS-R1-1.5B,GPQA,5,8,1.0,0.500697350069735,0.500697350069735,-0.053474427346895906,-0.07008468738811964,False,25,57.5
DS-R1-1.5B,GPQA,6,8,1.0,0.500697350069735,0.500697350069735,-0.053474427346895906,-0.018468426097194155,False,28,55.580357142857146
DS-R1-1.5B,GPQA,7,8,0.9442896935933147,0.47280334728033474,0.4599728629579376,-0.053474427346895906,-0.06352394615539553,False,29,58.83620689655172
DS-R1-1.5B,GPQA,8,8,1.0,0.500697350069735,0.500697350069735,-0.053474427346895906,0.013762409102137711,True,27,61.574074074074076
DS-R1-1.5B,GPQA,9,8,0.9442896935933147,0.47280334728033474,0.4599728629579376,-0.053474427346895906,-0.045702481402319174,False,29,61.63793103448276
DS-R1-1.5B,GPQA,0,4,0.9333333333333333,0.23430962343096234,0.23045267489711935,-0.053474427346895906,0.06836270556651396,True,14,54.464285714285715
DS-R1-1.5B,GPQA,1,4,1.0,0.2510460251046025,0.2510460251046025,-0.053474427346895906,0.00042991751468629454,True,13,65.86538461538461
DS-R1-1.5B,GPQA,2,4,0.9555555555555556,0.2398884239888424,0.23724137931034484,-0.053474427346895906,-0.07596293413896107,False,14,66.96428571428571
DS-R1-1.5B,GPQA,3,4,0.9888888888888889,0.2482566248256625,0.24756606397774686,-0.053474427346895906,-0.027057708607653625,False,18,53.47222222222222
DS-R1-1.5B,GPQA,4,4,1.0,0.2510460251046025,0.2510460251046025,-0.053474427346895906,-0.09721112997159927,False,15,50.0
DS-R1-1.5B,GPQA,5,4,0.9388888888888889,0.23570432357043236,0.23214285714285715,-0.053474427346895906,-0.09368922123166928,False,13,58.17307692307692
DS-R1-1.5B,GPQA,6,4,1.0,0.2510460251046025,0.2510460251046025,-0.053474427346895906,-0.05337678428048782,False,10,44.375
DS-R1-1.5B,GPQA,7,4,0.9388888888888889,0.23570432357043236,0.23214285714285715,-0.053474427346895906,0.010632578736551946,True,12,71.875
DS-R1-1.5B,GPQA,8,4,1.0,0.2510460251046025,0.2510460251046025,-0.053474427346895906,-0.08126133989194859,False,11,53.97727272727273
DS-R1-1.5B,GPQA,9,4,1.0,0.2510460251046025,0.2510460251046025,-0.053474427346895906,-0.056462306007340514,False,9,51.388888888888886
DS-R1-1.5B,GSM8K,0,8,1.0,0.5002368545712932,0.5002368545712932,0.7231409266926733,0.7386743159591628,False,26,95.1923076923077
DS-R1-1.5B,GSM8K,1,8,0.9943181818181818,0.4973945997157745,0.49598488427019366,0.7231409266926733,0.71253736667047,False,28,97.76785714285714
DS-R1-1.5B,GSM8K,2,8,1.0,0.5002368545712932,0.5002368545712932,0.7231409266926733,0.7078194627430587,False,26,93.50961538461539
DS-R1-1.5B,GSM8K,3,8,0.9810606060606061,0.49076267171956417,0.48615673392773345,0.7231409266926733,0.7330180799166788,False,24,94.79166666666667
DS-R1-1.5B,GSM8K,4,8,0.9488636363636364,0.47465656087162483,0.4628175519630485,0.7231409266926733,0.7415299114956319,False,23,92.1195652173913
DS-R1-1.5B,GSM8K,5,8,1.0,0.5002368545712932,0.5002368545712932,0.7231409266926733,0.7120080028856424,False,27,93.05555555555556
DS-R1-1.5B,GSM8K,6,8,0.9763257575757576,0.4883941260066319,0.48267790262172283,0.7231409266926733,0.7016868181654136,False,25,96.75
DS-R1-1.5B,GSM8K,7,8,0.9914772727272727,0.49597347228801514,0.49386792452830186,0.7231409266926733,0.7040622711621215,False,28,93.30357142857143
DS-R1-1.5B,GSM8K,8,8,1.0,0.5002368545712932,0.5002368545712932,0.7231409266926733,0.7014084624952196,False,21,89.28571428571429
DS-R1-1.5B,GSM8K,9,8,1.0,0.5002368545712932,0.5002368545712932,0.7231409266926733,0.7401332810012627,False,26,96.39423076923077
DS-R1-1.5B,GSM8K,0,4,1.0,0.2501184272856466,0.2501184272856466,0.7231409266926733,0.7207295364266357,False,7,100.0
DS-R1-1.5B,GSM8K,1,4,1.0,0.2501184272856466,0.2501184272856466,0.7231409266926733,0.744715300565818,False,13,98.5576923076923
DS-R1-1.5B,GSM8K,2,4,1.0,0.2501184272856466,0.2501184272856466,0.7231409266926733,0.7403822794542638,False,15,91.25
DS-R1-1.5B,GSM8K,3,4,0.9640151515151515,0.24111795357650403,0.23896713615023474,0.7231409266926733,0.7059605948265164,False,19,97.03947368421052
DS-R1-1.5B,GSM8K,4,4,1.0,0.2501184272856466,0.2501184272856466,0.7231409266926733,0.696038559116333,False,11,92.61363636363636
DS-R1-1.5B,GSM8K,5,4,1.0,0.2501184272856466,0.2501184272856466,0.7231409266926733,0.7833158693569324,False,14,94.64285714285714
DS-R1-1.5B,GSM8K,6,4,1.0,0.2501184272856466,0.2501184272856466,0.7231409266926733,0.7380153325641351,False,14,95.98214285714286
DS-R1-1.5B,GSM8K,7,4,0.9659090909090909,0.24159166271909047,0.23954908407703146,0.7231409266926733,0.6968634556089583,False,5,100.0
DS-R1-1.5B,GSM8K,8,4,1.0,0.2501184272856466,0.2501184272856466,0.7231409266926733,0.786706861076158,False,11,96.5909090909091
DS-R1-1.5B,GSM8K,9,4,0.9981060606060606,0.24964471814306016,0.24952651515151514,0.7231409266926733,0.7031315864746059,False,17,97.79411764705883
DS-R1-1.5B,MATH500,0,8,1.0,0.5,0.5,0.4805963022672171,0.4491971196686558,False,23,77.44565217391305
DS-R1-1.5B,MATH500,1,8,1.0,0.5,0.5,0.4805963022672171,0.48978552955751753,False,21,88.39285714285714
DS-R1-1.5B,MATH500,2,8,0.955,0.4775,0.4669926650366748,0.4805963022672171,0.5113515770557272,False,21,78.57142857142857
DS-R1-1.5B,MATH500,3,8,0.965,0.4825,0.4742014742014742,0.4805963022672171,0.43932687039754426,False,24,76.5625
DS-R1-1.5B,MATH500,4,8,1.0,0.5,0.5,0.4805963022672171,0.4748007263745149,False,27,88.19444444444444
DS-R1-1.5B,MATH500,5,8,0.9975,0.49875,0.49812734082397003,0.4805963022672171,0.45146615877761354,False,24,84.89583333333333
DS-R1-1.5B,MATH500,6,8,0.9925,0.49625,0.4943960149439601,0.4805963022672171,0.46889432210943655,False,24,88.28125
DS-R1-1.5B,MATH500,7,8,0.9925,0.49625,0.4943960149439601,0.4805963022672171,0.4660591866523917,False,14,84.375
DS-R1-1.5B,MATH500,8,8,1.0,0.5,0.5,0.4805963022672171,0.4524518546627875,False,24,84.89583333333333
DS-R1-1.5B,MATH500,9,8,0.9525,0.47625,0.4652014652014652,0.4805963022672171,0.49455482137750856,False,29,88.79310344827586
DS-R1-1.5B,MATH500,0,4,1.0,0.25,0.25,0.4805963022672171,0.5099090880721661,False,15,75.83333333333333
DS-R1-1.5B,MATH500,1,4,1.0,0.25,0.25,0.4805963022672171,0.45858038169521137,False,15,82.08333333333333
DS-R1-1.5B,MATH500,2,4,0.98,0.245,0.24378109452736318,0.4805963022672171,0.4612981082354497,False,10,91.25
DS-R1-1.5B,MATH500,3,4,1.0,0.25,0.25,0.4805963022672171,0.4608437180057244,False,12,71.875
DS-R1-1.5B,MATH500,4,4,1.0,0.25,0.25,0.4805963022672171,0.41914127681979846,False,9,81.25
DS-R1-1.5B,MATH500,5,4,1.0,0.25,0.25,0.4805963022672171,0.47786153812146837,False,10,77.5
DS-R1-1.5B,MATH500,6,4,0.98,0.245,0.24378109452736318,0.4805963022672171,0.44172312601447544,False,9,86.80555555555556
DS-R1-1.5B,MATH500,7,4,1.0,0.25,0.25,0.4805963022672171,0.535552686250682,False,9,77.77777777777777
DS-R1-1.5B,MATH500,8,4,1.0,0.25,0.25,0.4805963022672171,0.5004363939867726,False,14,80.35714285714286
DS-R1-1.5B,MATH500,9,4,1.0,0.25,0.25,0.4805963022672171,0.4614829778625231,False,15,84.58333333333333
DS-R1-1.5B,SVAMP,0,8,0.9475,0.47375,0.46163215590742995,0.48884767526520545,0.5031156644876259,False,26,93.99038461538461
DS-R1-1.5B,SVAMP,1,8,1.0,0.5,0.5,0.48884767526520545,0.4825564608401793,False,24,93.48958333333333
DS-R1-1.5B,SVAMP,2,8,1.0,0.5,0.5,0.48884767526520545,0.5034372659110207,False,24,94.27083333333333
DS-R1-1.5B,SVAMP,3,8,1.0,0.5,0.5,0.48884767526520545,0.48534562438149625,False,27,96.75925925925925
DS-R1-1.5B,SVAMP,4,8,0.96875,0.484375,0.47692307692307695,0.48884767526520545,0.45961851851508684,False,23,97.82608695652173
DS-R1-1.5B,SVAMP,5,8,0.98375,0.491875,0.4879107253564786,0.48884767526520545,0.4834075921405113,False,23,96.19565217391305
DS-R1-1.5B,SVAMP,6,8,0.985,0.4925,0.48883374689826303,0.48884767526520545,0.48075538313969174,False,26,100.0
DS-R1-1.5B,SVAMP,7,8,0.99625,0.498125,0.49719276356830944,0.48884767526520545,0.49669847551785995,False,22,96.875
DS-R1-1.5B,SVAMP,8,8,0.98,0.49,0.48514851485148514,0.48884767526520545,0.4800053394630688,False,28,99.33035714285714
DS-R1-1.5B,SVAMP,9,8,0.98375,0.491875,0.4879107253564786,0.48884767526520545,0.52323624485177,False,26,97.35576923076923
DS-R1-1.5B,SVAMP,0,4,0.945,0.23625,0.23304562268803947,0.48884767526520545,0.4574728734318833,False,12,94.27083333333333
DS-R1-1.5B,SVAMP,1,4,0.91,0.2275,0.22249388753056235,0.48884767526520545,0.4465256624138814,False,14,98.66071428571429
DS-R1-1.5B,SVAMP,2,4,0.985,0.24625,0.24533001245330013,0.48884767526520545,0.4514633014112958,False,12,94.27083333333333
DS-R1-1.5B,SVAMP,3,4,1.0,0.25,0.25,0.48884767526520545,0.4665547230995976,False,9,100.0
DS-R1-1.5B,SVAMP,4,4,0.9325,0.233125,0.2292562999385372,0.48884767526520545,0.48627048369061826,False,13,96.15384615384616
DS-R1-1.5B,SVAMP,5,4,1.0,0.25,0.25,0.48884767526520545,0.4588514507297396,False,15,95.41666666666667
DS-R1-1.5B,SVAMP,6,4,0.95,0.2375,0.2345679012345679,0.48884767526520545,0.49370409787314284,False,14,95.08928571428571
DS-R1-1.5B,SVAMP,7,4,1.0,0.25,0.25,0.48884767526520545,0.4421739837814144,False,11,98.29545454545455
DS-R1-1.5B,SVAMP,8,4,0.9825,0.245625,0.2445550715619166,0.48884767526520545,0.5119672473263343,False,12,94.27083333333333
DS-R1-1.5B,SVAMP,9,4,0.935,0.23375,0.23001230012300122,0.48884767526520545,0.5663094876228043,False,11,100.0
DS-R1-7B,AQuA,0,8,0.9019607843137255,0.4520884520884521,0.4309133489461358,0.82838090427552,0.903521469620195,False,21,99.10714285714286
DS-R1-7B,AQuA,1,8,1.0,0.5012285012285013,0.5012285012285013,0.82838090427552,0.800725876414619,False,17,94.48529411764706
DS-R1-7B,AQuA,2,8,1.0,0.5012285012285013,0.5012285012285013,0.82838090427552,0.8378434865821193,False,27,97.68518518518519
DS-R1-7B,AQuA,3,8,1.0,0.5012285012285013,0.5012285012285013,0.82838090427552,0.7891112059350912,False,27,95.13888888888889
DS-R1-7B,AQuA,4,8,0.9754901960784313,0.48894348894348894,0.4830097087378641,0.82838090427552,0.8131513503777219,False,26,95.67307692307692
DS-R1-7B,AQuA,5,8,1.0,0.5012285012285013,0.5012285012285013,0.82838090427552,0.8219417611489421,False,23,97.01086956521739
DS-R1-7B,AQuA,6,8,0.9705882352941176,0.4864864864864865,0.4794188861985472,0.82838090427552,0.8592493190101681,False,24,95.57291666666667
DS-R1-7B,AQuA,7,8,1.0,0.5012285012285013,0.5012285012285013,0.82838090427552,0.919075084061476,False,33,96.78030303030303
DS-R1-7B,AQuA,8,8,0.9362745098039216,0.4692874692874693,0.45476190476190476,0.82838090427552,0.8180309357675103,False,23,95.1086956521739
DS-R1-7B,AQuA,9,8,1.0,0.5012285012285013,0.5012285012285013,0.82838090427552,0.8073342357982966,False,22,95.17045454545455
DS-R1-7B,AQuA,0,4,0.9901960784313726,0.24815724815724816,0.24754901960784315,0.82838090427552,0.9161462694637329,False,12,96.35416666666667
DS-R1-7B,AQuA,1,4,1.0,0.25061425061425063,0.25061425061425063,0.82838090427552,0.7934432427980711,False,10,96.875
DS-R1-7B,AQuA,2,4,1.0,0.25061425061425063,0.25061425061425063,0.82838090427552,0.8576683542762134,False,13,93.26923076923077
DS-R1-7B,AQuA,3,4,1.0,0.25061425061425063,0.25061425061425063,0.82838090427552,0.8055066448410863,False,9,98.61111111111111
DS-R1-7B,AQuA,4,4,0.9313725490196079,0.2334152334152334,0.22946859903381642,0.82838090427552,0.6855336810192335,False,16,96.875
DS-R1-7B,AQuA,5,4,0.8627450980392157,0.21621621621621623,0.20902612826603326,0.82838090427552,0.8481414885170553,False,7,96.42857142857143
DS-R1-7B,AQuA,6,4,0.8627450980392157,0.21621621621621623,0.20902612826603326,0.82838090427552,0.87088195550601,False,10,97.5
DS-R1-7B,AQuA,7,4,1.0,0.25061425061425063,0.25061425061425063,0.82838090427552,0.9881189152814496,False,8,99.21875
DS-R1-7B,AQuA,8,4,0.9215686274509803,0.23095823095823095,0.22650602409638554,0.82838090427552,0.8145950468871569,False,12,98.95833333333333
DS-R1-7B,AQuA,9,4,1.0,0.25061425061425063,0.25061425061425063,0.82838090427552,0.793487340671935,False,12,94.27083333333333
DS-R1-7B,CommonsenseQA,0,8,0.9815762538382804,0.4907881269191402,0.48630831643002026,0.1833365751683797,0.19191272640812862,False,25,76.25
DS-R1-7B,CommonsenseQA,1,8,0.9969293756397134,0.4984646878198567,0.4977005620848237,0.1833365751683797,0.1932394373550606,False,28,85.26785714285714
DS-R1-7B,CommonsenseQA,2,8,0.9754350051177073,0.48771750255885365,0.48179979777553084,0.1833365751683797,0.19568486424672366,False,25,82.25
DS-R1-7B,CommonsenseQA,3,8,0.9928352098259979,0.49641760491299897,0.4946455889852116,0.1833365751683797,0.1806589451625989,False,24,77.34375
DS-R1-7B,CommonsenseQA,4,8,0.9928352098259979,0.49641760491299897,0.4946455889852116,0.1833365751683797,0.17611105630687482,False,26,84.13461538461539
DS-R1-7B,CommonsenseQA,5,8,1.0,0.5,0.5,0.1833365751683797,0.19759299346227646,False,30,77.08333333333333
DS-R1-7B,CommonsenseQA,6,8,1.0,0.5,0.5,0.1833365751683797,0.20069833453240388,False,21,74.70238095238095
DS-R1-7B,CommonsenseQA,7,8,1.0,0.5,0.5,0.1833365751683797,0.2064327124350432,False,30,77.29166666666667
DS-R1-7B,CommonsenseQA,8,8,0.9815762538382804,0.4907881269191402,0.48630831643002026,0.1833365751683797,0.17173231376521148,False,29,79.74137931034483
DS-R1-7B,CommonsenseQA,9,8,0.9836233367451381,0.49181166837256907,0.4878172588832487,0.1833365751683797,0.18785251862078878,False,31,78.4274193548387
DS-R1-7B,CommonsenseQA,0,4,1.0,0.2502558853633572,0.2502558853633572,0.1833365751683797,0.14260711351814392,False,9,86.80555555555556
DS-R1-7B,CommonsenseQA,1,4,0.9918200408997955,0.24820880245649948,0.24770173646578142,0.1833365751683797,0.20248376042498972,False,10,83.75
DS-R1-7B,CommonsenseQA,2,4,0.9856850715746421,0.24667349027635618,0.24579296277409485,0.1833365751683797,0.153738722877013,False,12,76.04166666666667
DS-R1-7B,CommonsenseQA,3,4,1.0,0.2502558853633572,0.2502558853633572,0.1833365751683797,0.16202088838290404,False,13,82.6923076923077
DS-R1-7B,CommonsenseQA,4,4,1.0,0.2502558853633572,0.2502558853633572,0.1833365751683797,0.1852929415333651,False,15,77.5
DS-R1-7B,CommonsenseQA,5,4,1.0,0.2502558853633572,0.2502558853633572,0.1833365751683797,0.13813802035991968,False,9,77.77777777777777
DS-R1-7B,CommonsenseQA,6,4,0.9631901840490797,0.24104401228249744,0.23884381338742394,0.1833365751683797,0.20638399096071164,False,9,82.63888888888889
DS-R1-7B,CommonsenseQA,7,4,1.0,0.2502558853633572,0.2502558853633572,0.1833365751683797,0.16593225089019653,False,13,77.88461538461539
DS-R1-7B,CommonsenseQA,8,4,0.9979550102249489,0.24974411463664278,0.249616368286445,0.1833365751683797,0.16355089340267046,False,11,79.54545454545455
DS-R1-7B,CommonsenseQA,9,4,1.0,0.2502558853633572,0.2502558853633572,0.1833365751683797,0.18226811485733688,False,5,86.25
DS-R1-7B,GPQA,0,8,1.0,0.500697350069735,0.500697350069735,-0.242966230971739,-0.2304550889943462,False,26,65.14423076923077
DS-R1-7B,GPQA,1,8,0.9805013927576601,0.4909344490934449,0.4861878453038674,-0.242966230971739,-0.24224705935482127,False,26,60.81730769230769
DS-R1-7B,GPQA,2,8,1.0,0.500697350069735,0.500697350069735,-0.242966230971739,-0.23257375800820604,False,21,61.30952380952381
DS-R1-7B,GPQA,3,8,0.9526462395543176,0.4769874476987448,0.4659400544959128,-0.242966230971739,-0.2607250514042315,False,24,63.020833333333336
DS-R1-7B,GPQA,4,8,0.9916434540389972,0.496513249651325,0.49444444444444446,-0.242966230971739,-0.22978408914198978,False,18,61.111111111111114
DS-R1-7B,GPQA,5,8,0.9888579387186629,0.49511854951185497,0.492371705963939,-0.242966230971739,-0.24768460912700427,False,24,67.1875
DS-R1-7B,GPQA,6,8,0.9860724233983287,0.49372384937238495,0.4903047091412742,-0.242966230971739,-0.2820575097529927,False,26,68.26923076923077
DS-R1-7B,GPQA,7,8,1.0,0.500697350069735,0.500697350069735,-0.242966230971739,-0.2427529025024971,False,24,59.635416666666664
DS-R1-7B,GPQA,8,8,0.9944289693593314,0.497907949790795,0.4965229485396384,-0.242966230971739,-0.23915415802961776,False,26,63.46153846153846
DS-R1-7B,GPQA,9,8,1.0,0.500697350069735,0.500697350069735,-0.242966230971739,-0.22420239334390965,False,22,63.92045454545455
DS-R1-7B,GPQA,0,4,0.9555555555555556,0.2398884239888424,0.23724137931034484,-0.242966230971739,-0.262427030037551,False,14,58.035714285714285
DS-R1-7B,GPQA,1,4,0.9333333333333333,0.23430962343096234,0.23045267489711935,-0.242966230971739,-0.2048905419358236,False,10,59.375
DS-R1-7B,GPQA,2,4,0.9555555555555556,0.2398884239888424,0.23724137931034484,-0.242966230971739,-0.28158408351687464,False,20,62.5
DS-R1-7B,GPQA,3,4,0.9333333333333333,0.23430962343096234,0.23045267489711935,-0.242966230971739,-0.25172115327375827,False,15,58.75
DS-R1-7B,GPQA,4,4,0.9777777777777777,0.24546722454672246,0.24410540915395285,-0.242966230971739,-0.1465059635815221,False,14,57.589285714285715
DS-R1-7B,GPQA,5,4,1.0,0.2510460251046025,0.2510460251046025,-0.242966230971739,-0.2952609092280607,False,12,62.5
DS-R1-7B,GPQA,6,4,1.0,0.2510460251046025,0.2510460251046025,-0.242966230971739,-0.2890359777666589,False,10,65.625
DS-R1-7B,GPQA,7,4,0.9833333333333333,0.24686192468619247,0.24583333333333332,-0.242966230971739,-0.25503363097689324,False,7,70.53571428571429
DS-R1-7B,GPQA,8,4,1.0,0.2510460251046025,0.2510460251046025,-0.242966230971739,-0.21312586668653732,False,10,59.375
DS-R1-7B,GPQA,9,4,1.0,0.2510460251046025,0.2510460251046025,-0.242966230971739,-0.20970634449252487,False,8,67.96875
DS-R1-7B,GSM8K,0,8,1.0,0.5002368545712932,0.5002368545712932,0.7910779044534557,0.8109113525124126,False,15,96.25
DS-R1-7B,GSM8K,1,8,0.9725378787878788,0.4864992894362861,0.47990654205607475,0.7910779044534557,0.8790877325002863,False,24,100.0
DS-R1-7B,GSM8K,2,8,0.9876893939393939,0.49407863571766936,0.4910546139359699,0.7910779044534557,0.7740553671776184,False,21,100.0
DS-R1-7B,GSM8K,3,8,1.0,0.5002368545712932,0.5002368545712932,0.7910779044534557,0.8011249460382769,False,22,100.0
DS-R1-7B,GSM8K,4,8,1.0,0.5002368545712932,0.5002368545712932,0.7910779044534557,0.7843345119319526,False,27,100.0
DS-R1-7B,GSM8K,5,8,1.0,0.5002368545712932,0.5002368545712932,0.7910779044534557,0.8182341491773052,False,22,100.0
DS-R1-7B,GSM8K,6,8,0.9876893939393939,0.49407863571766936,0.4910546139359699,0.7910779044534557,0.7972586120963975,False,30,98.125
DS-R1-7B,GSM8K,7,8,0.9914772727272727,0.49597347228801514,0.49386792452830186,0.7910779044534557,0.7850460339562046,False,24,97.65625
DS-R1-7B,GSM8K,8,8,0.9772727272727273,0.4888678351492184,0.48337236533957845,0.7910779044534557,0.8234046205856542,False,31,98.18548387096774
DS-R1-7B,GSM8K,9,8,1.0,0.5002368545712932,0.5002368545712932,0.7910779044534557,0.8135678356502739,False,23,97.55434782608695
DS-R1-7B,GSM8K,0,4,0.9867424242424242,0.24680246328754146,0.24598677998111426,0.7910779044534557,0.7779034850866156,False,11,100.0
DS-R1-7B,GSM8K,1,4,1.0,0.2501184272856466,0.2501184272856466,0.7910779044534557,0.7905997361622585,False,17,100.0
DS-R1-7B,GSM8K,2,4,1.0,0.2501184272856466,0.2501184272856466,0.7910779044534557,0.818442173482614,False,14,100.0
DS-R1-7B,GSM8K,3,4,0.9848484848484849,0.246328754144955,0.24539877300613497,0.7910779044534557,0.7864698959161549,False,14,100.0
DS-R1-7B,GSM8K,4,4,1.0,0.2501184272856466,0.2501184272856466,0.7910779044534557,0.722621739393262,False,16,100.0
DS-R1-7B,GSM8K,5,4,1.0,0.2501184272856466,0.2501184272856466,0.7910779044534557,0.7704690930923671,False,12,100.0
DS-R1-7B,GSM8K,6,4,1.0,0.2501184272856466,0.2501184272856466,0.7910779044534557,0.7649915014302292,False,8,100.0
DS-R1-7B,GSM8K,7,4,0.9583333333333334,0.23969682614874466,0.2372245663384904,0.7910779044534557,0.7715926102125001,False,13,95.67307692307692
DS-R1-7B,GSM8K,8,4,1.0,0.2501184272856466,0.2501184272856466,0.7910779044534557,0.7987348449897558,False,18,100.0
DS-R1-7B,GSM8K,9,4,1.0,0.2501184272856466,0.2501184272856466,0.7910779044534557,0.7463993261536548,False,6,100.0
DS-R1-7B,MATH500,0,8,1.0,0.5,0.5,0.5728806233700802,0.5606242286932819,False,26,96.875
DS-R1-7B,MATH500,1,8,1.0,0.5,0.5,0.5728806233700802,0.5465497618367229,False,24,94.53125
DS-R1-7B,MATH500,2,8,1.0,0.5,0.5,0.5728806233700802,0.5997972244758848,False,27,98.14814814814815
DS-R1-7B,MATH500,3,8,0.9575,0.47875,0.46878824969400246,0.5728806233700802,0.5455240624799684,False,21,94.3452380952381
DS-R1-7B,MATH500,4,8,0.995,0.4975,0.49625935162094764,0.5728806233700802,0.5699346355185841,False,19,96.05263157894737
DS-R1-7B,MATH500,5,8,0.995,0.4975,0.49625935162094764,0.5728806233700802,0.5469098539449669,False,26,93.26923076923077
DS-R1-7B,MATH500,6,8,1.0,0.5,0.5,0.5728806233700802,0.6052260645980455,False,21,94.94047619047619
DS-R1-7B,MATH500,7,8,1.0,0.5,0.5,0.5728806233700802,0.5580176567319404,False,22,91.19318181818181
DS-R1-7B,MATH500,8,8,0.9975,0.49875,0.49812734082397003,0.5728806233700802,0.5700236115771946,False,23,94.29347826086956
DS-R1-7B,MATH500,9,8,0.955,0.4775,0.4669926650366748,0.5728806233700802,0.5919353958332988,False,22,92.61363636363636
DS-R1-7B,MATH500,0,4,0.905,0.22625,0.221001221001221,0.5728806233700802,0.5515548331557389,False,14,87.5
DS-R1-7B,MATH500,1,4,0.975,0.24375,0.2422360248447205,0.5728806233700802,0.5940826452219857,False,12,84.375
DS-R1-7B,MATH500,2,4,0.935,0.23375,0.23001230012300122,0.5728806233700802,0.5199361013510969,False,11,94.88636363636364
DS-R1-7B,MATH500,3,4,1.0,0.25,0.25,0.5728806233700802,0.5742740142012651,False,11,88.06818181818181
DS-R1-7B,MATH500,4,4,0.975,0.24375,0.2422360248447205,0.5728806233700802,0.5501065875126283,False,13,91.82692307692308
DS-R1-7B,MATH500,5,4,1.0,0.25,0.25,0.5728806233700802,0.5733190887969108,False,12,98.4375
DS-R1-7B,MATH500,6,4,1.0,0.25,0.25,0.5728806233700802,0.5393770618506825,False,17,91.54411764705883
DS-R1-7B,MATH500,7,4,0.96,0.24,0.2376237623762376,0.5728806233700802,0.5473861688955963,False,12,89.58333333333333
DS-R1-7B,MATH500,8,4,1.0,0.25,0.25,0.5728806233700802,0.6090971190303908,False,14,94.19642857142857
DS-R1-7B,MATH500,9,4,0.955,0.23875,0.2360939431396786,0.5728806233700802,0.5375284336772712,False,11,97.1590909090909
DS-R1-7B,SVAMP,0,8,1.0,0.5,0.5,0.6681210293433025,0.6680537937231928,False,24,100.0
DS-R1-7B,SVAMP,1,8,0.995,0.4975,0.49625935162094764,0.6681210293433025,0.6612921173457387,False,23,97.82608695652173
DS-R1-7B,SVAMP,2,8,1.0,0.5,0.5,0.6681210293433025,0.6657519846558486,False,25,99.25
DS-R1-7B,SVAMP,3,8,1.0,0.5,0.5,0.6681210293433025,0.6022096958548675,False,24,98.69791666666667
DS-R1-7B,SVAMP,4,8,1.0,0.5,0.5,0.6681210293433025,0.6727700876913358,False,25,98.75
DS-R1-7B,SVAMP,5,8,0.98375,0.491875,0.4879107253564786,0.6681210293433025,0.6808816049942276,False,26,100.0
DS-R1-7B,SVAMP,6,8,1.0,0.5,0.5,0.6681210293433025,0.6761550612436692,False,29,99.35344827586206
DS-R1-7B,SVAMP,7,8,1.0,0.5,0.5,0.6681210293433025,0.6485824897491174,False,25,98.0
DS-R1-7B,SVAMP,8,8,1.0,0.5,0.5,0.6681210293433025,0.6690628181170649,False,21,100.0
DS-R1-7B,SVAMP,9,8,0.985,0.4925,0.48883374689826303,0.6681210293433025,0.6579096196726976,False,19,99.01315789473684
DS-R1-7B,SVAMP,0,4,1.0,0.25,0.25,0.6681210293433025,0.7587158631218914,False,13,97.59615384615384
DS-R1-7B,SVAMP,1,4,1.0,0.25,0.25,0.6681210293433025,0.642940070751906,False,15,100.0
DS-R1-7B,SVAMP,2,4,1.0,0.25,0.25,0.6681210293433025,0.7566790983606337,False,14,97.76785714285714
DS-R1-7B,SVAMP,3,4,0.99,0.2475,0.24688279301745636,0.6681210293433025,0.6733811099889009,False,16,100.0
DS-R1-7B,SVAMP,4,4,0.99,0.2475,0.24688279301745636,0.6681210293433025,0.7085277295356249,False,19,100.0
DS-R1-7B,SVAMP,5,4,1.0,0.25,0.25,0.6681210293433025,0.6917205121606623,False,13,98.5576923076923
DS-R1-7B,SVAMP,6,4,1.0,0.25,0.25,0.6681210293433025,0.6705035815820297,False,17,98.8970588235294
DS-R1-7B,SVAMP,7,4,1.0,0.25,0.25,0.6681210293433025,0.6502519966077104,False,21,100.0
DS-R1-7B,SVAMP,8,4,1.0,0.25,0.25,0.6681210293433025,0.69146056368697,False,11,100.0
DS-R1-7B,SVAMP,9,4,1.0,0.25,0.25,0.6681210293433025,0.6494216736909226,False,14,97.76785714285714
Gemma-7B,AQuA,0,8,1.0,0.5012285012285013,0.5012285012285013,-0.23567763007698123,-0.22569025110832108,False,27,25.462962962962962
Gemma-7B,AQuA,1,8,0.9950980392156863,0.4987714987714988,0.49754901960784315,-0.23567763007698123,-0.251267856084699,False,24,20.052083333333332
Gemma-7B,AQuA,2,8,0.9901960784313726,0.4963144963144963,0.4938875305623472,-0.23567763007698123,-0.21672175263105176,False,28,20.758928571428573
Gemma-7B,AQuA,3,8,0.946078431372549,0.4742014742014742,0.46172248803827753,-0.23567763007698123,-0.2529215791122583,False,25,20.75
Gemma-7B,AQuA,4,8,0.9901960784313726,0.4963144963144963,0.4938875305623472,-0.23567763007698123,-0.2485927451996075,False,19,21.05263157894737
Gemma-7B,AQuA,5,8,1.0,0.5012285012285013,0.5012285012285013,-0.23567763007698123,-0.261516570340815,False,24,21.875
Gemma-7B,AQuA,6,8,0.9656862745098039,0.48402948402948404,0.4758454106280193,-0.23567763007698123,-0.22886255870412564,False,21,21.13095238095238
Gemma-7B,AQuA,7,8,1.0,0.5012285012285013,0.5012285012285013,-0.23567763007698123,-0.27263827907681726,False,26,20.192307692307693
Gemma-7B,AQuA,8,8,1.0,0.5012285012285013,0.5012285012285013,-0.23567763007698123,-0.2535609011721327,False,24,18.229166666666668
Gemma-7B,AQuA,9,8,1.0,0.5012285012285013,0.5012285012285013,-0.23567763007698123,-0.2839799987059824,False,24,21.354166666666668
Gemma-7B,AQuA,0,4,0.9509803921568627,0.23832923832923833,0.2354368932038835,-0.23567763007698123,-0.16775113210429748,False,10,27.5
Gemma-7B,AQuA,1,4,0.9411764705882353,0.23587223587223588,0.2324455205811138,-0.23567763007698123,-0.25777917697451236,False,9,22.916666666666668
Gemma-7B,AQuA,2,4,0.9803921568627451,0.2457002457002457,0.24449877750611246,-0.23567763007698123,-0.2385567482905866,False,11,23.295454545454547
Gemma-7B,AQuA,3,4,1.0,0.25061425061425063,0.25061425061425063,-0.23567763007698123,-0.20714062859083734,False,11,24.431818181818183
Gemma-7B,AQuA,4,4,1.0,0.25061425061425063,0.25061425061425063,-0.23567763007698123,-0.31586348432170486,False,10,30.0
Gemma-7B,AQuA,5,4,0.9803921568627451,0.2457002457002457,0.24449877750611246,-0.23567763007698123,-0.20371659987629384,False,15,23.333333333333332
Gemma-7B,AQuA,6,4,0.9803921568627451,0.2457002457002457,0.24449877750611246,-0.23567763007698123,-0.15570860981648046,False,14,31.696428571428573
Gemma-7B,AQuA,7,4,0.9117647058823529,0.2285012285012285,0.22355769230769232,-0.23567763007698123,-0.315008285026481,False,19,17.763157894736842
Gemma-7B,AQuA,8,4,1.0,0.25061425061425063,0.25061425061425063,-0.23567763007698123,-0.1970235093564528,False,17,25.735294117647058
Gemma-7B,AQuA,9,4,0.9705882352941176,0.24324324324324326,0.24146341463414633,-0.23567763007698123,-0.20295712054187132,False,12,19.791666666666668
Gemma-7B,CommonsenseQA,0,8,0.9437052200614124,0.4718526100307062,0.45893479342956695,-0.01379210819360508,0.0068352741838044835,True,25,13.75
Gemma-7B,CommonsenseQA,1,8,1.0,0.5,0.5,-0.01379210819360508,-0.0006336704822920928,False,24,10.677083333333334
Gemma-7B,CommonsenseQA,2,8,0.9938587512794268,0.4969293756397134,0.4954081632653061,-0.01379210819360508,0.002456016344811384,True,27,11.574074074074074
Gemma-7B,CommonsenseQA,3,8,1.0,0.5,0.5,-0.01379210819360508,-0.019741413281969253,False,30,17.291666666666668
Gemma-7B,CommonsenseQA,4,8,1.0,0.5,0.5,-0.01379210819360508,-0.02227802883054306,False,25,9.75
Gemma-7B,CommonsenseQA,5,8,1.0,0.5,0.5,-0.01379210819360508,-0.015488993375853377,False,22,18.46590909090909
Gemma-7B,CommonsenseQA,6,8,1.0,0.5,0.5,-0.01379210819360508,-0.012980712641214016,False,23,17.66304347826087
Gemma-7B,CommonsenseQA,7,8,1.0,0.5,0.5,-0.01379210819360508,-0.0570614682252292,False,25,13.25
Gemma-7B,CommonsenseQA,8,8,0.9907881269191402,0.4953940634595701,0.49312277126846665,-0.01379210819360508,0.021392291839678567,True,26,16.58653846153846
Gemma-7B,CommonsenseQA,9,8,1.0,0.5,0.5,-0.01379210819360508,-0.009042704760489774,False,23,13.58695652173913
Gemma-7B,CommonsenseQA,0,4,0.9959100204498977,0.24923234390992835,0.24897750511247443,-0.01379210819360508,0.0073692356416742225,True,13,8.653846153846153
Gemma-7B,CommonsenseQA,1,4,1.0,0.2502558853633572,0.2502558853633572,-0.01379210819360508,-0.02102735522735849,False,9,3.4722222222222223
Gemma-7B,CommonsenseQA,2,4,0.9488752556237219,0.2374616171954964,0.23446184941889844,-0.01379210819360508,-0.07519593258303767,False,12,4.166666666666667
Gemma-7B,CommonsenseQA,3,4,1.0,0.2502558853633572,0.2502558853633572,-0.01379210819360508,-0.028158628606998526,False,14,12.946428571428571
Gemma-7B,CommonsenseQA,4,4,0.9918200408997955,0.24820880245649948,0.24770173646578142,-0.01379210819360508,-0.03968482590097341,False,13,4.8076923076923075
Gemma-7B,CommonsenseQA,5,4,1.0,0.2502558853633572,0.2502558853633572,-0.01379210819360508,-0.04034902273270305,False,9,8.333333333333334
Gemma-7B,CommonsenseQA,6,4,0.9386503067484663,0.23490276356192427,0.2313508064516129,-0.01379210819360508,-0.027895537841220407,False,12,13.541666666666666
Gemma-7B,CommonsenseQA,7,4,1.0,0.2502558853633572,0.2502558853633572,-0.01379210819360508,-0.02534300674292817,False,16,10.9375
Gemma-7B,CommonsenseQA,8,4,1.0,0.2502558853633572,0.2502558853633572,-0.01379210819360508,-0.010923562949865951,False,9,7.638888888888889
Gemma-7B,CommonsenseQA,9,4,0.9447852760736196,0.23643807574206754,0.2332155477031802,-0.01379210819360508,-0.03170464162882379,False,12,11.458333333333334
Gemma-7B,GPQA,0,8,0.9526462395543176,0.4769874476987448,0.4659400544959128,-0.2902269001830551,-0.3134758259739723,False,23,30.706521739130434
Gemma-7B,GPQA,1,8,1.0,0.500697350069735,0.500697350069735,-0.2902269001830551,-0.2701092852398334,False,23,35.05434782608695
Gemma-7B,GPQA,2,8,0.9749303621169917,0.4881450488145049,0.4820936639118457,-0.2902269001830551,-0.28587292342830245,False,21,27.083333333333332
Gemma-7B,GPQA,3,8,1.0,0.500697350069735,0.500697350069735,-0.2902269001830551,-0.3493721649078262,False,24,33.59375
Gemma-7B,GPQA,4,8,0.9080779944289693,0.45467224546722457,0.43466666666666665,-0.2902269001830551,-0.33711817352421475,False,24,31.770833333333332
Gemma-7B,GPQA,5,8,0.9610027855153204,0.4811715481171548,0.4719562243502052,-0.2902269001830551,-0.2934894447774986,False,28,29.910714285714285
Gemma-7B,GPQA,6,8,0.9637883008356546,0.4825662482566248,0.473972602739726,-0.2902269001830551,-0.26886234207847687,False,22,31.53409090909091
Gemma-7B,GPQA,7,8,1.0,0.500697350069735,0.500697350069735,-0.2902269001830551,-0.28870506426445797,False,22,31.25
Gemma-7B,GPQA,8,8,0.9721448467966574,0.48675034867503486,0.48005502063273725,-0.2902269001830551,-0.2914870318352027,False,24,30.989583333333332
Gemma-7B,GPQA,9,8,1.0,0.500697350069735,0.500697350069735,-0.2902269001830551,-0.29998403639806764,False,28,31.696428571428573
Gemma-7B,GPQA,0,4,0.9722222222222222,0.24407252440725244,0.24238227146814403,-0.2902269001830551,-0.3849271448579932,False,9,27.083333333333332
Gemma-7B,GPQA,1,4,1.0,0.2510460251046025,0.2510460251046025,-0.2902269001830551,-0.2409280372723697,False,13,28.846153846153847
Gemma-7B,GPQA,2,4,1.0,0.2510460251046025,0.2510460251046025,-0.2902269001830551,-0.31160407448734084,False,11,32.95454545454545
Gemma-7B,GPQA,3,4,1.0,0.2510460251046025,0.2510460251046025,-0.2902269001830551,-0.269542604848197,False,12,38.020833333333336
Gemma-7B,GPQA,4,4,1.0,0.2510460251046025,0.2510460251046025,-0.2902269001830551,-0.3162130086444362,False,16,28.125
Gemma-7B,GPQA,5,4,1.0,0.2510460251046025,0.2510460251046025,-0.2902269001830551,-0.24304667945431413,False,10,19.375
Gemma-7B,GPQA,6,4,1.0,0.2510460251046025,0.2510460251046025,-0.2902269001830551,-0.4005763362276498,False,12,29.6875
Gemma-7B,GPQA,7,4,0.9944444444444445,0.2496513249651325,0.24930362116991645,-0.2902269001830551,-0.27518573945040176,False,12,27.083333333333332
Gemma-7B,GPQA,8,4,0.8777777777777778,0.2203626220362622,0.21380243572395127,-0.2902269001830551,-0.3312178309601415,False,8,32.8125
Gemma-7B,GPQA,9,4,1.0,0.2510460251046025,0.2510460251046025,-0.2902269001830551,-0.24551859353202765,False,10,28.75
Gemma-7B,GSM8K,0,8,0.9981060606060606,0.4992894362861203,0.4988168480832939,-0.09572286598715853,-0.0901129426830204,False,24,30.46875
Gemma-7B,GSM8K,1,8,1.0,0.5002368545712932,0.5002368545712932,-0.09572286598715853,-0.09578742317098074,False,27,43.51851851851852
Gemma-7B,GSM8K,2,8,1.0,0.5002368545712932,0.5002368545712932,-0.09572286598715853,-0.08741988308188216,False,26,41.10576923076923
Gemma-7B,GSM8K,3,8,1.0,0.5002368545712932,0.5002368545712932,-0.09572286598715853,-0.10041022514383525,False,22,41.19318181818182
Gemma-7B,GSM8K,4,8,0.9933712121212122,0.49692089057318806,0.4952785646836638,-0.09572286598715853,-0.09557730598738894,False,29,36.422413793103445
Gemma-7B,GSM8K,5,8,0.9649621212121212,0.4827096162955945,0.4743947858472998,-0.09572286598715853,-0.07285077749307174,False,30,45.416666666666664
Gemma-7B,GSM8K,6,8,1.0,0.5002368545712932,0.5002368545712932,-0.09572286598715853,-0.09103027851991731,False,27,42.129629629629626
Gemma-7B,GSM8K,7,8,0.9933712121212122,0.49692089057318806,0.4952785646836638,-0.09572286598715853,-0.08279169099949266,False,30,36.25
Gemma-7B,GSM8K,8,8,0.9734848484848485,0.48697299857887255,0.48059841047218327,-0.09572286598715853,-0.09016571514904163,False,23,41.84782608695652
Gemma-7B,GSM8K,9,8,0.9952651515151515,0.497868308858361,0.4966918714555766,-0.09572286598715853,-0.10974980434352474,False,21,41.36904761904762
Gemma-7B,GSM8K,0,4,1.0,0.2501184272856466,0.2501184272856466,-0.09572286598715853,-0.09552356512948187,False,10,41.25
Gemma-7B,GSM8K,1,4,0.9753787878787878,0.24396020843202273,0.24246704331450095,-0.09572286598715853,-0.08617925100314372,False,8,46.09375
Gemma-7B,GSM8K,2,4,1.0,0.2501184272856466,0.2501184272856466,-0.09572286598715853,-0.08875703245602398,False,13,51.92307692307692
Gemma-7B,GSM8K,3,4,0.9943181818181818,0.24869729985788724,0.24834437086092714,-0.09572286598715853,-0.09563562711218612,False,16,40.234375
Gemma-7B,GSM8K,4,4,0.9564393939393939,0.23922311700615823,0.2366447985004686,-0.09572286598715853,-0.11639434735903868,False,16,36.328125
Gemma-7B,GSM8K,5,4,1.0,0.2501184272856466,0.2501184272856466,-0.09572286598715853,-0.11810298800944581,False,9,40.97222222222222
Gemma-7B,GSM8K,6,4,1.0,0.2501184272856466,0.2501184272856466,-0.09572286598715853,-0.04134799239139929,False,11,51.13636363636363
Gemma-7B,GSM8K,7,4,1.0,0.2501184272856466,0.2501184272856466,-0.09572286598715853,-0.1283200701422923,False,13,37.98076923076923
Gemma-7B,GSM8K,8,4,0.9886363636363636,0.2472761724301279,0.2465753424657534,-0.09572286598715853,-0.09689931110437304,False,12,35.416666666666664
Gemma-7B,GSM8K,9,4,1.0,0.2501184272856466,0.2501184272856466,-0.09572286598715853,-0.13368231063241223,False,13,39.90384615384615
Gemma-7B,MATH500,0,8,1.0,0.5,0.5,-0.30661920445129226,-0.267802028942625,False,27,18.287037037037038
Gemma-7B,MATH500,1,8,0.9875,0.49375,0.4906832298136646,-0.30661920445129226,-0.29445577340754286,False,25,17.25
Gemma-7B,MATH500,2,8,0.9675,0.48375,0.47601476014760147,-0.30661920445129226,-0.2533227262721107,False,23,21.73913043478261
Gemma-7B,MATH500,3,8,0.9675,0.48375,0.47601476014760147,-0.30661920445129226,-0.3195315773667187,False,25,18.75
Gemma-7B,MATH500,4,8,1.0,0.5,0.5,-0.30661920445129226,-0.3195996610042776,False,25,21.25
Gemma-7B,MATH500,5,8,0.9875,0.49375,0.4906832298136646,-0.30661920445129226,-0.2792754450940989,False,27,18.055555555555557
Gemma-7B,MATH500,6,8,1.0,0.5,0.5,-0.30661920445129226,-0.32822036694813383,False,27,18.055555555555557
Gemma-7B,MATH500,7,8,0.935,0.4675,0.45278450363196127,-0.30661920445129226,-0.27909490462595804,False,23,18.75
Gemma-7B,MATH500,8,8,0.9825,0.49125,0.48698884758364314,-0.30661920445129226,-0.30186781075090674,False,24,21.09375
Gemma-7B,MATH500,9,8,1.0,0.5,0.5,-0.30661920445129226,-0.3581170957131715,False,26,19.471153846153847
Gemma-7B,MATH500,0,4,0.97,0.2425,0.24069478908188585,-0.30661920445129226,-0.3027625847054374,False,10,16.25
Gemma-7B,MATH500,1,4,1.0,0.25,0.25,-0.30661920445129226,-0.3216968878780446,False,12,14.0625
Gemma-7B,MATH500,2,4,1.0,0.25,0.25,-0.30661920445129226,-0.25194432376881004,False,8,18.75
Gemma-7B,MATH500,3,4,1.0,0.25,0.25,-0.30661920445129226,-0.33680049061752876,False,15,18.75
Gemma-7B,MATH500,4,4,1.0,0.25,0.25,-0.30661920445129226,-0.2565802322270412,False,11,21.59090909090909
Gemma-7B,MATH500,5,4,1.0,0.25,0.25,-0.30661920445129226,-0.30378320883951804,False,16,19.921875
Gemma-7B,MATH500,6,4,1.0,0.25,0.25,-0.30661920445129226,-0.23343924198086974,False,13,23.076923076923077
Gemma-7B,MATH500,7,4,1.0,0.25,0.25,-0.30661920445129226,-0.24277626918691542,False,9,15.277777777777779
Gemma-7B,MATH500,8,4,1.0,0.25,0.25,-0.30661920445129226,-0.3104617105478082,False,16,15.625
Gemma-7B,MATH500,9,4,1.0,0.25,0.25,-0.30661920445129226,-0.36442841381521657,False,15,17.083333333333332
Gemma-7B,SVAMP,0,8,1.0,0.5,0.5,-0.2834992773077931,-0.2730922911947308,False,25,34.75
Gemma-7B,SVAMP,1,8,1.0,0.5,0.5,-0.2834992773077931,-0.2834697636041945,False,29,27.801724137931036
Gemma-7B,SVAMP,2,8,1.0,0.5,0.5,-0.2834992773077931,-0.2819002943764011,False,26,26.923076923076923
Gemma-7B,SVAMP,3,8,0.97375,0.486875,0.4805675508945096,-0.2834992773077931,-0.2820848248371123,False,25,29.25
Gemma-7B,SVAMP,4,8,1.0,0.5,0.5,-0.2834992773077931,-0.29521585206640133,False,22,48.29545454545455
Gemma-7B,SVAMP,5,8,0.995,0.4975,0.49625935162094764,-0.2834992773077931,-0.26970450444269944,False,28,23.883928571428573
Gemma-7B,SVAMP,6,8,0.99375,0.496875,0.4953271028037383,-0.2834992773077931,-0.2929646544197894,False,26,28.365384615384617
Gemma-7B,SVAMP,7,8,0.995,0.4975,0.49625935162094764,-0.2834992773077931,-0.28737851428516753,False,18,42.708333333333336
Gemma-7B,SVAMP,8,8,1.0,0.5,0.5,-0.2834992773077931,-0.29676069875954914,False,26,20.91346153846154
Gemma-7B,SVAMP,9,8,0.985,0.4925,0.48883374689826303,-0.2834992773077931,-0.28408471758287424,False,27,28.00925925925926
Gemma-7B,SVAMP,0,4,1.0,0.25,0.25,-0.2834992773077931,-0.2880592095125615,False,12,31.25
Gemma-7B,SVAMP,1,4,0.96,0.24,0.2376237623762376,-0.2834992773077931,-0.2844481046126332,False,21,21.726190476190474
Gemma-7B,SVAMP,2,4,1.0,0.25,0.25,-0.2834992773077931,-0.29321859880250645,False,16,27.34375
Gemma-7B,SVAMP,3,4,0.9975,0.249375,0.24921923797626483,-0.2834992773077931,-0.28051493314116727,False,14,34.82142857142857
Gemma-7B,SVAMP,4,4,1.0,0.25,0.25,-0.2834992773077931,-0.3116431595709956,False,18,29.86111111111111
Gemma-7B,SVAMP,5,4,0.9975,0.249375,0.24921923797626483,-0.2834992773077931,-0.2734646792163401,False,12,42.1875
Gemma-7B,SVAMP,6,4,1.0,0.25,0.25,-0.2834992773077931,-0.27037886742986245,False,10,23.75
Gemma-7B,SVAMP,7,4,0.9725,0.243125,0.2414649286157666,-0.2834992773077931,-0.28052238509868826,False,17,36.39705882352941
Gemma-7B,SVAMP,8,4,0.9475,0.236875,0.2338062924120913,-0.2834992773077931,-0.26282123893261977,False,12,27.083333333333332
Gemma-7B,SVAMP,9,4,1.0,0.25,0.25,-0.2834992773077931,-0.29310858257784583,False,8,44.53125
LLaMA-3.1-8B,AQuA,0,8,1.0,0.5012285012285013,0.5012285012285013,0.03778036064244679,0.03501280633088953,False,23,52.71739130434783
LLaMA-3.1-8B,AQuA,1,8,1.0,0.5012285012285013,0.5012285012285013,0.03778036064244679,-0.01182202130481874,True,28,49.776785714285715
LLaMA-3.1-8B,AQuA,2,8,1.0,0.5012285012285013,0.5012285012285013,0.03778036064244679,0.057738843083944245,False,25,56.5
LLaMA-3.1-8B,AQuA,3,8,1.0,0.5012285012285013,0.5012285012285013,0.03778036064244679,0.08898701465903722,False,28,55.580357142857146
LLaMA-3.1-8B,AQuA,4,8,1.0,0.5012285012285013,0.5012285012285013,0.03778036064244679,0.05399642642877504,False,28,50.892857142857146
LLaMA-3.1-8B,AQuA,5,8,0.9803921568627451,0.4914004914004914,0.48661800486618007,0.03778036064244679,0.06278346148428271,False,27,53.24074074074074
LLaMA-3.1-8B,AQuA,6,8,0.9362745098039216,0.4692874692874693,0.45476190476190476,0.03778036064244679,0.048896731341085395,False,24,51.302083333333336
LLaMA-3.1-8B,AQuA,7,8,1.0,0.5012285012285013,0.5012285012285013,0.03778036064244679,0.04014357762548303,False,29,55.81896551724138
LLaMA-3.1-8B,AQuA,8,8,0.9313725490196079,0.4668304668304668,0.4513064133016627,0.03778036064244679,0.017035293773398588,False,25,52.5
LLaMA-3.1-8B,AQuA,9,8,1.0,0.5012285012285013,0.5012285012285013,0.03778036064244679,0.05390823661056855,False,29,54.741379310344826
LLaMA-3.1-8B,AQuA,0,4,1.0,0.25061425061425063,0.25061425061425063,0.03778036064244679,-0.055185764285259356,True,11,65.9090909090909
LLaMA-3.1-8B,AQuA,1,4,0.9901960784313726,0.24815724815724816,0.24754901960784315,0.03778036064244679,0.120798273250718,False,7,41.07142857142857
LLaMA-3.1-8B,AQuA,2,4,0.9313725490196079,0.2334152334152334,0.22946859903381642,0.03778036064244679,0.0052086127284984044,False,15,45.0
LLaMA-3.1-8B,AQuA,3,4,1.0,0.25061425061425063,0.25061425061425063,0.03778036064244679,0.11000760558332011,False,12,46.354166666666664
LLaMA-3.1-8B,AQuA,4,4,1.0,0.25061425061425063,0.25061425061425063,0.03778036064244679,0.02277348831349287,False,15,46.666666666666664
LLaMA-3.1-8B,AQuA,5,4,0.9117647058823529,0.2285012285012285,0.22355769230769232,0.03778036064244679,-0.05251396423606799,True,7,63.392857142857146
LLaMA-3.1-8B,AQuA,6,4,0.9803921568627451,0.2457002457002457,0.24449877750611246,0.03778036064244679,-0.017730527582923733,True,14,46.42857142857143
LLaMA-3.1-8B,AQuA,7,4,1.0,0.25061425061425063,0.25061425061425063,0.03778036064244679,-0.003040554692954779,True,12,64.0625
LLaMA-3.1-8B,AQuA,8,4,0.9705882352941176,0.24324324324324326,0.24146341463414633,0.03778036064244679,0.06930731959889225,False,15,59.583333333333336
LLaMA-3.1-8B,AQuA,9,4,0.9607843137254902,0.24078624078624078,0.2384428223844282,0.03778036064244679,0.03292794279180738,False,10,56.875
LLaMA-3.1-8B,CommonsenseQA,0,8,0.9989764585465711,0.49948822927328557,0.49923273657289,0.10174884576050221,0.11862895474251019,False,32,54.6875
LLaMA-3.1-8B,CommonsenseQA,1,8,0.9948822927328557,0.49744114636642783,0.49617151607963245,0.10174884576050221,0.11149950174743581,False,25,54.75
LLaMA-3.1-8B,CommonsenseQA,2,8,1.0,0.5,0.5,0.10174884576050221,0.09853173613207059,False,25,52.25
LLaMA-3.1-8B,CommonsenseQA,3,8,1.0,0.5,0.5,0.10174884576050221,0.1124323361052492,False,21,59.82142857142857
LLaMA-3.1-8B,CommonsenseQA,4,8,0.9825997952917093,0.49129989764585463,0.487062404870624,0.10174884576050221,0.09515991563667385,False,31,55.846774193548384
LLaMA-3.1-8B,CommonsenseQA,5,8,1.0,0.5,0.5,0.10174884576050221,0.09792503938187294,False,22,49.14772727272727
LLaMA-3.1-8B,CommonsenseQA,6,8,1.0,0.5,0.5,0.10174884576050221,0.12199932890045241,False,25,53.5
LLaMA-3.1-8B,CommonsenseQA,7,8,1.0,0.5,0.5,0.10174884576050221,0.0912386969424409,False,16,49.21875
LLaMA-3.1-8B,CommonsenseQA,8,8,1.0,0.5,0.5,0.10174884576050221,0.0869690359103907,False,25,53.75
LLaMA-3.1-8B,CommonsenseQA,9,8,0.9928352098259979,0.49641760491299897,0.4946455889852116,0.10174884576050221,0.11321098891137513,False,27,56.71296296296296
LLaMA-3.1-8B,CommonsenseQA,0,4,0.9979550102249489,0.24974411463664278,0.249616368286445,0.10174884576050221,0.08163220141577722,False,12,58.854166666666664
LLaMA-3.1-8B,CommonsenseQA,1,4,1.0,0.2502558853633572,0.2502558853633572,0.10174884576050221,0.08534717254727395,False,13,54.80769230769231
LLaMA-3.1-8B,CommonsenseQA,2,4,0.9447852760736196,0.23643807574206754,0.2332155477031802,0.10174884576050221,0.11535150133021205,False,17,50.0
LLaMA-3.1-8B,CommonsenseQA,3,4,0.9856850715746421,0.24667349027635618,0.24579296277409485,0.10174884576050221,0.06423977224051608,False,9,62.5
LLaMA-3.1-8B,CommonsenseQA,4,4,1.0,0.2502558853633572,0.2502558853633572,0.10174884576050221,0.0994520713744034,False,10,50.625
LLaMA-3.1-8B,CommonsenseQA,5,4,1.0,0.2502558853633572,0.2502558853633572,0.10174884576050221,0.10817360900220362,False,14,57.589285714285715
LLaMA-3.1-8B,CommonsenseQA,6,4,1.0,0.2502558853633572,0.2502558853633572,0.10174884576050221,0.10412870753085997,False,10,53.75
LLaMA-3.1-8B,CommonsenseQA,7,4,1.0,0.2502558853633572,0.2502558853633572,0.10174884576050221,0.10548509967885121,False,12,49.479166666666664
LLaMA-3.1-8B,CommonsenseQA,8,4,1.0,0.2502558853633572,0.2502558853633572,0.10174884576050221,0.13000732158066935,False,9,47.916666666666664
LLaMA-3.1-8B,CommonsenseQA,9,4,1.0,0.2502558853633572,0.2502558853633572,0.10174884576050221,0.11744292663678317,False,8,54.6875
LLaMA-3.1-8B,GPQA,0,8,0.9832869080779945,0.49232914923291493,0.48824343015214383,0.13132694352174148,0.09864510808713625,False,27,49.074074074074076
LLaMA-3.1-8B,GPQA,1,8,1.0,0.500697350069735,0.500697350069735,0.13132694352174148,0.09800886793231119,False,19,52.96052631578947
LLaMA-3.1-8B,GPQA,2,8,1.0,0.500697350069735,0.500697350069735,0.13132694352174148,0.09732136325271819,False,22,53.97727272727273
LLaMA-3.1-8B,GPQA,3,8,1.0,0.500697350069735,0.500697350069735,0.13132694352174148,0.11715088290469858,False,24,48.958333333333336
LLaMA-3.1-8B,GPQA,4,8,1.0,0.500697350069735,0.500697350069735,0.13132694352174148,0.13831324558361022,False,22,51.70454545454545
LLaMA-3.1-8B,GPQA,5,8,0.9944289693593314,0.497907949790795,0.4965229485396384,0.13132694352174148,0.10257365943403529,False,25,43.75
LLaMA-3.1-8B,GPQA,6,8,0.9610027855153204,0.4811715481171548,0.4719562243502052,0.13132694352174148,0.14700996561080776,False,21,46.726190476190474
LLaMA-3.1-8B,GPQA,7,8,1.0,0.500697350069735,0.500697350069735,0.13132694352174148,0.1420079252085568,False,27,54.166666666666664
LLaMA-3.1-8B,GPQA,8,8,0.9832869080779945,0.49232914923291493,0.48824343015214383,0.13132694352174148,0.11775107183048612,False,23,48.09782608695652
LLaMA-3.1-8B,GPQA,9,8,0.9303621169916435,0.46582984658298465,0.4501347708894879,0.13132694352174148,0.1312171391215301,False,25,55.0
LLaMA-3.1-8B,GPQA,0,4,1.0,0.2510460251046025,0.2510460251046025,0.13132694352174148,0.1268694706733713,False,13,50.0
LLaMA-3.1-8B,GPQA,1,4,0.9666666666666667,0.24267782426778242,0.24066390041493776,0.13132694352174148,0.12320958589669832,False,10,58.125
LLaMA-3.1-8B,GPQA,2,4,1.0,0.2510460251046025,0.2510460251046025,0.13132694352174148,0.19140697424551661,False,12,57.8125
LLaMA-3.1-8B,GPQA,3,4,1.0,0.2510460251046025,0.2510460251046025,0.13132694352174148,0.1899281642847925,False,16,46.875
LLaMA-3.1-8B,GPQA,4,4,0.9666666666666667,0.24267782426778242,0.24066390041493776,0.13132694352174148,0.1065873336501102,False,14,51.339285714285715
LLaMA-3.1-8B,GPQA,5,4,0.9222222222222223,0.2315202231520223,0.2270861833105335,0.13132694352174148,0.1069464425453488,False,12,45.3125
LLaMA-3.1-8B,GPQA,6,4,0.9722222222222222,0.24407252440725244,0.24238227146814403,0.13132694352174148,0.05605345669639385,False,12,53.125
LLaMA-3.1-8B,GPQA,7,4,1.0,0.2510460251046025,0.2510460251046025,0.13132694352174148,0.1695782930659521,False,11,52.27272727272727
LLaMA-3.1-8B,GPQA,8,4,1.0,0.2510460251046025,0.2510460251046025,0.13132694352174148,0.163980598508327,False,13,54.32692307692308
LLaMA-3.1-8B,GPQA,9,4,0.9388888888888889,0.23570432357043236,0.23214285714285715,0.13132694352174148,0.24245581061032165,False,11,56.81818181818182
LLaMA-3.1-8B,GSM8K,0,8,0.9744318181818182,0.48744670772145904,0.4812909260991581,0.12260808096739166,0.11975660293907031,False,27,74.76851851851852
LLaMA-3.1-8B,GSM8K,1,8,1.0,0.5002368545712932,0.5002368545712932,0.12260808096739166,0.13004806500395913,False,22,78.69318181818181
LLaMA-3.1-8B,GSM8K,2,8,0.9763257575757576,0.4883941260066319,0.48267790262172283,0.12260808096739166,0.1055908763867635,False,23,76.90217391304348
LLaMA-3.1-8B,GSM8K,3,8,0.9990530303030303,0.49976314542870676,0.49952651515151514,0.12260808096739166,0.10335631446473799,False,27,73.37962962962963
LLaMA-3.1-8B,GSM8K,4,8,0.9460227272727273,0.4732354334438655,0.46079335793357934,0.12260808096739166,0.10466915782186866,False,29,79.95689655172414
LLaMA-3.1-8B,GSM8K,5,8,0.9943181818181818,0.4973945997157745,0.49598488427019366,0.12260808096739166,0.13304336823385735,False,25,84.0
LLaMA-3.1-8B,GSM8K,6,8,0.9990530303030303,0.49976314542870676,0.49952651515151514,0.12260808096739166,0.11405856313882021,False,28,75.44642857142857
LLaMA-3.1-8B,GSM8K,7,8,0.9829545454545454,0.4917100900047371,0.48755284170972285,0.12260808096739166,0.12963884428383837,False,31,81.65322580645162
LLaMA-3.1-8B,GSM8K,8,8,0.9696969696969697,0.48507816200852677,0.47783481101259917,0.12260808096739166,0.12185642872933855,False,24,83.85416666666667
LLaMA-3.1-8B,GSM8K,9,8,0.9772727272727273,0.4888678351492184,0.48337236533957845,0.12260808096739166,0.11374804895861622,False,27,80.32407407407408
LLaMA-3.1-8B,GSM8K,0,4,1.0,0.2501184272856466,0.2501184272856466,0.12260808096739166,0.13829587868259285,False,13,84.13461538461539
LLaMA-3.1-8B,GSM8K,1,4,0.9640151515151515,0.24111795357650403,0.23896713615023474,0.12260808096739166,0.15291318687341982,False,10,75.0
LLaMA-3.1-8B,GSM8K,2,4,1.0,0.2501184272856466,0.2501184272856466,0.12260808096739166,0.14835326197741308,False,13,87.98076923076923
LLaMA-3.1-8B,GSM8K,3,4,0.9924242424242424,0.2482235907153008,0.24775413711583924,0.12260808096739166,0.15478588170489818,False,18,70.83333333333333
LLaMA-3.1-8B,GSM8K,4,4,1.0,0.2501184272856466,0.2501184272856466,0.12260808096739166,0.08454286928780706,False,9,85.41666666666667
LLaMA-3.1-8B,GSM8K,5,4,1.0,0.2501184272856466,0.2501184272856466,0.12260808096739166,0.16903698826353655,False,15,76.25
LLaMA-3.1-8B,GSM8K,6,4,1.0,0.2501184272856466,0.2501184272856466,0.12260808096739166,0.1745486598898137,False,9,81.94444444444444
LLaMA-3.1-8B,GSM8K,7,4,1.0,0.2501184272856466,0.2501184272856466,0.12260808096739166,0.14595461687526803,False,11,91.47727272727273
LLaMA-3.1-8B,GSM8K,8,4,1.0,0.2501184272856466,0.2501184272856466,0.12260808096739166,0.1750683016050854,False,23,79.6195652173913
LLaMA-3.1-8B,GSM8K,9,4,1.0,0.2501184272856466,0.2501184272856466,0.12260808096739166,0.12866663036942963,False,17,86.3970588235294
LLaMA-3.1-8B,MATH500,0,8,1.0,0.5,0.5,0.20000437963215137,0.24234843129778244,False,19,58.223684210526315
LLaMA-3.1-8B,MATH500,1,8,1.0,0.5,0.5,0.20000437963215137,0.18646361166174952,False,29,63.14655172413793
LLaMA-3.1-8B,MATH500,2,8,1.0,0.5,0.5,0.20000437963215137,0.22872811045375763,False,22,58.52272727272727
LLaMA-3.1-8B,MATH500,3,8,0.9825,0.49125,0.48698884758364314,0.20000437963215137,0.20395091338304047,False,21,56.25
LLaMA-3.1-8B,MATH500,4,8,0.9625,0.48125,0.4723926380368098,0.20000437963215137,0.15693978264434924,False,19,65.46052631578948
LLaMA-3.1-8B,MATH500,5,8,0.9875,0.49375,0.4906832298136646,0.20000437963215137,0.2244401172884599,False,29,62.71551724137931
LLaMA-3.1-8B,MATH500,6,8,0.96,0.48,0.47058823529411764,0.20000437963215137,0.20494770622056208,False,28,59.375
LLaMA-3.1-8B,MATH500,7,8,0.9475,0.47375,0.46163215590742995,0.20000437963215137,0.2162562921597726,False,27,61.342592592592595
LLaMA-3.1-8B,MATH500,8,8,0.985,0.4925,0.48883374689826303,0.20000437963215137,0.19294995321695058,False,25,55.75
LLaMA-3.1-8B,MATH500,9,8,0.9975,0.49875,0.49812734082397003,0.20000437963215137,0.1841997066328887,False,28,58.92857142857143
LLaMA-3.1-8B,MATH500,0,4,0.99,0.2475,0.24688279301745636,0.20000437963215137,0.24976809729709987,False,11,64.20454545454545
LLaMA-3.1-8B,MATH500,1,4,1.0,0.25,0.25,0.20000437963215137,0.18397543771015573,False,11,73.29545454545455
LLaMA-3.1-8B,MATH500,2,4,1.0,0.25,0.25,0.20000437963215137,0.23469763560720738,False,14,58.482142857142854
LLaMA-3.1-8B,MATH500,3,4,0.985,0.24625,0.24533001245330013,0.20000437963215137,0.24556565212261738,False,13,60.09615384615385
LLaMA-3.1-8B,MATH500,4,4,1.0,0.25,0.25,0.20000437963215137,0.09766243752858901,False,11,56.81818181818182
LLaMA-3.1-8B,MATH500,5,4,0.965,0.24125,0.23915737298636927,0.20000437963215137,0.14655685176736916,False,9,65.27777777777777
LLaMA-3.1-8B,MATH500,6,4,1.0,0.25,0.25,0.20000437963215137,0.269347452180376,False,14,65.625
LLaMA-3.1-8B,MATH500,7,4,1.0,0.25,0.25,0.20000437963215137,0.23663935671120523,False,12,54.6875
LLaMA-3.1-8B,MATH500,8,4,1.0,0.25,0.25,0.20000437963215137,0.1768507468081943,False,14,52.232142857142854
LLaMA-3.1-8B,MATH500,9,4,0.97,0.2425,0.24069478908188585,0.20000437963215137,0.16570065916637905,False,18,65.97222222222223
LLaMA-3.1-8B,SVAMP,0,8,1.0,0.5,0.5,0.05028287753044442,0.050061850353790474,False,31,75.60483870967742
LLaMA-3.1-8B,SVAMP,1,8,0.98375,0.491875,0.4879107253564786,0.05028287753044442,0.02674851492914221,False,28,76.11607142857143
LLaMA-3.1-8B,SVAMP,2,8,0.9925,0.49625,0.4943960149439601,0.05028287753044442,0.03715139784762406,False,23,78.26086956521739
LLaMA-3.1-8B,SVAMP,3,8,0.99125,0.495625,0.49346608587429996,0.05028287753044442,0.049278849356298796,False,21,79.76190476190476
LLaMA-3.1-8B,SVAMP,4,8,1.0,0.5,0.5,0.05028287753044442,0.06972892424247586,False,18,79.86111111111111
LLaMA-3.1-8B,SVAMP,5,8,0.98875,0.494375,0.4916096954630205,0.05028287753044442,0.009283265958732483,False,24,79.94791666666667
LLaMA-3.1-8B,SVAMP,6,8,1.0,0.5,0.5,0.05028287753044442,0.04285995345925113,False,28,85.9375
LLaMA-3.1-8B,SVAMP,7,8,0.9875,0.49375,0.4906832298136646,0.05028287753044442,0.031526026356377704,False,34,75.55147058823529
LLaMA-3.1-8B,SVAMP,8,8,0.97125,0.485625,0.4787430683918669,0.05028287753044442,0.061052112126408445,False,23,81.79347826086956
LLaMA-3.1-8B,SVAMP,9,8,1.0,0.5,0.5,0.05028287753044442,0.03595545378837172,False,30,83.54166666666667
LLaMA-3.1-8B,SVAMP,0,4,0.945,0.23625,0.23304562268803947,0.05028287753044442,0.04115944758890912,False,9,76.38888888888889
LLaMA-3.1-8B,SVAMP,1,4,0.9275,0.231875,0.22774708410067526,0.05028287753044442,0.06696036572330072,False,9,85.41666666666667
LLaMA-3.1-8B,SVAMP,2,4,0.9975,0.249375,0.24921923797626483,0.05028287753044442,0.12593397992991734,False,11,82.38636363636364
LLaMA-3.1-8B,SVAMP,3,4,1.0,0.25,0.25,0.05028287753044442,0.06611668357076854,False,17,79.41176470588235
LLaMA-3.1-8B,SVAMP,4,4,1.0,0.25,0.25,0.05028287753044442,0.010807162858762117,False,14,71.875
LLaMA-3.1-8B,SVAMP,5,4,1.0,0.25,0.25,0.05028287753044442,0.056766930404706366,False,11,91.47727272727273
LLaMA-3.1-8B,SVAMP,6,4,0.8925,0.223125,0.2172854534388314,0.05028287753044442,0.06517606772918208,False,11,78.97727272727273
LLaMA-3.1-8B,SVAMP,7,4,1.0,0.25,0.25,0.05028287753044442,0.05526888321709054,False,10,80.0
LLaMA-3.1-8B,SVAMP,8,4,0.9775,0.244375,0.2430080795525171,0.05028287753044442,0.04167604364265998,False,18,87.5
LLaMA-3.1-8B,SVAMP,9,4,1.0,0.25,0.25,0.05028287753044442,0.08053487836273514,False,15,79.16666666666667
Phi-4,AQuA,0,8,0.9656862745098039,0.48402948402948404,0.4758454106280193,-0.03777089150649387,-0.06396020619005602,False,23,72.28260869565217
Phi-4,AQuA,1,8,1.0,0.5012285012285013,0.5012285012285013,-0.03777089150649387,-0.05997483745951682,False,32,74.8046875
Phi-4,AQuA,2,8,1.0,0.5012285012285013,0.5012285012285013,-0.03777089150649387,-0.025732524139667087,False,20,74.6875
Phi-4,AQuA,3,8,0.9607843137254902,0.48157248157248156,0.472289156626506,-0.03777089150649387,-0.032994252126818426,False,22,78.69318181818181
Phi-4,AQuA,4,8,0.9901960784313726,0.4963144963144963,0.4938875305623472,-0.03777089150649387,-0.003070276549124034,False,21,76.19047619047619
Phi-4,AQuA,5,8,0.9852941176470589,0.49385749385749383,0.4902439024390244,-0.03777089150649387,-0.041871851935468773,False,30,72.08333333333333
Phi-4,AQuA,6,8,1.0,0.5012285012285013,0.5012285012285013,-0.03777089150649387,-0.05446097473767738,False,28,81.02678571428571
Phi-4,AQuA,7,8,1.0,0.5012285012285013,0.5012285012285013,-0.03777089150649387,-0.03044518709951449,False,22,84.94318181818181
Phi-4,AQuA,8,8,0.9950980392156863,0.4987714987714988,0.49754901960784315,-0.03777089150649387,-0.0361589345406982,False,25,78.25
Phi-4,AQuA,9,8,1.0,0.5012285012285013,0.5012285012285013,-0.03777089150649387,-0.017209246924555232,False,27,73.8425925925926
Phi-4,AQuA,0,4,1.0,0.25061425061425063,0.25061425061425063,-0.03777089150649387,-0.09501288721678673,False,12,76.5625
Phi-4,AQuA,1,4,0.7745098039215687,0.1941031941031941,0.18372093023255814,-0.03777089150649387,-0.0806840601228614,False,4,92.1875
Phi-4,AQuA,2,4,1.0,0.25061425061425063,0.25061425061425063,-0.03777089150649387,0.019974657906589866,True,12,72.39583333333333
Phi-4,AQuA,3,4,0.8137254901960784,0.20393120393120392,0.19483568075117372,-0.03777089150649387,-0.08321556269343386,False,11,74.43181818181819
Phi-4,AQuA,4,4,1.0,0.25061425061425063,0.25061425061425063,-0.03777089150649387,-0.010425571087543517,False,15,74.16666666666667
Phi-4,AQuA,5,4,0.9607843137254902,0.24078624078624078,0.2384428223844282,-0.03777089150649387,0.018137407310868336,True,16,67.578125
Phi-4,AQuA,6,4,0.9509803921568627,0.23832923832923833,0.2354368932038835,-0.03777089150649387,-0.1298052104733652,False,11,59.09090909090909
Phi-4,AQuA,7,4,0.8529411764705882,0.21375921375921375,0.20616113744075829,-0.03777089150649387,-0.1048073734120219,False,9,83.33333333333333
Phi-4,AQuA,8,4,0.9607843137254902,0.24078624078624078,0.2384428223844282,-0.03777089150649387,-0.04007262971265212,False,12,77.60416666666667
Phi-4,AQuA,9,4,0.7941176470588235,0.19901719901719903,0.18925233644859812,-0.03777089150649387,-0.02104842664736179,False,14,77.67857142857143
Phi-4,CommonsenseQA,0,8,1.0,0.5,0.5,0.4187462740902154,0.4522140389399932,False,19,65.46052631578948
Phi-4,CommonsenseQA,1,8,1.0,0.5,0.5,0.4187462740902154,0.4196054937392657,False,23,72.55434782608695
Phi-4,CommonsenseQA,2,8,1.0,0.5,0.5,0.4187462740902154,0.4026744433947174,False,23,79.6195652173913
Phi-4,CommonsenseQA,3,8,0.9795291709314228,0.4897645854657114,0.4848024316109423,0.4187462740902154,0.42066784201796165,False,22,69.0340909090909
Phi-4,CommonsenseQA,4,8,0.9928352098259979,0.49641760491299897,0.4946455889852116,0.4187462740902154,0.4186604146067637,False,26,71.39423076923077
Phi-4,CommonsenseQA,5,8,0.9938587512794268,0.4969293756397134,0.4954081632653061,0.4187462740902154,0.4201951860605991,False,27,76.85185185185185
Phi-4,CommonsenseQA,6,8,1.0,0.5,0.5,0.4187462740902154,0.41348922569135355,False,23,80.43478260869566
Phi-4,CommonsenseQA,7,8,1.0,0.5,0.5,0.4187462740902154,0.41189371564330596,False,24,77.08333333333333
Phi-4,CommonsenseQA,8,8,1.0,0.5,0.5,0.4187462740902154,0.42658606355771483,False,19,74.34210526315789
Phi-4,CommonsenseQA,9,8,1.0,0.5,0.5,0.4187462740902154,0.3847280296486512,False,28,80.13392857142857
Phi-4,CommonsenseQA,0,4,0.9713701431492843,0.24309109518935518,0.24136178861788618,0.4187462740902154,0.3925061834078134,False,14,76.78571428571429
Phi-4,CommonsenseQA,1,4,1.0,0.2502558853633572,0.2502558853633572,0.4187462740902154,0.40677986679661426,False,17,72.79411764705883
Phi-4,CommonsenseQA,2,4,0.9734151329243353,0.2436028659160696,0.24199288256227758,0.4187462740902154,0.4083048739458551,False,12,87.5
Phi-4,CommonsenseQA,3,4,1.0,0.2502558853633572,0.2502558853633572,0.4187462740902154,0.4338309622376163,False,16,83.984375
Phi-4,CommonsenseQA,4,4,0.9447852760736196,0.23643807574206754,0.2332155477031802,0.4187462740902154,0.4349270766155453,False,9,84.02777777777777
Phi-4,CommonsenseQA,5,4,1.0,0.2502558853633572,0.2502558853633572,0.4187462740902154,0.4262879258334383,False,12,71.875
Phi-4,CommonsenseQA,6,4,1.0,0.2502558853633572,0.2502558853633572,0.4187462740902154,0.41358320923614345,False,11,77.27272727272727
Phi-4,CommonsenseQA,7,4,1.0,0.2502558853633572,0.2502558853633572,0.4187462740902154,0.44398199454922943,False,12,82.8125
Phi-4,CommonsenseQA,8,4,1.0,0.2502558853633572,0.2502558853633572,0.4187462740902154,0.38713009097232826,False,9,86.11111111111111
Phi-4,CommonsenseQA,9,4,0.9652351738241309,0.24155578300921188,0.23947234906139014,0.4187462740902154,0.38413457977923,False,14,74.10714285714286
Phi-4,GPQA,0,8,0.9944289693593314,0.497907949790795,0.4965229485396384,-0.26601741204999513,-0.2507150332041532,False,24,42.96875
Phi-4,GPQA,1,8,1.0,0.500697350069735,0.500697350069735,-0.26601741204999513,-0.2513803576688075,False,23,45.108695652173914
Phi-4,GPQA,2,8,1.0,0.500697350069735,0.500697350069735,-0.26601741204999513,-0.24348723178216422,False,22,47.44318181818182
Phi-4,GPQA,3,8,0.9693593314763231,0.48535564853556484,0.47802197802197804,-0.26601741204999513,-0.27538235471777023,False,16,46.875
Phi-4,GPQA,4,8,1.0,0.500697350069735,0.500697350069735,-0.26601741204999513,-0.2045457904333077,False,22,51.13636363636363
Phi-4,GPQA,5,8,1.0,0.500697350069735,0.500697350069735,-0.26601741204999513,-0.25906140607533545,False,27,46.52777777777778
Phi-4,GPQA,6,8,0.9721448467966574,0.48675034867503486,0.48005502063273725,-0.26601741204999513,-0.25553514250537235,False,25,51.25
Phi-4,GPQA,7,8,1.0,0.500697350069735,0.500697350069735,-0.26601741204999513,-0.19554305744935443,False,22,41.47727272727273
Phi-4,GPQA,8,8,1.0,0.500697350069735,0.500697350069735,-0.26601741204999513,-0.27342335523910644,False,21,51.19047619047619
Phi-4,GPQA,9,8,0.9860724233983287,0.49372384937238495,0.4903047091412742,-0.26601741204999513,-0.2973969859884947,False,33,46.96969696969697
Phi-4,GPQA,0,4,0.9388888888888889,0.23570432357043236,0.23214285714285715,-0.26601741204999513,-0.3083278213558692,False,8,50.78125
Phi-4,GPQA,1,4,0.8944444444444445,0.22454672245467225,0.21875,-0.26601741204999513,-0.32029464083424475,False,11,50.0
Phi-4,GPQA,2,4,0.9222222222222223,0.2315202231520223,0.2270861833105335,-0.26601741204999513,-0.21516797129501058,False,14,52.232142857142854
Phi-4,GPQA,3,4,1.0,0.2510460251046025,0.2510460251046025,-0.26601741204999513,-0.2931012148329032,False,16,45.703125
Phi-4,GPQA,4,4,1.0,0.2510460251046025,0.2510460251046025,-0.26601741204999513,-0.2561454095871215,False,22,54.54545454545455
Phi-4,GPQA,5,4,0.9,0.22594142259414227,0.22040816326530613,-0.26601741204999513,-0.3712697373229864,False,12,39.583333333333336
Phi-4,GPQA,6,4,0.9833333333333333,0.24686192468619247,0.24583333333333332,-0.26601741204999513,-0.2517763808033337,False,12,43.229166666666664
Phi-4,GPQA,7,4,1.0,0.2510460251046025,0.2510460251046025,-0.26601741204999513,-0.2779587192606735,False,11,51.13636363636363
Phi-4,GPQA,8,4,0.9555555555555556,0.2398884239888424,0.23724137931034484,-0.26601741204999513,-0.2141531016393087,False,10,55.0
Phi-4,GPQA,9,4,1.0,0.2510460251046025,0.2510460251046025,-0.26601741204999513,-0.2519248381867086,False,12,45.3125
Phi-4,GSM8K,0,8,1.0,0.5002368545712932,0.5002368545712932,-0.13543013169971324,-0.13987875147693743,False,31,90.7258064516129
Phi-4,GSM8K,1,8,0.9876893939393939,0.49407863571766936,0.4910546139359699,-0.13543013169971324,-0.13795371004893653,False,21,92.55952380952381
Phi-4,GSM8K,2,8,1.0,0.5002368545712932,0.5002368545712932,-0.13543013169971324,-0.14833452167177505,False,20,91.875
Phi-4,GSM8K,3,8,0.978219696969697,0.4893415442918048,0.48406747891283974,-0.13543013169971324,-0.14124812089423106,False,27,92.36111111111111
Phi-4,GSM8K,4,8,0.9924242424242424,0.4964471814306016,0.49457291175082585,-0.13543013169971324,-0.13519440690119958,False,24,92.70833333333333
Phi-4,GSM8K,5,8,1.0,0.5002368545712932,0.5002368545712932,-0.13543013169971324,-0.13535698591329834,False,21,92.26190476190476
Phi-4,GSM8K,6,8,1.0,0.5002368545712932,0.5002368545712932,-0.13543013169971324,-0.14678449489169135,False,19,97.69736842105263
Phi-4,GSM8K,7,8,1.0,0.5002368545712932,0.5002368545712932,-0.13543013169971324,-0.15220882878859984,False,20,84.375
Phi-4,GSM8K,8,8,1.0,0.5002368545712932,0.5002368545712932,-0.13543013169971324,-0.15981692076102494,False,30,91.25
Phi-4,GSM8K,9,8,1.0,0.5002368545712932,0.5002368545712932,-0.13543013169971324,-0.09876429678638086,False,25,89.5
Phi-4,GSM8K,0,4,1.0,0.2501184272856466,0.2501184272856466,-0.13543013169971324,-0.12773323987637814,False,14,96.42857142857143
Phi-4,GSM8K,1,4,0.9696969696969697,0.24253908100426338,0.24071462153267512,-0.13543013169971324,-0.15203058574153033,False,11,95.45454545454545
Phi-4,GSM8K,2,4,0.9848484848484849,0.246328754144955,0.24539877300613497,-0.13543013169971324,-0.13235900972973041,False,8,85.9375
Phi-4,GSM8K,3,4,1.0,0.2501184272856466,0.2501184272856466,-0.13543013169971324,-0.11360890439842515,False,14,83.92857142857143
Phi-4,GSM8K,4,4,1.0,0.2501184272856466,0.2501184272856466,-0.13543013169971324,-0.10722831526609512,False,15,92.08333333333333
Phi-4,GSM8K,5,4,0.9943181818181818,0.24869729985788724,0.24834437086092714,-0.13543013169971324,-0.12464510061999046,False,13,86.0576923076923
Phi-4,GSM8K,6,4,0.9848484848484849,0.246328754144955,0.24539877300613497,-0.13543013169971324,-0.11448063691195799,False,11,90.3409090909091
Phi-4,GSM8K,7,4,1.0,0.2501184272856466,0.2501184272856466,-0.13543013169971324,-0.14087151240761914,False,20,86.5625
Phi-4,GSM8K,8,4,0.9640151515151515,0.24111795357650403,0.23896713615023474,-0.13543013169971324,-0.10624948721777987,False,9,87.5
Phi-4,GSM8K,9,4,1.0,0.2501184272856466,0.2501184272856466,-0.13543013169971324,-0.13264075432723507,False,11,98.29545454545455
Phi-4,MATH500,0,8,0.9775,0.48875,0.48331273176761436,0.019148216284445258,-0.003493644593399074,True,26,71.875
Phi-4,MATH500,1,8,1.0,0.5,0.5,0.019148216284445258,-0.0029968319680087245,True,18,79.16666666666667
Phi-4,MATH500,2,8,0.985,0.4925,0.48883374689826303,0.019148216284445258,0.010478334957488719,False,27,73.61111111111111
Phi-4,MATH500,3,8,0.9825,0.49125,0.48698884758364314,0.019148216284445258,-0.017588744780054406,True,22,63.06818181818182
Phi-4,MATH500,4,8,0.98,0.49,0.48514851485148514,0.019148216284445258,0.024121942713918664,False,25,77.0
Phi-4,MATH500,5,8,1.0,0.5,0.5,0.019148216284445258,0.014839152589224051,False,26,74.51923076923077
Phi-4,MATH500,6,8,1.0,0.5,0.5,0.019148216284445258,0.03950317999917822,False,22,76.98863636363636
Phi-4,MATH500,7,8,1.0,0.5,0.5,0.019148216284445258,0.03780393229958643,False,29,79.95689655172414
Phi-4,MATH500,8,8,0.965,0.4825,0.4742014742014742,0.019148216284445258,0.02114109196876941,False,27,67.82407407407408
Phi-4,MATH500,9,8,0.985,0.4925,0.48883374689826303,0.019148216284445258,0.020563618964040065,False,24,74.73958333333333
Phi-4,MATH500,0,4,1.0,0.25,0.25,0.019148216284445258,0.012880552449215902,False,8,75.0
Phi-4,MATH500,1,4,1.0,0.25,0.25,0.019148216284445258,0.02845160095209986,False,13,83.65384615384616
Phi-4,MATH500,2,4,0.985,0.24625,0.24533001245330013,0.019148216284445258,0.024704273166285057,False,8,84.375
Phi-4,MATH500,3,4,0.945,0.23625,0.23304562268803947,0.019148216284445258,-0.033223197549004005,True,12,69.79166666666667
Phi-4,MATH500,4,4,0.985,0.24625,0.24533001245330013,0.019148216284445258,-0.001776796596629242,True,8,74.21875
Phi-4,MATH500,5,4,1.0,0.25,0.25,0.019148216284445258,0.02667539344210608,False,15,85.0
Phi-4,MATH500,6,4,1.0,0.25,0.25,0.019148216284445258,0.007650865338903856,False,16,76.953125
Phi-4,MATH500,7,4,0.95,0.2375,0.2345679012345679,0.019148216284445258,-0.027352230367832842,True,8,90.625
Phi-4,MATH500,8,4,1.0,0.25,0.25,0.019148216284445258,0.05027599600431168,False,11,76.13636363636364
Phi-4,MATH500,9,4,1.0,0.25,0.25,0.019148216284445258,0.03804527734817099,False,14,77.23214285714286
Phi-4,SVAMP,0,8,1.0,0.5,0.5,-0.14794611579617392,-0.14428989401405465,False,23,74.18478260869566
Phi-4,SVAMP,1,8,1.0,0.5,0.5,-0.14794611579617392,-0.15306384554209387,False,23,78.80434782608695
Phi-4,SVAMP,2,8,0.99,0.495,0.4925373134328358,-0.14794611579617392,-0.14472649967819623,False,30,77.70833333333333
Phi-4,SVAMP,3,8,0.955,0.4775,0.4669926650366748,-0.14794611579617392,-0.15421489246940798,False,29,73.0603448275862
Phi-4,SVAMP,4,8,1.0,0.5,0.5,-0.14794611579617392,-0.12746680497454627,False,36,78.125
Phi-4,SVAMP,5,8,1.0,0.5,0.5,-0.14794611579617392,-0.12823457927768164,False,29,78.01724137931035
Phi-4,SVAMP,6,8,0.96375,0.481875,0.4732965009208103,-0.14794611579617392,-0.14391896793690387,False,21,80.05952380952381
Phi-4,SVAMP,7,8,1.0,0.5,0.5,-0.14794611579617392,-0.14445572603040785,False,30,83.95833333333333
Phi-4,SVAMP,8,8,1.0,0.5,0.5,-0.14794611579617392,-0.13330819265038837,False,27,82.4074074074074
Phi-4,SVAMP,9,8,0.9725,0.48625,0.4796547472256473,-0.14794611579617392,-0.1426843503005273,False,28,73.66071428571429
Phi-4,SVAMP,0,4,0.97,0.2425,0.24069478908188585,-0.14794611579617392,-0.10635618803730316,False,12,80.20833333333333
Phi-4,SVAMP,1,4,0.9925,0.248125,0.2476606363069245,-0.14794611579617392,-0.1485609058591324,False,10,71.875
Phi-4,SVAMP,2,4,0.99,0.2475,0.24688279301745636,-0.14794611579617392,-0.14371630615151426,False,12,73.4375
Phi-4,SVAMP,3,4,0.98,0.245,0.24378109452736318,-0.14794611579617392,-0.20123370185236883,False,13,77.40384615384616
Phi-4,SVAMP,4,4,1.0,0.25,0.25,-0.14794611579617392,-0.16927697684597384,False,14,68.75
Phi-4,SVAMP,5,4,0.9625,0.240625,0.23839009287925697,-0.14794611579617392,-0.13541366334208926,False,15,80.41666666666667
Phi-4,SVAMP,6,4,0.9925,0.248125,0.2476606363069245,-0.14794611579617392,-0.12593713180272056,False,10,80.0
Phi-4,SVAMP,7,4,0.9975,0.249375,0.24921923797626483,-0.14794611579617392,-0.15345224083719583,False,15,77.91666666666667
Phi-4,SVAMP,8,4,0.945,0.23625,0.23304562268803947,-0.14794611579617392,-0.11774969246037444,False,11,71.02272727272727
Phi-4,SVAMP,9,4,0.9875,0.246875,0.24610591900311526,-0.14794611579617392,-0.16449927723630195,False,17,76.83823529411765
Phi-4-Reas.,AQuA,0,8,0.9117647058823529,0.457002457002457,0.4376470588235294,0.4123489947562114,0.39520869857767965,False,23,84.78260869565217
Phi-4-Reas.,AQuA,1,8,0.9166666666666666,0.4594594594594595,0.4410377358490566,0.4123489947562114,0.410774625215924,False,24,77.60416666666667
Phi-4-Reas.,AQuA,2,8,0.9803921568627451,0.4914004914004914,0.48661800486618007,0.4123489947562114,0.40821060334519305,False,25,83.75
Phi-4-Reas.,AQuA,3,8,1.0,0.5012285012285013,0.5012285012285013,0.4123489947562114,0.458790375459238,False,28,85.71428571428571
Phi-4-Reas.,AQuA,4,8,0.9754901960784313,0.48894348894348894,0.4830097087378641,0.4123489947562114,0.4005735694824369,False,28,82.8125
Phi-4-Reas.,AQuA,5,8,1.0,0.5012285012285013,0.5012285012285013,0.4123489947562114,0.4085393763460575,False,24,84.89583333333333
Phi-4-Reas.,AQuA,6,8,0.9656862745098039,0.48402948402948404,0.4758454106280193,0.4123489947562114,0.483819257382471,False,26,85.33653846153847
Phi-4-Reas.,AQuA,7,8,0.8872549019607843,0.44471744471744473,0.42093023255813955,0.4123489947562114,0.42277703503813024,False,29,80.81896551724138
Phi-4-Reas.,AQuA,8,8,1.0,0.5012285012285013,0.5012285012285013,0.4123489947562114,0.41935340988659303,False,29,81.68103448275862
Phi-4-Reas.,AQuA,9,8,0.9901960784313726,0.4963144963144963,0.4938875305623472,0.4123489947562114,0.38522865107700144,False,18,83.33333333333333
Phi-4-Reas.,AQuA,0,4,0.9705882352941176,0.24324324324324326,0.24146341463414633,0.4123489947562114,0.5155153341521055,False,12,76.5625
Phi-4-Reas.,AQuA,1,4,1.0,0.25061425061425063,0.25061425061425063,0.4123489947562114,0.454756061768932,False,8,75.0
Phi-4-Reas.,AQuA,2,4,0.8627450980392157,0.21621621621621623,0.20902612826603326,0.4123489947562114,0.3457461983580574,False,7,88.39285714285714
Phi-4-Reas.,AQuA,3,4,1.0,0.25061425061425063,0.25061425061425063,0.4123489947562114,0.3955129818423738,False,13,82.6923076923077
Phi-4-Reas.,AQuA,4,4,1.0,0.25061425061425063,0.25061425061425063,0.4123489947562114,0.4388825119035371,False,12,83.33333333333333
Phi-4-Reas.,AQuA,5,4,0.9705882352941176,0.24324324324324326,0.24146341463414633,0.4123489947562114,0.36239658557145865,False,15,77.08333333333333
Phi-4-Reas.,AQuA,6,4,0.9411764705882353,0.23587223587223588,0.2324455205811138,0.4123489947562114,0.3434992822442169,False,11,76.13636363636364
Phi-4-Reas.,AQuA,7,4,1.0,0.25061425061425063,0.25061425061425063,0.4123489947562114,0.427736584998451,False,13,87.01923076923077
Phi-4-Reas.,AQuA,8,4,0.9411764705882353,0.23587223587223588,0.2324455205811138,0.4123489947562114,0.4322455065903234,False,10,74.375
Phi-4-Reas.,AQuA,9,4,0.8725490196078431,0.21867321867321868,0.2119047619047619,0.4123489947562114,0.46427601665773194,False,14,81.25
Phi-4-Reas.,CommonsenseQA,0,8,1.0,0.5,0.5,-0.1657209945236099,-0.19412565679986693,False,24,33.59375
Phi-4-Reas.,CommonsenseQA,1,8,0.977482088024565,0.4887410440122825,0.4832995951417004,-0.1657209945236099,-0.14065881453799162,False,23,39.40217391304348
Phi-4-Reas.,CommonsenseQA,2,8,0.984646878198567,0.4923234390992835,0.48857287963433216,-0.1657209945236099,-0.1820295716435868,False,24,23.177083333333332
Phi-4-Reas.,CommonsenseQA,3,8,0.9815762538382804,0.4907881269191402,0.48630831643002026,-0.1657209945236099,-0.12089565193793085,False,25,33.25
Phi-4-Reas.,CommonsenseQA,4,8,1.0,0.5,0.5,-0.1657209945236099,-0.1458829485763856,False,26,31.25
Phi-4-Reas.,CommonsenseQA,5,8,0.9805527123848515,0.49027635619242577,0.48555499239736444,-0.1657209945236099,-0.1427540743673206,False,20,30.9375
Phi-4-Reas.,CommonsenseQA,6,8,1.0,0.5,0.5,-0.1657209945236099,-0.15363529826177202,False,24,37.239583333333336
Phi-4-Reas.,CommonsenseQA,7,8,0.977482088024565,0.4887410440122825,0.4832995951417004,-0.1657209945236099,-0.18024785602673873,False,22,38.06818181818182
Phi-4-Reas.,CommonsenseQA,8,8,1.0,0.5,0.5,-0.1657209945236099,-0.1618791292670256,False,23,32.880434782608695
Phi-4-Reas.,CommonsenseQA,9,8,1.0,0.5,0.5,-0.1657209945236099,-0.16510049712984365,False,26,36.77884615384615
Phi-4-Reas.,CommonsenseQA,0,4,1.0,0.2502558853633572,0.2502558853633572,-0.1657209945236099,-0.1786862589379131,False,15,38.333333333333336
Phi-4-Reas.,CommonsenseQA,1,4,1.0,0.2502558853633572,0.2502558853633572,-0.1657209945236099,-0.18594315733763825,False,11,22.727272727272727
Phi-4-Reas.,CommonsenseQA,2,4,1.0,0.2502558853633572,0.2502558853633572,-0.1657209945236099,-0.1643553640540219,False,8,22.65625
Phi-4-Reas.,CommonsenseQA,3,4,0.9918200408997955,0.24820880245649948,0.24770173646578142,-0.1657209945236099,-0.1443487316422751,False,15,29.166666666666668
Phi-4-Reas.,CommonsenseQA,4,4,1.0,0.2502558853633572,0.2502558853633572,-0.1657209945236099,-0.1521270212276796,False,12,40.104166666666664
Phi-4-Reas.,CommonsenseQA,5,4,1.0,0.2502558853633572,0.2502558853633572,-0.1657209945236099,-0.174429512670096,False,10,45.625
Phi-4-Reas.,CommonsenseQA,6,4,0.9713701431492843,0.24309109518935518,0.24136178861788618,-0.1657209945236099,-0.17505123000448172,False,13,39.42307692307692
Phi-4-Reas.,CommonsenseQA,7,4,1.0,0.2502558853633572,0.2502558853633572,-0.1657209945236099,-0.19634145311913145,False,14,31.25
Phi-4-Reas.,CommonsenseQA,8,4,1.0,0.2502558853633572,0.2502558853633572,-0.1657209945236099,-0.20934672151921682,False,12,25.520833333333332
Phi-4-Reas.,CommonsenseQA,9,4,1.0,0.2502558853633572,0.2502558853633572,-0.1657209945236099,-0.1451757020859579,False,21,40.476190476190474
Phi-4-Reas.,GPQA,0,8,0.9526462395543176,0.4769874476987448,0.4659400544959128,0.09950819622906268,0.12793563321645954,False,25,59.0
Phi-4-Reas.,GPQA,1,8,1.0,0.500697350069735,0.500697350069735,0.09950819622906268,0.11453124606823002,False,23,57.880434782608695
Phi-4-Reas.,GPQA,2,8,1.0,0.500697350069735,0.500697350069735,0.09950819622906268,0.1012727903200097,False,22,71.02272727272727
Phi-4-Reas.,GPQA,3,8,1.0,0.500697350069735,0.500697350069735,0.09950819622906268,0.07221859927773067,False,24,56.25
Phi-4-Reas.,GPQA,4,8,1.0,0.500697350069735,0.500697350069735,0.09950819622906268,0.10000463491331747,False,25,66.5
Phi-4-Reas.,GPQA,5,8,0.9721448467966574,0.48675034867503486,0.48005502063273725,0.09950819622906268,0.13353303801994387,False,26,66.58653846153847
Phi-4-Reas.,GPQA,6,8,0.935933147632312,0.4686192468619247,0.4540540540540541,0.09950819622906268,0.10118497042785748,False,22,63.35227272727273
Phi-4-Reas.,GPQA,7,8,1.0,0.500697350069735,0.500697350069735,0.09950819622906268,0.07690042975582796,False,24,70.57291666666667
Phi-4-Reas.,GPQA,8,8,1.0,0.500697350069735,0.500697350069735,0.09950819622906268,0.08665983988215992,False,25,56.25
Phi-4-Reas.,GPQA,9,8,1.0,0.500697350069735,0.500697350069735,0.09950819622906268,0.0983105175127003,False,22,62.78409090909091
Phi-4-Reas.,GPQA,0,4,0.9055555555555556,0.22733612273361228,0.2220708446866485,0.09950819622906268,0.14204314863330592,False,10,48.75
Phi-4-Reas.,GPQA,1,4,0.9333333333333333,0.23430962343096234,0.23045267489711935,0.09950819622906268,0.10563749488273909,False,10,55.0
Phi-4-Reas.,GPQA,2,4,1.0,0.2510460251046025,0.2510460251046025,0.09950819622906268,0.14736642654645116,False,8,71.09375
Phi-4-Reas.,GPQA,3,4,0.95,0.2384937238493724,0.23553719008264462,0.09950819622906268,0.10943810548377034,False,16,54.296875
Phi-4-Reas.,GPQA,4,4,0.9944444444444445,0.2496513249651325,0.24930362116991645,0.09950819622906268,0.10172998820663294,False,9,73.61111111111111
Phi-4-Reas.,GPQA,5,4,1.0,0.2510460251046025,0.2510460251046025,0.09950819622906268,0.15563224427142286,False,12,73.95833333333333
Phi-4-Reas.,GPQA,6,4,1.0,0.2510460251046025,0.2510460251046025,0.09950819622906268,0.07420518609302797,False,15,63.333333333333336
Phi-4-Reas.,GPQA,7,4,1.0,0.2510460251046025,0.2510460251046025,0.09950819622906268,0.13893163342281126,False,18,54.513888888888886
Phi-4-Reas.,GPQA,8,4,1.0,0.2510460251046025,0.2510460251046025,0.09950819622906268,0.12795161934334315,False,8,74.21875
Phi-4-Reas.,GPQA,9,4,1.0,0.2510460251046025,0.2510460251046025,0.09950819622906268,0.08326036601986019,False,16,65.625
Phi-4-Reas.,GSM8K,0,8,0.9763257575757576,0.4883941260066319,0.48267790262172283,0.3152720424519638,0.26081638728341716,False,24,78.64583333333333
Phi-4-Reas.,GSM8K,1,8,1.0,0.5002368545712932,0.5002368545712932,0.3152720424519638,0.281578356250669,False,22,87.2159090909091
Phi-4-Reas.,GSM8K,2,8,1.0,0.5002368545712932,0.5002368545712932,0.3152720424519638,0.29988016649805527,False,29,87.28448275862068
Phi-4-Reas.,GSM8K,3,8,0.9744318181818182,0.48744670772145904,0.4812909260991581,0.3152720424519638,0.2801313167693963,False,21,77.38095238095238
Phi-4-Reas.,GSM8K,4,8,1.0,0.5002368545712932,0.5002368545712932,0.3152720424519638,0.36273006140154357,False,28,83.48214285714286
Phi-4-Reas.,GSM8K,5,8,0.9914772727272727,0.49597347228801514,0.49386792452830186,0.3152720424519638,0.24443597978543044,False,30,87.08333333333333
Phi-4-Reas.,GSM8K,6,8,0.9734848484848485,0.48697299857887255,0.48059841047218327,0.3152720424519638,0.2568988102787243,False,26,82.9326923076923
Phi-4-Reas.,GSM8K,7,8,0.9763257575757576,0.4883941260066319,0.48267790262172283,0.3152720424519638,0.35741785800319914,False,26,81.00961538461539
Phi-4-Reas.,GSM8K,8,8,0.9763257575757576,0.4883941260066319,0.48267790262172283,0.3152720424519638,0.3386856829939186,False,24,85.9375
Phi-4-Reas.,GSM8K,9,8,1.0,0.5002368545712932,0.5002368545712932,0.3152720424519638,0.29498422021926485,False,27,83.10185185185185
Phi-4-Reas.,GSM8K,0,4,1.0,0.2501184272856466,0.2501184272856466,0.3152720424519638,0.4247807178312821,False,11,81.81818181818181
Phi-4-Reas.,GSM8K,1,4,0.9507575757575758,0.23780198957839888,0.23490875058493216,0.3152720424519638,0.3321332298567787,False,6,90.625
Phi-4-Reas.,GSM8K,2,4,1.0,0.2501184272856466,0.2501184272856466,0.3152720424519638,0.3618523197482885,False,13,85.57692307692308
Phi-4-Reas.,GSM8K,3,4,1.0,0.2501184272856466,0.2501184272856466,0.3152720424519638,0.22194750356838525,False,11,86.36363636363636
Phi-4-Reas.,GSM8K,4,4,1.0,0.2501184272856466,0.2501184272856466,0.3152720424519638,0.30677937960100343,False,18,85.06944444444444
Phi-4-Reas.,GSM8K,5,4,1.0,0.2501184272856466,0.2501184272856466,0.3152720424519638,0.3313694699409755,False,15,76.25
Phi-4-Reas.,GSM8K,6,4,0.9924242424242424,0.2482235907153008,0.24775413711583924,0.3152720424519638,0.4054958362965796,False,8,85.9375
Phi-4-Reas.,GSM8K,7,4,1.0,0.2501184272856466,0.2501184272856466,0.3152720424519638,0.2116765097976652,False,16,83.984375
Phi-4-Reas.,GSM8K,8,4,1.0,0.2501184272856466,0.2501184272856466,0.3152720424519638,0.31687552288503157,False,15,88.33333333333333
Phi-4-Reas.,GSM8K,9,4,0.9829545454545454,0.24585504500236854,0.24481132075471698,0.3152720424519638,0.215605291237335,False,13,87.01923076923077
Phi-4-Reas.,MATH500,0,8,1.0,0.5,0.5,0.31462347142848995,0.2935257792846167,False,27,76.62037037037037
Phi-4-Reas.,MATH500,1,8,1.0,0.5,0.5,0.31462347142848995,0.3315735201740073,False,26,85.33653846153847
Phi-4-Reas.,MATH500,2,8,1.0,0.5,0.5,0.31462347142848995,0.3482395913152431,False,27,76.62037037037037
Phi-4-Reas.,MATH500,3,8,0.985,0.4925,0.48883374689826303,0.31462347142848995,0.3997452953872574,False,23,78.26086956521739
Phi-4-Reas.,MATH500,4,8,0.955,0.4775,0.4669926650366748,0.31462347142848995,0.3238020446263012,False,17,78.30882352941177
Phi-4-Reas.,MATH500,5,8,0.995,0.4975,0.49625935162094764,0.31462347142848995,0.33388564284833877,False,22,78.125
Phi-4-Reas.,MATH500,6,8,1.0,0.5,0.5,0.31462347142848995,0.37256108640439123,False,22,78.125
Phi-4-Reas.,MATH500,7,8,1.0,0.5,0.5,0.31462347142848995,0.24010197823977678,False,25,72.25
Phi-4-Reas.,MATH500,8,8,0.95,0.475,0.4634146341463415,0.31462347142848995,0.33031421405914424,False,26,84.13461538461539
Phi-4-Reas.,MATH500,9,8,1.0,0.5,0.5,0.31462347142848995,0.2554082809806567,False,30,79.58333333333333
Phi-4-Reas.,MATH500,0,4,0.945,0.23625,0.23304562268803947,0.31462347142848995,0.32123794106993603,False,10,71.25
Phi-4-Reas.,MATH500,1,4,1.0,0.25,0.25,0.31462347142848995,0.1826847567149789,False,10,83.75
Phi-4-Reas.,MATH500,2,4,1.0,0.25,0.25,0.31462347142848995,0.2898559428656439,False,14,70.08928571428571
Phi-4-Reas.,MATH500,3,4,1.0,0.25,0.25,0.31462347142848995,0.24009215988422097,False,10,78.75
Phi-4-Reas.,MATH500,4,4,0.955,0.23875,0.2360939431396786,0.31462347142848995,0.37424296802242035,False,8,80.46875
Phi-4-Reas.,MATH500,5,4,1.0,0.25,0.25,0.31462347142848995,0.2861354238632765,False,9,87.5
Phi-4-Reas.,MATH500,6,4,0.945,0.23625,0.23304562268803947,0.31462347142848995,0.2742255247329117,False,12,83.33333333333333
Phi-4-Reas.,MATH500,7,4,0.95,0.2375,0.2345679012345679,0.31462347142848995,0.3352540921302706,False,14,80.35714285714286
Phi-4-Reas.,MATH500,8,4,0.92,0.23,0.22549019607843138,0.31462347142848995,0.2901507021212405,False,12,74.47916666666667
Phi-4-Reas.,MATH500,9,4,1.0,0.25,0.25,0.31462347142848995,0.3557240691887156,False,15,80.0
Phi-4-Reas.,SVAMP,0,8,1.0,0.5,0.5,0.17403083905045602,0.2412290199398986,False,25,72.5
Phi-4-Reas.,SVAMP,1,8,0.995,0.4975,0.49625935162094764,0.17403083905045602,0.14688029583443138,False,28,71.65178571428571
Phi-4-Reas.,SVAMP,2,8,0.99125,0.495625,0.49346608587429996,0.17403083905045602,0.17374353634503734,False,24,76.04166666666667
Phi-4-Reas.,SVAMP,3,8,1.0,0.5,0.5,0.17403083905045602,0.23002995630771927,False,29,76.50862068965517
Phi-4-Reas.,SVAMP,4,8,0.96625,0.483125,0.47510755992624465,0.17403083905045602,0.22446785159529262,False,29,73.49137931034483
Phi-4-Reas.,SVAMP,5,8,1.0,0.5,0.5,0.17403083905045602,0.13390649621803202,False,21,80.95238095238095
Phi-4-Reas.,SVAMP,6,8,0.99875,0.499375,0.4990630855715178,0.17403083905045602,0.1160227865036452,False,23,72.28260869565217
Phi-4-Reas.,SVAMP,7,8,1.0,0.5,0.5,0.17403083905045602,0.2719865289977377,False,26,73.07692307692308
Phi-4-Reas.,SVAMP,8,8,0.9575,0.47875,0.46878824969400246,0.17403083905045602,0.19185581431291382,False,27,74.30555555555556
Phi-4-Reas.,SVAMP,9,8,0.9675,0.48375,0.47601476014760147,0.17403083905045602,0.17739444708394914,False,24,76.5625
Phi-4-Reas.,SVAMP,0,4,1.0,0.25,0.25,0.17403083905045602,0.2295136705418374,False,7,70.53571428571429
Phi-4-Reas.,SVAMP,1,4,0.9525,0.238125,0.23533045089561458,0.17403083905045602,0.0843002949646573,False,13,67.78846153846153
Phi-4-Reas.,SVAMP,2,4,1.0,0.25,0.25,0.17403083905045602,0.3182338344225985,False,16,78.90625
Phi-4-Reas.,SVAMP,3,4,1.0,0.25,0.25,0.17403083905045602,0.22462924940665505,False,16,71.484375
Phi-4-Reas.,SVAMP,4,4,0.995,0.24875,0.2484394506866417,0.17403083905045602,0.21313130874055722,False,14,72.32142857142857
Phi-4-Reas.,SVAMP,5,4,1.0,0.25,0.25,0.17403083905045602,0.197618706266501,False,8,71.875
Phi-4-Reas.,SVAMP,6,4,1.0,0.25,0.25,0.17403083905045602,0.1401776216311367,False,15,73.75
Phi-4-Reas.,SVAMP,7,4,0.9575,0.239375,0.23685837971552257,0.17403083905045602,0.08523428969496692,False,13,80.28846153846153
Phi-4-Reas.,SVAMP,8,4,1.0,0.25,0.25,0.17403083905045602,0.20048932668219055,False,13,70.67307692307692
Phi-4-Reas.,SVAMP,9,4,0.9425,0.235625,0.23228589032655575,0.17403083905045602,0.20220942291805796,False,15,62.083333333333336
Qwen2.5-7B,AQuA,0,8,0.9852941176470589,0.49385749385749383,0.4902439024390244,0.10301176385857566,0.09378958475819102,False,29,77.15517241379311
Qwen2.5-7B,AQuA,1,8,0.9607843137254902,0.48157248157248156,0.472289156626506,0.10301176385857566,0.15260829778168486,False,24,77.34375
Qwen2.5-7B,AQuA,2,8,0.9803921568627451,0.4914004914004914,0.48661800486618007,0.10301176385857566,0.15704181999424338,False,22,81.5340909090909
Qwen2.5-7B,AQuA,3,8,0.9607843137254902,0.48157248157248156,0.472289156626506,0.10301176385857566,0.09834607379032824,False,27,78.70370370370371
Qwen2.5-7B,AQuA,4,8,1.0,0.5012285012285013,0.5012285012285013,0.10301176385857566,0.16669218666570235,False,29,78.23275862068965
Qwen2.5-7B,AQuA,5,8,0.9950980392156863,0.4987714987714988,0.49754901960784315,0.10301176385857566,0.12316017721089076,False,25,79.0
Qwen2.5-7B,AQuA,6,8,1.0,0.5012285012285013,0.5012285012285013,0.10301176385857566,0.11740029191911142,False,31,75.20161290322581
Qwen2.5-7B,AQuA,7,8,0.8676470588235294,0.4348894348894349,0.4078341013824885,0.10301176385857566,0.0950750817911616,False,28,76.33928571428571
Qwen2.5-7B,AQuA,8,8,1.0,0.5012285012285013,0.5012285012285013,0.10301176385857566,0.0774801126445953,False,26,76.4423076923077
Qwen2.5-7B,AQuA,9,8,0.9558823529411765,0.47911547911547914,0.46875,0.10301176385857566,0.11394752934017612,False,25,74.75
Qwen2.5-7B,AQuA,0,4,1.0,0.25061425061425063,0.25061425061425063,0.10301176385857566,0.13666711031539983,False,16,74.609375
Qwen2.5-7B,AQuA,1,4,1.0,0.25061425061425063,0.25061425061425063,0.10301176385857566,0.061590478519331734,False,13,74.51923076923077
Qwen2.5-7B,AQuA,2,4,0.9509803921568627,0.23832923832923833,0.2354368932038835,0.10301176385857566,0.08807334624133592,False,17,69.8529411764706
Qwen2.5-7B,AQuA,3,4,1.0,0.25061425061425063,0.25061425061425063,0.10301176385857566,0.10176295318079452,False,9,68.05555555555556
Qwen2.5-7B,AQuA,4,4,1.0,0.25061425061425063,0.25061425061425063,0.10301176385857566,0.12330391403743986,False,16,78.125
Qwen2.5-7B,AQuA,5,4,1.0,0.25061425061425063,0.25061425061425063,0.10301176385857566,0.10874996181176406,False,12,80.20833333333333
Qwen2.5-7B,AQuA,6,4,1.0,0.25061425061425063,0.25061425061425063,0.10301176385857566,0.060714338355391556,False,10,73.75
Qwen2.5-7B,AQuA,7,4,1.0,0.25061425061425063,0.25061425061425063,0.10301176385857566,0.11335523960726984,False,12,79.6875
Qwen2.5-7B,AQuA,8,4,1.0,0.25061425061425063,0.25061425061425063,0.10301176385857566,0.11551339683229869,False,11,79.54545454545455
Qwen2.5-7B,AQuA,9,4,1.0,0.25061425061425063,0.25061425061425063,0.10301176385857566,0.11881098624185017,False,12,73.4375
Qwen2.5-7B,CommonsenseQA,0,8,0.9754350051177073,0.48771750255885365,0.48179979777553084,0.10476549614710133,0.09903491481475532,False,25,71.5
Qwen2.5-7B,CommonsenseQA,1,8,1.0,0.5,0.5,0.10476549614710133,0.09945043314919653,False,23,69.83695652173913
Qwen2.5-7B,CommonsenseQA,2,8,1.0,0.5,0.5,0.10476549614710133,0.11114871403712648,False,26,75.72115384615384
Qwen2.5-7B,CommonsenseQA,3,8,1.0,0.5,0.5,0.10476549614710133,0.10896611006619282,False,24,68.22916666666667
Qwen2.5-7B,CommonsenseQA,4,8,1.0,0.5,0.5,0.10476549614710133,0.09959409585995364,False,25,72.25
Qwen2.5-7B,CommonsenseQA,5,8,1.0,0.5,0.5,0.10476549614710133,0.13027072419557198,False,24,70.57291666666667
Qwen2.5-7B,CommonsenseQA,6,8,1.0,0.5,0.5,0.10476549614710133,0.10192407935044621,False,29,65.51724137931035
Qwen2.5-7B,CommonsenseQA,7,8,1.0,0.5,0.5,0.10476549614710133,0.10011773432577306,False,30,68.95833333333333
Qwen2.5-7B,CommonsenseQA,8,8,1.0,0.5,0.5,0.10476549614710133,0.08735497340813919,False,31,67.94354838709677
Qwen2.5-7B,CommonsenseQA,9,8,0.9907881269191402,0.4953940634595701,0.49312277126846665,0.10476549614710133,0.10675653067425941,False,24,74.47916666666667
Qwen2.5-7B,CommonsenseQA,0,4,1.0,0.2502558853633572,0.2502558853633572,0.10476549614710133,0.055658955443124714,False,18,69.09722222222223
Qwen2.5-7B,CommonsenseQA,1,4,0.9979550102249489,0.24974411463664278,0.249616368286445,0.10476549614710133,0.0722349815814133,False,15,69.58333333333333
Qwen2.5-7B,CommonsenseQA,2,4,1.0,0.2502558853633572,0.2502558853633572,0.10476549614710133,0.08725844194826486,False,14,74.10714285714286
Qwen2.5-7B,CommonsenseQA,3,4,1.0,0.2502558853633572,0.2502558853633572,0.10476549614710133,0.08070436396420913,False,13,66.82692307692308
Qwen2.5-7B,CommonsenseQA,4,4,0.9488752556237219,0.2374616171954964,0.23446184941889844,0.10476549614710133,0.08708252062362992,False,14,70.08928571428571
Qwen2.5-7B,CommonsenseQA,5,4,0.9366053169734151,0.23439099283520984,0.23073047858942067,0.10476549614710133,0.10207977529652969,False,12,67.70833333333333
Qwen2.5-7B,CommonsenseQA,6,4,0.9693251533742331,0.24257932446264074,0.24073133570340274,0.10476549614710133,0.1302929724389583,False,8,91.40625
Qwen2.5-7B,CommonsenseQA,7,4,0.9386503067484663,0.23490276356192427,0.2313508064516129,0.10476549614710133,0.092274103675882,False,16,67.1875
Qwen2.5-7B,CommonsenseQA,8,4,0.9366053169734151,0.23439099283520984,0.23073047858942067,0.10476549614710133,0.08664729812409223,False,11,72.72727272727273
Qwen2.5-7B,CommonsenseQA,9,4,0.9631901840490797,0.24104401228249744,0.23884381338742394,0.10476549614710133,0.09399085375895429,False,11,87.5
Qwen2.5-7B,GPQA,0,8,1.0,0.500697350069735,0.500697350069735,0.07588881352737642,0.1146667880012776,False,28,56.026785714285715
Qwen2.5-7B,GPQA,1,8,0.9665738161559888,0.4839609483960948,0.47599451303155005,0.07588881352737642,0.06967244982433372,False,28,59.151785714285715
Qwen2.5-7B,GPQA,2,8,1.0,0.500697350069735,0.500697350069735,0.07588881352737642,0.06890156512556017,False,27,54.629629629629626
Qwen2.5-7B,GPQA,3,8,1.0,0.500697350069735,0.500697350069735,0.07588881352737642,0.07405350680256484,False,21,55.654761904761905
Qwen2.5-7B,GPQA,4,8,0.9637883008356546,0.4825662482566248,0.473972602739726,0.07588881352737642,0.0549269930053941,False,23,51.630434782608695
Qwen2.5-7B,GPQA,5,8,1.0,0.500697350069735,0.500697350069735,0.07588881352737642,0.05915135392048756,False,21,47.916666666666664
Qwen2.5-7B,GPQA,6,8,0.9860724233983287,0.49372384937238495,0.4903047091412742,0.07588881352737642,0.09200878057867341,False,24,56.25
Qwen2.5-7B,GPQA,7,8,0.9944289693593314,0.497907949790795,0.4965229485396384,0.07588881352737642,0.08408465878842261,False,24,51.041666666666664
Qwen2.5-7B,GPQA,8,8,0.9526462395543176,0.4769874476987448,0.4659400544959128,0.07588881352737642,0.0884487332600878,False,24,55.46875
Qwen2.5-7B,GPQA,9,8,1.0,0.500697350069735,0.500697350069735,0.07588881352737642,0.07991304279579985,False,23,51.358695652173914
Qwen2.5-7B,GPQA,0,4,0.9888888888888889,0.2482566248256625,0.24756606397774686,0.07588881352737642,-0.02172368585619342,True,9,46.52777777777778
Qwen2.5-7B,GPQA,1,4,1.0,0.2510460251046025,0.2510460251046025,0.07588881352737642,0.04164318295637799,False,16,47.65625
Qwen2.5-7B,GPQA,2,4,1.0,0.2510460251046025,0.2510460251046025,0.07588881352737642,0.1464728608494606,False,12,61.458333333333336
Qwen2.5-7B,GPQA,3,4,1.0,0.2510460251046025,0.2510460251046025,0.07588881352737642,0.09597738339480136,False,8,64.84375
Qwen2.5-7B,GPQA,4,4,0.8888888888888888,0.22315202231520223,0.21709633649932158,0.07588881352737642,0.10922874946084242,False,14,54.464285714285715
Qwen2.5-7B,GPQA,5,4,0.9944444444444445,0.2496513249651325,0.24930362116991645,0.07588881352737642,0.1531352705203501,False,13,52.88461538461539
Qwen2.5-7B,GPQA,6,4,1.0,0.2510460251046025,0.2510460251046025,0.07588881352737642,0.035313511057782306,False,17,54.779411764705884
Qwen2.5-7B,GPQA,7,4,1.0,0.2510460251046025,0.2510460251046025,0.07588881352737642,0.09590287418767451,False,14,48.660714285714285
Qwen2.5-7B,GPQA,8,4,0.9555555555555556,0.2398884239888424,0.23724137931034484,0.07588881352737642,0.03874777332270097,False,13,62.01923076923077
Qwen2.5-7B,GPQA,9,4,1.0,0.2510460251046025,0.2510460251046025,0.07588881352737642,0.06561079927442685,False,13,58.17307692307692
Qwen2.5-7B,GSM8K,0,8,0.9791666666666666,0.4898152534343913,0.48476324425691514,-0.7993410690613474,-0.7860277752757637,False,28,66.29464285714286
Qwen2.5-7B,GSM8K,1,8,0.9981060606060606,0.4992894362861203,0.4988168480832939,-0.7993410690613474,-0.7678276401750583,False,29,66.59482758620689
Qwen2.5-7B,GSM8K,2,8,1.0,0.5002368545712932,0.5002368545712932,-0.7993410690613474,-0.8002897257635851,False,26,64.1826923076923
Qwen2.5-7B,GSM8K,3,8,1.0,0.5002368545712932,0.5002368545712932,-0.7993410690613474,-0.7921994540609527,False,25,66.25
Qwen2.5-7B,GSM8K,4,8,0.9744318181818182,0.48744670772145904,0.4812909260991581,-0.7993410690613474,-0.81512526858243,False,23,69.83695652173913
Qwen2.5-7B,GSM8K,5,8,0.9488636363636364,0.47465656087162483,0.4628175519630485,-0.7993410690613474,-0.7895584301312912,False,18,62.15277777777778
Qwen2.5-7B,GSM8K,6,8,0.9952651515151515,0.497868308858361,0.4966918714555766,-0.7993410690613474,-0.840876769241996,False,26,68.99038461538461
Qwen2.5-7B,GSM8K,7,8,1.0,0.5002368545712932,0.5002368545712932,-0.7993410690613474,-0.8028449151903262,False,31,63.50806451612903
Qwen2.5-7B,GSM8K,8,8,1.0,0.5002368545712932,0.5002368545712932,-0.7993410690613474,-0.7908507421399998,False,22,63.06818181818182
Qwen2.5-7B,GSM8K,9,8,1.0,0.5002368545712932,0.5002368545712932,-0.7993410690613474,-0.8121476151340431,False,25,66.75
Qwen2.5-7B,GSM8K,0,4,0.9696969696969697,0.24253908100426338,0.24071462153267512,-0.7993410690613474,-0.802706237123724,False,15,60.833333333333336
Qwen2.5-7B,GSM8K,1,4,1.0,0.2501184272856466,0.2501184272856466,-0.7993410690613474,-0.8067467309786234,False,10,64.375
Qwen2.5-7B,GSM8K,2,4,0.9962121212121212,0.2491710090004737,0.2489351632749645,-0.7993410690613474,-0.7705348352453796,False,10,70.625
Qwen2.5-7B,GSM8K,3,4,0.9848484848484849,0.246328754144955,0.24539877300613497,-0.7993410690613474,-0.7993992907819388,False,13,66.34615384615384
Qwen2.5-7B,GSM8K,4,4,1.0,0.2501184272856466,0.2501184272856466,-0.7993410690613474,-0.8222967965015321,False,8,64.84375
Qwen2.5-7B,GSM8K,5,4,1.0,0.2501184272856466,0.2501184272856466,-0.7993410690613474,-0.7624984893640917,False,16,65.625
Qwen2.5-7B,GSM8K,6,4,0.9659090909090909,0.24159166271909047,0.23954908407703146,-0.7993410690613474,-0.8052729733061829,False,8,69.53125
Qwen2.5-7B,GSM8K,7,4,0.9488636363636364,0.23732828043581242,0.2343311506080449,-0.7993410690613474,-0.8439387293263269,False,9,64.58333333333333
Qwen2.5-7B,GSM8K,8,4,1.0,0.2501184272856466,0.2501184272856466,-0.7993410690613474,-0.822751532476087,False,13,66.82692307692308
Qwen2.5-7B,GSM8K,9,4,0.9678030303030303,0.24206537186167693,0.24013157894736842,-0.7993410690613474,-0.7610400933581704,False,17,66.54411764705883
Qwen2.5-7B,MATH500,0,8,1.0,0.5,0.5,-0.30780533422187983,-0.3025024143187934,False,24,73.4375
Qwen2.5-7B,MATH500,1,8,0.98,0.49,0.48514851485148514,-0.30780533422187983,-0.35028521904272114,False,33,73.29545454545455
Qwen2.5-7B,MATH500,2,8,0.97,0.485,0.47783251231527096,-0.30780533422187983,-0.32844173862518133,False,22,79.82954545454545
Qwen2.5-7B,MATH500,3,8,1.0,0.5,0.5,-0.30780533422187983,-0.3156723940103747,False,20,72.8125
Qwen2.5-7B,MATH500,4,8,0.9475,0.47375,0.46163215590742995,-0.30780533422187983,-0.3136787265524429,False,26,79.08653846153847
Qwen2.5-7B,MATH500,5,8,1.0,0.5,0.5,-0.30780533422187983,-0.2934291971647254,False,27,75.46296296296296
Qwen2.5-7B,MATH500,6,8,0.9475,0.47375,0.46163215590742995,-0.30780533422187983,-0.31671829393537565,False,25,76.25
Qwen2.5-7B,MATH500,7,8,0.9725,0.48625,0.4796547472256473,-0.30780533422187983,-0.32483658311072416,False,21,68.75
Qwen2.5-7B,MATH500,8,8,1.0,0.5,0.5,-0.30780533422187983,-0.31886687583356255,False,21,80.6547619047619
Qwen2.5-7B,MATH500,9,8,1.0,0.5,0.5,-0.30780533422187983,-0.3132585068571549,False,33,79.35606060606061
Qwen2.5-7B,MATH500,0,4,0.975,0.24375,0.2422360248447205,-0.30780533422187983,-0.24695522122088073,False,11,73.29545454545455
Qwen2.5-7B,MATH500,1,4,0.98,0.245,0.24378109452736318,-0.30780533422187983,-0.24941760982719804,False,10,66.875
Qwen2.5-7B,MATH500,2,4,1.0,0.25,0.25,-0.30780533422187983,-0.35267199029569507,False,16,77.734375
Qwen2.5-7B,MATH500,3,4,1.0,0.25,0.25,-0.30780533422187983,-0.29608512117316804,False,13,75.0
Qwen2.5-7B,MATH500,4,4,0.995,0.24875,0.2484394506866417,-0.30780533422187983,-0.2856433317652989,False,9,83.33333333333333
Qwen2.5-7B,MATH500,5,4,1.0,0.25,0.25,-0.30780533422187983,-0.27579658081849984,False,10,80.0
Qwen2.5-7B,MATH500,6,4,1.0,0.25,0.25,-0.30780533422187983,-0.3109795549132872,False,23,71.19565217391305
Qwen2.5-7B,MATH500,7,4,0.93,0.2325,0.2285012285012285,-0.30780533422187983,-0.33065546774155635,False,16,71.875
Qwen2.5-7B,MATH500,8,4,0.995,0.24875,0.2484394506866417,-0.30780533422187983,-0.28464502623381893,False,12,84.89583333333333
Qwen2.5-7B,MATH500,9,4,1.0,0.25,0.25,-0.30780533422187983,-0.33503649379733613,False,8,73.4375
Qwen2.5-7B,SVAMP,0,8,1.0,0.5,0.5,-0.9815109794406022,-0.9623048600407668,False,24,64.84375
Qwen2.5-7B,SVAMP,1,8,0.9925,0.49625,0.4943960149439601,-0.9815109794406022,-0.968639930253276,False,27,65.04629629629629
Qwen2.5-7B,SVAMP,2,8,1.0,0.5,0.5,-0.9815109794406022,-0.972617059560484,False,26,65.625
Qwen2.5-7B,SVAMP,3,8,0.97125,0.485625,0.4787430683918669,-0.9815109794406022,-1.0042464837527132,False,27,64.35185185185185
Qwen2.5-7B,SVAMP,4,8,0.93875,0.469375,0.45542753183747725,-0.9815109794406022,-0.982973359347447,False,23,65.21739130434783
Qwen2.5-7B,SVAMP,5,8,1.0,0.5,0.5,-0.9815109794406022,-0.9659453826916393,False,30,65.41666666666667
Qwen2.5-7B,SVAMP,6,8,0.9725,0.48625,0.4796547472256473,-0.9815109794406022,-0.9513029673558457,False,25,64.0
Qwen2.5-7B,SVAMP,7,8,0.9775,0.48875,0.48331273176761436,-0.9815109794406022,-1.0039222563499124,False,25,62.75
Qwen2.5-7B,SVAMP,8,8,0.9875,0.49375,0.4906832298136646,-0.9815109794406022,-0.9729688438493515,False,24,66.14583333333333
Qwen2.5-7B,SVAMP,9,8,0.9875,0.49375,0.4906832298136646,-0.9815109794406022,-0.9561490454641962,False,27,63.888888888888886
Qwen2.5-7B,SVAMP,0,4,0.9525,0.238125,0.23533045089561458,-0.9815109794406022,-0.931914074745384,False,9,63.19444444444444
Qwen2.5-7B,SVAMP,1,4,1.0,0.25,0.25,-0.9815109794406022,-0.8833174341162504,False,8,65.625
Qwen2.5-7B,SVAMP,2,4,0.985,0.24625,0.24533001245330013,-0.9815109794406022,-1.117962721576837,False,13,60.09615384615385
Qwen2.5-7B,SVAMP,3,4,1.0,0.25,0.25,-0.9815109794406022,-0.9747055431001869,False,11,62.5
Qwen2.5-7B,SVAMP,4,4,0.9675,0.241875,0.23992560446373218,-0.9815109794406022,-0.980570922932177,False,9,68.05555555555556
Qwen2.5-7B,SVAMP,5,4,0.9775,0.244375,0.2430080795525171,-0.9815109794406022,-1.0224051872702935,False,8,65.625
Qwen2.5-7B,SVAMP,6,4,1.0,0.25,0.25,-0.9815109794406022,-0.9802982183173533,False,17,68.01470588235294
Qwen2.5-7B,SVAMP,7,4,0.9975,0.249375,0.24921923797626483,-0.9815109794406022,-1.0086932721567128,False,10,66.25
Qwen2.5-7B,SVAMP,8,4,0.9725,0.243125,0.2414649286157666,-0.9815109794406022,-0.9153192095650957,False,14,65.625
Qwen2.5-7B,SVAMP,9,4,0.965,0.24125,0.23915737298636927,-0.9815109794406022,-0.9941151973079002,False,13,67.3076923076923
Qwen2.5-Math,AQuA,0,8,0.9705882352941176,0.4864864864864865,0.4794188861985472,-0.06750825971685454,-0.027074542375198955,False,24,67.96875
Qwen2.5-Math,AQuA,1,8,1.0,0.5012285012285013,0.5012285012285013,-0.06750825971685454,-0.0622240629358313,False,27,75.46296296296296
Qwen2.5-Math,AQuA,2,8,0.9558823529411765,0.47911547911547914,0.46875,-0.06750825971685454,-0.04787668625088078,False,25,72.0
Qwen2.5-Math,AQuA,3,8,0.9754901960784313,0.48894348894348894,0.4830097087378641,-0.06750825971685454,-0.05520986555822794,False,24,72.65625
Qwen2.5-Math,AQuA,4,8,0.9950980392156863,0.4987714987714988,0.49754901960784315,-0.06750825971685454,-0.10594281257528237,False,23,75.0
Qwen2.5-Math,AQuA,5,8,0.9754901960784313,0.48894348894348894,0.4830097087378641,-0.06750825971685454,-0.09014910582314803,False,19,76.97368421052632
Qwen2.5-Math,AQuA,6,8,0.8725490196078431,0.43734643734643736,0.4110854503464203,-0.06750825971685454,-0.050196686180222105,False,20,77.1875
Qwen2.5-Math,AQuA,7,8,0.9705882352941176,0.4864864864864865,0.4794188861985472,-0.06750825971685454,-0.10518946821285541,False,27,68.28703703703704
Qwen2.5-Math,AQuA,8,8,1.0,0.5012285012285013,0.5012285012285013,-0.06750825971685454,-0.07114687423521718,False,23,81.79347826086956
Qwen2.5-Math,AQuA,9,8,0.9950980392156863,0.4987714987714988,0.49754901960784315,-0.06750825971685454,-0.05875367787641853,False,27,73.37962962962963
Qwen2.5-Math,AQuA,0,4,1.0,0.25061425061425063,0.25061425061425063,-0.06750825971685454,-0.10745628802702119,False,12,58.333333333333336
Qwen2.5-Math,AQuA,1,4,1.0,0.25061425061425063,0.25061425061425063,-0.06750825971685454,0.04191410684977087,True,8,91.40625
Qwen2.5-Math,AQuA,2,4,0.9509803921568627,0.23832923832923833,0.2354368932038835,-0.06750825971685454,-0.025997089002300997,False,8,78.125
Qwen2.5-Math,AQuA,3,4,0.9705882352941176,0.24324324324324326,0.24146341463414633,-0.06750825971685454,0.007593425123152748,True,16,76.5625
Qwen2.5-Math,AQuA,4,4,1.0,0.25061425061425063,0.25061425061425063,-0.06750825971685454,0.01142485146796316,True,15,90.0
Qwen2.5-Math,AQuA,5,4,0.9803921568627451,0.2457002457002457,0.24449877750611246,-0.06750825971685454,0.02161990567865324,True,11,80.68181818181819
Qwen2.5-Math,AQuA,6,4,1.0,0.25061425061425063,0.25061425061425063,-0.06750825971685454,-0.02203124812601714,False,7,72.32142857142857
Qwen2.5-Math,AQuA,7,4,1.0,0.25061425061425063,0.25061425061425063,-0.06750825971685454,-0.04761922031901509,False,11,68.18181818181819
Qwen2.5-Math,AQuA,8,4,1.0,0.25061425061425063,0.25061425061425063,-0.06750825971685454,-0.08921029328504183,False,10,77.5
Qwen2.5-Math,AQuA,9,4,0.9509803921568627,0.23832923832923833,0.2354368932038835,-0.06750825971685454,-0.14120056016552315,False,10,75.625
Qwen2.5-Math,CommonsenseQA,0,8,0.9866939611054247,0.49334698055271237,0.49008642602948654,0.0975960813492387,0.10595579179042199,False,27,68.28703703703704
Qwen2.5-Math,CommonsenseQA,1,8,0.9887410440122825,0.49437052200614123,0.4916030534351145,0.0975960813492387,0.09639909519085367,False,24,73.95833333333333
Qwen2.5-Math,CommonsenseQA,2,8,1.0,0.5,0.5,0.0975960813492387,0.09901402077636616,False,28,72.54464285714286
Qwen2.5-Math,CommonsenseQA,3,8,0.970317297850563,0.4851586489252815,0.47806354009077157,0.0975960813492387,0.10260111204010518,False,24,66.14583333333333
Qwen2.5-Math,CommonsenseQA,4,8,1.0,0.5,0.5,0.0975960813492387,0.11786840776507802,False,19,73.6842105263158
Qwen2.5-Math,CommonsenseQA,5,8,1.0,0.5,0.5,0.0975960813492387,0.0875501995132976,False,29,71.76724137931035
Qwen2.5-Math,CommonsenseQA,6,8,1.0,0.5,0.5,0.0975960813492387,0.0856959028488584,False,24,73.69791666666667
Qwen2.5-Math,CommonsenseQA,7,8,1.0,0.5,0.5,0.0975960813492387,0.10411285326106505,False,27,73.8425925925926
Qwen2.5-Math,CommonsenseQA,8,8,0.9959058341862845,0.49795291709314227,0.4969356486210419,0.0975960813492387,0.11658425170070406,False,23,63.58695652173913
Qwen2.5-Math,CommonsenseQA,9,8,0.9723643807574207,0.48618219037871035,0.4795557799091368,0.0975960813492387,0.09764317177718711,False,22,73.57954545454545
Qwen2.5-Math,CommonsenseQA,0,4,0.9918200408997955,0.24820880245649948,0.24770173646578142,0.0975960813492387,0.11270585984084815,False,15,68.33333333333333
Qwen2.5-Math,CommonsenseQA,1,4,1.0,0.2502558853633572,0.2502558853633572,0.0975960813492387,0.07063160706787391,False,11,80.68181818181819
Qwen2.5-Math,CommonsenseQA,2,4,1.0,0.2502558853633572,0.2502558853633572,0.0975960813492387,0.08774251850792657,False,14,66.07142857142857
Qwen2.5-Math,CommonsenseQA,3,4,1.0,0.2502558853633572,0.2502558853633572,0.0975960813492387,0.09566412362353648,False,11,78.4090909090909
Qwen2.5-Math,CommonsenseQA,4,4,1.0,0.2502558853633572,0.2502558853633572,0.0975960813492387,0.10821383380323336,False,11,78.4090909090909
Qwen2.5-Math,CommonsenseQA,5,4,0.9693251533742331,0.24257932446264074,0.24073133570340274,0.0975960813492387,0.11040202723906499,False,9,65.97222222222223
Qwen2.5-Math,CommonsenseQA,6,4,0.9570552147239264,0.23950870010235414,0.2369620253164557,0.0975960813492387,0.09792719464746662,False,16,74.609375
Qwen2.5-Math,CommonsenseQA,7,4,1.0,0.2502558853633572,0.2502558853633572,0.0975960813492387,0.13699979990499495,False,15,64.58333333333333
Qwen2.5-Math,CommonsenseQA,8,4,1.0,0.2502558853633572,0.2502558853633572,0.0975960813492387,0.12485318578850207,False,20,75.9375
Qwen2.5-Math,CommonsenseQA,9,4,0.9693251533742331,0.24257932446264074,0.24073133570340274,0.0975960813492387,0.14596288613035088,False,8,70.3125
Qwen2.5-Math,GPQA,0,8,1.0,0.500697350069735,0.500697350069735,0.19647760183027013,0.1791589225165018,False,16,55.078125
Qwen2.5-Math,GPQA,1,8,0.9860724233983287,0.49372384937238495,0.4903047091412742,0.19647760183027013,0.17875522978513048,False,26,55.04807692307692
Qwen2.5-Math,GPQA,2,8,1.0,0.500697350069735,0.500697350069735,0.19647760183027013,0.20389951094773043,False,26,50.96153846153846
Qwen2.5-Math,GPQA,3,8,1.0,0.500697350069735,0.500697350069735,0.19647760183027013,0.19740032112167086,False,28,49.107142857142854
Qwen2.5-Math,GPQA,4,8,1.0,0.500697350069735,0.500697350069735,0.19647760183027013,0.2351147940948748,False,23,50.54347826086956
Qwen2.5-Math,GPQA,5,8,0.947075208913649,0.47419804741980476,0.46195652173913043,0.19647760183027013,0.16734810974190095,False,25,60.25
Qwen2.5-Math,GPQA,6,8,1.0,0.500697350069735,0.500697350069735,0.19647760183027013,0.20311260618779273,False,31,56.45161290322581
Qwen2.5-Math,GPQA,7,8,0.9972144846796658,0.499302649930265,0.4986072423398329,0.19647760183027013,0.19591649186044374,False,19,56.25
Qwen2.5-Math,GPQA,8,8,1.0,0.500697350069735,0.500697350069735,0.19647760183027013,0.20573764405673364,False,24,51.822916666666664
Qwen2.5-Math,GPQA,9,8,1.0,0.500697350069735,0.500697350069735,0.19647760183027013,0.23190713832118406,False,27,55.55555555555556
Qwen2.5-Math,GPQA,0,4,0.9944444444444445,0.2496513249651325,0.24930362116991645,0.19647760183027013,0.24146238355494942,False,12,55.729166666666664
Qwen2.5-Math,GPQA,1,4,0.9944444444444445,0.2496513249651325,0.24930362116991645,0.19647760183027013,0.2209521326720556,False,10,64.375
Qwen2.5-Math,GPQA,2,4,0.9388888888888889,0.23570432357043236,0.23214285714285715,0.19647760183027013,0.22526842227649194,False,11,50.56818181818182
Qwen2.5-Math,GPQA,3,4,0.95,0.2384937238493724,0.23553719008264462,0.19647760183027013,0.16627931586535283,False,12,51.041666666666664
Qwen2.5-Math,GPQA,4,4,0.9888888888888889,0.2482566248256625,0.24756606397774686,0.19647760183027013,0.2105635455473729,False,11,54.54545454545455
Qwen2.5-Math,GPQA,5,4,1.0,0.2510460251046025,0.2510460251046025,0.19647760183027013,0.16014441429987383,False,12,50.520833333333336
Qwen2.5-Math,GPQA,6,4,0.9722222222222222,0.24407252440725244,0.24238227146814403,0.19647760183027013,0.27050012993446176,False,11,64.77272727272727
Qwen2.5-Math,GPQA,7,4,0.9722222222222222,0.24407252440725244,0.24238227146814403,0.19647760183027013,0.19039610383726038,False,11,50.0
Qwen2.5-Math,GPQA,8,4,1.0,0.2510460251046025,0.2510460251046025,0.19647760183027013,0.14169710830421942,False,13,51.92307692307692
Qwen2.5-Math,GPQA,9,4,1.0,0.2510460251046025,0.2510460251046025,0.19647760183027013,0.238863499883613,False,13,47.59615384615385
Qwen2.5-Math,GSM8K,0,8,1.0,0.5002368545712932,0.5002368545712932,-0.19502809495761625,-0.19195766084618257,False,24,86.19791666666667
Qwen2.5-Math,GSM8K,1,8,1.0,0.5002368545712932,0.5002368545712932,-0.19502809495761625,-0.19919971057145325,False,26,89.1826923076923
Qwen2.5-Math,GSM8K,2,8,0.9914772727272727,0.49597347228801514,0.49386792452830186,-0.19502809495761625,-0.21493016282019725,False,24,87.76041666666667
Qwen2.5-Math,GSM8K,3,8,1.0,0.5002368545712932,0.5002368545712932,-0.19502809495761625,-0.1855256587073892,False,28,91.07142857142857
Qwen2.5-Math,GSM8K,4,8,1.0,0.5002368545712932,0.5002368545712932,-0.19502809495761625,-0.18824778560604472,False,26,89.42307692307692
Qwen2.5-Math,GSM8K,5,8,1.0,0.5002368545712932,0.5002368545712932,-0.19502809495761625,-0.21263279955283776,False,25,88.25
Qwen2.5-Math,GSM8K,6,8,1.0,0.5002368545712932,0.5002368545712932,-0.19502809495761625,-0.166953987481175,False,24,96.09375
Qwen2.5-Math,GSM8K,7,8,0.9829545454545454,0.4917100900047371,0.48755284170972285,-0.19502809495761625,-0.2101833708129069,False,20,83.125
Qwen2.5-Math,GSM8K,8,8,1.0,0.5002368545712932,0.5002368545712932,-0.19502809495761625,-0.18566255071881918,False,21,85.71428571428571
Qwen2.5-Math,GSM8K,9,8,0.9801136363636364,0.49028896257697774,0.48545966228893056,-0.19502809495761625,-0.20647497904216322,False,25,93.5
Qwen2.5-Math,GSM8K,0,4,0.9810606060606061,0.24538133585978208,0.24422442244224424,-0.19502809495761625,-0.19052045026832576,False,8,89.84375
Qwen2.5-Math,GSM8K,1,4,1.0,0.2501184272856466,0.2501184272856466,-0.19502809495761625,-0.20685644403386524,False,13,85.57692307692308
Qwen2.5-Math,GSM8K,2,4,0.9696969696969697,0.24253908100426338,0.24071462153267512,-0.19502809495761625,-0.15184421567303058,False,13,96.15384615384616
Qwen2.5-Math,GSM8K,3,4,1.0,0.2501184272856466,0.2501184272856466,-0.19502809495761625,-0.18380432547678643,False,11,89.20454545454545
Qwen2.5-Math,GSM8K,4,4,0.9924242424242424,0.2482235907153008,0.24775413711583924,-0.19502809495761625,-0.2132348079257404,False,9,89.58333333333333
Qwen2.5-Math,GSM8K,5,4,0.9886363636363636,0.2472761724301279,0.2465753424657534,-0.19502809495761625,-0.19217355336700248,False,12,89.0625
Qwen2.5-Math,GSM8K,6,4,1.0,0.2501184272856466,0.2501184272856466,-0.19502809495761625,-0.17500472345244708,False,10,87.5
Qwen2.5-Math,GSM8K,7,4,1.0,0.2501184272856466,0.2501184272856466,-0.19502809495761625,-0.23131615193766072,False,13,92.78846153846153
Qwen2.5-Math,GSM8K,8,4,1.0,0.2501184272856466,0.2501184272856466,-0.19502809495761625,-0.19105706634266925,False,11,82.38636363636364
Qwen2.5-Math,GSM8K,9,4,0.9791666666666666,0.24490762671719565,0.24363807728557965,-0.19502809495761625,-0.24155836248283807,False,13,96.63461538461539
Qwen2.5-Math,MATH500,0,8,0.995,0.4975,0.49625935162094764,0.15869767855789058,0.14265806329389175,False,20,71.5625
Qwen2.5-Math,MATH500,1,8,0.9625,0.48125,0.4723926380368098,0.15869767855789058,0.16157869870364966,False,26,76.6826923076923
Qwen2.5-Math,MATH500,2,8,0.9825,0.49125,0.48698884758364314,0.15869767855789058,0.1436744278822623,False,21,86.60714285714286
Qwen2.5-Math,MATH500,3,8,1.0,0.5,0.5,0.15869767855789058,0.15809815016670817,False,18,76.04166666666667
Qwen2.5-Math,MATH500,4,8,0.9925,0.49625,0.4943960149439601,0.15869767855789058,0.18067088790987149,False,26,74.75961538461539
Qwen2.5-Math,MATH500,5,8,0.98,0.49,0.48514851485148514,0.15869767855789058,0.1413444580256503,False,23,77.98913043478261
Qwen2.5-Math,MATH500,6,8,0.975,0.4875,0.48148148148148145,0.15869767855789058,0.1577084455772458,False,20,78.125
Qwen2.5-Math,MATH500,7,8,1.0,0.5,0.5,0.15869767855789058,0.15073525785790234,False,22,79.54545454545455
Qwen2.5-Math,MATH500,8,8,1.0,0.5,0.5,0.15869767855789058,0.12585337692576531,False,22,72.44318181818181
Qwen2.5-Math,MATH500,9,8,0.9825,0.49125,0.48698884758364314,0.15869767855789058,0.1548432475955829,False,28,71.65178571428571
Qwen2.5-Math,MATH500,0,4,1.0,0.25,0.25,0.15869767855789058,0.13636577155592824,False,11,73.29545454545455
Qwen2.5-Math,MATH500,1,4,0.87,0.2175,0.2106537530266344,0.15869767855789058,0.17949721786439304,False,8,77.34375
Qwen2.5-Math,MATH500,2,4,1.0,0.25,0.25,0.15869767855789058,0.1505022483738656,False,14,86.60714285714286
Qwen2.5-Math,MATH500,3,4,1.0,0.25,0.25,0.15869767855789058,0.15238935094196038,False,11,89.77272727272727
Qwen2.5-Math,MATH500,4,4,1.0,0.25,0.25,0.15869767855789058,0.17346284701547243,False,15,76.66666666666667
Qwen2.5-Math,MATH500,5,4,1.0,0.25,0.25,0.15869767855789058,0.09401241448019733,False,12,78.125
Qwen2.5-Math,MATH500,6,4,1.0,0.25,0.25,0.15869767855789058,0.19933874508741758,False,13,78.36538461538461
Qwen2.5-Math,MATH500,7,4,0.98,0.245,0.24378109452736318,0.15869767855789058,0.15039143082213943,False,10,75.0
Qwen2.5-Math,MATH500,8,4,1.0,0.25,0.25,0.15869767855789058,0.12617956957032808,False,13,74.03846153846153
Qwen2.5-Math,MATH500,9,4,0.965,0.24125,0.23915737298636927,0.15869767855789058,0.19537338810149438,False,11,76.13636363636364
Qwen2.5-Math,SVAMP,0,8,1.0,0.5,0.5,-0.49535811601738555,-0.49169243787904193,False,21,80.05952380952381
Qwen2.5-Math,SVAMP,1,8,1.0,0.5,0.5,-0.49535811601738555,-0.48621554066164036,False,25,82.25
Qwen2.5-Math,SVAMP,2,8,1.0,0.5,0.5,-0.49535811601738555,-0.4708282418859948,False,20,73.75
Qwen2.5-Math,SVAMP,3,8,0.9875,0.49375,0.4906832298136646,-0.49535811601738555,-0.5070909349320725,False,21,72.61904761904762
Qwen2.5-Math,SVAMP,4,8,0.9475,0.47375,0.46163215590742995,-0.49535811601738555,-0.4514424650952098,False,21,71.13095238095238
Qwen2.5-Math,SVAMP,5,8,1.0,0.5,0.5,-0.49535811601738555,-0.4576814212947066,False,32,77.734375
Qwen2.5-Math,SVAMP,6,8,1.0,0.5,0.5,-0.49535811601738555,-0.4892924308143187,False,25,73.0
Qwen2.5-Math,SVAMP,7,8,1.0,0.5,0.5,-0.49535811601738555,-0.47225123210033587,False,25,82.25
Qwen2.5-Math,SVAMP,8,8,0.9975,0.49875,0.49812734082397003,-0.49535811601738555,-0.4656487495952044,False,25,71.75
Qwen2.5-Math,SVAMP,9,8,0.98,0.49,0.48514851485148514,-0.49535811601738555,-0.4970853706026279,False,23,81.52173913043478
Qwen2.5-Math,SVAMP,0,4,0.9975,0.249375,0.24921923797626483,-0.49535811601738555,-0.4929739754852463,False,16,79.296875
Qwen2.5-Math,SVAMP,1,4,0.99,0.2475,0.24688279301745636,-0.49535811601738555,-0.5255243737961608,False,10,77.5
Qwen2.5-Math,SVAMP,2,4,0.975,0.24375,0.2422360248447205,-0.49535811601738555,-0.4462319749181797,False,10,89.375
Qwen2.5-Math,SVAMP,3,4,0.995,0.24875,0.2484394506866417,-0.49535811601738555,-0.4583130485744468,False,12,65.625
Qwen2.5-Math,SVAMP,4,4,1.0,0.25,0.25,-0.49535811601738555,-0.5277059750562451,False,9,68.05555555555556
Qwen2.5-Math,SVAMP,5,4,1.0,0.25,0.25,-0.49535811601738555,-0.49231832472027615,False,17,70.58823529411765
Qwen2.5-Math,SVAMP,6,4,0.9475,0.236875,0.2338062924120913,-0.49535811601738555,-0.5365162261113193,False,11,89.20454545454545
Qwen2.5-Math,SVAMP,7,4,0.9675,0.241875,0.23992560446373218,-0.49535811601738555,-0.49065654885744053,False,11,71.02272727272727
Qwen2.5-Math,SVAMP,8,4,1.0,0.25,0.25,-0.49535811601738555,-0.4834384355436534,False,17,72.05882352941177
Qwen2.5-Math,SVAMP,9,4,0.965,0.24125,0.23915737298636927,-0.49535811601738555,-0.5083131593251299,False,9,75.69444444444444
Qwen3-4B,AQuA,0,8,1.0,0.5012285012285013,0.5012285012285013,0.05587655257796665,0.0286352033643936,False,26,88.22115384615384
Qwen3-4B,AQuA,1,8,0.9852941176470589,0.49385749385749383,0.4902439024390244,0.05587655257796665,0.005154022164385515,False,19,82.23684210526316
Qwen3-4B,AQuA,2,8,0.9754901960784313,0.48894348894348894,0.4830097087378641,0.05587655257796665,0.0727033839250932,False,21,77.67857142857143
Qwen3-4B,AQuA,3,8,1.0,0.5012285012285013,0.5012285012285013,0.05587655257796665,0.09075048968988138,False,25,76.75
Qwen3-4B,AQuA,4,8,0.9901960784313726,0.4963144963144963,0.4938875305623472,0.05587655257796665,0.07319859209162075,False,26,76.20192307692308
Qwen3-4B,AQuA,5,8,1.0,0.5012285012285013,0.5012285012285013,0.05587655257796665,0.08533272681934403,False,21,68.75
Qwen3-4B,AQuA,6,8,0.9754901960784313,0.48894348894348894,0.4830097087378641,0.05587655257796665,0.03811545657986368,False,25,76.25
Qwen3-4B,AQuA,7,8,0.9754901960784313,0.48894348894348894,0.4830097087378641,0.05587655257796665,0.08824384712756307,False,22,83.52272727272727
Qwen3-4B,AQuA,8,8,0.9950980392156863,0.4987714987714988,0.49754901960784315,0.05587655257796665,0.09311890949791231,False,24,77.08333333333333
Qwen3-4B,AQuA,9,8,1.0,0.5012285012285013,0.5012285012285013,0.05587655257796665,0.03586797461013883,False,29,78.44827586206897
Qwen3-4B,AQuA,0,4,1.0,0.25061425061425063,0.25061425061425063,0.05587655257796665,0.06307580655205787,False,12,83.85416666666667
Qwen3-4B,AQuA,1,4,1.0,0.25061425061425063,0.25061425061425063,0.05587655257796665,-0.01803086672293147,True,15,79.16666666666667
Qwen3-4B,AQuA,2,4,0.9901960784313726,0.24815724815724816,0.24754901960784315,0.05587655257796665,-0.01529697068177559,True,12,74.47916666666667
Qwen3-4B,AQuA,3,4,1.0,0.25061425061425063,0.25061425061425063,0.05587655257796665,0.0685277440220295,False,13,73.5576923076923
Qwen3-4B,AQuA,4,4,1.0,0.25061425061425063,0.25061425061425063,0.05587655257796665,-0.02574449750324031,True,15,77.5
Qwen3-4B,AQuA,5,4,0.9705882352941176,0.24324324324324326,0.24146341463414633,0.05587655257796665,0.044624298497633594,False,11,75.56818181818181
Qwen3-4B,AQuA,6,4,1.0,0.25061425061425063,0.25061425061425063,0.05587655257796665,0.13508226059964806,False,13,73.5576923076923
Qwen3-4B,AQuA,7,4,0.9901960784313726,0.24815724815724816,0.24754901960784315,0.05587655257796665,0.005025307630027923,False,13,80.76923076923077
Qwen3-4B,AQuA,8,4,0.9019607843137255,0.22604422604422605,0.22062350119904076,0.05587655257796665,0.13438992060733998,False,11,89.20454545454545
Qwen3-4B,AQuA,9,4,1.0,0.25061425061425063,0.25061425061425063,0.05587655257796665,0.15483764861732263,False,16,76.953125
Qwen3-4B,CommonsenseQA,0,8,1.0,0.5,0.5,0.21021727698803697,0.21954768704266472,False,22,77.27272727272727
Qwen3-4B,CommonsenseQA,1,8,1.0,0.5,0.5,0.21021727698803697,0.2268493529391521,False,22,74.43181818181819
Qwen3-4B,CommonsenseQA,2,8,0.9662231320368475,0.48311156601842375,0.4750880724710619,0.21021727698803697,0.20675148649338762,False,33,72.53787878787878
Qwen3-4B,CommonsenseQA,3,8,0.9877175025588536,0.4938587512794268,0.4908443540183113,0.21021727698803697,0.2122985682016958,False,23,78.53260869565217
Qwen3-4B,CommonsenseQA,4,8,0.9754350051177073,0.48771750255885365,0.48179979777553084,0.21021727698803697,0.21546081614477947,False,27,77.77777777777777
Qwen3-4B,CommonsenseQA,5,8,1.0,0.5,0.5,0.21021727698803697,0.20919797907025312,False,27,74.76851851851852
Qwen3-4B,CommonsenseQA,6,8,1.0,0.5,0.5,0.21021727698803697,0.1913510550199193,False,24,78.38541666666667
Qwen3-4B,CommonsenseQA,7,8,1.0,0.5,0.5,0.21021727698803697,0.1831118186697219,False,22,78.97727272727273
Qwen3-4B,CommonsenseQA,8,8,0.9754350051177073,0.48771750255885365,0.48179979777553084,0.21021727698803697,0.19959440296189998,False,19,75.98684210526316
Qwen3-4B,CommonsenseQA,9,8,0.9959058341862845,0.49795291709314227,0.4969356486210419,0.21021727698803697,0.20954623527815244,False,26,71.63461538461539
Qwen3-4B,CommonsenseQA,0,4,1.0,0.2502558853633572,0.2502558853633572,0.21021727698803697,0.2191376618237949,False,21,76.48809523809524
Qwen3-4B,CommonsenseQA,1,4,1.0,0.2502558853633572,0.2502558853633572,0.21021727698803697,0.230055043154658,False,11,66.47727272727273
Qwen3-4B,CommonsenseQA,2,4,0.9959100204498977,0.24923234390992835,0.24897750511247443,0.21021727698803697,0.19187919300763448,False,11,78.97727272727273
Qwen3-4B,CommonsenseQA,3,4,1.0,0.2502558853633572,0.2502558853633572,0.21021727698803697,0.2090855917396739,False,12,70.3125
Qwen3-4B,CommonsenseQA,4,4,0.9959100204498977,0.24923234390992835,0.24897750511247443,0.21021727698803697,0.2360752742568553,False,17,79.04411764705883
Qwen3-4B,CommonsenseQA,5,4,0.9775051124744376,0.24462640736949848,0.24325699745547075,0.21021727698803697,0.18583814291315243,False,17,71.32352941176471
Qwen3-4B,CommonsenseQA,6,4,1.0,0.2502558853633572,0.2502558853633572,0.21021727698803697,0.2627145114804674,False,7,83.92857142857143
Qwen3-4B,CommonsenseQA,7,4,1.0,0.2502558853633572,0.2502558853633572,0.21021727698803697,0.2058041208973875,False,11,76.70454545454545
Qwen3-4B,CommonsenseQA,8,4,1.0,0.2502558853633572,0.2502558853633572,0.21021727698803697,0.2268958148644303,False,10,83.125
Qwen3-4B,CommonsenseQA,9,4,0.9918200408997955,0.24820880245649948,0.24770173646578142,0.21021727698803697,0.1776092685330001,False,13,71.15384615384616
Qwen3-4B,GPQA,0,8,0.9916434540389972,0.496513249651325,0.49444444444444446,0.016700504665208175,-0.013543580330724381,True,23,57.880434782608695
Qwen3-4B,GPQA,1,8,0.9860724233983287,0.49372384937238495,0.4903047091412742,0.016700504665208175,0.005884681626566188,False,30,57.083333333333336
Qwen3-4B,GPQA,2,8,0.9693593314763231,0.48535564853556484,0.47802197802197804,0.016700504665208175,0.014134707309930033,False,28,62.5
Qwen3-4B,GPQA,3,8,0.9387186629526463,0.4700139470013947,0.456021650879567,0.016700504665208175,0.08296667735825021,False,30,57.708333333333336
Qwen3-4B,GPQA,4,8,1.0,0.500697350069735,0.500697350069735,0.016700504665208175,0.008143152930807411,False,26,57.21153846153846
Qwen3-4B,GPQA,5,8,1.0,0.500697350069735,0.500697350069735,0.016700504665208175,0.029992217724907892,False,26,57.21153846153846
Qwen3-4B,GPQA,6,8,0.9610027855153204,0.4811715481171548,0.4719562243502052,0.016700504665208175,0.03753952553487717,False,25,59.25
Qwen3-4B,GPQA,7,8,1.0,0.500697350069735,0.500697350069735,0.016700504665208175,0.017065701343385534,False,29,58.189655172413794
Qwen3-4B,GPQA,8,8,0.9777158774373259,0.4895397489539749,0.48413793103448277,0.016700504665208175,0.009775157086502643,False,19,58.55263157894737
Qwen3-4B,GPQA,9,8,0.9916434540389972,0.496513249651325,0.49444444444444446,0.016700504665208175,-0.03593312377381675,True,18,56.25
Qwen3-4B,GPQA,0,4,0.9444444444444444,0.23709902370990238,0.23383768913342504,0.016700504665208175,0.03531072866263643,False,19,57.56578947368421
Qwen3-4B,GPQA,1,4,0.9944444444444445,0.2496513249651325,0.24930362116991645,0.016700504665208175,0.03648286609905811,False,9,65.97222222222223
Qwen3-4B,GPQA,2,4,1.0,0.2510460251046025,0.2510460251046025,0.016700504665208175,0.08503101304603441,False,15,57.916666666666664
Qwen3-4B,GPQA,3,4,1.0,0.2510460251046025,0.2510460251046025,0.016700504665208175,0.0570191131957943,False,10,58.75
Qwen3-4B,GPQA,4,4,1.0,0.2510460251046025,0.2510460251046025,0.016700504665208175,0.0060776111449709225,False,15,49.166666666666664
Qwen3-4B,GPQA,5,4,1.0,0.2510460251046025,0.2510460251046025,0.016700504665208175,0.019858083150719703,False,11,59.09090909090909
Qwen3-4B,GPQA,6,4,1.0,0.2510460251046025,0.2510460251046025,0.016700504665208175,-0.0486192408865059,True,11,55.68181818181818
Qwen3-4B,GPQA,7,4,0.9166666666666666,0.2301255230125523,0.22540983606557377,0.016700504665208175,-0.013374907788615064,True,13,59.13461538461539
Qwen3-4B,GPQA,8,4,0.9944444444444445,0.2496513249651325,0.24930362116991645,0.016700504665208175,0.011011577870280712,False,11,53.97727272727273
Qwen3-4B,GPQA,9,4,1.0,0.2510460251046025,0.2510460251046025,0.016700504665208175,0.005057196784377255,False,13,59.13461538461539
Qwen3-4B,GSM8K,0,8,1.0,0.5002368545712932,0.5002368545712932,0.5473328805533274,0.5404273559550646,False,27,91.89814814814815
Qwen3-4B,GSM8K,1,8,0.9706439393939394,0.4855518711511132,0.4785247432306256,0.5473328805533274,0.5268335744137466,False,26,89.1826923076923
Qwen3-4B,GSM8K,2,8,0.9857954545454546,0.49313121743249644,0.4896519285042333,0.5473328805533274,0.5574950385345785,False,23,93.75
Qwen3-4B,GSM8K,3,8,0.9933712121212122,0.49692089057318806,0.4952785646836638,0.5473328805533274,0.5488963977775534,False,32,92.7734375
Qwen3-4B,GSM8K,4,8,0.9791666666666666,0.4898152534343913,0.48476324425691514,0.5473328805533274,0.549979620782835,False,26,87.74038461538461
Qwen3-4B,GSM8K,5,8,1.0,0.5002368545712932,0.5002368545712932,0.5473328805533274,0.5227227751825596,False,26,94.71153846153847
Qwen3-4B,GSM8K,6,8,1.0,0.5002368545712932,0.5002368545712932,0.5473328805533274,0.5665835645104955,False,26,93.26923076923077
Qwen3-4B,GSM8K,7,8,0.9753787878787878,0.48792041686404547,0.4819840898455779,0.5473328805533274,0.5535543884658778,False,24,89.32291666666667
Qwen3-4B,GSM8K,8,8,1.0,0.5002368545712932,0.5002368545712932,0.5473328805533274,0.5583601387176481,False,22,88.06818181818181
Qwen3-4B,GSM8K,9,8,0.9971590909090909,0.4988157271435339,0.4981078524124882,0.5473328805533274,0.52178605678384,False,25,87.0
Qwen3-4B,GSM8K,0,4,1.0,0.2501184272856466,0.2501184272856466,0.5473328805533274,0.4644911728543467,False,12,84.375
Qwen3-4B,GSM8K,1,4,0.946969696969697,0.23685457129322596,0.2337540906965872,0.5473328805533274,0.5775418315468055,False,10,90.625
Qwen3-4B,GSM8K,2,4,1.0,0.2501184272856466,0.2501184272856466,0.5473328805533274,0.4995523338824832,False,11,89.20454545454545
Qwen3-4B,GSM8K,3,4,1.0,0.2501184272856466,0.2501184272856466,0.5473328805533274,0.5344445655176804,False,12,95.83333333333333
Qwen3-4B,GSM8K,4,4,0.9924242424242424,0.2482235907153008,0.24775413711583924,0.5473328805533274,0.5605419844866972,False,15,87.91666666666667
Qwen3-4B,GSM8K,5,4,1.0,0.2501184272856466,0.2501184272856466,0.5473328805533274,0.5570650296301962,False,13,88.9423076923077
Qwen3-4B,GSM8K,6,4,0.9981060606060606,0.24964471814306016,0.24952651515151514,0.5473328805533274,0.5165204660905952,False,14,84.82142857142857
Qwen3-4B,GSM8K,7,4,0.9602272727272727,0.24017053529133112,0.23780487804878048,0.5473328805533274,0.544176834660488,False,9,95.13888888888889
Qwen3-4B,GSM8K,8,4,1.0,0.2501184272856466,0.2501184272856466,0.5473328805533274,0.5457614176422131,False,12,96.35416666666667
Qwen3-4B,GSM8K,9,4,0.9924242424242424,0.2482235907153008,0.24775413711583924,0.5473328805533274,0.5248029286660988,False,17,91.91176470588235
Qwen3-4B,MATH500,0,8,0.9825,0.49125,0.48698884758364314,-0.2534496376289841,-0.22240677460806813,False,25,65.75
Qwen3-4B,MATH500,1,8,0.99,0.495,0.4925373134328358,-0.2534496376289841,-0.22647307177000733,False,21,63.69047619047619
Qwen3-4B,MATH500,2,8,1.0,0.5,0.5,-0.2534496376289841,-0.2850086417339596,False,29,61.206896551724135
Qwen3-4B,MATH500,3,8,1.0,0.5,0.5,-0.2534496376289841,-0.22496505133293643,False,29,64.65517241379311
Qwen3-4B,MATH500,4,8,0.9775,0.48875,0.48331273176761436,-0.2534496376289841,-0.28108407762689175,False,23,59.51086956521739
Qwen3-4B,MATH500,5,8,1.0,0.5,0.5,-0.2534496376289841,-0.25792691017122593,False,25,61.5
Qwen3-4B,MATH500,6,8,0.98,0.49,0.48514851485148514,-0.2534496376289841,-0.2568608224414428,False,22,59.375
Qwen3-4B,MATH500,7,8,1.0,0.5,0.5,-0.2534496376289841,-0.25246657373953607,False,33,63.25757575757576
Qwen3-4B,MATH500,8,8,0.97,0.485,0.47783251231527096,-0.2534496376289841,-0.2665453270858088,False,25,60.0
Qwen3-4B,MATH500,9,8,0.985,0.4925,0.48883374689826303,-0.2534496376289841,-0.2795163374567382,False,22,61.93181818181818
Qwen3-4B,MATH500,0,4,1.0,0.25,0.25,-0.2534496376289841,-0.253347565743724,False,10,61.25
Qwen3-4B,MATH500,1,4,0.965,0.24125,0.23915737298636927,-0.2534496376289841,-0.26656769004790654,False,11,56.25
Qwen3-4B,MATH500,2,4,1.0,0.25,0.25,-0.2534496376289841,-0.2797675298769821,False,16,64.0625
Qwen3-4B,MATH500,3,4,0.99,0.2475,0.24688279301745636,-0.2534496376289841,-0.17923594142723476,False,11,63.63636363636363
Qwen3-4B,MATH500,4,4,1.0,0.25,0.25,-0.2534496376289841,-0.25188877363061435,False,14,70.98214285714286
Qwen3-4B,MATH500,5,4,0.97,0.2425,0.24069478908188585,-0.2534496376289841,-0.2091366876307489,False,13,64.42307692307692
Qwen3-4B,MATH500,6,4,1.0,0.25,0.25,-0.2534496376289841,-0.23116041644491153,False,14,65.17857142857143
Qwen3-4B,MATH500,7,4,1.0,0.25,0.25,-0.2534496376289841,-0.21796090119327616,False,11,67.04545454545455
Qwen3-4B,MATH500,8,4,1.0,0.25,0.25,-0.2534496376289841,-0.2313950090656396,False,9,54.861111111111114
Qwen3-4B,MATH500,9,4,1.0,0.25,0.25,-0.2534496376289841,-0.22009249513863635,False,16,72.265625
Qwen3-4B,SVAMP,0,8,1.0,0.5,0.5,0.39892719482582156,0.3987088444598766,False,25,93.5
Qwen3-4B,SVAMP,1,8,0.97125,0.485625,0.4787430683918669,0.39892719482582156,0.40849972551450514,False,28,90.625
Qwen3-4B,SVAMP,2,8,0.97875,0.489375,0.4842300556586271,0.39892719482582156,0.3741682349498055,False,21,94.64285714285714
Qwen3-4B,SVAMP,3,8,0.98125,0.490625,0.48606811145510836,0.39892719482582156,0.3950936419814221,False,25,88.75
Qwen3-4B,SVAMP,4,8,1.0,0.5,0.5,0.39892719482582156,0.4084316789906777,False,22,88.63636363636364
Qwen3-4B,SVAMP,5,8,0.96875,0.484375,0.47692307692307695,0.39892719482582156,0.40068887657433244,False,20,86.875
Qwen3-4B,SVAMP,6,8,0.9725,0.48625,0.4796547472256473,0.39892719482582156,0.4081779710970404,False,29,94.39655172413794
Qwen3-4B,SVAMP,7,8,0.96625,0.483125,0.47510755992624465,0.39892719482582156,0.403775954442318,False,23,90.21739130434783
Qwen3-4B,SVAMP,8,8,0.98625,0.493125,0.4897579143389199,0.39892719482582156,0.4040016668307487,False,26,91.82692307692308
Qwen3-4B,SVAMP,9,8,0.9725,0.48625,0.4796547472256473,0.39892719482582156,0.39621256815781974,False,30,91.04166666666667
Qwen3-4B,SVAMP,0,4,1.0,0.25,0.25,0.39892719482582156,0.34559296843891335,False,13,89.42307692307692
Qwen3-4B,SVAMP,1,4,0.9825,0.245625,0.2445550715619166,0.39892719482582156,0.4292743710051303,False,14,89.73214285714286
Qwen3-4B,SVAMP,2,4,1.0,0.25,0.25,0.39892719482582156,0.3711917686990773,False,16,87.109375
Qwen3-4B,SVAMP,3,4,1.0,0.25,0.25,0.39892719482582156,0.4326936232033432,False,11,96.02272727272727
Qwen3-4B,SVAMP,4,4,0.9825,0.245625,0.2445550715619166,0.39892719482582156,0.40118297244719525,False,11,92.04545454545455
Qwen3-4B,SVAMP,5,4,0.95,0.2375,0.2345679012345679,0.39892719482582156,0.38743667467003395,False,11,88.06818181818181
Qwen3-4B,SVAMP,6,4,0.985,0.24625,0.24533001245330013,0.39892719482582156,0.40383116361794247,False,11,94.31818181818181
Qwen3-4B,SVAMP,7,4,1.0,0.25,0.25,0.39892719482582156,0.335865926758119,False,13,87.5
Qwen3-4B,SVAMP,8,4,1.0,0.25,0.25,0.39892719482582156,0.43986308631789106,False,12,91.14583333333333
Qwen3-4B,SVAMP,9,4,1.0,0.25,0.25,0.39892719482582156,0.3510492775637744,False,10,83.125
