====================================================================================================
REASONING BY CONFIDENCE BIN — per (model, dataset) × disjoint 10% bins within top-50% pool
Rows: 270  |  Columns: ['model', 'dataset', 'bin_label', 'bin_start_pct', 'bin_end_pct', 'total_traces_in_bin', 'sampled_traces', 'random_seed', 'mean_reasoning_score', 'std_reasoning_score', 'stderr_reasoning_score', 'ci_lower', 'ci_upper', 'bootstrap_ci_lower', 'bootstrap_ci_upper', 'mean_accuracy_population']
====================================================================================================
       model       dataset bin_label  bin_start_pct  bin_end_pct  total_traces_in_bin  sampled_traces  random_seed  mean_reasoning_score  std_reasoning_score  stderr_reasoning_score  ci_lower  ci_upper  bootstrap_ci_lower  bootstrap_ci_upper  mean_accuracy_population
  DS-R1-1.5B          AQuA      0-10              0           10                  407              50   1996967456               0.90125             0.183456               0.0259445  0.849113  0.953387              0.8475              0.9475                   0.80344
  DS-R1-1.5B          AQuA     10-20             10           20                  406              50   1703670614               0.81625             0.200609               0.0283704  0.759238  0.873262            0.758719             0.86875                  0.650246
  DS-R1-1.5B          AQuA     20-30             20           30                  407              50   1206105458                0.7575             0.218208               0.0308593  0.695486  0.819514               0.695               0.815                  0.496314
  DS-R1-1.5B          AQuA     30-40             30           40                  406              50   1047584248               0.61875             0.217333               0.0307356  0.556985  0.680515              0.5575                0.68                  0.440887
  DS-R1-1.5B          AQuA     40-50             40           50                  406              50    904095462               0.55625             0.227372               0.0321553  0.491632  0.620868               0.495              0.6175                   0.35468
  DS-R1-1.5B CommonsenseQA      0-10              0           10                 1954              50    775787152               0.56125             0.304225               0.0430239   0.47479   0.64771            0.474969             0.64625                  0.443705
  DS-R1-1.5B CommonsenseQA     10-20             10           20                 1954              50   1426393289               0.58375               0.2828                0.039994  0.503379  0.664121            0.508719                0.66                  0.399181
  DS-R1-1.5B CommonsenseQA     20-30             20           30                 1953              50    925877873                0.5875             0.241567               0.0341627  0.518847  0.656153              0.5225               0.655                  0.411674
  DS-R1-1.5B CommonsenseQA     30-40             30           40                 1954              50   1154687860                 0.605             0.237721               0.0336189   0.53744   0.67256            0.539969                0.67                  0.409417
  DS-R1-1.5B CommonsenseQA     40-50             40           50                 1953              50   1720128926               0.47875             0.232009                0.032811  0.412814  0.544686             0.41625              0.5425                  0.422939
  DS-R1-1.5B          GPQA      0-10              0           10                  717              50    440311095               0.56625             0.294348               0.0416271  0.482597  0.649903              0.4875             0.64875                  0.362622
  DS-R1-1.5B          GPQA     10-20             10           20                  717              50    550132928               0.49125              0.15568               0.0220165  0.447006  0.535494            0.448719              0.5325                  0.336123
  DS-R1-1.5B          GPQA     20-30             20           30                  717              50    446478496                0.5175             0.186878               0.0264286   0.46439   0.57061            0.469969            0.567531                  0.343096
  DS-R1-1.5B          GPQA     30-40             30           40                  717              50   1776145315               0.53375             0.211368               0.0298919   0.47368   0.59382                0.48             0.59375                  0.344491
  DS-R1-1.5B          GPQA     40-50             40           50                  716              50   1867012242                0.4575              0.13149               0.0185955  0.420131  0.494869             0.42375               0.495                  0.298883
  DS-R1-1.5B         GSM8K      0-10              0           10                 2111              50    944897909               0.95125             0.158863               0.0224667  0.906102  0.996398               0.905              0.9925                  0.922785
  DS-R1-1.5B         GSM8K     10-20             10           20                 2110              50   1620205246                  0.92             0.196445               0.0277815  0.864171  0.975829            0.861219                0.97                  0.903791
  DS-R1-1.5B         GSM8K     20-30             20           30                 2111              50   1961505985               0.88125             0.215861               0.0305274  0.819903  0.942597               0.815               0.935                   0.85694
  DS-R1-1.5B         GSM8K     30-40             30           40                 2110              50   1945220080                0.8775              0.20785               0.0293944   0.81843   0.93657              0.8175                0.93                  0.844076
  DS-R1-1.5B         GSM8K     40-50             40           50                 2110              50    679449097               0.73125             0.271185               0.0383513   0.65418   0.80832            0.652469             0.80375                   0.78436
  DS-R1-1.5B       MATH500      0-10              0           10                  800              50    916997155                 0.845             0.257614               0.0364321  0.771787  0.918213              0.7725                0.91                   0.76375
  DS-R1-1.5B       MATH500     10-20             10           20                  800              50    547146228                 0.845             0.215117               0.0304222  0.783864  0.906136             0.78375              0.9025                   0.70625
  DS-R1-1.5B       MATH500     20-30             20           30                  800              50   1674887354                 0.695             0.259587               0.0367111  0.621226  0.768774             0.62375              0.7675                   0.64875
  DS-R1-1.5B       MATH500     30-40             30           40                  800              50   1119108184               0.71125             0.269604               0.0381278  0.634629  0.787871             0.63875             0.78375                   0.60625
  DS-R1-1.5B       MATH500     40-50             40           50                  800              50    608571283                0.6675              0.23705               0.0335239  0.600131  0.734869            0.601219              0.7325                   0.52625
  DS-R1-1.5B         SVAMP      0-10              0           10                 1600              50   1883740650               0.96875             0.123234               0.0174279  0.933727   1.00377             0.93125             0.99625                   0.91625
  DS-R1-1.5B         SVAMP     10-20             10           20                 1600              50    129638363                0.9175              0.20765               0.0293662  0.858486  0.976514             0.85625            0.967531                  0.921875
  DS-R1-1.5B         SVAMP     20-30             20           30                 1600              50    270600075                  0.92             0.205954               0.0291263  0.861468  0.978532             0.86375             0.97375                    0.8975
  DS-R1-1.5B         SVAMP     30-40             30           40                 1600              50   1012511334                 0.895             0.203775               0.0288181  0.837088  0.952912              0.8375             0.94625                    0.8875
  DS-R1-1.5B         SVAMP     40-50             40           50                 1600              50   1236759045               0.79125             0.219291               0.0310124  0.728928  0.853572             0.72875             0.84875                  0.840625
    DS-R1-7B          AQuA      0-10              0           10                  407              50    384133804                0.9675            0.0938477               0.0132721  0.940829  0.994171              0.9375             0.98875                  0.921376
    DS-R1-7B          AQuA     10-20             10           20                  406              50   1035445547               0.94625             0.131835               0.0186443  0.908783  0.983717             0.90875              0.9775                  0.916256
    DS-R1-7B          AQuA     20-30             20           30                  407              50   1946357627                0.8925              0.17361               0.0245521  0.843161  0.941839             0.84125                0.94                  0.857494
    DS-R1-7B          AQuA     30-40             30           40                  406              50   2055954524               0.86875             0.180459               0.0255207  0.817464  0.920036            0.818719             0.91875                  0.830049
    DS-R1-7B          AQuA     40-50             40           50                  406              50    639634413               0.78625             0.238608               0.0337443  0.718438  0.854062             0.71625             0.85125                  0.768473
    DS-R1-7B CommonsenseQA      0-10              0           10                 1954              50   2141815550                0.7925             0.236376               0.0334286  0.725323  0.859677             0.71875             0.85375                  0.569089
    DS-R1-7B CommonsenseQA     10-20             10           20                 1954              50    708767532                0.8225               0.1538               0.0217506  0.778791  0.866209            0.779969             0.86375                  0.567554
    DS-R1-7B CommonsenseQA     20-30             20           30                 1953              50   1898560217               0.79875             0.164775               0.0233027  0.751921  0.845579                0.75             0.84375                  0.558116
    DS-R1-7B CommonsenseQA     30-40             30           40                 1954              50   1043124556               0.75375             0.160918               0.0227572  0.708018  0.799482             0.71125             0.79875                  0.547083
    DS-R1-7B CommonsenseQA     40-50             40           50                 1953              50    471242906               0.70125             0.208742               0.0295205  0.641926  0.760574            0.642469             0.75875                  0.506912
    DS-R1-7B          GPQA      0-10              0           10                  717              50    411290705               0.62875             0.178754               0.0252797  0.577949  0.679551            0.582469                0.68                  0.430962
    DS-R1-7B          GPQA     10-20             10           20                  717              50    382268190                0.6475              0.20507               0.0290012   0.58922   0.70578             0.59125             0.70375                  0.377964
    DS-R1-7B          GPQA     20-30             20           30                  717              50    835623458                 0.655             0.178232               0.0252058  0.604347  0.705653            0.608719             0.70375                   0.44212
    DS-R1-7B          GPQA     30-40             30           40                  717              50    856563308                  0.63             0.178946               0.0253068  0.579144  0.680856             0.58125            0.678781                  0.447699
    DS-R1-7B          GPQA     40-50             40           50                  716              50   1859092451               0.64625             0.199093                0.028156  0.589668  0.702832              0.5925              0.7025                   0.48324
    DS-R1-7B         GSM8K      0-10              0           10                 2111              50    865017570               0.98875            0.0795495                 0.01125  0.966142   1.01136               0.955                   1                  0.969209
    DS-R1-7B         GSM8K     10-20             10           20                 2110              50    558995509                  0.95             0.144522               0.0204384  0.908927  0.991073             0.90625               0.985                  0.953555
    DS-R1-7B         GSM8K     20-30             20           30                 2111              50   1305439568                 0.985            0.0742307               0.0104978  0.963904    1.0061              0.9625                   1                  0.949787
    DS-R1-7B         GSM8K     30-40             30           40                 2110              50   1778159113                0.9925            0.0392045              0.00554435  0.981358   1.00364                0.98                   1                   0.93981
    DS-R1-7B         GSM8K     40-50             40           50                 2110              50   1279923463                 0.955             0.115064               0.0162726  0.922299  0.987701             0.92125            0.982531                  0.930332
    DS-R1-7B       MATH500      0-10              0           10                  800              50   2021412990                  0.94             0.142835               0.0201999  0.899407  0.980593            0.896219             0.97625                    0.7725
    DS-R1-7B       MATH500     10-20             10           20                  800              50    674477170                 0.945             0.115479               0.0163312  0.912181  0.977819            0.911219               0.975                   0.75375
    DS-R1-7B       MATH500     20-30             20           30                  800              50    534918180                 0.885             0.188289               0.0266281  0.831489  0.938511              0.8325             0.93375                   0.73375
    DS-R1-7B       MATH500     30-40             30           40                  800              50   1322930183                 0.845              0.18568               0.0262591   0.79223   0.89777             0.79375              0.8925                   0.71875
    DS-R1-7B       MATH500     40-50             40           50                  800              50    403741652                 0.855             0.195387               0.0276319  0.799472  0.910528                 0.8             0.90875                    0.6475
    DS-R1-7B         SVAMP      0-10              0           10                 1600              50   2024857645                  0.99            0.0510727              0.00722277  0.975485   1.00451             0.97375                   1                    0.9625
    DS-R1-7B         SVAMP     10-20             10           20                 1600              50    106000360                0.9675             0.117938                0.016679  0.933982   1.00102                0.93             0.99375                      0.96
    DS-R1-7B         SVAMP     20-30             20           30                 1600              50   2113622493                0.9425             0.137651               0.0194667   0.90338   0.98162               0.905             0.97625                   0.95375
    DS-R1-7B         SVAMP     30-40             30           40                 1600              50   1427337055               0.97625            0.0756456               0.0106979  0.954752  0.997748              0.9525               0.995                  0.958125
    DS-R1-7B         SVAMP     40-50             40           50                 1600              50   1233239560               0.95375             0.131714               0.0186271  0.916317  0.991183             0.91375               0.985                  0.953125
    Gemma-7B          AQuA      0-10              0           10                  407              50    509421860                0.2225              0.14788               0.0209135  0.180473  0.264527             0.18625               0.265                  0.135135
    Gemma-7B          AQuA     10-20             10           20                  406              50   1746922565                 0.445             0.306613               0.0433616  0.357862  0.532138               0.365            0.531281                  0.256158
    Gemma-7B          AQuA     20-30             20           30                  407              50    304946142                0.3925             0.230087               0.0325392   0.32711   0.45789               0.335               0.455                   0.31941
    Gemma-7B          AQuA     30-40             30           40                  406              50    543772307                  0.45             0.274907               0.0388778  0.371872  0.528128             0.37875            0.525031                  0.320197
    Gemma-7B          AQuA     40-50             40           50                  406              50   1111202681                0.4425              0.23752               0.0335904  0.374998  0.510002            0.379969               0.505                  0.334975
    Gemma-7B CommonsenseQA      0-10              0           10                 1954              50    848670091               0.13375             0.224819               0.0317942 0.0698571  0.197643              0.0775             0.19625                  0.155067
    Gemma-7B CommonsenseQA     10-20             10           20                 1954              50    522608437                 0.215             0.296708               0.0419609  0.130676  0.299324             0.14125            0.297531                   0.21085
    Gemma-7B CommonsenseQA     20-30             20           30                 1953              50    970427035                 0.395             0.313758                0.044372  0.305831  0.484169             0.31375             0.48625                  0.224782
    Gemma-7B CommonsenseQA     30-40             30           40                 1954              50   1644175507                  0.23             0.154874               0.0219025  0.185985  0.274015              0.1875             0.27375                  0.114125
    Gemma-7B CommonsenseQA     40-50             40           50                 1953              50   1668332301                0.2575             0.207343               0.0293227  0.198574  0.316426            0.206219             0.31625                  0.130568
    Gemma-7B          GPQA      0-10              0           10                  717              50    741531290               0.30875             0.125261               0.0177146  0.273151  0.344349            0.272469             0.34375                  0.114365
    Gemma-7B          GPQA     10-20             10           20                  717              50    101360839                  0.34            0.0979379               0.0138505  0.312166  0.367834             0.31125             0.36625                 0.0446304
    Gemma-7B          GPQA     20-30             20           30                  717              50   1200690797                0.3575             0.112967               0.0159759  0.325395  0.389605              0.3275              0.3875                  0.111576
    Gemma-7B          GPQA     30-40             30           40                  717              50   1748102661                  0.39             0.198271               0.0280397  0.333652  0.446348             0.33625             0.44875                  0.224547
    Gemma-7B          GPQA     40-50             40           50                  716              50   1408852870               0.37375             0.180123               0.0254732   0.32256   0.42494             0.32875              0.4275                  0.268156
    Gemma-7B         GSM8K      0-10              0           10                 2111              50      5825044                0.4125             0.365963               0.0517549  0.308495  0.516505             0.31375               0.515                  0.244434
    Gemma-7B         GSM8K     10-20             10           20                 2110              50    790017063               0.59125             0.298062               0.0421523  0.506542  0.675958              0.5125              0.6775                  0.417062
    Gemma-7B         GSM8K     20-30             20           30                 2111              50     61147075               0.60375             0.316331                0.044736   0.51385   0.69365              0.5175                 0.7                  0.408337
    Gemma-7B         GSM8K     30-40             30           40                 2110              50   1605661182               0.62875             0.305511               0.0432058  0.541925  0.715575            0.547469             0.71125                  0.390521
    Gemma-7B         GSM8K     40-50             40           50                 2110              50    445674339                 0.555             0.317596               0.0449149   0.46474   0.64526              0.4725               0.645                  0.369194
    Gemma-7B       MATH500      0-10              0           10                  800              50    491874735               0.18875              0.14424               0.0203986  0.147757  0.229743             0.14875             0.22625                      0.04
    Gemma-7B       MATH500     10-20             10           20                  800              50     46441846                0.3125             0.176325               0.0249361  0.262389  0.362611            0.269969            0.366281                       0.1
    Gemma-7B       MATH500     20-30             20           30                  800              50    459418925               0.36875             0.155803               0.0220339  0.324471  0.413029             0.32875              0.4125                   0.13375
    Gemma-7B       MATH500     30-40             30           40                  800              50   1777243291               0.43625             0.273887               0.0387335  0.358412  0.514088            0.362469             0.50875                    0.1625
    Gemma-7B       MATH500     40-50             40           50                  800              50    629024412                0.4125             0.239579               0.0338815  0.344412  0.480588             0.34875             0.48375                   0.17375
    Gemma-7B         SVAMP      0-10              0           10                 1600              50    718424129               0.31125             0.328176               0.0464111  0.217983  0.404517            0.224969            0.401281                  0.219375
    Gemma-7B         SVAMP     10-20             10           20                 1600              50    498271871                0.5525              0.33654               0.0475939  0.456856  0.648144              0.4625            0.646281                  0.420625
    Gemma-7B         SVAMP     20-30             20           30                 1600              50   1356503430               0.62625             0.329872               0.0466509  0.532501  0.719999             0.54125            0.713781                   0.44375
    Gemma-7B         SVAMP     30-40             30           40                 1600              50    547171902                  0.59             0.358293               0.0506703  0.488174  0.691826                0.49             0.68875                     0.465
    Gemma-7B         SVAMP     40-50             40           50                 1600              50   1675042642               0.47875             0.305302               0.0431763  0.391984  0.565516            0.397469             0.56625                  0.461875
LLaMA-3.1-8B          AQuA      0-10              0           10                  407              50   1840070274               0.52875             0.280991               0.0397381  0.448893  0.608607              0.4525             0.60375                  0.567568
LLaMA-3.1-8B          AQuA     10-20             10           20                  406              50   1303541088               0.49125             0.248724               0.0351749  0.420563  0.561937             0.42375                0.56                   0.44335
LLaMA-3.1-8B          AQuA     20-30             20           30                  407              50   1351106095               0.39125             0.210461               0.0297636  0.331438  0.451062            0.334969              0.4475                  0.353808
LLaMA-3.1-8B          AQuA     30-40             30           40                  406              50    536303754                   0.4             0.243211               0.0343953   0.33088   0.46912              0.3375              0.4675                  0.347291
LLaMA-3.1-8B          AQuA     40-50             40           50                  406              50   1859494960                0.3725             0.249668               0.0353084  0.301545  0.443455             0.31125             0.44625                  0.332512
LLaMA-3.1-8B CommonsenseQA      0-10              0           10                 1954              50   1760656341                  0.55             0.216874               0.0306707  0.488365  0.611635              0.4925             0.60875                  0.682702
LLaMA-3.1-8B CommonsenseQA     10-20             10           20                 1954              50    891630688               0.58125             0.200147               0.0283051  0.524369  0.638131               0.525             0.63875                  0.684749
LLaMA-3.1-8B CommonsenseQA     20-30             20           30                 1953              50   1823854521               0.50875             0.154653               0.0218712  0.464798  0.552702               0.465             0.55125                  0.675883
LLaMA-3.1-8B CommonsenseQA     30-40             30           40                 1954              50   2077810138                0.5375             0.164635               0.0232829  0.490711  0.584289             0.49125               0.585                  0.655578
LLaMA-3.1-8B CommonsenseQA     40-50             40           50                 1953              50    745971892               0.55375             0.174968               0.0247442  0.504025  0.603475              0.5075            0.602531                  0.654378
LLaMA-3.1-8B          GPQA      0-10              0           10                  717              50    203280641                 0.505             0.190176                0.026895  0.450952  0.559048              0.4525             0.55875                  0.389121
LLaMA-3.1-8B          GPQA     10-20             10           20                  717              50    477687360               0.50625             0.181779               0.0257075  0.454589  0.557911             0.45625               0.555                  0.429568
LLaMA-3.1-8B          GPQA     20-30             20           30                  717              50   1614210778                0.5225             0.182003               0.0257391  0.470775  0.574225               0.475             0.57625                  0.425384
LLaMA-3.1-8B          GPQA     30-40             30           40                  717              50   2113826721               0.50875             0.139474               0.0197247  0.469112  0.548388             0.47125              0.5475                  0.354254
LLaMA-3.1-8B          GPQA     40-50             40           50                  716              50   1661108275                0.5575             0.180278               0.0254951  0.506266  0.608734                0.51             0.60875                  0.332402
LLaMA-3.1-8B         GSM8K      0-10              0           10                 2111              50   1090163931               0.79875             0.238341               0.0337065  0.731014  0.866486             0.73125             0.86125                  0.828517
LLaMA-3.1-8B         GSM8K     10-20             10           20                 2110              50    783692306                0.7275             0.290627               0.0411009  0.644905  0.810095              0.6425             0.81125                  0.721327
LLaMA-3.1-8B         GSM8K     20-30             20           30                 2111              50    593929647               0.64625             0.325522               0.0460358  0.553738  0.738762              0.5525             0.73625                  0.707721
LLaMA-3.1-8B         GSM8K     30-40             30           40                 2110              50   1712536751                0.8475             0.260971               0.0369069  0.773333  0.921667                0.77               0.915                  0.827488
LLaMA-3.1-8B         GSM8K     40-50             40           50                 2110              50    172079070                0.7375             0.295858               0.0418406  0.653418  0.821582               0.655             0.81875                  0.816588
LLaMA-3.1-8B       MATH500      0-10              0           10                  800              50    209872245               0.60625             0.310131               0.0438592  0.518112  0.694388            0.526219             0.69625                     0.545
LLaMA-3.1-8B       MATH500     10-20             10           20                  800              50   1774334788               0.48375              0.23413               0.0331109  0.417211  0.550289              0.4225            0.550031                   0.33875
LLaMA-3.1-8B       MATH500     20-30             20           30                  800              50   1572903321                0.4125              0.22517               0.0318438  0.348507  0.476493              0.3525               0.475                     0.295
LLaMA-3.1-8B       MATH500     30-40             30           40                  800              50    713590957               0.44125             0.240047               0.0339478  0.373029  0.509471             0.37875              0.5075                     0.285
LLaMA-3.1-8B       MATH500     40-50             40           50                  800              50    389156051                0.5325              0.27872                0.039417  0.453289  0.611711             0.45625            0.610031                    0.3225
LLaMA-3.1-8B         SVAMP      0-10              0           10                 1600              50    223366149                   0.8             0.230765               0.0326351  0.734417  0.865583             0.73375            0.858781                  0.861875
LLaMA-3.1-8B         SVAMP     10-20             10           20                 1600              50     66998106               0.63125             0.330297                0.046711  0.537381  0.725119            0.539938             0.71875                  0.715625
LLaMA-3.1-8B         SVAMP     20-30             20           30                 1600              50    568496547               0.82125             0.287386               0.0406426  0.739576  0.902924              0.7375            0.898781                   0.81625
LLaMA-3.1-8B         SVAMP     30-40             30           40                 1600              50   1376865790                0.7925             0.298123                0.042161  0.707774  0.877226             0.70875             0.87375                   0.84375
LLaMA-3.1-8B         SVAMP     40-50             40           50                 1600              50   2141050452                  0.83             0.280942               0.0397312  0.750157  0.909843             0.74625             0.90375                  0.845625
       Phi-4          AQuA      0-10              0           10                  407              50     78614787                 0.785             0.248131                0.035091  0.714482  0.855518            0.714969            0.850031                   0.53317
       Phi-4          AQuA     10-20             10           20                  406              50    191504850               0.75875             0.247117               0.0349476   0.68852   0.82898            0.688719             0.82625                   0.53202
       Phi-4          AQuA     20-30             20           30                  407              50   1993576027                0.7425             0.268938               0.0380336  0.666069  0.818931             0.66875            0.816281                  0.520885
       Phi-4          AQuA     30-40             30           40                  406              50   1157851650               0.76375             0.232242                0.032844  0.697747  0.829753             0.69625              0.8275                  0.519704
       Phi-4          AQuA     40-50             40           50                  406              50   1464171519               0.75125             0.242716               0.0343252  0.682271  0.820229             0.68375            0.818781                  0.536946
       Phi-4 CommonsenseQA      0-10              0           10                 1954              50    847950179                0.7725             0.276284               0.0390725  0.693981  0.851019              0.6925              0.8425                  0.657625
       Phi-4 CommonsenseQA     10-20             10           20                 1954              50   1865869340               0.61875              0.32933               0.0465743  0.525155  0.712345             0.52625              0.7075                  0.502559
       Phi-4 CommonsenseQA     20-30             20           30                 1953              50    791330004                0.6675              0.30158               0.0426498  0.581792  0.753208             0.58625               0.745                  0.481311
       Phi-4 CommonsenseQA     30-40             30           40                 1954              50    475833821               0.70875             0.310481               0.0439086  0.620512  0.796988            0.618688              0.7925                  0.520983
       Phi-4 CommonsenseQA     40-50             40           50                 1953              50   2063943207               0.70625              0.33746                0.047724  0.610345  0.802155            0.617469             0.79875                  0.585253
       Phi-4          GPQA      0-10              0           10                  717              50   1932838373               0.48375             0.244131               0.0345253  0.414369  0.553131               0.415             0.55375                  0.174338
       Phi-4          GPQA     10-20             10           20                  717              50    361333389                0.4675             0.214747               0.0303697   0.40647   0.52853             0.41125            0.527531                  0.156206
       Phi-4          GPQA     20-30             20           30                  717              50   1048713266                0.4725             0.220216               0.0311432  0.409915  0.535085              0.4125             0.53375                  0.188285
       Phi-4          GPQA     30-40             30           40                  717              50     33617371               0.54875             0.258556               0.0365653  0.475269  0.622231             0.47625             0.62125                   0.23152
       Phi-4          GPQA     40-50             40           50                  716              50   1003138359               0.54125             0.239449               0.0338632  0.473199  0.609301             0.47875             0.60875                  0.238827
       Phi-4         GSM8K      0-10              0           10                 2111              50   1997281058                 0.915             0.195517               0.0276503  0.859435  0.970565                0.86             0.96625                   0.62577
       Phi-4         GSM8K     10-20             10           20                 2110              50    155128998                0.8325             0.224262               0.0317154  0.768765  0.896235            0.768719               0.895                   0.62891
       Phi-4         GSM8K     20-30             20           30                 2111              50    467307449                 0.855             0.226385               0.0320156  0.790662  0.919338            0.792469               0.915                  0.635718
       Phi-4         GSM8K     30-40             30           40                 2110              50    903907179               0.89375             0.209869               0.0296799  0.834106  0.953394             0.83125              0.9475                  0.565877
       Phi-4         GSM8K     40-50             40           50                 2110              50    626604438                0.9125             0.194389               0.0274907  0.857255  0.967745              0.8575              0.9625                   0.61564
       Phi-4       MATH500      0-10              0           10                  800              50    960584707               0.74375             0.306511               0.0433473   0.65664   0.83086            0.654969              0.8275                    0.6075
       Phi-4       MATH500     10-20             10           20                  800              50    628935952                  0.78               0.2545               0.0359918  0.707672  0.852328            0.706219             0.85125                   0.56375
       Phi-4       MATH500     20-30             20           30                  800              50    921871646                  0.73             0.271534               0.0384007  0.652831  0.807169              0.6525             0.80375                   0.52625
       Phi-4       MATH500     30-40             30           40                  800              50   1973268049                0.7125             0.274036               0.0387545   0.63462   0.79038               0.635             0.78875                      0.54
       Phi-4       MATH500     40-50             40           50                  800              50   1734016578                 0.785             0.254162               0.0359439  0.712768  0.857232             0.71125               0.855                   0.55125
       Phi-4         SVAMP      0-10              0           10                 1600              50    209691600                 0.755             0.302213               0.0427394  0.669112  0.840888            0.668719              0.8375                  0.473125
       Phi-4         SVAMP     10-20             10           20                 1600              50   1707670832               0.81875             0.260081               0.0367809  0.744836  0.892664             0.74375              0.8875                    0.5675
       Phi-4         SVAMP     20-30             20           30                 1600              50    513879938               0.82875              0.24866               0.0351659  0.758082  0.899418                0.76               0.895                   0.58125
       Phi-4         SVAMP     30-40             30           40                 1600              50    721280092               0.82625             0.245589               0.0347316  0.756454  0.896046             0.75625                0.89                  0.559375
       Phi-4         SVAMP     40-50             40           50                 1600              50    956714403                 0.835             0.255288               0.0361032  0.762448  0.907552              0.7625                 0.9                  0.561875
 Phi-4-Reas.          AQuA      0-10              0           10                  407              50   1194221023                0.8325             0.215562                0.030485  0.771238  0.893762             0.77125            0.886281                  0.734644
 Phi-4-Reas.          AQuA     10-20             10           20                  406              50    337458692                0.9125             0.158718               0.0224461  0.867393  0.957607             0.86625               0.955                   0.70197
 Phi-4-Reas.          AQuA     20-30             20           30                  407              50    551345836                  0.93              0.11409               0.0161348  0.897576  0.962424               0.895                0.96                  0.702703
 Phi-4-Reas.          AQuA     30-40             30           40                  406              50    542611152                0.9025             0.141263               0.0199777  0.862353  0.942647               0.865                0.94                  0.615764
 Phi-4-Reas.          AQuA     40-50             40           50                  406              50     22432952               0.87375             0.170107               0.0240568  0.825406  0.922094              0.8275             0.91875                    0.6133
 Phi-4-Reas. CommonsenseQA      0-10              0           10                 1954              50   1783713561               0.33375             0.365223               0.0516504  0.229955  0.437545             0.23375             0.43875                  0.671955
 Phi-4-Reas. CommonsenseQA     10-20             10           20                 1954              50   1637031938                0.4925             0.182824               0.0258553  0.440542  0.544458                0.44             0.54125                  0.834698
 Phi-4-Reas. CommonsenseQA     20-30             20           30                 1953              50     93676552                0.7625             0.254112               0.0359368  0.690282  0.834718            0.692469            0.826281                   0.81362
 Phi-4-Reas. CommonsenseQA     30-40             30           40                 1954              50   1644123786                0.7875             0.251272               0.0355353  0.716089  0.858911             0.71625             0.85125                  0.817298
 Phi-4-Reas. CommonsenseQA     40-50             40           50                 1953              50    191037166               0.76125             0.197113                0.027876  0.705231  0.817269             0.70625             0.81375                  0.797747
 Phi-4-Reas.          GPQA      0-10              0           10                  717              50    830258587                0.6225             0.352415                0.049839  0.522345  0.722655               0.525               0.715                  0.562064
 Phi-4-Reas.          GPQA     10-20             10           20                  717              50   1116374684               0.72125             0.211745               0.0299452  0.661073  0.781427            0.664969                0.78                  0.613668
 Phi-4-Reas.          GPQA     20-30             20           30                  717              50    244015364                 0.615              0.19289               0.0272788  0.560181  0.669819             0.56625            0.666281                  0.549512
 Phi-4-Reas.          GPQA     30-40             30           40                  717              50    122540363               0.62375              0.21335               0.0301722  0.563117  0.684383               0.565              0.6825                  0.527197
 Phi-4-Reas.          GPQA     40-50             40           50                  716              50    269235209                0.6025             0.222234               0.0314286  0.539342  0.665658            0.543719            0.666312                  0.460894
 Phi-4-Reas.         GSM8K      0-10              0           10                 2111              50    377355708                 0.845             0.187814                0.026561  0.791624  0.898376             0.78875             0.89375                  0.960208
 Phi-4-Reas.         GSM8K     10-20             10           20                 2110              50   1645315419                0.9675             0.105825               0.0149659  0.937425  0.997575             0.93375             0.99375                  0.983886
 Phi-4-Reas.         GSM8K     20-30             20           30                 2111              50    532345002               0.98375            0.0532879              0.00753605  0.968606  0.998894              0.9675              0.9975                  0.971104
 Phi-4-Reas.         GSM8K     30-40             30           40                 2110              50   2098151886                0.9525             0.109031               0.0154193  0.921514  0.983486                0.92                0.98                  0.974882
 Phi-4-Reas.         GSM8K     40-50             40           50                 2110              50    383871430                0.9575             0.129658               0.0183364  0.920652  0.994348             0.91875            0.987531                  0.967299
 Phi-4-Reas.       MATH500      0-10              0           10                  800              50    156507676                   0.8             0.252538               0.0357143  0.728229  0.871771               0.725               0.865                     0.885
 Phi-4-Reas.       MATH500     10-20             10           20                  800              50    166417450                   0.9             0.151523               0.0214286  0.856938  0.943062            0.857469            0.938781                     0.915
 Phi-4-Reas.       MATH500     20-30             20           30                  800              50    744159515                0.9125             0.138321               0.0195615   0.87319   0.95181            0.871219              0.9475                     0.935
 Phi-4-Reas.       MATH500     30-40             30           40                  800              50   1350047621               0.90875             0.158823                0.022461  0.863613  0.953887            0.866219             0.94875                      0.92
 Phi-4-Reas.       MATH500     40-50             40           50                  800              50   1690755184               0.87125             0.193324               0.0273401  0.816308  0.926192              0.8125             0.92125                    0.8875
 Phi-4-Reas.         SVAMP      0-10              0           10                 1600              50    570405422                0.7475             0.242213               0.0342541  0.678664  0.816336             0.68125             0.81375                     0.945
 Phi-4-Reas.         SVAMP     10-20             10           20                 1600              50   1507168408               0.97125              0.10039               0.0141973   0.94272   0.99978                0.94               0.995                    0.9725
 Phi-4-Reas.         SVAMP     20-30             20           30                 1600              50   1386404078               0.99125            0.0357366              0.00505392  0.981094   1.00141                0.98                   1                     0.975
 Phi-4-Reas.         SVAMP     30-40             30           40                 1600              50   1369764016               0.94125             0.125261               0.0177146  0.905651  0.976849              0.9025              0.9725                  0.965625
 Phi-4-Reas.         SVAMP     40-50             40           50                 1600              50   2124278942               0.93875             0.163415               0.0231103  0.892308  0.985192             0.88875             0.97875                    0.9575
  Qwen2.5-7B          AQuA      0-10              0           10                  407              50   1557726887                0.7725             0.171633               0.0242726  0.723722  0.821278             0.72375             0.82125                  0.864865
  Qwen2.5-7B          AQuA     10-20             10           20                  406              50    162466373               0.75125             0.184495               0.0260916  0.698817  0.803683              0.7025             0.80125                  0.748768
  Qwen2.5-7B          AQuA     20-30             20           30                  407              50    633009197               0.67625             0.173449               0.0245294  0.626956  0.725544             0.62875             0.72375                  0.710074
  Qwen2.5-7B          AQuA     30-40             30           40                  406              50   1831572962               0.62625             0.199445               0.0282058  0.569568  0.682932            0.569969            0.681281                  0.586207
  Qwen2.5-7B          AQuA     40-50             40           50                  406              50   1935721912               0.53125             0.189088                0.026741  0.477512  0.584988             0.48125            0.582531                  0.418719
  Qwen2.5-7B CommonsenseQA      0-10              0           10                 1954              50     59600860               0.70125             0.251047               0.0355034  0.629903  0.772597             0.63125            0.771281                  0.822927
  Qwen2.5-7B CommonsenseQA     10-20             10           20                 1954              50     49522085               0.95875             0.085276               0.0120599  0.934515  0.982985             0.93375                0.98                  0.897646
  Qwen2.5-7B CommonsenseQA     20-30             20           30                 1953              50   1864622935               0.90125             0.141224               0.0199721  0.861115  0.941385            0.862469                0.94                  0.863799
  Qwen2.5-7B CommonsenseQA     30-40             30           40                 1954              50   1711722384                 0.945             0.104613               0.0147945  0.915269  0.974731             0.91375             0.97375                  0.851586
  Qwen2.5-7B CommonsenseQA     40-50             40           50                 1953              50   1088599307                 0.935             0.123046               0.0174013  0.900031  0.969969                 0.9               0.965                  0.819252
  Qwen2.5-7B          GPQA      0-10              0           10                  717              50    659232784               0.55125             0.191784               0.0271223  0.496746  0.605754              0.4975               0.605                  0.396095
  Qwen2.5-7B          GPQA     10-20             10           20                  717              50    758328539                0.5575             0.170271                 0.02408  0.509109  0.605891              0.5125               0.605                  0.362622
  Qwen2.5-7B          GPQA     20-30             20           30                  717              50   1991821159               0.52375             0.170295               0.0240833  0.475353  0.572147                0.48            0.571281                  0.331939
  Qwen2.5-7B          GPQA     30-40             30           40                  717              50    101632442               0.52875             0.179999               0.0254557  0.477595  0.579905             0.48125            0.578781                  0.343096
  Qwen2.5-7B          GPQA     40-50             40           50                  716              50    452474650                   0.5             0.205939               0.0291241  0.441473  0.558527              0.4475                0.56                  0.329609
  Qwen2.5-7B         GSM8K      0-10              0           10                 2111              50   1937129291               0.65625             0.158843               0.0224638  0.611107  0.701393            0.612469            0.700031                  0.626243
  Qwen2.5-7B         GSM8K     10-20             10           20                 2110              50    892159004                0.5975              0.14734               0.0208371  0.555626  0.639374              0.5575             0.63625                  0.603318
  Qwen2.5-7B         GSM8K     20-30             20           30                 2111              50    473895696               0.61875             0.146847               0.0207673  0.577016  0.660484              0.5775                0.66                  0.607769
  Qwen2.5-7B         GSM8K     30-40             30           40                 2110              50    707882729                0.5725             0.148526               0.0210047  0.530289  0.614711                0.53               0.615                  0.598104
  Qwen2.5-7B         GSM8K     40-50             40           50                 2110              50   2101360697               0.75375             0.262873               0.0371759  0.679042  0.828458             0.67875            0.823781                  0.794787
  Qwen2.5-7B       MATH500      0-10              0           10                  800              50    814178704               0.75625             0.189929                 0.02686  0.702273  0.810227                 0.7              0.8075                     0.535
  Qwen2.5-7B       MATH500     10-20             10           20                  800              50    312210090               0.68625             0.196627               0.0278073  0.630369  0.742131              0.6325             0.74125                     0.485
  Qwen2.5-7B       MATH500     20-30             20           30                  800              50   1610971010               0.70375             0.210839               0.0298172   0.64383   0.76367             0.64625             0.75875                   0.46625
  Qwen2.5-7B       MATH500     30-40             30           40                  800              50   1327622617               0.65625             0.255753                0.036169  0.583566  0.728934            0.587469            0.726281                     0.435
  Qwen2.5-7B       MATH500     40-50             40           50                  800              50   2099941458                0.5875             0.220519               0.0311862  0.524829  0.650171             0.52625             0.64625                    0.3875
  Qwen2.5-7B         SVAMP      0-10              0           10                 1600              50    377917615               0.64875             0.133565               0.0188889  0.610791  0.686709            0.613719              0.6875                    0.6225
  Qwen2.5-7B         SVAMP     10-20             10           20                 1600              50    115623725               0.59375              0.15426               0.0218157   0.54991   0.63759             0.55375             0.63375                  0.611875
  Qwen2.5-7B         SVAMP     20-30             20           30                 1600              50    494224044                0.5725             0.170515               0.0241144   0.52404   0.62096             0.52625            0.618781                  0.634375
  Qwen2.5-7B         SVAMP     30-40             30           40                 1600              50   1741819505               0.50875              0.18472               0.0261234  0.456253  0.561247             0.45875              0.5575                   0.62125
  Qwen2.5-7B         SVAMP     40-50             40           50                 1600              50    394977042               0.88375             0.263358               0.0372445  0.808904  0.958596             0.80625            0.951281                    0.8575
Qwen2.5-Math          AQuA      0-10              0           10                  407              50   1166698956               0.74875             0.293827               0.0415535  0.665245  0.832255             0.66875             0.82875                  0.479115
Qwen2.5-Math          AQuA     10-20             10           20                  406              50    620776998                0.8175             0.220462                0.031178  0.754846  0.880154                0.75            0.877531                       0.5
Qwen2.5-Math          AQuA     20-30             20           30                  407              50     66479038               0.81875             0.248481               0.0351405  0.748133  0.889367            0.751219              0.8825                   0.53317
Qwen2.5-Math          AQuA     30-40             30           40                  406              50   1808892480                0.7675             0.236579               0.0334573  0.700265  0.834735                 0.7             0.82875                  0.544335
Qwen2.5-Math          AQuA     40-50             40           50                  406              50    447789979               0.76875             0.232914                0.032939  0.702557  0.834943            0.702469             0.82875                  0.539409
Qwen2.5-Math CommonsenseQA      0-10              0           10                 1954              50   2113939974               0.70625             0.242308               0.0342676  0.637387  0.775113             0.63875                0.77                  0.507165
Qwen2.5-Math CommonsenseQA     10-20             10           20                 1954              50    815790137                0.6625             0.231455               0.0327327  0.596721  0.728279            0.598719              0.7275                  0.500512
Qwen2.5-Math CommonsenseQA     20-30             20           30                 1953              50   1378809492                0.7775             0.229087               0.0323978  0.712394  0.842606            0.714969             0.83625                  0.498208
Qwen2.5-Math CommonsenseQA     30-40             30           40                 1954              50   2114717087                 0.735             0.245027               0.0346521  0.665364  0.804636             0.66625             0.79875                  0.515353
Qwen2.5-Math CommonsenseQA     40-50             40           50                 1953              50   1082595275                0.7625             0.231799               0.0327814  0.696623  0.828377             0.69625             0.82375                  0.504352
Qwen2.5-Math          GPQA      0-10              0           10                  717              50    568565290               0.54625             0.217539               0.0307646  0.484426  0.608074              0.4875              0.6075                  0.391911
Qwen2.5-Math          GPQA     10-20             10           20                  717              50    350545221               0.56375               0.1917               0.0271105  0.509269  0.618231             0.50875             0.61875                  0.348675
Qwen2.5-Math          GPQA     20-30             20           30                  717              50   1976706259               0.50875             0.196838               0.0278371  0.452809  0.564691            0.457469              0.5675                  0.329149
Qwen2.5-Math          GPQA     30-40             30           40                  717              50   1131506691                 0.545             0.182125               0.0257564  0.493241  0.596759              0.4975              0.5975                  0.316597
Qwen2.5-Math          GPQA     40-50             40           50                  716              50    747624487                0.5175             0.154152               0.0218003  0.473691  0.561309            0.474969             0.56125                  0.294693
Qwen2.5-Math         GSM8K      0-10              0           10                 2111              50    156149954                0.9075             0.180012               0.0254575  0.856341  0.958659            0.856219             0.95625                   0.55424
Qwen2.5-Math         GSM8K     10-20             10           20                 2110              50   1675596054               0.92125             0.147692               0.0208868  0.879277  0.963223             0.87875            0.958781                   0.67346
Qwen2.5-Math         GSM8K     20-30             20           30                 2111              50   1743847488                0.8625             0.214286               0.0303046  0.801601  0.923399             0.80375             0.91875                  0.703932
Qwen2.5-Math         GSM8K     30-40             30           40                 2110              50   1709141063                0.8825             0.215266               0.0304432  0.821322  0.943678             0.81875             0.93875                  0.721327
Qwen2.5-Math         GSM8K     40-50             40           50                 2110              50   1521953816               0.87625              0.20958               0.0296391  0.816688  0.935812             0.80875             0.93125                  0.740758
Qwen2.5-Math       MATH500      0-10              0           10                  800              50   1903144944                 0.775             0.295048               0.0417261  0.691148  0.858852             0.69375             0.85125                      0.61
Qwen2.5-Math       MATH500     10-20             10           20                  800              50   1019897907                0.8575             0.198865               0.0281237  0.800983  0.914017                 0.8             0.90875                   0.64125
Qwen2.5-Math       MATH500     20-30             20           30                  800              50    622408342                 0.895              0.19782               0.0279759   0.83878   0.95122                0.84             0.94625                      0.65
Qwen2.5-Math       MATH500     30-40             30           40                  800              50   1192893442                  0.81             0.233499               0.0330217   0.74364   0.87636             0.74375            0.867531                      0.68
Qwen2.5-Math       MATH500     40-50             40           50                  800              50   1780221267               0.81875             0.241319               0.0341277  0.750168  0.887332              0.7475              0.8825                   0.68375
Qwen2.5-Math         SVAMP      0-10              0           10                 1600              50    420763128                 0.745              0.31462                0.044494  0.655586  0.834414                0.66             0.82875                    0.4475
Qwen2.5-Math         SVAMP     10-20             10           20                 1600              50    254622959                 0.845             0.266437               0.0376798   0.76928   0.92072              0.7725               0.915                  0.700625
Qwen2.5-Math         SVAMP     20-30             20           30                 1600              50    863836566               0.86375             0.222925               0.0315263  0.800395  0.927105            0.802469             0.92375                  0.753125
Qwen2.5-Math         SVAMP     30-40             30           40                 1600              50    804889598               0.95375             0.156089               0.0220743   0.90939   0.99811              0.9075             0.99125                    0.8075
Qwen2.5-Math         SVAMP     40-50             40           50                 1600              50   1558088059               0.81875             0.277002               0.0391739  0.740027  0.897473              0.7425             0.89375                  0.813125
    Qwen3-4B          AQuA      0-10              0           10                  407              50    615490516                 0.785             0.231166               0.0326917  0.719303  0.850697                0.72              0.8475                   0.53317
    Qwen3-4B          AQuA     10-20             10           20                  406              50   1361739637                0.7275             0.208921               0.0295459  0.668125  0.786875            0.669969             0.78375                  0.534483
    Qwen3-4B          AQuA     20-30             20           30                  407              50     56011629                0.7025             0.208463               0.0294811  0.643256  0.761744            0.644969              0.7575                  0.484029
    Qwen3-4B          AQuA     30-40             30           40                  406              50    208930665                0.7525             0.212402               0.0300382  0.692136  0.812864              0.6925             0.80875                  0.514778
    Qwen3-4B          AQuA     40-50             40           50                  406              50     67661941                 0.675             0.209774               0.0296665  0.615383  0.734617             0.61625             0.73375                  0.512315
    Qwen3-4B CommonsenseQA      0-10              0           10                 1954              50    936264623                  0.75             0.175419               0.0248079  0.700147  0.799853              0.7025             0.79625                  0.844933
    Qwen3-4B CommonsenseQA     10-20             10           20                 1954              50    970797513                0.7525             0.239565               0.0338797  0.684416  0.820584             0.68375              0.8175                  0.721597
    Qwen3-4B CommonsenseQA     20-30             20           30                 1953              50   2135825243               0.75625              0.19367                0.027389   0.70121   0.81129            0.703719             0.80625                  0.682028
    Qwen3-4B CommonsenseQA     30-40             30           40                 1954              50   1688616704                  0.73             0.181863               0.0257192  0.678315  0.781685             0.67875                0.78                   0.66479
    Qwen3-4B CommonsenseQA     40-50             40           50                 1953              50   1284315745                  0.71             0.201541               0.0285021  0.652723  0.767277               0.655             0.76375                  0.625192
    Qwen3-4B          GPQA      0-10              0           10                  717              50    407024478                0.5875             0.153613               0.0217242  0.543844  0.631156               0.545                0.63                   0.62901
    Qwen3-4B          GPQA     10-20             10           20                  717              50   1134125308               0.53875              0.15613               0.0220801  0.494378  0.583122              0.4975             0.58375                  0.535565
    Qwen3-4B          GPQA     20-30             20           30                  717              50   1744836510               0.53875             0.188513               0.0266598  0.485175  0.592325                0.49             0.59125                  0.567643
    Qwen3-4B          GPQA     30-40             30           40                  717              50    859842470               0.52625             0.138373               0.0195689  0.486925  0.565575              0.4875               0.565                  0.559275
    Qwen3-4B          GPQA     40-50             40           50                  716              50   1265631198                0.5325             0.140743               0.0199041  0.492501  0.572499             0.49375             0.57375                  0.544693
    Qwen3-4B         GSM8K      0-10              0           10                 2111              50    425913088               0.90875             0.163766                 0.02316  0.862208  0.955292            0.864969              0.9525                  0.921364
    Qwen3-4B         GSM8K     10-20             10           20                 2110              50   1683243093                  0.93             0.150276               0.0212523  0.887292  0.972708               0.885             0.96625                  0.900948
    Qwen3-4B         GSM8K     20-30             20           30                 2111              50    166209556               0.83125             0.225258               0.0318564  0.767232  0.895268            0.767469              0.8875                  0.836097
    Qwen3-4B         GSM8K     30-40             30           40                 2110              50    251228885                  0.82             0.201493               0.0284954  0.762736  0.877264             0.76375             0.87375                  0.776303
    Qwen3-4B         GSM8K     40-50             40           50                 2110              50   2000528726               0.82125             0.180353               0.0255057  0.769994  0.872506                0.77                0.87                  0.735545
    Qwen3-4B       MATH500      0-10              0           10                  800              50   2061457341                 0.635             0.197384               0.0279143  0.578904  0.691096              0.5825            0.688781                      0.27
    Qwen3-4B       MATH500     10-20             10           20                  800              50   1052032055                   0.7             0.224105               0.0316933   0.63631   0.76369              0.6375            0.757531                   0.35125
    Qwen3-4B       MATH500     20-30             20           30                  800              50   1638809184                 0.685              0.23756               0.0335961  0.617486  0.752514              0.6225                0.75                   0.42375
    Qwen3-4B       MATH500     30-40             30           40                  800              50   1062729293                 0.755             0.227929                0.032234  0.690223  0.819777              0.6925             0.81625                      0.42
    Qwen3-4B       MATH500     40-50             40           50                  800              50   1234648378               0.70375             0.242821               0.0343401  0.634741  0.772759              0.6375             0.77125                   0.48625
    Qwen3-4B         SVAMP      0-10              0           10                 1600              50    237822344                  0.91              0.14013               0.0198174  0.870175  0.949825              0.8725              0.9475                      0.88
    Qwen3-4B         SVAMP     10-20             10           20                 1600              50    191816576                  0.92             0.149425               0.0211319  0.877534  0.962466                0.88             0.95625                   0.87875
    Qwen3-4B         SVAMP     20-30             20           30                 1600              50    996136210               0.85625              0.22061               0.0311989  0.793553  0.918947            0.791219              0.9125                    0.8475
    Qwen3-4B         SVAMP     30-40             30           40                 1600              50   1093180914               0.90375             0.132558               0.0187466  0.866077  0.941423             0.86875             0.93875                  0.819375
    Qwen3-4B         SVAMP     40-50             40           50                 1600              50   1614028540                  0.76             0.242673               0.0343192  0.691033  0.828967            0.693719              0.8275                  0.770625

====================================================================================================
CUMULATIVE REASONING — weighted mean over bins 1..k (same top-50% slice)
Rows: 270  |  Columns: ['model', 'dataset', 'topk_pct', 'topk_label', 'judged_samples_used', 'mean_reasoning_score', 'ci_lower', 'ci_upper']
====================================================================================================
       model       dataset  topk_pct topk_label  judged_samples_used  mean_reasoning_score  ci_lower  ci_upper
  DS-R1-1.5B          AQuA        10      top10                   50               0.90125   0.84875   0.94625
  DS-R1-1.5B          AQuA        20      top20                  100               0.85875  0.819969  0.894375
  DS-R1-1.5B          AQuA        30      top30                  150                 0.825  0.790823   0.85625
  DS-R1-1.5B          AQuA        40      top40                  200              0.773438  0.742812  0.803758
  DS-R1-1.5B          AQuA        50      top50                  250                  0.73  0.697494      0.76
  DS-R1-1.5B CommonsenseQA        10      top10                   50               0.56125      0.48    0.6425
  DS-R1-1.5B CommonsenseQA        20      top20                  100                0.5725  0.516875  0.635016
  DS-R1-1.5B CommonsenseQA        30      top30                  150                0.5775  0.532917    0.6225
  DS-R1-1.5B CommonsenseQA        40      top40                  200              0.584375  0.547813  0.619687
  DS-R1-1.5B CommonsenseQA        50      top50                  250               0.56325   0.53175    0.5955
  DS-R1-1.5B          GPQA        10      top10                   50               0.56625   0.48625    0.6475
  DS-R1-1.5B          GPQA        20      top20                  100               0.52875   0.48375  0.575625
  DS-R1-1.5B          GPQA        30      top30                  150                 0.525  0.490833   0.56001
  DS-R1-1.5B          GPQA        40      top40                  200              0.527188  0.498437  0.557195
  DS-R1-1.5B          GPQA        50      top50                  250               0.51325   0.48875   0.53925
  DS-R1-1.5B         GSM8K        10      top10                   50               0.95125    0.9025   0.98875
  DS-R1-1.5B         GSM8K        20      top20                  100              0.935625  0.900625  0.968141
  DS-R1-1.5B         GSM8K        30      top30                  150                0.9175  0.885833  0.945844
  DS-R1-1.5B         GSM8K        40      top40                  200                0.9075  0.878742  0.933125
  DS-R1-1.5B         GSM8K        50      top50                  250               0.87225   0.84375   0.89925
  DS-R1-1.5B       MATH500        10      top10                   50                 0.845      0.77   0.91375
  DS-R1-1.5B       MATH500        20      top20                  100                 0.845   0.79875   0.89125
  DS-R1-1.5B       MATH500        30      top30                  150                 0.795   0.75124  0.835417
  DS-R1-1.5B       MATH500        40      top40                  200              0.774062  0.737812  0.811258
  DS-R1-1.5B       MATH500        50      top50                  250               0.75275   0.72175  0.784006
  DS-R1-1.5B         SVAMP        10      top10                   50               0.96875   0.93125   0.99625
  DS-R1-1.5B         SVAMP        20      top20                  100              0.943125  0.909375     0.975
  DS-R1-1.5B         SVAMP        30      top30                  150              0.935417  0.906656   0.96375
  DS-R1-1.5B         SVAMP        40      top40                  200              0.925312  0.896875  0.949078
  DS-R1-1.5B         SVAMP        50      top50                  250                0.8985   0.87275   0.92175
    DS-R1-7B          AQuA        10      top10                   50                0.9675  0.939969   0.98875
    DS-R1-7B          AQuA        20      top20                  100              0.956875  0.934359    0.9775
    DS-R1-7B          AQuA        30      top30                  150              0.935417  0.912083  0.957083
    DS-R1-7B          AQuA        40      top40                  200               0.91875  0.897492      0.94
    DS-R1-7B          AQuA        50      top50                  250               0.89225    0.8705    0.9155
    DS-R1-7B CommonsenseQA        10      top10                   50                0.7925  0.724969  0.852531
    DS-R1-7B CommonsenseQA        20      top20                  100                0.8075  0.769375  0.842516
    DS-R1-7B CommonsenseQA        30      top30                  150              0.804583  0.774167   0.83376
    DS-R1-7B CommonsenseQA        40      top40                  200              0.791875  0.766242  0.817195
    DS-R1-7B CommonsenseQA        50      top50                  250               0.77375      0.75    0.7965
    DS-R1-7B          GPQA        10      top10                   50               0.62875  0.583719    0.6775
    DS-R1-7B          GPQA        20      top20                  100              0.638125  0.601859  0.673125
    DS-R1-7B          GPQA        30      top30                  150               0.64375  0.614167  0.673333
    DS-R1-7B          GPQA        40      top40                  200              0.640312  0.615313   0.66657
    DS-R1-7B          GPQA        50      top50                  250                0.6415  0.618744  0.664256
    DS-R1-7B         GSM8K        10      top10                   50               0.98875   0.96625         1
    DS-R1-7B         GSM8K        20      top20                  100              0.969375  0.944375      0.99
    DS-R1-7B         GSM8K        30      top30                  150              0.974583  0.956667  0.989167
    DS-R1-7B         GSM8K        40      top40                  200              0.979062     0.965  0.990313
    DS-R1-7B         GSM8K        50      top50                  250               0.97425  0.961244   0.98525
    DS-R1-7B       MATH500        10      top10                   50                  0.94  0.896219     0.975
    DS-R1-7B       MATH500        20      top20                  100                0.9425  0.915625   0.96625
    DS-R1-7B       MATH500        30      top30                  150              0.923333    0.8975  0.946667
    DS-R1-7B       MATH500        40      top40                  200               0.90375  0.879687  0.925312
    DS-R1-7B       MATH500        50      top50                  250                 0.894   0.87175  0.914756
    DS-R1-7B         SVAMP        10      top10                   50                  0.99   0.97375         1
    DS-R1-7B         SVAMP        20      top20                  100               0.97875  0.959375   0.99375
    DS-R1-7B         SVAMP        30      top30                  150              0.966667  0.947083  0.982917
    DS-R1-7B         SVAMP        40      top40                  200              0.969063  0.954063  0.982187
    DS-R1-7B         SVAMP        50      top50                  250                 0.966  0.952994   0.97875
    Gemma-7B          AQuA        10      top10                   50                0.2225    0.1825     0.265
    Gemma-7B          AQuA        20      top20                  100               0.33375  0.284375  0.386891
    Gemma-7B          AQuA        30      top30                  150              0.353333  0.314583   0.39376
    Gemma-7B          AQuA        40      top40                  200                0.3775  0.342813  0.415008
    Gemma-7B          AQuA        50      top50                  250                0.3905  0.359237   0.42325
    Gemma-7B CommonsenseQA        10      top10                   50               0.13375   0.07625    0.2025
    Gemma-7B CommonsenseQA        20      top20                  100              0.174375  0.125625    0.2275
    Gemma-7B CommonsenseQA        30      top30                  150              0.247917    0.2025  0.296677
    Gemma-7B CommonsenseQA        40      top40                  200              0.243438  0.206875  0.284383
    Gemma-7B CommonsenseQA        50      top50                  250               0.24625    0.2145     0.281
    Gemma-7B          GPQA        10      top10                   50               0.30875   0.27375   0.34375
    Gemma-7B          GPQA        20      top20                  100              0.324375  0.301875  0.345641
    Gemma-7B          GPQA        30      top30                  150              0.335417  0.316667  0.354167
    Gemma-7B          GPQA        40      top40                  200              0.349062  0.329062  0.368125
    Gemma-7B          GPQA        50      top50                  250                 0.354  0.336494     0.373
    Gemma-7B         GSM8K        10      top10                   50                0.4125    0.3225  0.517531
    Gemma-7B         GSM8K        20      top20                  100              0.501875     0.435  0.574375
    Gemma-7B         GSM8K        30      top30                  150              0.535833  0.479573  0.590833
    Gemma-7B         GSM8K        40      top40                  200              0.559063  0.514062  0.603445
    Gemma-7B         GSM8K        50      top50                  250               0.55825  0.516744   0.59925
    Gemma-7B       MATH500        10      top10                   50               0.18875  0.148719   0.22875
    Gemma-7B       MATH500        20      top20                  100              0.250625  0.216875  0.286891
    Gemma-7B       MATH500        30      top30                  150                  0.29  0.262906  0.319594
    Gemma-7B       MATH500        40      top40                  200              0.326562  0.297812  0.357195
    Gemma-7B       MATH500        50      top50                  250               0.34375  0.317494   0.37125
    Gemma-7B         SVAMP        10      top10                   50               0.31125   0.21875  0.406281
    Gemma-7B         SVAMP        20      top20                  100              0.431875     0.365   0.50125
    Gemma-7B         SVAMP        30      top30                  150              0.496667  0.440823   0.55375
    Gemma-7B         SVAMP        40      top40                  200                  0.52  0.470313  0.568453
    Gemma-7B         SVAMP        50      top50                  250               0.51175  0.467744   0.55525
LLaMA-3.1-8B          AQuA        10      top10                   50               0.52875     0.455     0.605
LLaMA-3.1-8B          AQuA        20      top20                  100                  0.51  0.459375  0.563125
LLaMA-3.1-8B          AQuA        30      top30                  150              0.470417  0.430417  0.511677
LLaMA-3.1-8B          AQuA        40      top40                  200              0.452813      0.42  0.488445
LLaMA-3.1-8B          AQuA        50      top50                  250               0.43675   0.40775    0.4665
LLaMA-3.1-8B CommonsenseQA        10      top10                   50                  0.55  0.491219  0.610031
LLaMA-3.1-8B CommonsenseQA        20      top20                  100              0.565625  0.524375   0.60375
LLaMA-3.1-8B CommonsenseQA        30      top30                  150              0.546667   0.51749  0.578344
LLaMA-3.1-8B CommonsenseQA        40      top40                  200              0.544375   0.51875  0.568445
LLaMA-3.1-8B CommonsenseQA        50      top50                  250               0.54625  0.523994  0.569006
LLaMA-3.1-8B          GPQA        10      top10                   50                 0.505     0.455   0.55625
LLaMA-3.1-8B          GPQA        20      top20                  100              0.505625      0.47  0.541875
LLaMA-3.1-8B          GPQA        30      top30                  150               0.51125   0.48125  0.540844
LLaMA-3.1-8B          GPQA        40      top40                  200              0.510625  0.486242  0.535312
LLaMA-3.1-8B          GPQA        50      top50                  250                  0.52    0.4985  0.542756
LLaMA-3.1-8B         GSM8K        10      top10                   50               0.79875   0.73125    0.8625
LLaMA-3.1-8B         GSM8K        20      top20                  100              0.763125      0.71     0.815
LLaMA-3.1-8B         GSM8K        30      top30                  150              0.724167  0.677917   0.77001
LLaMA-3.1-8B         GSM8K        40      top40                  200                 0.755  0.714367  0.793766
LLaMA-3.1-8B         GSM8K        50      top50                  250                0.7515  0.715994    0.7865
LLaMA-3.1-8B       MATH500        10      top10                   50               0.60625  0.523719  0.690031
LLaMA-3.1-8B       MATH500        20      top20                  100                 0.545  0.491234  0.599391
LLaMA-3.1-8B       MATH500        30      top30                  150              0.500833  0.457083  0.544167
LLaMA-3.1-8B       MATH500        40      top40                  200              0.485938  0.449688  0.522813
LLaMA-3.1-8B       MATH500        50      top50                  250               0.49525  0.461494   0.52975
LLaMA-3.1-8B         SVAMP        10      top10                   50                   0.8   0.73625      0.86
LLaMA-3.1-8B         SVAMP        20      top20                  100              0.715625  0.658734  0.770625
LLaMA-3.1-8B         SVAMP        30      top30                  150              0.750833    0.7025   0.79626
LLaMA-3.1-8B         SVAMP        40      top40                  200               0.76125  0.719367  0.802195
LLaMA-3.1-8B         SVAMP        50      top50                  250                 0.775  0.737744     0.811
       Phi-4          AQuA        10      top10                   50                 0.785   0.71375  0.853781
       Phi-4          AQuA        20      top20                  100              0.771875  0.721875    0.8225
       Phi-4          AQuA        30      top30                  150              0.762083  0.721646  0.802094
       Phi-4          AQuA        40      top40                  200                0.7625   0.72625   0.79625
       Phi-4          AQuA        50      top50                  250               0.76025    0.7285  0.791013
       Phi-4 CommonsenseQA        10      top10                   50                0.7725  0.692469    0.8475
       Phi-4 CommonsenseQA        20      top20                  100              0.695625  0.636219    0.7575
       Phi-4 CommonsenseQA        30      top30                  150               0.68625   0.63874  0.735833
       Phi-4 CommonsenseQA        40      top40                  200              0.691875  0.649375  0.734062
       Phi-4 CommonsenseQA        50      top50                  250               0.69475     0.655  0.733756
       Phi-4          GPQA        10      top10                   50               0.48375      0.42   0.55625
       Phi-4          GPQA        20      top20                  100              0.475625  0.431859  0.523125
       Phi-4          GPQA        30      top30                  150              0.474583  0.439583  0.511667
       Phi-4          GPQA        40      top40                  200              0.493125  0.461867  0.525312
       Phi-4          GPQA        50      top50                  250               0.50275  0.474994    0.5325
       Phi-4         GSM8K        10      top10                   50                 0.915   0.85875   0.96625
       Phi-4         GSM8K        20      top20                  100               0.87375  0.831859  0.913125
       Phi-4         GSM8K        30      top30                  150                0.8675    0.8325  0.901667
       Phi-4         GSM8K        40      top40                  200              0.874062     0.845   0.90282
       Phi-4         GSM8K        50      top50                  250               0.88175  0.854994   0.90775
       Phi-4       MATH500        10      top10                   50               0.74375   0.65875   0.82875
       Phi-4       MATH500        20      top20                  100              0.761875   0.70625  0.820016
       Phi-4       MATH500        30      top30                  150               0.75125  0.707073  0.795833
       Phi-4       MATH500        40      top40                  200              0.741563  0.702187  0.781563
       Phi-4       MATH500        50      top50                  250               0.75025  0.715994   0.78125
       Phi-4         SVAMP        10      top10                   50                 0.755   0.67125     0.835
       Phi-4         SVAMP        20      top20                  100              0.786875  0.729375   0.84125
       Phi-4         SVAMP        30      top30                  150              0.800833   0.75749  0.842917
       Phi-4         SVAMP        40      top40                  200              0.807187  0.770312   0.84282
       Phi-4         SVAMP        50      top50                  250               0.81275   0.77975  0.844762
 Phi-4-Reas.          AQuA        10      top10                   50                0.8325   0.76875   0.89125
 Phi-4-Reas.          AQuA        20      top20                  100                0.8725  0.833125  0.908125
 Phi-4-Reas.          AQuA        30      top30                  150              0.891667    0.8625  0.916667
 Phi-4-Reas.          AQuA        40      top40                  200              0.894375   0.86968    0.9175
 Phi-4-Reas.          AQuA        50      top50                  250               0.89025  0.869744      0.91
 Phi-4-Reas. CommonsenseQA        10      top10                   50               0.33375     0.235   0.43875
 Phi-4-Reas. CommonsenseQA        20      top20                  100              0.413125  0.355625  0.469406
 Phi-4-Reas. CommonsenseQA        30      top30                  150              0.529583   0.47625  0.578333
 Phi-4-Reas. CommonsenseQA        40      top40                  200              0.594063  0.544063  0.638758
 Phi-4-Reas. CommonsenseQA        50      top50                  250                0.6275    0.5875     0.664
 Phi-4-Reas.          GPQA        10      top10                   50                0.6225   0.53125  0.718781
 Phi-4-Reas.          GPQA        20      top20                  100              0.671875   0.61375  0.728125
 Phi-4-Reas.          GPQA        30      top30                  150              0.652917  0.610823  0.695021
 Phi-4-Reas.          GPQA        40      top40                  200              0.645625  0.611555  0.678438
 Phi-4-Reas.          GPQA        50      top50                  250                 0.637   0.60525   0.66725
 Phi-4-Reas.         GSM8K        10      top10                   50                 0.845      0.79   0.89625
 Phi-4-Reas.         GSM8K        20      top20                  100               0.90625  0.873125    0.9375
 Phi-4-Reas.         GSM8K        30      top30                  150              0.932083  0.909156  0.954594
 Phi-4-Reas.         GSM8K        40      top40                  200              0.937187  0.917492  0.955313
 Phi-4-Reas.         GSM8K        50      top50                  250               0.94125     0.925   0.95725
 Phi-4-Reas.       MATH500        10      top10                   50                   0.8    0.7275   0.86625
 Phi-4-Reas.       MATH500        20      top20                  100                  0.85  0.805625  0.889375
 Phi-4-Reas.       MATH500        30      top30                  150              0.870833    0.8375  0.900844
 Phi-4-Reas.       MATH500        40      top40                  200              0.880313  0.855617  0.905312
 Phi-4-Reas.       MATH500        50      top50                  250                0.8785   0.85575    0.9015
 Phi-4-Reas.         SVAMP        10      top10                   50                0.7475      0.68   0.81375
 Phi-4-Reas.         SVAMP        20      top20                  100              0.859375    0.8175  0.899375
 Phi-4-Reas.         SVAMP        30      top30                  150              0.903333  0.872906  0.932927
 Phi-4-Reas.         SVAMP        40      top40                  200              0.912813  0.888117  0.935945
 Phi-4-Reas.         SVAMP        50      top50                  250                 0.918   0.89575  0.938256
  Qwen2.5-7B          AQuA        10      top10                   50                0.7725   0.72625      0.82
  Qwen2.5-7B          AQuA        20      top20                  100              0.761875    0.7275   0.79625
  Qwen2.5-7B          AQuA        30      top30                  150              0.733333  0.704167   0.76125
  Qwen2.5-7B          AQuA        40      top40                  200              0.706562  0.679688  0.731883
  Qwen2.5-7B          AQuA        50      top50                  250                0.6715    0.6465    0.6965
  Qwen2.5-7B CommonsenseQA        10      top10                   50               0.70125     0.635  0.767531
  Qwen2.5-7B CommonsenseQA        20      top20                  100                  0.83  0.781875   0.87375
  Qwen2.5-7B CommonsenseQA        30      top30                  150               0.85375  0.820417  0.885417
  Qwen2.5-7B CommonsenseQA        40      top40                  200              0.876563   0.84875  0.900625
  Qwen2.5-7B CommonsenseQA        50      top50                  250               0.88825  0.866244   0.91025
  Qwen2.5-7B          GPQA        10      top10                   50               0.55125       0.5   0.60625
  Qwen2.5-7B          GPQA        20      top20                  100              0.554375  0.518125   0.58875
  Qwen2.5-7B          GPQA        30      top30                  150              0.544167  0.515417  0.572094
  Qwen2.5-7B          GPQA        40      top40                  200              0.540312  0.516242  0.564063
  Qwen2.5-7B          GPQA        50      top50                  250               0.53225  0.509744     0.555
  Qwen2.5-7B         GSM8K        10      top10                   50               0.65625   0.61375   0.69875
  Qwen2.5-7B         GSM8K        20      top20                  100              0.626875   0.59625     0.655
  Qwen2.5-7B         GSM8K        30      top30                  150              0.624167  0.599167  0.648333
  Qwen2.5-7B         GSM8K        40      top40                  200               0.61125  0.590625  0.631563
  Qwen2.5-7B         GSM8K        50      top50                  250               0.63975     0.616     0.664
  Qwen2.5-7B       MATH500        10      top10                   50               0.75625  0.706219    0.8075
  Qwen2.5-7B       MATH500        20      top20                  100               0.72125  0.681875  0.759391
  Qwen2.5-7B       MATH500        30      top30                  150              0.715417   0.68375  0.747927
  Qwen2.5-7B       MATH500        40      top40                  200              0.700625  0.670625  0.730938
  Qwen2.5-7B       MATH500        50      top50                  250                 0.678     0.651   0.70475
  Qwen2.5-7B         SVAMP        10      top10                   50               0.64875   0.61125     0.685
  Qwen2.5-7B         SVAMP        20      top20                  100               0.62125  0.594359   0.65125
  Qwen2.5-7B         SVAMP        30      top30                  150                 0.605  0.579583  0.629583
  Qwen2.5-7B         SVAMP        40      top40                  200              0.580937    0.5575   0.60407
  Qwen2.5-7B         SVAMP        50      top50                  250                0.6415   0.61375  0.668506
Qwen2.5-Math          AQuA        10      top10                   50               0.74875  0.666219    0.8275
Qwen2.5-Math          AQuA        20      top20                  100              0.783125  0.734359  0.829375
Qwen2.5-Math          AQuA        30      top30                  150                 0.795  0.754156   0.83625
Qwen2.5-Math          AQuA        40      top40                  200              0.788125   0.75468   0.82125
Qwen2.5-Math          AQuA        50      top50                  250               0.78425   0.75375    0.8145
Qwen2.5-Math CommonsenseQA        10      top10                   50               0.70625  0.642469    0.7725
Qwen2.5-Math CommonsenseQA        20      top20                  100              0.684375   0.63875      0.73
Qwen2.5-Math CommonsenseQA        30      top30                  150              0.715417  0.678333  0.754583
Qwen2.5-Math CommonsenseQA        40      top40                  200              0.720313  0.687813  0.753437
Qwen2.5-Math CommonsenseQA        50      top50                  250               0.72875  0.699994     0.757
Qwen2.5-Math          GPQA        10      top10                   50               0.54625  0.488719  0.606281
Qwen2.5-Math          GPQA        20      top20                  100                 0.555   0.51625  0.595625
Qwen2.5-Math          GPQA        30      top30                  150              0.539583  0.508323  0.572083
Qwen2.5-Math          GPQA        40      top40                  200              0.540937     0.515  0.567508
Qwen2.5-Math          GPQA        50      top50                  250               0.53625   0.51275   0.55875
Qwen2.5-Math         GSM8K        10      top10                   50                0.9075   0.85625   0.95375
Qwen2.5-Math         GSM8K        20      top20                  100              0.914375  0.883125  0.944391
Qwen2.5-Math         GSM8K        30      top30                  150              0.897083  0.866656  0.925417
Qwen2.5-Math         GSM8K        40      top40                  200              0.893437  0.869055   0.91875
Qwen2.5-Math         GSM8K        50      top50                  250                  0.89     0.865   0.91425
Qwen2.5-Math       MATH500        10      top10                   50                 0.775  0.693719    0.8525
Qwen2.5-Math       MATH500        20      top20                  100               0.81625  0.764375  0.863766
Qwen2.5-Math       MATH500        30      top30                  150                0.8425  0.802063  0.879594
Qwen2.5-Math       MATH500        40      top40                  200              0.834375   0.80093  0.866891
Qwen2.5-Math       MATH500        50      top50                  250               0.83125   0.80075    0.8585
Qwen2.5-Math         SVAMP        10      top10                   50                 0.745     0.655   0.82625
Qwen2.5-Math         SVAMP        20      top20                  100                 0.795  0.736875  0.849375
Qwen2.5-Math         SVAMP        30      top30                  150              0.817917  0.773333   0.85876
Qwen2.5-Math         SVAMP        40      top40                  200              0.851875  0.816875   0.88625
Qwen2.5-Math         SVAMP        50      top50                  250               0.84525  0.810994  0.875756
    Qwen3-4B          AQuA        10      top10                   50                 0.785  0.718719   0.84625
    Qwen3-4B          AQuA        20      top20                  100               0.75625  0.714375   0.79875
    Qwen3-4B          AQuA        30      top30                  150              0.738333  0.702083  0.772917
    Qwen3-4B          AQuA        40      top40                  200              0.741875  0.711562   0.77125
    Qwen3-4B          AQuA        50      top50                  250                0.7285     0.701     0.754
    Qwen3-4B CommonsenseQA        10      top10                   50                  0.75  0.701219   0.79625
    Qwen3-4B CommonsenseQA        20      top20                  100               0.75125    0.7125  0.790625
    Qwen3-4B CommonsenseQA        30      top30                  150              0.752917  0.719167     0.785
    Qwen3-4B CommonsenseQA        40      top40                  200              0.747188  0.719688  0.774695
    Qwen3-4B CommonsenseQA        50      top50                  250               0.73975  0.715494   0.76525
    Qwen3-4B          GPQA        10      top10                   50                0.5875   0.54625  0.627531
    Qwen3-4B          GPQA        20      top20                  100              0.563125  0.530625  0.594375
    Qwen3-4B          GPQA        30      top30                  150                 0.555  0.528323  0.582917
    Qwen3-4B          GPQA        40      top40                  200              0.547813  0.525312   0.56907
    Qwen3-4B          GPQA        50      top50                  250               0.54475    0.5255    0.5645
    Qwen3-4B         GSM8K        10      top10                   50               0.90875    0.8625   0.95125
    Qwen3-4B         GSM8K        20      top20                  100              0.919375  0.886859      0.95
    Qwen3-4B         GSM8K        30      top30                  150                  0.89  0.857083    0.9175
    Qwen3-4B         GSM8K        40      top40                  200                0.8725   0.84625  0.897813
    Qwen3-4B         GSM8K        50      top50                  250               0.86225    0.8375  0.885256
    Qwen3-4B       MATH500        10      top10                   50                 0.635   0.58125    0.6925
    Qwen3-4B       MATH500        20      top20                  100                0.6675  0.626875  0.708766
    Qwen3-4B       MATH500        30      top30                  150              0.673333   0.63749  0.706667
    Qwen3-4B       MATH500        40      top40                  200               0.69375   0.66375  0.724063
    Qwen3-4B       MATH500        50      top50                  250               0.69575  0.668994   0.72425
    Qwen3-4B         SVAMP        10      top10                   50                  0.91      0.87   0.94875
    Qwen3-4B         SVAMP        20      top20                  100                 0.915     0.885   0.94125
    Qwen3-4B         SVAMP        30      top30                  150              0.895417   0.86625  0.922917
    Qwen3-4B         SVAMP        40      top40                  200                0.8975  0.872812  0.918438
    Qwen3-4B         SVAMP        50      top50                  250                  0.87   0.84475    0.8935

====================================================================================================
PIVOT: mean_reasoning_score by bin_label (wide)
====================================================================================================
       model       dataset    0-10   10-20   20-30   30-40   40-50
  DS-R1-1.5B          AQuA 0.90125 0.81625  0.7575 0.61875 0.55625
  DS-R1-1.5B CommonsenseQA 0.56125 0.58375  0.5875   0.605 0.47875
  DS-R1-1.5B          GPQA 0.56625 0.49125  0.5175 0.53375  0.4575
  DS-R1-1.5B         GSM8K 0.95125    0.92 0.88125  0.8775 0.73125
  DS-R1-1.5B       MATH500   0.845   0.845   0.695 0.71125  0.6675
  DS-R1-1.5B         SVAMP 0.96875  0.9175    0.92   0.895 0.79125
    DS-R1-7B          AQuA  0.9675 0.94625  0.8925 0.86875 0.78625
    DS-R1-7B CommonsenseQA  0.7925  0.8225 0.79875 0.75375 0.70125
    DS-R1-7B          GPQA 0.62875  0.6475   0.655    0.63 0.64625
    DS-R1-7B         GSM8K 0.98875    0.95   0.985  0.9925   0.955
    DS-R1-7B       MATH500    0.94   0.945   0.885   0.845   0.855
    DS-R1-7B         SVAMP    0.99  0.9675  0.9425 0.97625 0.95375
    Gemma-7B          AQuA  0.2225   0.445  0.3925    0.45  0.4425
    Gemma-7B CommonsenseQA 0.13375   0.215   0.395    0.23  0.2575
    Gemma-7B          GPQA 0.30875    0.34  0.3575    0.39 0.37375
    Gemma-7B         GSM8K  0.4125 0.59125 0.60375 0.62875   0.555
    Gemma-7B       MATH500 0.18875  0.3125 0.36875 0.43625  0.4125
    Gemma-7B         SVAMP 0.31125  0.5525 0.62625    0.59 0.47875
LLaMA-3.1-8B          AQuA 0.52875 0.49125 0.39125     0.4  0.3725
LLaMA-3.1-8B CommonsenseQA    0.55 0.58125 0.50875  0.5375 0.55375
LLaMA-3.1-8B          GPQA   0.505 0.50625  0.5225 0.50875  0.5575
LLaMA-3.1-8B         GSM8K 0.79875  0.7275 0.64625  0.8475  0.7375
LLaMA-3.1-8B       MATH500 0.60625 0.48375  0.4125 0.44125  0.5325
LLaMA-3.1-8B         SVAMP     0.8 0.63125 0.82125  0.7925    0.83
       Phi-4          AQuA   0.785 0.75875  0.7425 0.76375 0.75125
       Phi-4 CommonsenseQA  0.7725 0.61875  0.6675 0.70875 0.70625
       Phi-4          GPQA 0.48375  0.4675  0.4725 0.54875 0.54125
       Phi-4         GSM8K   0.915  0.8325   0.855 0.89375  0.9125
       Phi-4       MATH500 0.74375    0.78    0.73  0.7125   0.785
       Phi-4         SVAMP   0.755 0.81875 0.82875 0.82625   0.835
 Phi-4-Reas.          AQuA  0.8325  0.9125    0.93  0.9025 0.87375
 Phi-4-Reas. CommonsenseQA 0.33375  0.4925  0.7625  0.7875 0.76125
 Phi-4-Reas.          GPQA  0.6225 0.72125   0.615 0.62375  0.6025
 Phi-4-Reas.         GSM8K   0.845  0.9675 0.98375  0.9525  0.9575
 Phi-4-Reas.       MATH500     0.8     0.9  0.9125 0.90875 0.87125
 Phi-4-Reas.         SVAMP  0.7475 0.97125 0.99125 0.94125 0.93875
  Qwen2.5-7B          AQuA  0.7725 0.75125 0.67625 0.62625 0.53125
  Qwen2.5-7B CommonsenseQA 0.70125 0.95875 0.90125   0.945   0.935
  Qwen2.5-7B          GPQA 0.55125  0.5575 0.52375 0.52875     0.5
  Qwen2.5-7B         GSM8K 0.65625  0.5975 0.61875  0.5725 0.75375
  Qwen2.5-7B       MATH500 0.75625 0.68625 0.70375 0.65625  0.5875
  Qwen2.5-7B         SVAMP 0.64875 0.59375  0.5725 0.50875 0.88375
Qwen2.5-Math          AQuA 0.74875  0.8175 0.81875  0.7675 0.76875
Qwen2.5-Math CommonsenseQA 0.70625  0.6625  0.7775   0.735  0.7625
Qwen2.5-Math          GPQA 0.54625 0.56375 0.50875   0.545  0.5175
Qwen2.5-Math         GSM8K  0.9075 0.92125  0.8625  0.8825 0.87625
Qwen2.5-Math       MATH500   0.775  0.8575   0.895    0.81 0.81875
Qwen2.5-Math         SVAMP   0.745   0.845 0.86375 0.95375 0.81875
    Qwen3-4B          AQuA   0.785  0.7275  0.7025  0.7525   0.675
    Qwen3-4B CommonsenseQA    0.75  0.7525 0.75625    0.73    0.71
    Qwen3-4B          GPQA  0.5875 0.53875 0.53875 0.52625  0.5325
    Qwen3-4B         GSM8K 0.90875    0.93 0.83125    0.82 0.82125
    Qwen3-4B       MATH500   0.635     0.7   0.685   0.755 0.70375
    Qwen3-4B         SVAMP    0.91    0.92 0.85625 0.90375    0.76