model,benchmark,problem_idx,n_selected_traces,pass16_n_correct,pass16_n_traces,pass16_acc
DS-R1-1.5B,AQuA,1,3,5,16,0.3125
DS-R1-1.5B,AQuA,2,1,16,16,1.0
DS-R1-1.5B,AQuA,3,1,9,16,0.5625
DS-R1-1.5B,AQuA,4,2,13,16,0.8125
DS-R1-1.5B,AQuA,7,2,8,16,0.5
DS-R1-1.5B,AQuA,10,4,0,16,0.0
DS-R1-1.5B,AQuA,12,6,8,16,0.5
DS-R1-1.5B,AQuA,13,1,10,16,0.625
DS-R1-1.5B,AQuA,15,1,6,16,0.375
DS-R1-1.5B,AQuA,17,4,6,16,0.375
DS-R1-1.5B,AQuA,18,1,6,16,0.375
DS-R1-1.5B,AQuA,19,5,6,16,0.375
DS-R1-1.5B,AQuA,23,1,16,16,1.0
DS-R1-1.5B,AQuA,24,4,10,16,0.625
DS-R1-1.5B,AQuA,25,4,7,16,0.4375
DS-R1-1.5B,AQuA,26,3,10,16,0.625
DS-R1-1.5B,AQuA,27,4,12,16,0.75
DS-R1-1.5B,AQuA,28,4,11,16,0.6875
DS-R1-1.5B,AQuA,30,6,10,16,0.625
DS-R1-1.5B,AQuA,31,1,10,16,0.625
DS-R1-1.5B,AQuA,34,2,10,16,0.625
DS-R1-1.5B,AQuA,37,2,9,16,0.5625
DS-R1-1.5B,AQuA,38,1,6,16,0.375
DS-R1-1.5B,AQuA,39,2,16,16,1.0
DS-R1-1.5B,AQuA,42,4,13,16,0.8125
DS-R1-1.5B,AQuA,43,1,11,16,0.6875
DS-R1-1.5B,AQuA,44,1,11,16,0.6875
DS-R1-1.5B,AQuA,45,4,5,16,0.3125
DS-R1-1.5B,AQuA,46,1,6,16,0.375
DS-R1-1.5B,AQuA,48,2,6,16,0.375
DS-R1-1.5B,AQuA,49,5,13,16,0.8125
DS-R1-1.5B,AQuA,50,1,4,16,0.25
DS-R1-1.5B,AQuA,53,1,10,16,0.625
DS-R1-1.5B,AQuA,55,2,7,16,0.4375
DS-R1-1.5B,AQuA,60,1,9,16,0.5625
DS-R1-1.5B,AQuA,62,2,6,16,0.375
DS-R1-1.5B,AQuA,63,4,6,16,0.375
DS-R1-1.5B,AQuA,65,10,12,16,0.75
DS-R1-1.5B,AQuA,70,2,12,16,0.75
DS-R1-1.5B,AQuA,72,5,12,16,0.75
DS-R1-1.5B,AQuA,74,3,4,16,0.25
DS-R1-1.5B,AQuA,78,1,12,16,0.75
DS-R1-1.5B,AQuA,80,10,7,16,0.4375
DS-R1-1.5B,AQuA,81,5,15,16,0.9375
DS-R1-1.5B,AQuA,82,3,13,16,0.8125
DS-R1-1.5B,AQuA,83,1,14,16,0.875
DS-R1-1.5B,AQuA,87,4,6,16,0.375
DS-R1-1.5B,AQuA,88,2,5,16,0.3125
DS-R1-1.5B,AQuA,89,4,11,16,0.6875
DS-R1-1.5B,AQuA,91,7,15,16,0.9375
DS-R1-1.5B,AQuA,92,2,9,16,0.5625
DS-R1-1.5B,AQuA,93,2,4,16,0.25
DS-R1-1.5B,AQuA,95,1,5,16,0.3125
DS-R1-1.5B,AQuA,96,3,12,16,0.75
DS-R1-1.5B,AQuA,97,2,4,16,0.25
DS-R1-1.5B,AQuA,100,6,14,16,0.875
DS-R1-1.5B,AQuA,101,4,2,16,0.125
DS-R1-1.5B,AQuA,105,2,4,16,0.25
DS-R1-1.5B,AQuA,113,2,9,16,0.5625
DS-R1-1.5B,AQuA,116,2,2,16,0.125
DS-R1-1.5B,AQuA,120,1,4,16,0.25
DS-R1-1.5B,AQuA,121,8,12,16,0.75
DS-R1-1.5B,AQuA,123,2,13,16,0.8125
DS-R1-1.5B,AQuA,125,6,7,16,0.4375
DS-R1-1.5B,AQuA,126,4,12,16,0.75
DS-R1-1.5B,AQuA,128,12,9,16,0.5625
DS-R1-1.5B,AQuA,129,6,11,16,0.6875
DS-R1-1.5B,AQuA,130,4,10,16,0.625
DS-R1-1.5B,AQuA,131,7,5,16,0.3125
DS-R1-1.5B,AQuA,133,4,13,16,0.8125
DS-R1-1.5B,AQuA,134,1,3,16,0.1875
DS-R1-1.5B,AQuA,138,9,11,16,0.6875
DS-R1-1.5B,AQuA,139,1,0,16,0.0
DS-R1-1.5B,AQuA,141,6,10,16,0.625
DS-R1-1.5B,AQuA,143,2,5,16,0.3125
DS-R1-1.5B,AQuA,144,4,11,16,0.6875
DS-R1-1.5B,AQuA,147,3,14,16,0.875
DS-R1-1.5B,AQuA,148,9,12,16,0.75
DS-R1-1.5B,AQuA,150,1,9,16,0.5625
DS-R1-1.5B,AQuA,153,3,5,16,0.3125
DS-R1-1.5B,AQuA,156,1,5,16,0.3125
DS-R1-1.5B,AQuA,157,5,10,16,0.625
DS-R1-1.5B,AQuA,161,3,12,16,0.75
DS-R1-1.5B,AQuA,162,1,13,16,0.8125
DS-R1-1.5B,AQuA,164,1,1,16,0.0625
DS-R1-1.5B,AQuA,166,3,5,16,0.3125
DS-R1-1.5B,AQuA,167,2,14,16,0.875
DS-R1-1.5B,AQuA,170,1,6,16,0.375
DS-R1-1.5B,AQuA,174,1,8,16,0.5
DS-R1-1.5B,AQuA,175,1,8,16,0.5
DS-R1-1.5B,AQuA,177,4,4,16,0.25
DS-R1-1.5B,AQuA,178,2,5,16,0.3125
DS-R1-1.5B,AQuA,179,3,6,16,0.375
DS-R1-1.5B,AQuA,180,1,7,16,0.4375
DS-R1-1.5B,AQuA,183,1,14,16,0.875
DS-R1-1.5B,AQuA,185,3,8,16,0.5
DS-R1-1.5B,AQuA,186,2,7,16,0.4375
DS-R1-1.5B,AQuA,192,5,9,16,0.5625
DS-R1-1.5B,AQuA,194,2,7,16,0.4375
DS-R1-1.5B,AQuA,195,1,12,16,0.75
DS-R1-1.5B,AQuA,198,1,2,16,0.125
DS-R1-1.5B,AQuA,200,4,11,16,0.6875
DS-R1-1.5B,AQuA,202,1,2,16,0.125
DS-R1-1.5B,AQuA,203,2,12,16,0.75
DS-R1-1.5B,AQuA,204,2,3,16,0.1875
DS-R1-1.5B,AQuA,205,1,2,16,0.125
DS-R1-1.5B,AQuA,206,13,11,16,0.6875
DS-R1-1.5B,AQuA,212,3,8,16,0.5
DS-R1-1.5B,AQuA,213,2,11,16,0.6875
DS-R1-1.5B,AQuA,214,2,9,16,0.5625
DS-R1-1.5B,AQuA,215,4,9,16,0.5625
DS-R1-1.5B,AQuA,216,2,10,16,0.625
DS-R1-1.5B,AQuA,219,4,10,16,0.625
DS-R1-1.5B,AQuA,220,5,8,16,0.5
DS-R1-1.5B,AQuA,221,3,9,16,0.5625
DS-R1-1.5B,AQuA,222,1,6,16,0.375
DS-R1-1.5B,AQuA,223,2,10,16,0.625
DS-R1-1.5B,AQuA,226,3,14,16,0.875
DS-R1-1.5B,AQuA,227,2,10,16,0.625
DS-R1-1.5B,AQuA,229,2,10,16,0.625
DS-R1-1.5B,AQuA,230,1,10,16,0.625
DS-R1-1.5B,AQuA,231,5,12,16,0.75
DS-R1-1.5B,AQuA,233,3,9,16,0.5625
DS-R1-1.5B,AQuA,235,1,16,16,1.0
DS-R1-1.5B,AQuA,240,5,7,16,0.4375
DS-R1-1.5B,AQuA,242,3,15,16,0.9375
DS-R1-1.5B,AQuA,243,2,3,16,0.1875
DS-R1-1.5B,AQuA,244,4,14,16,0.875
DS-R1-1.5B,AQuA,245,6,0,16,0.0
DS-R1-1.5B,AQuA,249,1,5,16,0.3125
DS-R1-1.5B,AQuA,250,1,2,16,0.125
DS-R1-1.5B,AQuA,251,3,9,16,0.5625
DS-R1-1.5B,CSQA,0,3,6,16,0.375
DS-R1-1.5B,CSQA,1,2,7,16,0.4375
DS-R1-1.5B,CSQA,2,2,14,16,0.875
DS-R1-1.5B,CSQA,3,2,14,16,0.875
DS-R1-1.5B,CSQA,4,1,1,16,0.0625
DS-R1-1.5B,CSQA,5,2,5,16,0.3125
DS-R1-1.5B,CSQA,6,3,6,16,0.375
DS-R1-1.5B,CSQA,7,2,0,16,0.0
DS-R1-1.5B,CSQA,8,6,8,16,0.5
DS-R1-1.5B,CSQA,10,3,7,16,0.4375
DS-R1-1.5B,CSQA,11,1,9,16,0.5625
DS-R1-1.5B,CSQA,14,2,14,16,0.875
DS-R1-1.5B,CSQA,15,2,9,16,0.5625
DS-R1-1.5B,CSQA,16,2,0,16,0.0
DS-R1-1.5B,CSQA,19,2,6,16,0.375
DS-R1-1.5B,CSQA,20,1,2,16,0.125
DS-R1-1.5B,CSQA,21,3,14,16,0.875
DS-R1-1.5B,CSQA,22,3,0,16,0.0
DS-R1-1.5B,CSQA,23,2,3,16,0.1875
DS-R1-1.5B,CSQA,24,2,1,16,0.0625
DS-R1-1.5B,CSQA,25,1,14,16,0.875
DS-R1-1.5B,CSQA,27,2,11,16,0.6875
DS-R1-1.5B,CSQA,28,1,1,16,0.0625
DS-R1-1.5B,CSQA,29,6,13,16,0.8125
DS-R1-1.5B,CSQA,32,1,8,16,0.5
DS-R1-1.5B,CSQA,33,3,8,16,0.5
DS-R1-1.5B,CSQA,34,3,6,16,0.375
DS-R1-1.5B,CSQA,35,2,5,16,0.3125
DS-R1-1.5B,CSQA,36,1,11,16,0.6875
DS-R1-1.5B,CSQA,38,2,14,16,0.875
DS-R1-1.5B,CSQA,39,3,7,16,0.4375
DS-R1-1.5B,CSQA,41,4,10,16,0.625
DS-R1-1.5B,CSQA,42,2,0,16,0.0
DS-R1-1.5B,CSQA,43,1,2,16,0.125
DS-R1-1.5B,CSQA,44,2,14,16,0.875
DS-R1-1.5B,CSQA,46,1,2,16,0.125
DS-R1-1.5B,CSQA,48,6,1,16,0.0625
DS-R1-1.5B,CSQA,50,3,14,16,0.875
DS-R1-1.5B,CSQA,52,3,6,16,0.375
DS-R1-1.5B,CSQA,53,1,10,16,0.625
DS-R1-1.5B,CSQA,54,1,1,16,0.0625
DS-R1-1.5B,CSQA,55,4,11,16,0.6875
DS-R1-1.5B,CSQA,60,3,0,16,0.0
DS-R1-1.5B,CSQA,61,3,8,16,0.5
DS-R1-1.5B,CSQA,62,2,5,16,0.3125
DS-R1-1.5B,CSQA,63,2,6,16,0.375
DS-R1-1.5B,CSQA,64,1,12,16,0.75
DS-R1-1.5B,CSQA,65,1,8,16,0.5
DS-R1-1.5B,CSQA,67,2,3,16,0.1875
DS-R1-1.5B,CSQA,68,1,2,16,0.125
DS-R1-1.5B,CSQA,69,5,5,16,0.3125
DS-R1-1.5B,CSQA,70,1,11,16,0.6875
DS-R1-1.5B,CSQA,73,4,8,16,0.5
DS-R1-1.5B,CSQA,74,4,4,16,0.25
DS-R1-1.5B,CSQA,76,2,5,16,0.3125
DS-R1-1.5B,CSQA,80,1,15,16,0.9375
DS-R1-1.5B,CSQA,81,3,4,16,0.25
DS-R1-1.5B,CSQA,82,1,4,16,0.25
DS-R1-1.5B,CSQA,84,3,14,16,0.875
DS-R1-1.5B,CSQA,85,4,12,16,0.75
DS-R1-1.5B,CSQA,86,2,7,16,0.4375
DS-R1-1.5B,CSQA,87,5,2,16,0.125
DS-R1-1.5B,CSQA,88,1,11,16,0.6875
DS-R1-1.5B,CSQA,89,1,2,16,0.125
DS-R1-1.5B,CSQA,91,4,1,16,0.0625
DS-R1-1.5B,CSQA,94,1,4,16,0.25
DS-R1-1.5B,CSQA,95,5,1,16,0.0625
DS-R1-1.5B,CSQA,96,2,3,16,0.1875
DS-R1-1.5B,CSQA,97,3,1,16,0.0625
DS-R1-1.5B,CSQA,98,2,3,16,0.1875
DS-R1-1.5B,CSQA,99,1,1,16,0.0625
DS-R1-1.5B,CSQA,100,2,0,16,0.0
DS-R1-1.5B,CSQA,103,1,12,16,0.75
DS-R1-1.5B,CSQA,104,1,6,16,0.375
DS-R1-1.5B,CSQA,105,1,6,16,0.375
DS-R1-1.5B,CSQA,107,1,12,16,0.75
DS-R1-1.5B,CSQA,108,2,3,16,0.1875
DS-R1-1.5B,CSQA,110,1,4,16,0.25
DS-R1-1.5B,CSQA,111,1,2,16,0.125
DS-R1-1.5B,CSQA,112,1,1,16,0.0625
DS-R1-1.5B,CSQA,114,3,8,16,0.5
DS-R1-1.5B,CSQA,115,1,2,16,0.125
DS-R1-1.5B,CSQA,116,1,11,16,0.6875
DS-R1-1.5B,CSQA,117,1,1,16,0.0625
DS-R1-1.5B,CSQA,119,1,4,16,0.25
DS-R1-1.5B,CSQA,122,4,1,16,0.0625
DS-R1-1.5B,CSQA,124,1,9,16,0.5625
DS-R1-1.5B,CSQA,125,2,1,16,0.0625
DS-R1-1.5B,CSQA,126,1,6,16,0.375
DS-R1-1.5B,CSQA,127,3,10,16,0.625
DS-R1-1.5B,CSQA,128,5,10,16,0.625
DS-R1-1.5B,CSQA,129,1,11,16,0.6875
DS-R1-1.5B,CSQA,130,1,6,16,0.375
DS-R1-1.5B,CSQA,131,2,12,16,0.75
DS-R1-1.5B,CSQA,132,1,10,16,0.625
DS-R1-1.5B,CSQA,133,1,15,16,0.9375
DS-R1-1.5B,CSQA,134,1,5,16,0.3125
DS-R1-1.5B,CSQA,135,2,2,16,0.125
DS-R1-1.5B,CSQA,136,1,8,16,0.5
DS-R1-1.5B,CSQA,137,2,14,16,0.875
DS-R1-1.5B,CSQA,142,4,0,16,0.0
DS-R1-1.5B,CSQA,143,2,4,16,0.25
DS-R1-1.5B,CSQA,146,1,10,16,0.625
DS-R1-1.5B,CSQA,147,2,8,16,0.5
DS-R1-1.5B,CSQA,150,3,0,16,0.0
DS-R1-1.5B,CSQA,152,1,3,16,0.1875
DS-R1-1.5B,CSQA,153,2,10,16,0.625
DS-R1-1.5B,CSQA,154,2,14,16,0.875
DS-R1-1.5B,CSQA,155,2,1,16,0.0625
DS-R1-1.5B,CSQA,156,2,10,16,0.625
DS-R1-1.5B,CSQA,157,2,0,16,0.0
DS-R1-1.5B,CSQA,158,2,6,16,0.375
DS-R1-1.5B,CSQA,160,3,11,16,0.6875
DS-R1-1.5B,CSQA,161,4,14,16,0.875
DS-R1-1.5B,CSQA,162,1,4,16,0.25
DS-R1-1.5B,CSQA,163,2,2,16,0.125
DS-R1-1.5B,CSQA,165,1,11,16,0.6875
DS-R1-1.5B,CSQA,166,5,2,16,0.125
DS-R1-1.5B,CSQA,167,1,3,16,0.1875
DS-R1-1.5B,CSQA,168,1,11,16,0.6875
DS-R1-1.5B,CSQA,169,4,12,16,0.75
DS-R1-1.5B,CSQA,170,3,0,16,0.0
DS-R1-1.5B,CSQA,172,1,2,16,0.125
DS-R1-1.5B,CSQA,173,1,14,16,0.875
DS-R1-1.5B,CSQA,174,1,1,16,0.0625
DS-R1-1.5B,CSQA,175,4,13,16,0.8125
DS-R1-1.5B,CSQA,176,1,13,16,0.8125
DS-R1-1.5B,CSQA,177,2,3,16,0.1875
DS-R1-1.5B,CSQA,178,4,0,16,0.0
DS-R1-1.5B,CSQA,180,2,2,16,0.125
DS-R1-1.5B,CSQA,181,1,12,16,0.75
DS-R1-1.5B,CSQA,182,1,9,16,0.5625
DS-R1-1.5B,CSQA,183,3,14,16,0.875
DS-R1-1.5B,CSQA,184,3,3,16,0.1875
DS-R1-1.5B,CSQA,185,1,1,16,0.0625
DS-R1-1.5B,CSQA,186,1,0,16,0.0
DS-R1-1.5B,CSQA,188,1,11,16,0.6875
DS-R1-1.5B,CSQA,189,3,14,16,0.875
DS-R1-1.5B,CSQA,190,1,7,16,0.4375
DS-R1-1.5B,CSQA,191,1,1,16,0.0625
DS-R1-1.5B,CSQA,192,2,6,16,0.375
DS-R1-1.5B,CSQA,193,1,4,16,0.25
DS-R1-1.5B,CSQA,194,5,12,16,0.75
DS-R1-1.5B,CSQA,195,6,14,16,0.875
DS-R1-1.5B,CSQA,196,1,7,16,0.4375
DS-R1-1.5B,CSQA,197,1,8,16,0.5
DS-R1-1.5B,CSQA,198,2,2,16,0.125
DS-R1-1.5B,CSQA,199,2,1,16,0.0625
DS-R1-1.5B,CSQA,201,3,3,16,0.1875
DS-R1-1.5B,CSQA,203,1,10,16,0.625
DS-R1-1.5B,CSQA,204,1,10,16,0.625
DS-R1-1.5B,CSQA,205,1,6,16,0.375
DS-R1-1.5B,CSQA,206,1,2,16,0.125
DS-R1-1.5B,CSQA,207,2,0,16,0.0
DS-R1-1.5B,CSQA,208,1,14,16,0.875
DS-R1-1.5B,CSQA,210,3,16,16,1.0
DS-R1-1.5B,CSQA,214,3,1,16,0.0625
DS-R1-1.5B,CSQA,216,1,8,16,0.5
DS-R1-1.5B,CSQA,217,1,14,16,0.875
DS-R1-1.5B,CSQA,219,2,13,16,0.8125
DS-R1-1.5B,CSQA,220,2,1,16,0.0625
DS-R1-1.5B,CSQA,221,2,1,16,0.0625
DS-R1-1.5B,CSQA,222,3,8,16,0.5
DS-R1-1.5B,CSQA,224,2,12,16,0.75
DS-R1-1.5B,CSQA,225,1,3,16,0.1875
DS-R1-1.5B,CSQA,226,1,15,16,0.9375
DS-R1-1.5B,CSQA,227,1,7,16,0.4375
DS-R1-1.5B,CSQA,228,1,10,16,0.625
DS-R1-1.5B,CSQA,229,3,1,16,0.0625
DS-R1-1.5B,CSQA,230,3,7,16,0.4375
DS-R1-1.5B,CSQA,231,2,6,16,0.375
DS-R1-1.5B,CSQA,234,1,14,16,0.875
DS-R1-1.5B,CSQA,235,3,5,16,0.3125
DS-R1-1.5B,CSQA,236,1,4,16,0.25
DS-R1-1.5B,CSQA,237,1,4,16,0.25
DS-R1-1.5B,CSQA,239,4,10,16,0.625
DS-R1-1.5B,CSQA,241,3,10,16,0.625
DS-R1-1.5B,CSQA,242,1,13,16,0.8125
DS-R1-1.5B,CSQA,243,1,5,16,0.3125
DS-R1-1.5B,CSQA,244,1,1,16,0.0625
DS-R1-1.5B,CSQA,245,1,2,16,0.125
DS-R1-1.5B,CSQA,246,1,8,16,0.5
DS-R1-1.5B,CSQA,247,2,8,16,0.5
DS-R1-1.5B,CSQA,249,2,0,16,0.0
DS-R1-1.5B,CSQA,250,1,1,16,0.0625
DS-R1-1.5B,CSQA,251,1,0,16,0.0
DS-R1-1.5B,CSQA,253,4,12,16,0.75
DS-R1-1.5B,CSQA,254,1,2,16,0.125
DS-R1-1.5B,CSQA,255,1,5,16,0.3125
DS-R1-1.5B,CSQA,256,2,2,16,0.125
DS-R1-1.5B,CSQA,257,2,3,16,0.1875
DS-R1-1.5B,CSQA,261,5,0,16,0.0
DS-R1-1.5B,CSQA,263,1,5,16,0.3125
DS-R1-1.5B,CSQA,264,2,5,16,0.3125
DS-R1-1.5B,CSQA,265,1,1,16,0.0625
DS-R1-1.5B,CSQA,266,3,0,16,0.0
DS-R1-1.5B,CSQA,267,1,2,16,0.125
DS-R1-1.5B,CSQA,268,1,13,16,0.8125
DS-R1-1.5B,CSQA,269,3,14,16,0.875
DS-R1-1.5B,CSQA,270,1,8,16,0.5
DS-R1-1.5B,CSQA,271,4,0,16,0.0
DS-R1-1.5B,CSQA,272,2,9,16,0.5625
DS-R1-1.5B,CSQA,274,1,4,16,0.25
DS-R1-1.5B,CSQA,275,3,8,16,0.5
DS-R1-1.5B,CSQA,276,6,12,16,0.75
DS-R1-1.5B,CSQA,277,1,4,16,0.25
DS-R1-1.5B,CSQA,278,3,14,16,0.875
DS-R1-1.5B,CSQA,279,2,3,16,0.1875
DS-R1-1.5B,CSQA,282,1,5,16,0.3125
DS-R1-1.5B,CSQA,283,1,4,16,0.25
DS-R1-1.5B,CSQA,284,3,6,16,0.375
DS-R1-1.5B,CSQA,285,2,10,16,0.625
DS-R1-1.5B,CSQA,286,4,15,16,0.9375
DS-R1-1.5B,CSQA,287,8,11,16,0.6875
DS-R1-1.5B,CSQA,288,3,7,16,0.4375
DS-R1-1.5B,CSQA,289,1,1,16,0.0625
DS-R1-1.5B,CSQA,291,2,0,16,0.0
DS-R1-1.5B,CSQA,293,2,9,16,0.5625
DS-R1-1.5B,CSQA,294,3,11,16,0.6875
DS-R1-1.5B,CSQA,295,3,14,16,0.875
DS-R1-1.5B,CSQA,296,2,0,16,0.0
DS-R1-1.5B,CSQA,297,5,1,16,0.0625
DS-R1-1.5B,CSQA,298,3,12,16,0.75
DS-R1-1.5B,CSQA,299,1,13,16,0.8125
DS-R1-1.5B,CSQA,300,1,12,16,0.75
DS-R1-1.5B,CSQA,301,6,14,16,0.875
DS-R1-1.5B,CSQA,303,1,8,16,0.5
DS-R1-1.5B,CSQA,304,1,5,16,0.3125
DS-R1-1.5B,CSQA,305,2,7,16,0.4375
DS-R1-1.5B,CSQA,307,1,3,16,0.1875
DS-R1-1.5B,CSQA,308,2,2,16,0.125
DS-R1-1.5B,CSQA,309,1,1,16,0.0625
DS-R1-1.5B,CSQA,310,3,9,16,0.5625
DS-R1-1.5B,CSQA,311,1,8,16,0.5
DS-R1-1.5B,CSQA,312,3,8,16,0.5
DS-R1-1.5B,CSQA,317,7,15,16,0.9375
DS-R1-1.5B,CSQA,319,1,6,16,0.375
DS-R1-1.5B,CSQA,320,3,6,16,0.375
DS-R1-1.5B,CSQA,321,3,6,16,0.375
DS-R1-1.5B,CSQA,322,2,4,16,0.25
DS-R1-1.5B,CSQA,323,3,2,16,0.125
DS-R1-1.5B,CSQA,324,1,10,16,0.625
DS-R1-1.5B,CSQA,325,1,1,16,0.0625
DS-R1-1.5B,CSQA,326,1,6,16,0.375
DS-R1-1.5B,CSQA,329,2,3,16,0.1875
DS-R1-1.5B,CSQA,330,1,7,16,0.4375
DS-R1-1.5B,CSQA,331,2,1,16,0.0625
DS-R1-1.5B,CSQA,335,2,8,16,0.5
DS-R1-1.5B,CSQA,336,1,1,16,0.0625
DS-R1-1.5B,CSQA,337,3,6,16,0.375
DS-R1-1.5B,CSQA,338,1,7,16,0.4375
DS-R1-1.5B,CSQA,339,3,6,16,0.375
DS-R1-1.5B,CSQA,340,4,16,16,1.0
DS-R1-1.5B,CSQA,342,3,0,16,0.0
DS-R1-1.5B,CSQA,344,4,12,16,0.75
DS-R1-1.5B,CSQA,345,3,4,16,0.25
DS-R1-1.5B,CSQA,346,2,15,16,0.9375
DS-R1-1.5B,CSQA,352,2,15,16,0.9375
DS-R1-1.5B,CSQA,354,2,3,16,0.1875
DS-R1-1.5B,CSQA,355,1,1,16,0.0625
DS-R1-1.5B,CSQA,357,2,11,16,0.6875
DS-R1-1.5B,CSQA,358,2,0,16,0.0
DS-R1-1.5B,CSQA,359,3,14,16,0.875
DS-R1-1.5B,CSQA,360,1,4,16,0.25
DS-R1-1.5B,CSQA,361,3,5,16,0.3125
DS-R1-1.5B,CSQA,362,2,5,16,0.3125
DS-R1-1.5B,CSQA,363,5,7,16,0.4375
DS-R1-1.5B,CSQA,365,4,0,16,0.0
DS-R1-1.5B,CSQA,368,1,6,16,0.375
DS-R1-1.5B,CSQA,369,1,1,16,0.0625
DS-R1-1.5B,CSQA,370,2,1,16,0.0625
DS-R1-1.5B,CSQA,371,1,1,16,0.0625
DS-R1-1.5B,CSQA,377,3,0,16,0.0
DS-R1-1.5B,CSQA,378,1,2,16,0.125
DS-R1-1.5B,CSQA,380,2,14,16,0.875
DS-R1-1.5B,CSQA,381,1,11,16,0.6875
DS-R1-1.5B,CSQA,383,1,1,16,0.0625
DS-R1-1.5B,CSQA,384,2,8,16,0.5
DS-R1-1.5B,CSQA,385,2,3,16,0.1875
DS-R1-1.5B,CSQA,387,1,5,16,0.3125
DS-R1-1.5B,CSQA,389,2,13,16,0.8125
DS-R1-1.5B,CSQA,391,1,1,16,0.0625
DS-R1-1.5B,CSQA,392,1,8,16,0.5
DS-R1-1.5B,CSQA,396,3,2,16,0.125
DS-R1-1.5B,CSQA,397,2,5,16,0.3125
DS-R1-1.5B,CSQA,399,1,7,16,0.4375
DS-R1-1.5B,CSQA,400,2,6,16,0.375
DS-R1-1.5B,CSQA,401,2,11,16,0.6875
DS-R1-1.5B,CSQA,402,3,2,16,0.125
DS-R1-1.5B,CSQA,403,1,2,16,0.125
DS-R1-1.5B,CSQA,404,1,7,16,0.4375
DS-R1-1.5B,CSQA,405,1,1,16,0.0625
DS-R1-1.5B,CSQA,406,3,5,16,0.3125
DS-R1-1.5B,CSQA,407,3,1,16,0.0625
DS-R1-1.5B,CSQA,408,1,2,16,0.125
DS-R1-1.5B,CSQA,409,2,4,16,0.25
DS-R1-1.5B,CSQA,411,1,5,16,0.3125
DS-R1-1.5B,CSQA,412,1,0,16,0.0
DS-R1-1.5B,CSQA,414,2,11,16,0.6875
DS-R1-1.5B,CSQA,415,3,12,16,0.75
DS-R1-1.5B,CSQA,416,1,16,16,1.0
DS-R1-1.5B,CSQA,417,4,6,16,0.375
DS-R1-1.5B,CSQA,418,2,4,16,0.25
DS-R1-1.5B,CSQA,420,1,5,16,0.3125
DS-R1-1.5B,CSQA,421,3,10,16,0.625
DS-R1-1.5B,CSQA,423,1,8,16,0.5
DS-R1-1.5B,CSQA,424,1,9,16,0.5625
DS-R1-1.5B,CSQA,425,1,9,16,0.5625
DS-R1-1.5B,CSQA,426,5,10,16,0.625
DS-R1-1.5B,CSQA,427,1,1,16,0.0625
DS-R1-1.5B,CSQA,428,2,5,16,0.3125
DS-R1-1.5B,CSQA,429,1,7,16,0.4375
DS-R1-1.5B,CSQA,431,1,5,16,0.3125
DS-R1-1.5B,CSQA,432,2,10,16,0.625
DS-R1-1.5B,CSQA,433,1,10,16,0.625
DS-R1-1.5B,CSQA,434,2,10,16,0.625
DS-R1-1.5B,CSQA,435,1,0,16,0.0
DS-R1-1.5B,CSQA,436,6,1,16,0.0625
DS-R1-1.5B,CSQA,438,2,5,16,0.3125
DS-R1-1.5B,CSQA,439,1,3,16,0.1875
DS-R1-1.5B,CSQA,440,1,10,16,0.625
DS-R1-1.5B,CSQA,441,1,0,16,0.0
DS-R1-1.5B,CSQA,442,6,10,16,0.625
DS-R1-1.5B,CSQA,443,4,11,16,0.6875
DS-R1-1.5B,CSQA,444,1,4,16,0.25
DS-R1-1.5B,CSQA,445,4,2,16,0.125
DS-R1-1.5B,CSQA,446,1,1,16,0.0625
DS-R1-1.5B,CSQA,447,1,11,16,0.6875
DS-R1-1.5B,CSQA,448,2,5,16,0.3125
DS-R1-1.5B,CSQA,449,1,5,16,0.3125
DS-R1-1.5B,CSQA,451,1,2,16,0.125
DS-R1-1.5B,CSQA,453,2,11,16,0.6875
DS-R1-1.5B,CSQA,454,2,9,16,0.5625
DS-R1-1.5B,CSQA,455,1,6,16,0.375
DS-R1-1.5B,CSQA,457,2,11,16,0.6875
DS-R1-1.5B,CSQA,458,8,13,16,0.8125
DS-R1-1.5B,CSQA,459,2,5,16,0.3125
DS-R1-1.5B,CSQA,460,3,2,16,0.125
DS-R1-1.5B,CSQA,461,1,11,16,0.6875
DS-R1-1.5B,CSQA,462,1,8,16,0.5
DS-R1-1.5B,CSQA,463,1,12,16,0.75
DS-R1-1.5B,CSQA,465,2,12,16,0.75
DS-R1-1.5B,CSQA,467,3,12,16,0.75
DS-R1-1.5B,CSQA,470,2,9,16,0.5625
DS-R1-1.5B,CSQA,471,2,9,16,0.5625
DS-R1-1.5B,CSQA,472,3,13,16,0.8125
DS-R1-1.5B,CSQA,473,1,1,16,0.0625
DS-R1-1.5B,CSQA,474,1,5,16,0.3125
DS-R1-1.5B,CSQA,475,3,10,16,0.625
DS-R1-1.5B,CSQA,476,1,3,16,0.1875
DS-R1-1.5B,CSQA,477,1,9,16,0.5625
DS-R1-1.5B,CSQA,478,1,8,16,0.5
DS-R1-1.5B,CSQA,479,1,10,16,0.625
DS-R1-1.5B,CSQA,482,1,1,16,0.0625
DS-R1-1.5B,CSQA,483,1,14,16,0.875
DS-R1-1.5B,CSQA,484,2,5,16,0.3125
DS-R1-1.5B,CSQA,485,2,4,16,0.25
DS-R1-1.5B,CSQA,486,1,11,16,0.6875
DS-R1-1.5B,CSQA,487,5,9,16,0.5625
DS-R1-1.5B,CSQA,488,1,14,16,0.875
DS-R1-1.5B,CSQA,489,2,9,16,0.5625
DS-R1-1.5B,CSQA,490,1,10,16,0.625
DS-R1-1.5B,CSQA,491,2,12,16,0.75
DS-R1-1.5B,CSQA,492,1,7,16,0.4375
DS-R1-1.5B,CSQA,495,4,8,16,0.5
DS-R1-1.5B,CSQA,496,1,7,16,0.4375
DS-R1-1.5B,CSQA,497,3,14,16,0.875
DS-R1-1.5B,CSQA,499,2,10,16,0.625
DS-R1-1.5B,CSQA,500,2,13,16,0.8125
DS-R1-1.5B,CSQA,501,2,10,16,0.625
DS-R1-1.5B,CSQA,502,1,6,16,0.375
DS-R1-1.5B,CSQA,503,2,6,16,0.375
DS-R1-1.5B,CSQA,505,2,8,16,0.5
DS-R1-1.5B,CSQA,506,1,2,16,0.125
DS-R1-1.5B,CSQA,507,5,7,16,0.4375
DS-R1-1.5B,CSQA,508,3,13,16,0.8125
DS-R1-1.5B,CSQA,509,5,5,16,0.3125
DS-R1-1.5B,CSQA,513,1,0,16,0.0
DS-R1-1.5B,CSQA,514,4,13,16,0.8125
DS-R1-1.5B,CSQA,516,2,13,16,0.8125
DS-R1-1.5B,CSQA,518,1,11,16,0.6875
DS-R1-1.5B,CSQA,519,1,8,16,0.5
DS-R1-1.5B,CSQA,520,2,6,16,0.375
DS-R1-1.5B,CSQA,521,1,12,16,0.75
DS-R1-1.5B,CSQA,522,2,7,16,0.4375
DS-R1-1.5B,CSQA,524,5,11,16,0.6875
DS-R1-1.5B,CSQA,525,2,6,16,0.375
DS-R1-1.5B,CSQA,527,3,5,16,0.3125
DS-R1-1.5B,CSQA,529,2,0,16,0.0
DS-R1-1.5B,CSQA,530,1,0,16,0.0
DS-R1-1.5B,CSQA,531,5,14,16,0.875
DS-R1-1.5B,CSQA,532,4,9,16,0.5625
DS-R1-1.5B,CSQA,533,1,14,16,0.875
DS-R1-1.5B,CSQA,534,2,13,16,0.8125
DS-R1-1.5B,CSQA,535,1,4,16,0.25
DS-R1-1.5B,CSQA,536,1,6,16,0.375
DS-R1-1.5B,CSQA,537,5,16,16,1.0
DS-R1-1.5B,CSQA,538,2,0,16,0.0
DS-R1-1.5B,CSQA,539,3,12,16,0.75
DS-R1-1.5B,CSQA,540,2,6,16,0.375
DS-R1-1.5B,CSQA,541,1,13,16,0.8125
DS-R1-1.5B,CSQA,542,3,5,16,0.3125
DS-R1-1.5B,CSQA,544,1,16,16,1.0
DS-R1-1.5B,CSQA,547,3,3,16,0.1875
DS-R1-1.5B,CSQA,548,2,5,16,0.3125
DS-R1-1.5B,CSQA,549,1,4,16,0.25
DS-R1-1.5B,CSQA,550,2,9,16,0.5625
DS-R1-1.5B,CSQA,551,2,3,16,0.1875
DS-R1-1.5B,CSQA,552,1,3,16,0.1875
DS-R1-1.5B,CSQA,553,2,1,16,0.0625
DS-R1-1.5B,CSQA,554,2,1,16,0.0625
DS-R1-1.5B,CSQA,555,1,3,16,0.1875
DS-R1-1.5B,CSQA,557,1,6,16,0.375
DS-R1-1.5B,CSQA,558,6,13,16,0.8125
DS-R1-1.5B,CSQA,559,3,15,16,0.9375
DS-R1-1.5B,CSQA,560,4,1,16,0.0625
DS-R1-1.5B,CSQA,563,6,15,16,0.9375
DS-R1-1.5B,CSQA,564,3,4,16,0.25
DS-R1-1.5B,CSQA,565,4,14,16,0.875
DS-R1-1.5B,CSQA,567,2,2,16,0.125
DS-R1-1.5B,CSQA,570,2,12,16,0.75
DS-R1-1.5B,CSQA,573,1,11,16,0.6875
DS-R1-1.5B,CSQA,574,2,3,16,0.1875
DS-R1-1.5B,CSQA,575,2,5,16,0.3125
DS-R1-1.5B,CSQA,577,2,13,16,0.8125
DS-R1-1.5B,CSQA,578,1,7,16,0.4375
DS-R1-1.5B,CSQA,579,1,1,16,0.0625
DS-R1-1.5B,CSQA,580,2,10,16,0.625
DS-R1-1.5B,CSQA,583,2,14,16,0.875
DS-R1-1.5B,CSQA,584,1,11,16,0.6875
DS-R1-1.5B,CSQA,585,3,5,16,0.3125
DS-R1-1.5B,CSQA,586,1,11,16,0.6875
DS-R1-1.5B,CSQA,587,6,13,16,0.8125
DS-R1-1.5B,CSQA,589,1,0,16,0.0
DS-R1-1.5B,CSQA,590,6,15,16,0.9375
DS-R1-1.5B,CSQA,591,3,0,16,0.0
DS-R1-1.5B,CSQA,592,2,11,16,0.6875
DS-R1-1.5B,CSQA,593,3,7,16,0.4375
DS-R1-1.5B,CSQA,596,7,11,16,0.6875
DS-R1-1.5B,CSQA,598,3,14,16,0.875
DS-R1-1.5B,CSQA,599,1,8,16,0.5
DS-R1-1.5B,CSQA,601,3,1,16,0.0625
DS-R1-1.5B,CSQA,604,4,11,16,0.6875
DS-R1-1.5B,CSQA,605,1,9,16,0.5625
DS-R1-1.5B,CSQA,606,2,13,16,0.8125
DS-R1-1.5B,CSQA,609,4,14,16,0.875
DS-R1-1.5B,CSQA,610,4,8,16,0.5
DS-R1-1.5B,CSQA,611,1,5,16,0.3125
DS-R1-1.5B,CSQA,612,1,11,16,0.6875
DS-R1-1.5B,CSQA,613,2,11,16,0.6875
DS-R1-1.5B,CSQA,614,2,9,16,0.5625
DS-R1-1.5B,CSQA,615,4,12,16,0.75
DS-R1-1.5B,CSQA,616,3,1,16,0.0625
DS-R1-1.5B,CSQA,617,3,14,16,0.875
DS-R1-1.5B,CSQA,618,3,12,16,0.75
DS-R1-1.5B,CSQA,619,3,14,16,0.875
DS-R1-1.5B,CSQA,621,4,10,16,0.625
DS-R1-1.5B,CSQA,622,2,3,16,0.1875
DS-R1-1.5B,CSQA,623,1,5,16,0.3125
DS-R1-1.5B,CSQA,624,1,2,16,0.125
DS-R1-1.5B,CSQA,625,2,0,16,0.0
DS-R1-1.5B,CSQA,626,3,11,16,0.6875
DS-R1-1.5B,CSQA,627,1,2,16,0.125
DS-R1-1.5B,CSQA,629,1,10,16,0.625
DS-R1-1.5B,CSQA,630,2,12,16,0.75
DS-R1-1.5B,CSQA,631,5,13,16,0.8125
DS-R1-1.5B,CSQA,632,5,14,16,0.875
DS-R1-1.5B,CSQA,633,3,1,16,0.0625
DS-R1-1.5B,CSQA,634,1,2,16,0.125
DS-R1-1.5B,CSQA,635,1,3,16,0.1875
DS-R1-1.5B,CSQA,636,6,0,16,0.0
DS-R1-1.5B,CSQA,637,1,1,16,0.0625
DS-R1-1.5B,CSQA,638,1,3,16,0.1875
DS-R1-1.5B,CSQA,639,3,12,16,0.75
DS-R1-1.5B,CSQA,640,3,0,16,0.0
DS-R1-1.5B,CSQA,641,2,6,16,0.375
DS-R1-1.5B,CSQA,642,2,6,16,0.375
DS-R1-1.5B,CSQA,643,1,0,16,0.0
DS-R1-1.5B,CSQA,644,2,7,16,0.4375
DS-R1-1.5B,CSQA,645,3,6,16,0.375
DS-R1-1.5B,CSQA,646,3,11,16,0.6875
DS-R1-1.5B,CSQA,648,5,1,16,0.0625
DS-R1-1.5B,CSQA,650,1,3,16,0.1875
DS-R1-1.5B,CSQA,652,1,8,16,0.5
DS-R1-1.5B,CSQA,653,2,4,16,0.25
DS-R1-1.5B,CSQA,654,3,11,16,0.6875
DS-R1-1.5B,CSQA,655,2,6,16,0.375
DS-R1-1.5B,CSQA,656,2,1,16,0.0625
DS-R1-1.5B,CSQA,657,2,3,16,0.1875
DS-R1-1.5B,CSQA,658,1,6,16,0.375
DS-R1-1.5B,CSQA,659,2,13,16,0.8125
DS-R1-1.5B,CSQA,660,2,13,16,0.8125
DS-R1-1.5B,CSQA,661,3,6,16,0.375
DS-R1-1.5B,CSQA,662,3,10,16,0.625
DS-R1-1.5B,CSQA,663,3,5,16,0.3125
DS-R1-1.5B,CSQA,665,2,6,16,0.375
DS-R1-1.5B,CSQA,666,5,7,16,0.4375
DS-R1-1.5B,CSQA,667,1,2,16,0.125
DS-R1-1.5B,CSQA,668,1,1,16,0.0625
DS-R1-1.5B,CSQA,669,3,6,16,0.375
DS-R1-1.5B,CSQA,670,5,6,16,0.375
DS-R1-1.5B,CSQA,671,2,2,16,0.125
DS-R1-1.5B,CSQA,672,1,2,16,0.125
DS-R1-1.5B,CSQA,673,1,7,16,0.4375
DS-R1-1.5B,CSQA,674,2,11,16,0.6875
DS-R1-1.5B,CSQA,675,1,8,16,0.5
DS-R1-1.5B,CSQA,677,3,8,16,0.5
DS-R1-1.5B,CSQA,678,1,11,16,0.6875
DS-R1-1.5B,CSQA,679,2,9,16,0.5625
DS-R1-1.5B,CSQA,680,4,5,16,0.3125
DS-R1-1.5B,CSQA,683,2,11,16,0.6875
DS-R1-1.5B,CSQA,684,2,0,16,0.0
DS-R1-1.5B,CSQA,685,1,6,16,0.375
DS-R1-1.5B,CSQA,686,1,3,16,0.1875
DS-R1-1.5B,CSQA,689,1,6,16,0.375
DS-R1-1.5B,CSQA,690,5,1,16,0.0625
DS-R1-1.5B,CSQA,691,2,12,16,0.75
DS-R1-1.5B,CSQA,693,2,1,16,0.0625
DS-R1-1.5B,CSQA,694,3,2,16,0.125
DS-R1-1.5B,CSQA,695,1,3,16,0.1875
DS-R1-1.5B,CSQA,696,3,13,16,0.8125
DS-R1-1.5B,CSQA,697,2,12,16,0.75
DS-R1-1.5B,CSQA,698,1,2,16,0.125
DS-R1-1.5B,CSQA,699,3,13,16,0.8125
DS-R1-1.5B,CSQA,700,4,0,16,0.0
DS-R1-1.5B,CSQA,702,2,3,16,0.1875
DS-R1-1.5B,CSQA,705,3,3,16,0.1875
DS-R1-1.5B,CSQA,706,1,13,16,0.8125
DS-R1-1.5B,CSQA,707,5,8,16,0.5
DS-R1-1.5B,CSQA,708,1,3,16,0.1875
DS-R1-1.5B,CSQA,710,1,0,16,0.0
DS-R1-1.5B,CSQA,711,3,11,16,0.6875
DS-R1-1.5B,CSQA,713,3,12,16,0.75
DS-R1-1.5B,CSQA,714,1,0,16,0.0
DS-R1-1.5B,CSQA,715,1,4,16,0.25
DS-R1-1.5B,CSQA,716,1,4,16,0.25
DS-R1-1.5B,CSQA,718,2,15,16,0.9375
DS-R1-1.5B,CSQA,719,3,6,16,0.375
DS-R1-1.5B,CSQA,721,2,12,16,0.75
DS-R1-1.5B,CSQA,723,3,9,16,0.5625
DS-R1-1.5B,CSQA,724,1,5,16,0.3125
DS-R1-1.5B,CSQA,725,2,11,16,0.6875
DS-R1-1.5B,CSQA,726,3,12,16,0.75
DS-R1-1.5B,CSQA,727,1,10,16,0.625
DS-R1-1.5B,CSQA,728,3,2,16,0.125
DS-R1-1.5B,CSQA,730,2,8,16,0.5
DS-R1-1.5B,CSQA,731,2,13,16,0.8125
DS-R1-1.5B,CSQA,732,4,7,16,0.4375
DS-R1-1.5B,CSQA,733,1,0,16,0.0
DS-R1-1.5B,CSQA,734,3,0,16,0.0
DS-R1-1.5B,CSQA,735,1,8,16,0.5
DS-R1-1.5B,CSQA,736,2,6,16,0.375
DS-R1-1.5B,CSQA,737,2,10,16,0.625
DS-R1-1.5B,CSQA,738,4,10,16,0.625
DS-R1-1.5B,CSQA,739,2,5,16,0.3125
DS-R1-1.5B,CSQA,742,5,8,16,0.5
DS-R1-1.5B,CSQA,743,3,4,16,0.25
DS-R1-1.5B,CSQA,744,1,9,16,0.5625
DS-R1-1.5B,CSQA,745,2,5,16,0.3125
DS-R1-1.5B,CSQA,747,1,4,16,0.25
DS-R1-1.5B,CSQA,748,3,7,16,0.4375
DS-R1-1.5B,CSQA,750,3,11,16,0.6875
DS-R1-1.5B,CSQA,751,3,1,16,0.0625
DS-R1-1.5B,CSQA,752,1,7,16,0.4375
DS-R1-1.5B,CSQA,754,2,0,16,0.0
DS-R1-1.5B,CSQA,755,1,1,16,0.0625
DS-R1-1.5B,CSQA,757,2,15,16,0.9375
DS-R1-1.5B,CSQA,758,3,10,16,0.625
DS-R1-1.5B,CSQA,759,2,16,16,1.0
DS-R1-1.5B,CSQA,761,2,5,16,0.3125
DS-R1-1.5B,CSQA,762,1,11,16,0.6875
DS-R1-1.5B,CSQA,763,5,9,16,0.5625
DS-R1-1.5B,CSQA,765,7,14,16,0.875
DS-R1-1.5B,CSQA,768,1,13,16,0.8125
DS-R1-1.5B,CSQA,770,6,5,16,0.3125
DS-R1-1.5B,CSQA,771,2,6,16,0.375
DS-R1-1.5B,CSQA,772,1,0,16,0.0
DS-R1-1.5B,CSQA,774,3,4,16,0.25
DS-R1-1.5B,CSQA,775,1,7,16,0.4375
DS-R1-1.5B,CSQA,776,5,8,16,0.5
DS-R1-1.5B,CSQA,778,1,12,16,0.75
DS-R1-1.5B,CSQA,780,4,13,16,0.8125
DS-R1-1.5B,CSQA,784,3,12,16,0.75
DS-R1-1.5B,CSQA,785,1,14,16,0.875
DS-R1-1.5B,CSQA,786,2,5,16,0.3125
DS-R1-1.5B,CSQA,787,1,0,16,0.0
DS-R1-1.5B,CSQA,788,6,1,16,0.0625
DS-R1-1.5B,CSQA,789,1,2,16,0.125
DS-R1-1.5B,CSQA,790,5,12,16,0.75
DS-R1-1.5B,CSQA,791,6,0,16,0.0
DS-R1-1.5B,CSQA,793,2,6,16,0.375
DS-R1-1.5B,CSQA,795,2,6,16,0.375
DS-R1-1.5B,CSQA,797,1,7,16,0.4375
DS-R1-1.5B,CSQA,798,3,9,16,0.5625
DS-R1-1.5B,CSQA,800,1,3,16,0.1875
DS-R1-1.5B,CSQA,801,1,13,16,0.8125
DS-R1-1.5B,CSQA,803,1,13,16,0.8125
DS-R1-1.5B,CSQA,807,3,1,16,0.0625
DS-R1-1.5B,CSQA,808,3,0,16,0.0
DS-R1-1.5B,CSQA,809,2,8,16,0.5
DS-R1-1.5B,CSQA,811,2,6,16,0.375
DS-R1-1.5B,CSQA,812,1,14,16,0.875
DS-R1-1.5B,CSQA,813,3,5,16,0.3125
DS-R1-1.5B,CSQA,814,1,12,16,0.75
DS-R1-1.5B,CSQA,815,2,3,16,0.1875
DS-R1-1.5B,CSQA,816,1,4,16,0.25
DS-R1-1.5B,CSQA,818,1,4,16,0.25
DS-R1-1.5B,CSQA,819,2,13,16,0.8125
DS-R1-1.5B,CSQA,821,1,3,16,0.1875
DS-R1-1.5B,CSQA,823,3,8,16,0.5
DS-R1-1.5B,CSQA,824,2,10,16,0.625
DS-R1-1.5B,CSQA,825,1,4,16,0.25
DS-R1-1.5B,CSQA,826,2,13,16,0.8125
DS-R1-1.5B,CSQA,827,1,9,16,0.5625
DS-R1-1.5B,CSQA,829,1,4,16,0.25
DS-R1-1.5B,CSQA,831,2,11,16,0.6875
DS-R1-1.5B,CSQA,832,4,2,16,0.125
DS-R1-1.5B,CSQA,833,3,11,16,0.6875
DS-R1-1.5B,CSQA,834,2,7,16,0.4375
DS-R1-1.5B,CSQA,835,4,13,16,0.8125
DS-R1-1.5B,CSQA,837,2,8,16,0.5
DS-R1-1.5B,CSQA,838,1,13,16,0.8125
DS-R1-1.5B,CSQA,839,2,9,16,0.5625
DS-R1-1.5B,CSQA,841,2,8,16,0.5
DS-R1-1.5B,CSQA,844,1,3,16,0.1875
DS-R1-1.5B,CSQA,845,1,0,16,0.0
DS-R1-1.5B,CSQA,846,3,4,16,0.25
DS-R1-1.5B,CSQA,847,2,9,16,0.5625
DS-R1-1.5B,CSQA,848,3,11,16,0.6875
DS-R1-1.5B,CSQA,849,3,13,16,0.8125
DS-R1-1.5B,CSQA,850,4,4,16,0.25
DS-R1-1.5B,CSQA,851,3,9,16,0.5625
DS-R1-1.5B,CSQA,852,2,3,16,0.1875
DS-R1-1.5B,CSQA,853,4,1,16,0.0625
DS-R1-1.5B,CSQA,854,3,11,16,0.6875
DS-R1-1.5B,CSQA,855,1,5,16,0.3125
DS-R1-1.5B,CSQA,856,2,1,16,0.0625
DS-R1-1.5B,CSQA,857,2,4,16,0.25
DS-R1-1.5B,CSQA,859,2,0,16,0.0
DS-R1-1.5B,CSQA,860,1,10,16,0.625
DS-R1-1.5B,CSQA,862,1,0,16,0.0
DS-R1-1.5B,CSQA,863,3,1,16,0.0625
DS-R1-1.5B,CSQA,865,3,9,16,0.5625
DS-R1-1.5B,CSQA,866,1,4,16,0.25
DS-R1-1.5B,CSQA,867,1,5,16,0.3125
DS-R1-1.5B,CSQA,868,3,11,16,0.6875
DS-R1-1.5B,CSQA,869,2,7,16,0.4375
DS-R1-1.5B,CSQA,870,2,12,16,0.75
DS-R1-1.5B,CSQA,871,1,6,16,0.375
DS-R1-1.5B,CSQA,872,2,3,16,0.1875
DS-R1-1.5B,CSQA,873,1,12,16,0.75
DS-R1-1.5B,CSQA,875,2,2,16,0.125
DS-R1-1.5B,CSQA,877,6,9,16,0.5625
DS-R1-1.5B,CSQA,879,1,10,16,0.625
DS-R1-1.5B,CSQA,880,1,10,16,0.625
DS-R1-1.5B,CSQA,881,1,4,16,0.25
DS-R1-1.5B,CSQA,882,1,13,16,0.8125
DS-R1-1.5B,CSQA,883,1,8,16,0.5
DS-R1-1.5B,CSQA,884,1,14,16,0.875
DS-R1-1.5B,CSQA,886,2,8,16,0.5
DS-R1-1.5B,CSQA,887,4,1,16,0.0625
DS-R1-1.5B,CSQA,888,1,9,16,0.5625
DS-R1-1.5B,CSQA,889,1,4,16,0.25
DS-R1-1.5B,CSQA,890,5,5,16,0.3125
DS-R1-1.5B,CSQA,891,3,9,16,0.5625
DS-R1-1.5B,CSQA,892,1,3,16,0.1875
DS-R1-1.5B,CSQA,893,3,11,16,0.6875
DS-R1-1.5B,CSQA,896,4,1,16,0.0625
DS-R1-1.5B,CSQA,897,2,3,16,0.1875
DS-R1-1.5B,CSQA,898,2,2,16,0.125
DS-R1-1.5B,CSQA,899,2,0,16,0.0
DS-R1-1.5B,CSQA,900,3,0,16,0.0
DS-R1-1.5B,CSQA,901,1,1,16,0.0625
DS-R1-1.5B,CSQA,902,1,7,16,0.4375
DS-R1-1.5B,CSQA,905,3,2,16,0.125
DS-R1-1.5B,CSQA,906,2,14,16,0.875
DS-R1-1.5B,CSQA,907,1,4,16,0.25
DS-R1-1.5B,CSQA,910,4,12,16,0.75
DS-R1-1.5B,CSQA,911,3,10,16,0.625
DS-R1-1.5B,CSQA,913,2,2,16,0.125
DS-R1-1.5B,CSQA,914,1,14,16,0.875
DS-R1-1.5B,CSQA,916,1,15,16,0.9375
DS-R1-1.5B,CSQA,918,1,14,16,0.875
DS-R1-1.5B,CSQA,920,1,10,16,0.625
DS-R1-1.5B,CSQA,921,3,14,16,0.875
DS-R1-1.5B,CSQA,922,3,1,16,0.0625
DS-R1-1.5B,CSQA,924,1,8,16,0.5
DS-R1-1.5B,CSQA,925,1,1,16,0.0625
DS-R1-1.5B,CSQA,926,2,9,16,0.5625
DS-R1-1.5B,CSQA,928,1,2,16,0.125
DS-R1-1.5B,CSQA,929,1,3,16,0.1875
DS-R1-1.5B,CSQA,930,4,8,16,0.5
DS-R1-1.5B,CSQA,931,2,3,16,0.1875
DS-R1-1.5B,CSQA,932,2,11,16,0.6875
DS-R1-1.5B,CSQA,933,1,2,16,0.125
DS-R1-1.5B,CSQA,934,1,7,16,0.4375
DS-R1-1.5B,CSQA,935,1,11,16,0.6875
DS-R1-1.5B,CSQA,938,2,15,16,0.9375
DS-R1-1.5B,CSQA,939,1,2,16,0.125
DS-R1-1.5B,CSQA,940,1,8,16,0.5
DS-R1-1.5B,CSQA,941,2,10,16,0.625
DS-R1-1.5B,CSQA,942,3,3,16,0.1875
DS-R1-1.5B,CSQA,943,2,0,16,0.0
DS-R1-1.5B,CSQA,944,4,10,16,0.625
DS-R1-1.5B,CSQA,945,3,16,16,1.0
DS-R1-1.5B,CSQA,946,1,9,16,0.5625
DS-R1-1.5B,CSQA,947,1,11,16,0.6875
DS-R1-1.5B,CSQA,950,1,12,16,0.75
DS-R1-1.5B,CSQA,951,1,8,16,0.5
DS-R1-1.5B,CSQA,952,4,4,16,0.25
DS-R1-1.5B,CSQA,953,3,4,16,0.25
DS-R1-1.5B,CSQA,954,1,3,16,0.1875
DS-R1-1.5B,CSQA,956,1,4,16,0.25
DS-R1-1.5B,CSQA,957,6,10,16,0.625
DS-R1-1.5B,CSQA,959,1,6,16,0.375
DS-R1-1.5B,CSQA,960,1,3,16,0.1875
DS-R1-1.5B,CSQA,961,3,3,16,0.1875
DS-R1-1.5B,CSQA,963,5,15,16,0.9375
DS-R1-1.5B,CSQA,964,2,13,16,0.8125
DS-R1-1.5B,CSQA,967,1,6,16,0.375
DS-R1-1.5B,CSQA,969,1,12,16,0.75
DS-R1-1.5B,CSQA,970,2,3,16,0.1875
DS-R1-1.5B,CSQA,971,1,1,16,0.0625
DS-R1-1.5B,CSQA,972,1,3,16,0.1875
DS-R1-1.5B,CSQA,973,1,15,16,0.9375
DS-R1-1.5B,CSQA,974,2,0,16,0.0
DS-R1-1.5B,CSQA,975,2,11,16,0.6875
DS-R1-1.5B,CSQA,977,1,1,16,0.0625
DS-R1-1.5B,CSQA,978,1,3,16,0.1875
DS-R1-1.5B,CSQA,979,1,9,16,0.5625
DS-R1-1.5B,CSQA,980,1,7,16,0.4375
DS-R1-1.5B,CSQA,981,2,13,16,0.8125
DS-R1-1.5B,CSQA,982,2,7,16,0.4375
DS-R1-1.5B,CSQA,983,1,4,16,0.25
DS-R1-1.5B,CSQA,984,1,8,16,0.5
DS-R1-1.5B,CSQA,986,1,0,16,0.0
DS-R1-1.5B,CSQA,987,3,6,16,0.375
DS-R1-1.5B,CSQA,989,1,12,16,0.75
DS-R1-1.5B,CSQA,990,1,9,16,0.5625
DS-R1-1.5B,CSQA,991,5,14,16,0.875
DS-R1-1.5B,CSQA,992,2,7,16,0.4375
DS-R1-1.5B,CSQA,993,4,11,16,0.6875
DS-R1-1.5B,CSQA,994,3,15,16,0.9375
DS-R1-1.5B,CSQA,995,5,12,16,0.75
DS-R1-1.5B,CSQA,996,2,9,16,0.5625
DS-R1-1.5B,CSQA,999,3,9,16,0.5625
DS-R1-1.5B,CSQA,1000,1,10,16,0.625
DS-R1-1.5B,CSQA,1004,3,0,16,0.0
DS-R1-1.5B,CSQA,1006,1,2,16,0.125
DS-R1-1.5B,CSQA,1008,1,2,16,0.125
DS-R1-1.5B,CSQA,1010,1,3,16,0.1875
DS-R1-1.5B,CSQA,1011,1,3,16,0.1875
DS-R1-1.5B,CSQA,1013,1,5,16,0.3125
DS-R1-1.5B,CSQA,1016,1,9,16,0.5625
DS-R1-1.5B,CSQA,1017,3,4,16,0.25
DS-R1-1.5B,CSQA,1018,3,8,16,0.5
DS-R1-1.5B,CSQA,1021,1,1,16,0.0625
DS-R1-1.5B,CSQA,1022,2,7,16,0.4375
DS-R1-1.5B,CSQA,1023,1,10,16,0.625
DS-R1-1.5B,CSQA,1025,1,5,16,0.3125
DS-R1-1.5B,CSQA,1026,2,2,16,0.125
DS-R1-1.5B,CSQA,1027,2,13,16,0.8125
DS-R1-1.5B,CSQA,1028,2,4,16,0.25
DS-R1-1.5B,CSQA,1031,1,4,16,0.25
DS-R1-1.5B,CSQA,1032,1,2,16,0.125
DS-R1-1.5B,CSQA,1034,3,12,16,0.75
DS-R1-1.5B,CSQA,1035,1,4,16,0.25
DS-R1-1.5B,CSQA,1036,5,15,16,0.9375
DS-R1-1.5B,CSQA,1037,1,8,16,0.5
DS-R1-1.5B,CSQA,1039,2,6,16,0.375
DS-R1-1.5B,CSQA,1040,4,0,16,0.0
DS-R1-1.5B,CSQA,1041,2,7,16,0.4375
DS-R1-1.5B,CSQA,1042,1,3,16,0.1875
DS-R1-1.5B,CSQA,1044,1,10,16,0.625
DS-R1-1.5B,CSQA,1045,2,12,16,0.75
DS-R1-1.5B,CSQA,1047,3,3,16,0.1875
DS-R1-1.5B,CSQA,1049,1,7,16,0.4375
DS-R1-1.5B,CSQA,1050,3,2,16,0.125
DS-R1-1.5B,CSQA,1051,2,1,16,0.0625
DS-R1-1.5B,CSQA,1052,2,10,16,0.625
DS-R1-1.5B,CSQA,1053,2,2,16,0.125
DS-R1-1.5B,CSQA,1054,3,3,16,0.1875
DS-R1-1.5B,CSQA,1056,3,10,16,0.625
DS-R1-1.5B,CSQA,1058,2,15,16,0.9375
DS-R1-1.5B,CSQA,1059,3,6,16,0.375
DS-R1-1.5B,CSQA,1061,5,15,16,0.9375
DS-R1-1.5B,CSQA,1062,2,0,16,0.0
DS-R1-1.5B,CSQA,1063,4,10,16,0.625
DS-R1-1.5B,CSQA,1064,2,5,16,0.3125
DS-R1-1.5B,CSQA,1065,1,1,16,0.0625
DS-R1-1.5B,CSQA,1066,2,14,16,0.875
DS-R1-1.5B,CSQA,1068,1,5,16,0.3125
DS-R1-1.5B,CSQA,1070,5,6,16,0.375
DS-R1-1.5B,CSQA,1071,2,5,16,0.3125
DS-R1-1.5B,CSQA,1072,1,15,16,0.9375
DS-R1-1.5B,CSQA,1073,1,0,16,0.0
DS-R1-1.5B,CSQA,1075,1,1,16,0.0625
DS-R1-1.5B,CSQA,1077,1,2,16,0.125
DS-R1-1.5B,CSQA,1078,2,10,16,0.625
DS-R1-1.5B,CSQA,1080,4,12,16,0.75
DS-R1-1.5B,CSQA,1081,5,11,16,0.6875
DS-R1-1.5B,CSQA,1082,2,8,16,0.5
DS-R1-1.5B,CSQA,1083,2,13,16,0.8125
DS-R1-1.5B,CSQA,1085,2,4,16,0.25
DS-R1-1.5B,CSQA,1086,1,1,16,0.0625
DS-R1-1.5B,CSQA,1087,4,15,16,0.9375
DS-R1-1.5B,CSQA,1089,5,8,16,0.5
DS-R1-1.5B,CSQA,1092,2,5,16,0.3125
DS-R1-1.5B,CSQA,1093,1,2,16,0.125
DS-R1-1.5B,CSQA,1094,2,4,16,0.25
DS-R1-1.5B,CSQA,1096,7,16,16,1.0
DS-R1-1.5B,CSQA,1097,1,12,16,0.75
DS-R1-1.5B,CSQA,1099,1,4,16,0.25
DS-R1-1.5B,CSQA,1100,2,6,16,0.375
DS-R1-1.5B,CSQA,1101,2,15,16,0.9375
DS-R1-1.5B,CSQA,1102,2,14,16,0.875
DS-R1-1.5B,CSQA,1103,1,2,16,0.125
DS-R1-1.5B,CSQA,1104,3,2,16,0.125
DS-R1-1.5B,CSQA,1106,1,8,16,0.5
DS-R1-1.5B,CSQA,1107,2,0,16,0.0
DS-R1-1.5B,CSQA,1108,3,15,16,0.9375
DS-R1-1.5B,CSQA,1109,1,0,16,0.0
DS-R1-1.5B,CSQA,1111,3,3,16,0.1875
DS-R1-1.5B,CSQA,1112,2,0,16,0.0
DS-R1-1.5B,CSQA,1113,2,4,16,0.25
DS-R1-1.5B,CSQA,1114,1,13,16,0.8125
DS-R1-1.5B,CSQA,1118,7,0,16,0.0
DS-R1-1.5B,CSQA,1121,2,12,16,0.75
DS-R1-1.5B,CSQA,1122,2,10,16,0.625
DS-R1-1.5B,CSQA,1123,5,4,16,0.25
DS-R1-1.5B,CSQA,1124,2,9,16,0.5625
DS-R1-1.5B,CSQA,1125,1,4,16,0.25
DS-R1-1.5B,CSQA,1126,1,4,16,0.25
DS-R1-1.5B,CSQA,1127,1,1,16,0.0625
DS-R1-1.5B,CSQA,1128,3,1,16,0.0625
DS-R1-1.5B,CSQA,1129,2,6,16,0.375
DS-R1-1.5B,CSQA,1131,1,0,16,0.0
DS-R1-1.5B,CSQA,1134,3,13,16,0.8125
DS-R1-1.5B,CSQA,1135,1,8,16,0.5
DS-R1-1.5B,CSQA,1139,2,4,16,0.25
DS-R1-1.5B,CSQA,1141,2,4,16,0.25
DS-R1-1.5B,CSQA,1142,1,2,16,0.125
DS-R1-1.5B,CSQA,1144,6,13,16,0.8125
DS-R1-1.5B,CSQA,1145,3,6,16,0.375
DS-R1-1.5B,CSQA,1146,4,0,16,0.0
DS-R1-1.5B,CSQA,1147,4,7,16,0.4375
DS-R1-1.5B,CSQA,1148,3,5,16,0.3125
DS-R1-1.5B,CSQA,1149,3,4,16,0.25
DS-R1-1.5B,CSQA,1150,2,3,16,0.1875
DS-R1-1.5B,CSQA,1151,5,0,16,0.0
DS-R1-1.5B,CSQA,1152,1,10,16,0.625
DS-R1-1.5B,CSQA,1153,2,2,16,0.125
DS-R1-1.5B,CSQA,1156,4,3,16,0.1875
DS-R1-1.5B,CSQA,1157,4,14,16,0.875
DS-R1-1.5B,CSQA,1160,3,8,16,0.5
DS-R1-1.5B,CSQA,1163,3,11,16,0.6875
DS-R1-1.5B,CSQA,1165,1,3,16,0.1875
DS-R1-1.5B,CSQA,1167,1,0,16,0.0
DS-R1-1.5B,CSQA,1168,2,11,16,0.6875
DS-R1-1.5B,CSQA,1169,3,5,16,0.3125
DS-R1-1.5B,CSQA,1171,1,7,16,0.4375
DS-R1-1.5B,CSQA,1172,3,3,16,0.1875
DS-R1-1.5B,CSQA,1173,2,4,16,0.25
DS-R1-1.5B,CSQA,1174,3,16,16,1.0
DS-R1-1.5B,CSQA,1176,2,13,16,0.8125
DS-R1-1.5B,CSQA,1177,2,7,16,0.4375
DS-R1-1.5B,CSQA,1179,1,4,16,0.25
DS-R1-1.5B,CSQA,1180,1,8,16,0.5
DS-R1-1.5B,CSQA,1181,3,7,16,0.4375
DS-R1-1.5B,CSQA,1184,1,9,16,0.5625
DS-R1-1.5B,CSQA,1185,1,8,16,0.5
DS-R1-1.5B,CSQA,1186,1,8,16,0.5
DS-R1-1.5B,CSQA,1188,1,6,16,0.375
DS-R1-1.5B,CSQA,1190,1,12,16,0.75
DS-R1-1.5B,CSQA,1191,2,0,16,0.0
DS-R1-1.5B,CSQA,1192,1,6,16,0.375
DS-R1-1.5B,CSQA,1193,2,11,16,0.6875
DS-R1-1.5B,CSQA,1194,1,3,16,0.1875
DS-R1-1.5B,CSQA,1195,2,7,16,0.4375
DS-R1-1.5B,CSQA,1196,1,10,16,0.625
DS-R1-1.5B,CSQA,1197,3,4,16,0.25
DS-R1-1.5B,CSQA,1198,2,12,16,0.75
DS-R1-1.5B,CSQA,1199,1,3,16,0.1875
DS-R1-1.5B,CSQA,1201,2,10,16,0.625
DS-R1-1.5B,CSQA,1202,5,6,16,0.375
DS-R1-1.5B,CSQA,1205,2,12,16,0.75
DS-R1-1.5B,CSQA,1206,2,0,16,0.0
DS-R1-1.5B,CSQA,1207,4,13,16,0.8125
DS-R1-1.5B,CSQA,1208,5,1,16,0.0625
DS-R1-1.5B,CSQA,1209,2,3,16,0.1875
DS-R1-1.5B,CSQA,1210,1,4,16,0.25
DS-R1-1.5B,CSQA,1211,4,1,16,0.0625
DS-R1-1.5B,CSQA,1213,1,7,16,0.4375
DS-R1-1.5B,CSQA,1214,2,5,16,0.3125
DS-R1-1.5B,CSQA,1215,3,8,16,0.5
DS-R1-1.5B,CSQA,1216,1,9,16,0.5625
DS-R1-1.5B,CSQA,1217,2,10,16,0.625
DS-R1-1.5B,CSQA,1218,1,9,16,0.5625
DS-R1-1.5B,CSQA,1220,3,13,16,0.8125
DS-R1-1.5B,GPQA,1,12,1,16,0.0625
DS-R1-1.5B,GPQA,3,2,8,16,0.5
DS-R1-1.5B,GPQA,4,1,7,16,0.4375
DS-R1-1.5B,GPQA,7,6,9,16,0.5625
DS-R1-1.5B,GPQA,11,6,10,16,0.625
DS-R1-1.5B,GPQA,12,5,6,16,0.375
DS-R1-1.5B,GPQA,13,3,5,16,0.3125
DS-R1-1.5B,GPQA,15,1,8,16,0.5
DS-R1-1.5B,GPQA,18,4,6,16,0.375
DS-R1-1.5B,GPQA,21,8,6,16,0.375
DS-R1-1.5B,GPQA,22,5,4,16,0.25
DS-R1-1.5B,GPQA,29,3,0,16,0.0
DS-R1-1.5B,GPQA,32,6,4,16,0.25
DS-R1-1.5B,GPQA,33,2,8,16,0.5
DS-R1-1.5B,GPQA,38,2,6,16,0.375
DS-R1-1.5B,GPQA,45,1,8,16,0.5
DS-R1-1.5B,GPQA,46,8,4,16,0.25
DS-R1-1.5B,GPQA,50,2,9,16,0.5625
DS-R1-1.5B,GPQA,51,1,14,16,0.875
DS-R1-1.5B,GPQA,52,13,14,16,0.875
DS-R1-1.5B,GPQA,54,4,5,16,0.3125
DS-R1-1.5B,GPQA,58,1,12,16,0.75
DS-R1-1.5B,GPQA,63,1,8,16,0.5
DS-R1-1.5B,GPQA,68,2,4,16,0.25
DS-R1-1.5B,GPQA,70,1,5,16,0.3125
DS-R1-1.5B,GPQA,72,2,4,16,0.25
DS-R1-1.5B,GPQA,73,1,2,16,0.125
DS-R1-1.5B,GPQA,75,5,1,16,0.0625
DS-R1-1.5B,GPQA,76,5,9,16,0.5625
DS-R1-1.5B,GPQA,77,9,12,16,0.75
DS-R1-1.5B,GPQA,80,7,9,16,0.5625
DS-R1-1.5B,GPQA,81,2,8,16,0.5
DS-R1-1.5B,GPQA,83,11,8,16,0.5
DS-R1-1.5B,GPQA,84,10,3,16,0.1875
DS-R1-1.5B,GPQA,87,5,4,16,0.25
DS-R1-1.5B,GPQA,90,9,3,16,0.1875
DS-R1-1.5B,GPQA,91,1,7,16,0.4375
DS-R1-1.5B,GPQA,97,1,14,16,0.875
DS-R1-1.5B,GPQA,102,1,3,16,0.1875
DS-R1-1.5B,GPQA,104,3,11,16,0.6875
DS-R1-1.5B,GPQA,109,7,9,16,0.5625
DS-R1-1.5B,GPQA,110,2,6,16,0.375
DS-R1-1.5B,GPQA,111,3,9,16,0.5625
DS-R1-1.5B,GPQA,112,2,9,16,0.5625
DS-R1-1.5B,GPQA,114,11,4,16,0.25
DS-R1-1.5B,GPQA,117,1,7,16,0.4375
DS-R1-1.5B,GPQA,120,14,8,16,0.5
DS-R1-1.5B,GPQA,122,1,5,16,0.3125
DS-R1-1.5B,GPQA,123,1,9,16,0.5625
DS-R1-1.5B,GPQA,124,3,6,16,0.375
DS-R1-1.5B,GPQA,125,11,10,16,0.625
DS-R1-1.5B,GPQA,133,2,6,16,0.375
DS-R1-1.5B,GPQA,136,1,4,16,0.25
DS-R1-1.5B,GPQA,137,6,0,16,0.0
DS-R1-1.5B,GPQA,140,2,9,16,0.5625
DS-R1-1.5B,GPQA,143,3,13,16,0.8125
DS-R1-1.5B,GPQA,145,3,4,16,0.25
DS-R1-1.5B,GPQA,147,10,7,16,0.4375
DS-R1-1.5B,GPQA,149,5,4,16,0.25
DS-R1-1.5B,GPQA,152,2,8,16,0.5
DS-R1-1.5B,GPQA,157,1,3,16,0.1875
DS-R1-1.5B,GPQA,159,4,9,16,0.5625
DS-R1-1.5B,GPQA,161,1,5,16,0.3125
DS-R1-1.5B,GPQA,163,9,6,16,0.375
DS-R1-1.5B,GPQA,166,1,8,16,0.5
DS-R1-1.5B,GPQA,168,1,6,16,0.375
DS-R1-1.5B,GPQA,171,6,4,16,0.25
DS-R1-1.5B,GPQA,172,1,7,16,0.4375
DS-R1-1.5B,GPQA,173,1,8,16,0.5
DS-R1-1.5B,GPQA,177,1,7,16,0.4375
DS-R1-1.5B,GPQA,178,6,12,16,0.75
DS-R1-1.5B,GPQA,179,3,9,16,0.5625
DS-R1-1.5B,GPQA,182,1,3,16,0.1875
DS-R1-1.5B,GPQA,183,1,6,16,0.375
DS-R1-1.5B,GPQA,184,1,1,16,0.0625
DS-R1-1.5B,GPQA,185,4,2,16,0.125
DS-R1-1.5B,GPQA,186,6,1,16,0.0625
DS-R1-1.5B,GPQA,187,14,9,16,0.5625
DS-R1-1.5B,GPQA,188,6,6,16,0.375
DS-R1-1.5B,GPQA,189,11,8,16,0.5
DS-R1-1.5B,GPQA,193,2,7,16,0.4375
DS-R1-1.5B,GPQA,195,3,8,16,0.5
DS-R1-1.5B,GPQA,197,5,6,16,0.375
DS-R1-1.5B,GPQA,199,4,11,16,0.6875
DS-R1-1.5B,GPQA,201,3,3,16,0.1875
DS-R1-1.5B,GPQA,203,2,2,16,0.125
DS-R1-1.5B,GPQA,205,4,1,16,0.0625
DS-R1-1.5B,GPQA,206,6,5,16,0.3125
DS-R1-1.5B,GPQA,208,1,4,16,0.25
DS-R1-1.5B,GPQA,217,1,2,16,0.125
DS-R1-1.5B,GPQA,219,7,5,16,0.3125
DS-R1-1.5B,GPQA,220,4,0,16,0.0
DS-R1-1.5B,GPQA,222,8,4,16,0.25
DS-R1-1.5B,GPQA,225,2,5,16,0.3125
DS-R1-1.5B,GPQA,227,1,9,16,0.5625
DS-R1-1.5B,GPQA,228,5,9,16,0.5625
DS-R1-1.5B,GPQA,229,4,5,16,0.3125
DS-R1-1.5B,GPQA,230,5,3,16,0.1875
DS-R1-1.5B,GPQA,232,1,10,16,0.625
DS-R1-1.5B,GPQA,233,1,0,16,0.0
DS-R1-1.5B,GPQA,235,11,5,16,0.3125
DS-R1-1.5B,GPQA,236,2,10,16,0.625
DS-R1-1.5B,GPQA,241,1,3,16,0.1875
DS-R1-1.5B,GPQA,245,1,3,16,0.1875
DS-R1-1.5B,GPQA,247,6,4,16,0.25
DS-R1-1.5B,GPQA,248,1,8,16,0.5
DS-R1-1.5B,GPQA,253,1,5,16,0.3125
DS-R1-1.5B,GPQA,255,1,5,16,0.3125
DS-R1-1.5B,GPQA,259,2,6,16,0.375
DS-R1-1.5B,GPQA,265,3,8,16,0.5
DS-R1-1.5B,GPQA,266,3,8,16,0.5
DS-R1-1.5B,GPQA,274,1,5,16,0.3125
DS-R1-1.5B,GPQA,275,3,4,16,0.25
DS-R1-1.5B,GPQA,277,3,5,16,0.3125
DS-R1-1.5B,GPQA,279,10,4,16,0.25
DS-R1-1.5B,GPQA,282,1,1,16,0.0625
DS-R1-1.5B,GPQA,283,5,2,16,0.125
DS-R1-1.5B,GPQA,287,2,8,16,0.5
DS-R1-1.5B,GPQA,288,1,13,16,0.8125
DS-R1-1.5B,GPQA,289,1,8,16,0.5
DS-R1-1.5B,GPQA,291,3,5,16,0.3125
DS-R1-1.5B,GPQA,293,8,5,16,0.3125
DS-R1-1.5B,GPQA,295,12,15,16,0.9375
DS-R1-1.5B,GPQA,297,2,15,16,0.9375
DS-R1-1.5B,GPQA,301,3,0,16,0.0
DS-R1-1.5B,GPQA,305,1,5,16,0.3125
DS-R1-1.5B,GPQA,307,3,8,16,0.5
DS-R1-1.5B,GPQA,315,6,8,16,0.5
DS-R1-1.5B,GPQA,318,1,5,16,0.3125
DS-R1-1.5B,GPQA,322,7,7,16,0.4375
DS-R1-1.5B,GPQA,324,2,6,16,0.375
DS-R1-1.5B,GPQA,326,14,4,16,0.25
DS-R1-1.5B,GPQA,331,1,9,16,0.5625
DS-R1-1.5B,GPQA,332,12,10,16,0.625
DS-R1-1.5B,GPQA,333,3,4,16,0.25
DS-R1-1.5B,GPQA,334,1,6,16,0.375
DS-R1-1.5B,GPQA,335,4,3,16,0.1875
DS-R1-1.5B,GPQA,337,5,7,16,0.4375
DS-R1-1.5B,GPQA,338,1,1,16,0.0625
DS-R1-1.5B,GPQA,339,4,10,16,0.625
DS-R1-1.5B,GPQA,342,1,9,16,0.5625
DS-R1-1.5B,GPQA,344,8,8,16,0.5
DS-R1-1.5B,GPQA,355,9,9,16,0.5625
DS-R1-1.5B,GPQA,356,1,3,16,0.1875
DS-R1-1.5B,GPQA,357,1,6,16,0.375
DS-R1-1.5B,GPQA,361,2,6,16,0.375
DS-R1-1.5B,GPQA,362,6,5,16,0.3125
DS-R1-1.5B,GPQA,363,1,6,16,0.375
DS-R1-1.5B,GPQA,364,8,6,16,0.375
DS-R1-1.5B,GPQA,365,2,4,16,0.25
DS-R1-1.5B,GPQA,370,1,6,16,0.375
DS-R1-1.5B,GPQA,375,3,5,16,0.3125
DS-R1-1.5B,GPQA,376,1,6,16,0.375
DS-R1-1.5B,GPQA,379,1,7,16,0.4375
DS-R1-1.5B,GPQA,380,1,7,16,0.4375
DS-R1-1.5B,GPQA,382,2,5,16,0.3125
DS-R1-1.5B,GPQA,387,8,2,16,0.125
DS-R1-1.5B,GPQA,393,4,3,16,0.1875
DS-R1-1.5B,GPQA,394,1,6,16,0.375
DS-R1-1.5B,GPQA,399,6,6,16,0.375
DS-R1-1.5B,GPQA,401,1,7,16,0.4375
DS-R1-1.5B,GPQA,402,4,2,16,0.125
DS-R1-1.5B,GPQA,403,10,2,16,0.125
DS-R1-1.5B,GPQA,405,1,5,16,0.3125
DS-R1-1.5B,GPQA,407,1,1,16,0.0625
DS-R1-1.5B,GPQA,408,4,8,16,0.5
DS-R1-1.5B,GPQA,411,6,8,16,0.5
DS-R1-1.5B,GPQA,418,9,7,16,0.4375
DS-R1-1.5B,GPQA,421,3,11,16,0.6875
DS-R1-1.5B,GPQA,422,2,12,16,0.75
DS-R1-1.5B,GPQA,423,4,4,16,0.25
DS-R1-1.5B,GPQA,424,1,7,16,0.4375
DS-R1-1.5B,GPQA,432,12,1,16,0.0625
DS-R1-1.5B,GPQA,438,9,3,16,0.1875
DS-R1-1.5B,GPQA,439,11,3,16,0.1875
DS-R1-1.5B,GPQA,440,1,7,16,0.4375
DS-R1-1.5B,GPQA,442,7,7,16,0.4375
DS-R1-1.5B,GPQA,445,1,7,16,0.4375
DS-R1-1.5B,GPQA,446,1,4,16,0.25
DS-R1-1.5B,GSM8K,3,2,1,16,0.0625
DS-R1-1.5B,GSM8K,6,4,16,16,1.0
DS-R1-1.5B,GSM8K,9,3,16,16,1.0
DS-R1-1.5B,GSM8K,10,6,15,16,0.9375
DS-R1-1.5B,GSM8K,11,5,16,16,1.0
DS-R1-1.5B,GSM8K,14,1,13,16,0.8125
DS-R1-1.5B,GSM8K,17,1,12,16,0.75
DS-R1-1.5B,GSM8K,18,1,15,16,0.9375
DS-R1-1.5B,GSM8K,22,2,15,16,0.9375
DS-R1-1.5B,GSM8K,23,2,15,16,0.9375
DS-R1-1.5B,GSM8K,25,1,16,16,1.0
DS-R1-1.5B,GSM8K,26,6,15,16,0.9375
DS-R1-1.5B,GSM8K,27,1,15,16,0.9375
DS-R1-1.5B,GSM8K,31,1,15,16,0.9375
DS-R1-1.5B,GSM8K,33,8,16,16,1.0
DS-R1-1.5B,GSM8K,34,3,16,16,1.0
DS-R1-1.5B,GSM8K,39,5,15,16,0.9375
DS-R1-1.5B,GSM8K,42,5,16,16,1.0
DS-R1-1.5B,GSM8K,44,1,10,16,0.625
DS-R1-1.5B,GSM8K,45,2,16,16,1.0
DS-R1-1.5B,GSM8K,47,1,15,16,0.9375
DS-R1-1.5B,GSM8K,49,7,16,16,1.0
DS-R1-1.5B,GSM8K,53,2,16,16,1.0
DS-R1-1.5B,GSM8K,55,1,16,16,1.0
DS-R1-1.5B,GSM8K,56,1,14,16,0.875
DS-R1-1.5B,GSM8K,57,2,11,16,0.6875
DS-R1-1.5B,GSM8K,59,1,13,16,0.8125
DS-R1-1.5B,GSM8K,63,1,14,16,0.875
DS-R1-1.5B,GSM8K,65,2,11,16,0.6875
DS-R1-1.5B,GSM8K,67,3,15,16,0.9375
DS-R1-1.5B,GSM8K,68,6,16,16,1.0
DS-R1-1.5B,GSM8K,70,1,9,16,0.5625
DS-R1-1.5B,GSM8K,72,4,16,16,1.0
DS-R1-1.5B,GSM8K,74,1,7,16,0.4375
DS-R1-1.5B,GSM8K,75,2,7,16,0.4375
DS-R1-1.5B,GSM8K,76,2,13,16,0.8125
DS-R1-1.5B,GSM8K,77,3,16,16,1.0
DS-R1-1.5B,GSM8K,80,2,16,16,1.0
DS-R1-1.5B,GSM8K,81,2,16,16,1.0
DS-R1-1.5B,GSM8K,82,5,16,16,1.0
DS-R1-1.5B,GSM8K,83,2,15,16,0.9375
DS-R1-1.5B,GSM8K,84,3,15,16,0.9375
DS-R1-1.5B,GSM8K,88,1,16,16,1.0
DS-R1-1.5B,GSM8K,90,3,16,16,1.0
DS-R1-1.5B,GSM8K,91,6,16,16,1.0
DS-R1-1.5B,GSM8K,95,5,15,16,0.9375
DS-R1-1.5B,GSM8K,96,3,14,16,0.875
DS-R1-1.5B,GSM8K,99,1,14,16,0.875
DS-R1-1.5B,GSM8K,101,2,11,16,0.6875
DS-R1-1.5B,GSM8K,103,1,16,16,1.0
DS-R1-1.5B,GSM8K,104,1,14,16,0.875
DS-R1-1.5B,GSM8K,105,1,16,16,1.0
DS-R1-1.5B,GSM8K,106,1,11,16,0.6875
DS-R1-1.5B,GSM8K,108,2,15,16,0.9375
DS-R1-1.5B,GSM8K,109,3,14,16,0.875
DS-R1-1.5B,GSM8K,113,2,15,16,0.9375
DS-R1-1.5B,GSM8K,114,2,10,16,0.625
DS-R1-1.5B,GSM8K,115,3,9,16,0.5625
DS-R1-1.5B,GSM8K,118,2,16,16,1.0
DS-R1-1.5B,GSM8K,120,3,13,16,0.8125
DS-R1-1.5B,GSM8K,121,4,14,16,0.875
DS-R1-1.5B,GSM8K,123,3,15,16,0.9375
DS-R1-1.5B,GSM8K,126,4,16,16,1.0
DS-R1-1.5B,GSM8K,127,4,16,16,1.0
DS-R1-1.5B,GSM8K,128,2,16,16,1.0
DS-R1-1.5B,GSM8K,131,1,15,16,0.9375
DS-R1-1.5B,GSM8K,132,3,16,16,1.0
DS-R1-1.5B,GSM8K,134,3,16,16,1.0
DS-R1-1.5B,GSM8K,135,1,16,16,1.0
DS-R1-1.5B,GSM8K,136,1,16,16,1.0
DS-R1-1.5B,GSM8K,137,2,14,16,0.875
DS-R1-1.5B,GSM8K,138,3,15,16,0.9375
DS-R1-1.5B,GSM8K,139,4,13,16,0.8125
DS-R1-1.5B,GSM8K,140,2,15,16,0.9375
DS-R1-1.5B,GSM8K,141,1,15,16,0.9375
DS-R1-1.5B,GSM8K,142,1,13,16,0.8125
DS-R1-1.5B,GSM8K,144,1,13,16,0.8125
DS-R1-1.5B,GSM8K,145,1,10,16,0.625
DS-R1-1.5B,GSM8K,151,1,13,16,0.8125
DS-R1-1.5B,GSM8K,152,8,16,16,1.0
DS-R1-1.5B,GSM8K,155,2,16,16,1.0
DS-R1-1.5B,GSM8K,156,2,8,16,0.5
DS-R1-1.5B,GSM8K,158,1,16,16,1.0
DS-R1-1.5B,GSM8K,159,2,0,16,0.0
DS-R1-1.5B,GSM8K,160,4,16,16,1.0
DS-R1-1.5B,GSM8K,162,2,1,16,0.0625
DS-R1-1.5B,GSM8K,167,5,16,16,1.0
DS-R1-1.5B,GSM8K,168,1,16,16,1.0
DS-R1-1.5B,GSM8K,170,1,15,16,0.9375
DS-R1-1.5B,GSM8K,171,7,10,16,0.625
DS-R1-1.5B,GSM8K,172,4,11,16,0.6875
DS-R1-1.5B,GSM8K,173,2,15,16,0.9375
DS-R1-1.5B,GSM8K,176,3,15,16,0.9375
DS-R1-1.5B,GSM8K,177,2,7,16,0.4375
DS-R1-1.5B,GSM8K,178,4,15,16,0.9375
DS-R1-1.5B,GSM8K,179,2,16,16,1.0
DS-R1-1.5B,GSM8K,180,4,15,16,0.9375
DS-R1-1.5B,GSM8K,184,1,7,16,0.4375
DS-R1-1.5B,GSM8K,185,1,14,16,0.875
DS-R1-1.5B,GSM8K,187,1,1,16,0.0625
DS-R1-1.5B,GSM8K,189,1,12,16,0.75
DS-R1-1.5B,GSM8K,195,6,16,16,1.0
DS-R1-1.5B,GSM8K,197,3,13,16,0.8125
DS-R1-1.5B,GSM8K,198,1,13,16,0.8125
DS-R1-1.5B,GSM8K,200,2,15,16,0.9375
DS-R1-1.5B,GSM8K,204,1,16,16,1.0
DS-R1-1.5B,GSM8K,206,2,12,16,0.75
DS-R1-1.5B,GSM8K,207,10,16,16,1.0
DS-R1-1.5B,GSM8K,208,4,15,16,0.9375
DS-R1-1.5B,GSM8K,211,4,15,16,0.9375
DS-R1-1.5B,GSM8K,212,5,16,16,1.0
DS-R1-1.5B,GSM8K,213,1,13,16,0.8125
DS-R1-1.5B,GSM8K,215,3,15,16,0.9375
DS-R1-1.5B,GSM8K,216,5,13,16,0.8125
DS-R1-1.5B,GSM8K,217,4,14,16,0.875
DS-R1-1.5B,GSM8K,218,3,16,16,1.0
DS-R1-1.5B,GSM8K,219,2,14,16,0.875
DS-R1-1.5B,GSM8K,220,1,16,16,1.0
DS-R1-1.5B,GSM8K,221,2,14,16,0.875
DS-R1-1.5B,GSM8K,222,2,15,16,0.9375
DS-R1-1.5B,GSM8K,223,4,16,16,1.0
DS-R1-1.5B,GSM8K,226,2,6,16,0.375
DS-R1-1.5B,GSM8K,230,6,14,16,0.875
DS-R1-1.5B,GSM8K,232,3,16,16,1.0
DS-R1-1.5B,GSM8K,233,1,15,16,0.9375
DS-R1-1.5B,GSM8K,235,2,16,16,1.0
DS-R1-1.5B,GSM8K,237,1,14,16,0.875
DS-R1-1.5B,GSM8K,238,3,16,16,1.0
DS-R1-1.5B,GSM8K,239,1,12,16,0.75
DS-R1-1.5B,GSM8K,240,8,16,16,1.0
DS-R1-1.5B,GSM8K,246,2,10,16,0.625
DS-R1-1.5B,GSM8K,248,3,15,16,0.9375
DS-R1-1.5B,GSM8K,249,6,16,16,1.0
DS-R1-1.5B,GSM8K,250,3,10,16,0.625
DS-R1-1.5B,GSM8K,251,3,16,16,1.0
DS-R1-1.5B,GSM8K,254,1,16,16,1.0
DS-R1-1.5B,GSM8K,255,1,3,16,0.1875
DS-R1-1.5B,GSM8K,256,4,15,16,0.9375
DS-R1-1.5B,GSM8K,257,1,9,16,0.5625
DS-R1-1.5B,GSM8K,259,2,13,16,0.8125
DS-R1-1.5B,GSM8K,260,2,14,16,0.875
DS-R1-1.5B,GSM8K,262,4,15,16,0.9375
DS-R1-1.5B,GSM8K,263,6,16,16,1.0
DS-R1-1.5B,GSM8K,264,3,15,16,0.9375
DS-R1-1.5B,GSM8K,265,6,13,16,0.8125
DS-R1-1.5B,GSM8K,266,5,9,16,0.5625
DS-R1-1.5B,GSM8K,267,1,0,16,0.0
DS-R1-1.5B,GSM8K,268,2,16,16,1.0
DS-R1-1.5B,GSM8K,269,5,15,16,0.9375
DS-R1-1.5B,GSM8K,270,5,16,16,1.0
DS-R1-1.5B,GSM8K,271,2,13,16,0.8125
DS-R1-1.5B,GSM8K,274,6,16,16,1.0
DS-R1-1.5B,GSM8K,275,1,4,16,0.25
DS-R1-1.5B,GSM8K,276,1,14,16,0.875
DS-R1-1.5B,GSM8K,277,5,16,16,1.0
DS-R1-1.5B,GSM8K,278,2,15,16,0.9375
DS-R1-1.5B,GSM8K,279,1,13,16,0.8125
DS-R1-1.5B,GSM8K,280,8,15,16,0.9375
DS-R1-1.5B,GSM8K,281,1,16,16,1.0
DS-R1-1.5B,GSM8K,282,5,6,16,0.375
DS-R1-1.5B,GSM8K,283,1,13,16,0.8125
DS-R1-1.5B,GSM8K,284,6,11,16,0.6875
DS-R1-1.5B,GSM8K,285,4,13,16,0.8125
DS-R1-1.5B,GSM8K,286,5,16,16,1.0
DS-R1-1.5B,GSM8K,287,2,15,16,0.9375
DS-R1-1.5B,GSM8K,288,2,13,16,0.8125
DS-R1-1.5B,GSM8K,289,2,13,16,0.8125
DS-R1-1.5B,GSM8K,290,1,14,16,0.875
DS-R1-1.5B,GSM8K,291,2,16,16,1.0
DS-R1-1.5B,GSM8K,294,1,16,16,1.0
DS-R1-1.5B,GSM8K,295,4,12,16,0.75
DS-R1-1.5B,GSM8K,296,1,12,16,0.75
DS-R1-1.5B,GSM8K,299,1,2,16,0.125
DS-R1-1.5B,GSM8K,300,1,10,16,0.625
DS-R1-1.5B,GSM8K,302,1,15,16,0.9375
DS-R1-1.5B,GSM8K,304,1,4,16,0.25
DS-R1-1.5B,GSM8K,306,5,11,16,0.6875
DS-R1-1.5B,GSM8K,307,1,0,16,0.0
DS-R1-1.5B,GSM8K,311,2,15,16,0.9375
DS-R1-1.5B,GSM8K,312,3,14,16,0.875
DS-R1-1.5B,GSM8K,314,2,15,16,0.9375
DS-R1-1.5B,GSM8K,315,1,9,16,0.5625
DS-R1-1.5B,GSM8K,316,1,13,16,0.8125
DS-R1-1.5B,GSM8K,318,4,14,16,0.875
DS-R1-1.5B,GSM8K,320,1,12,16,0.75
DS-R1-1.5B,GSM8K,321,2,15,16,0.9375
DS-R1-1.5B,GSM8K,322,2,11,16,0.6875
DS-R1-1.5B,GSM8K,325,5,15,16,0.9375
DS-R1-1.5B,GSM8K,326,1,15,16,0.9375
DS-R1-1.5B,GSM8K,327,4,14,16,0.875
DS-R1-1.5B,GSM8K,329,5,16,16,1.0
DS-R1-1.5B,GSM8K,331,6,15,16,0.9375
DS-R1-1.5B,GSM8K,332,2,16,16,1.0
DS-R1-1.5B,GSM8K,333,4,14,16,0.875
DS-R1-1.5B,GSM8K,335,3,15,16,0.9375
DS-R1-1.5B,GSM8K,336,3,16,16,1.0
DS-R1-1.5B,GSM8K,337,3,7,16,0.4375
DS-R1-1.5B,GSM8K,338,2,15,16,0.9375
DS-R1-1.5B,GSM8K,339,2,15,16,0.9375
DS-R1-1.5B,GSM8K,341,2,8,16,0.5
DS-R1-1.5B,GSM8K,342,1,15,16,0.9375
DS-R1-1.5B,GSM8K,344,1,16,16,1.0
DS-R1-1.5B,GSM8K,345,6,16,16,1.0
DS-R1-1.5B,GSM8K,347,2,16,16,1.0
DS-R1-1.5B,GSM8K,348,1,13,16,0.8125
DS-R1-1.5B,GSM8K,349,1,6,16,0.375
DS-R1-1.5B,GSM8K,354,1,14,16,0.875
DS-R1-1.5B,GSM8K,355,1,16,16,1.0
DS-R1-1.5B,GSM8K,358,1,14,16,0.875
DS-R1-1.5B,GSM8K,359,1,14,16,0.875
DS-R1-1.5B,GSM8K,362,1,7,16,0.4375
DS-R1-1.5B,GSM8K,364,2,11,16,0.6875
DS-R1-1.5B,GSM8K,365,4,16,16,1.0
DS-R1-1.5B,GSM8K,368,1,0,16,0.0
DS-R1-1.5B,GSM8K,373,1,13,16,0.8125
DS-R1-1.5B,GSM8K,375,1,16,16,1.0
DS-R1-1.5B,GSM8K,376,2,16,16,1.0
DS-R1-1.5B,GSM8K,377,1,16,16,1.0
DS-R1-1.5B,GSM8K,379,1,16,16,1.0
DS-R1-1.5B,GSM8K,380,2,3,16,0.1875
DS-R1-1.5B,GSM8K,381,6,15,16,0.9375
DS-R1-1.5B,GSM8K,382,1,14,16,0.875
DS-R1-1.5B,GSM8K,384,1,15,16,0.9375
DS-R1-1.5B,GSM8K,386,1,14,16,0.875
DS-R1-1.5B,GSM8K,387,4,16,16,1.0
DS-R1-1.5B,GSM8K,388,2,15,16,0.9375
DS-R1-1.5B,GSM8K,391,4,16,16,1.0
DS-R1-1.5B,GSM8K,396,2,14,16,0.875
DS-R1-1.5B,GSM8K,397,2,16,16,1.0
DS-R1-1.5B,GSM8K,398,4,5,16,0.3125
DS-R1-1.5B,GSM8K,400,1,15,16,0.9375
DS-R1-1.5B,GSM8K,401,2,14,16,0.875
DS-R1-1.5B,GSM8K,402,2,13,16,0.8125
DS-R1-1.5B,GSM8K,403,1,0,16,0.0
DS-R1-1.5B,GSM8K,404,3,11,16,0.6875
DS-R1-1.5B,GSM8K,405,6,13,16,0.8125
DS-R1-1.5B,GSM8K,411,2,14,16,0.875
DS-R1-1.5B,GSM8K,412,1,14,16,0.875
DS-R1-1.5B,GSM8K,416,1,15,16,0.9375
DS-R1-1.5B,GSM8K,417,2,9,16,0.5625
DS-R1-1.5B,GSM8K,418,1,15,16,0.9375
DS-R1-1.5B,GSM8K,419,2,13,16,0.8125
DS-R1-1.5B,GSM8K,421,2,16,16,1.0
DS-R1-1.5B,GSM8K,422,1,1,16,0.0625
DS-R1-1.5B,GSM8K,423,1,1,16,0.0625
DS-R1-1.5B,GSM8K,424,4,16,16,1.0
DS-R1-1.5B,GSM8K,431,2,16,16,1.0
DS-R1-1.5B,GSM8K,432,3,16,16,1.0
DS-R1-1.5B,GSM8K,433,2,15,16,0.9375
DS-R1-1.5B,GSM8K,435,4,15,16,0.9375
DS-R1-1.5B,GSM8K,436,1,14,16,0.875
DS-R1-1.5B,GSM8K,437,2,14,16,0.875
DS-R1-1.5B,GSM8K,438,1,12,16,0.75
DS-R1-1.5B,GSM8K,440,2,15,16,0.9375
DS-R1-1.5B,GSM8K,441,6,15,16,0.9375
DS-R1-1.5B,GSM8K,444,4,16,16,1.0
DS-R1-1.5B,GSM8K,445,3,16,16,1.0
DS-R1-1.5B,GSM8K,446,2,16,16,1.0
DS-R1-1.5B,GSM8K,449,1,16,16,1.0
DS-R1-1.5B,GSM8K,452,10,16,16,1.0
DS-R1-1.5B,GSM8K,455,4,15,16,0.9375
DS-R1-1.5B,GSM8K,456,2,16,16,1.0
DS-R1-1.5B,GSM8K,458,6,15,16,0.9375
DS-R1-1.5B,GSM8K,459,1,11,16,0.6875
DS-R1-1.5B,GSM8K,461,1,16,16,1.0
DS-R1-1.5B,GSM8K,462,2,15,16,0.9375
DS-R1-1.5B,GSM8K,465,6,16,16,1.0
DS-R1-1.5B,GSM8K,466,4,13,16,0.8125
DS-R1-1.5B,GSM8K,467,1,4,16,0.25
DS-R1-1.5B,GSM8K,468,3,10,16,0.625
DS-R1-1.5B,GSM8K,469,4,16,16,1.0
DS-R1-1.5B,GSM8K,470,2,14,16,0.875
DS-R1-1.5B,GSM8K,471,6,15,16,0.9375
DS-R1-1.5B,GSM8K,476,2,16,16,1.0
DS-R1-1.5B,GSM8K,477,2,16,16,1.0
DS-R1-1.5B,GSM8K,478,6,15,16,0.9375
DS-R1-1.5B,GSM8K,479,2,12,16,0.75
DS-R1-1.5B,GSM8K,480,2,14,16,0.875
DS-R1-1.5B,GSM8K,481,1,15,16,0.9375
DS-R1-1.5B,GSM8K,482,3,16,16,1.0
DS-R1-1.5B,GSM8K,483,2,14,16,0.875
DS-R1-1.5B,GSM8K,484,2,15,16,0.9375
DS-R1-1.5B,GSM8K,486,2,16,16,1.0
DS-R1-1.5B,GSM8K,488,4,16,16,1.0
DS-R1-1.5B,GSM8K,489,1,15,16,0.9375
DS-R1-1.5B,GSM8K,490,2,15,16,0.9375
DS-R1-1.5B,GSM8K,491,1,16,16,1.0
DS-R1-1.5B,GSM8K,492,3,16,16,1.0
DS-R1-1.5B,GSM8K,495,1,14,16,0.875
DS-R1-1.5B,GSM8K,497,2,13,16,0.8125
DS-R1-1.5B,GSM8K,498,5,16,16,1.0
DS-R1-1.5B,GSM8K,500,2,15,16,0.9375
DS-R1-1.5B,GSM8K,501,1,16,16,1.0
DS-R1-1.5B,GSM8K,503,5,16,16,1.0
DS-R1-1.5B,GSM8K,506,1,7,16,0.4375
DS-R1-1.5B,GSM8K,508,1,14,16,0.875
DS-R1-1.5B,GSM8K,512,1,14,16,0.875
DS-R1-1.5B,GSM8K,513,6,11,16,0.6875
DS-R1-1.5B,GSM8K,514,4,15,16,0.9375
DS-R1-1.5B,GSM8K,515,1,2,16,0.125
DS-R1-1.5B,GSM8K,517,3,12,16,0.75
DS-R1-1.5B,GSM8K,518,1,15,16,0.9375
DS-R1-1.5B,GSM8K,519,1,16,16,1.0
DS-R1-1.5B,GSM8K,521,2,16,16,1.0
DS-R1-1.5B,GSM8K,522,1,15,16,0.9375
DS-R1-1.5B,GSM8K,523,3,11,16,0.6875
DS-R1-1.5B,GSM8K,524,5,16,16,1.0
DS-R1-1.5B,GSM8K,527,1,15,16,0.9375
DS-R1-1.5B,GSM8K,528,1,6,16,0.375
DS-R1-1.5B,GSM8K,532,1,10,16,0.625
DS-R1-1.5B,GSM8K,533,1,14,16,0.875
DS-R1-1.5B,GSM8K,535,1,16,16,1.0
DS-R1-1.5B,GSM8K,536,7,16,16,1.0
DS-R1-1.5B,GSM8K,537,4,15,16,0.9375
DS-R1-1.5B,GSM8K,542,6,14,16,0.875
DS-R1-1.5B,GSM8K,543,4,16,16,1.0
DS-R1-1.5B,GSM8K,547,2,10,16,0.625
DS-R1-1.5B,GSM8K,550,7,13,16,0.8125
DS-R1-1.5B,GSM8K,551,4,15,16,0.9375
DS-R1-1.5B,GSM8K,552,1,10,16,0.625
DS-R1-1.5B,GSM8K,553,2,16,16,1.0
DS-R1-1.5B,GSM8K,554,2,14,16,0.875
DS-R1-1.5B,GSM8K,555,2,16,16,1.0
DS-R1-1.5B,GSM8K,557,3,15,16,0.9375
DS-R1-1.5B,GSM8K,558,4,15,16,0.9375
DS-R1-1.5B,GSM8K,560,8,16,16,1.0
DS-R1-1.5B,GSM8K,561,4,15,16,0.9375
DS-R1-1.5B,GSM8K,563,2,8,16,0.5
DS-R1-1.5B,GSM8K,565,2,16,16,1.0
DS-R1-1.5B,GSM8K,566,1,14,16,0.875
DS-R1-1.5B,GSM8K,568,3,11,16,0.6875
DS-R1-1.5B,GSM8K,571,1,16,16,1.0
DS-R1-1.5B,GSM8K,572,1,14,16,0.875
DS-R1-1.5B,GSM8K,573,2,15,16,0.9375
DS-R1-1.5B,GSM8K,574,3,14,16,0.875
DS-R1-1.5B,GSM8K,576,2,6,16,0.375
DS-R1-1.5B,GSM8K,578,2,10,16,0.625
DS-R1-1.5B,GSM8K,579,2,16,16,1.0
DS-R1-1.5B,GSM8K,581,3,16,16,1.0
DS-R1-1.5B,GSM8K,582,2,15,16,0.9375
DS-R1-1.5B,GSM8K,583,1,9,16,0.5625
DS-R1-1.5B,GSM8K,585,3,13,16,0.8125
DS-R1-1.5B,GSM8K,586,1,16,16,1.0
DS-R1-1.5B,GSM8K,587,5,15,16,0.9375
DS-R1-1.5B,GSM8K,588,1,16,16,1.0
DS-R1-1.5B,GSM8K,589,2,1,16,0.0625
DS-R1-1.5B,GSM8K,591,6,15,16,0.9375
DS-R1-1.5B,GSM8K,592,1,14,16,0.875
DS-R1-1.5B,GSM8K,595,1,12,16,0.75
DS-R1-1.5B,GSM8K,596,7,15,16,0.9375
DS-R1-1.5B,GSM8K,597,2,16,16,1.0
DS-R1-1.5B,GSM8K,598,2,11,16,0.6875
DS-R1-1.5B,GSM8K,599,5,15,16,0.9375
DS-R1-1.5B,GSM8K,600,1,15,16,0.9375
DS-R1-1.5B,GSM8K,602,1,11,16,0.6875
DS-R1-1.5B,GSM8K,603,1,0,16,0.0
DS-R1-1.5B,GSM8K,604,2,15,16,0.9375
DS-R1-1.5B,GSM8K,605,3,14,16,0.875
DS-R1-1.5B,GSM8K,609,1,14,16,0.875
DS-R1-1.5B,GSM8K,610,3,13,16,0.8125
DS-R1-1.5B,GSM8K,612,1,14,16,0.875
DS-R1-1.5B,GSM8K,614,1,13,16,0.8125
DS-R1-1.5B,GSM8K,615,2,16,16,1.0
DS-R1-1.5B,GSM8K,616,4,15,16,0.9375
DS-R1-1.5B,GSM8K,617,3,16,16,1.0
DS-R1-1.5B,GSM8K,618,4,15,16,0.9375
DS-R1-1.5B,GSM8K,619,2,16,16,1.0
DS-R1-1.5B,GSM8K,621,1,16,16,1.0
DS-R1-1.5B,GSM8K,624,5,15,16,0.9375
DS-R1-1.5B,GSM8K,625,2,16,16,1.0
DS-R1-1.5B,GSM8K,626,1,11,16,0.6875
DS-R1-1.5B,GSM8K,628,1,13,16,0.8125
DS-R1-1.5B,GSM8K,629,2,3,16,0.1875
DS-R1-1.5B,GSM8K,630,2,13,16,0.8125
DS-R1-1.5B,GSM8K,631,7,16,16,1.0
DS-R1-1.5B,GSM8K,632,1,16,16,1.0
DS-R1-1.5B,GSM8K,634,1,15,16,0.9375
DS-R1-1.5B,GSM8K,638,10,14,16,0.875
DS-R1-1.5B,GSM8K,639,1,7,16,0.4375
DS-R1-1.5B,GSM8K,641,4,0,16,0.0
DS-R1-1.5B,GSM8K,643,1,16,16,1.0
DS-R1-1.5B,GSM8K,644,4,13,16,0.8125
DS-R1-1.5B,GSM8K,645,1,14,16,0.875
DS-R1-1.5B,GSM8K,646,1,15,16,0.9375
DS-R1-1.5B,GSM8K,647,2,14,16,0.875
DS-R1-1.5B,GSM8K,650,1,15,16,0.9375
DS-R1-1.5B,GSM8K,655,3,16,16,1.0
DS-R1-1.5B,GSM8K,658,1,15,16,0.9375
DS-R1-1.5B,GSM8K,659,6,16,16,1.0
DS-R1-1.5B,GSM8K,660,4,12,16,0.75
DS-R1-1.5B,GSM8K,662,1,12,16,0.75
DS-R1-1.5B,GSM8K,663,1,15,16,0.9375
DS-R1-1.5B,GSM8K,664,2,14,16,0.875
DS-R1-1.5B,GSM8K,665,7,16,16,1.0
DS-R1-1.5B,GSM8K,668,1,13,16,0.8125
DS-R1-1.5B,GSM8K,669,5,15,16,0.9375
DS-R1-1.5B,GSM8K,671,2,15,16,0.9375
DS-R1-1.5B,GSM8K,673,4,16,16,1.0
DS-R1-1.5B,GSM8K,674,3,16,16,1.0
DS-R1-1.5B,GSM8K,676,2,14,16,0.875
DS-R1-1.5B,GSM8K,678,1,15,16,0.9375
DS-R1-1.5B,GSM8K,679,1,14,16,0.875
DS-R1-1.5B,GSM8K,681,1,12,16,0.75
DS-R1-1.5B,GSM8K,682,1,15,16,0.9375
DS-R1-1.5B,GSM8K,685,4,16,16,1.0
DS-R1-1.5B,GSM8K,686,3,15,16,0.9375
DS-R1-1.5B,GSM8K,689,5,1,16,0.0625
DS-R1-1.5B,GSM8K,690,2,15,16,0.9375
DS-R1-1.5B,GSM8K,691,1,11,16,0.6875
DS-R1-1.5B,GSM8K,693,6,16,16,1.0
DS-R1-1.5B,GSM8K,695,2,16,16,1.0
DS-R1-1.5B,GSM8K,696,4,13,16,0.8125
DS-R1-1.5B,GSM8K,698,4,12,16,0.75
DS-R1-1.5B,GSM8K,700,2,7,16,0.4375
DS-R1-1.5B,GSM8K,701,1,12,16,0.75
DS-R1-1.5B,GSM8K,702,2,13,16,0.8125
DS-R1-1.5B,GSM8K,703,2,15,16,0.9375
DS-R1-1.5B,GSM8K,704,1,14,16,0.875
DS-R1-1.5B,GSM8K,705,3,14,16,0.875
DS-R1-1.5B,GSM8K,706,1,13,16,0.8125
DS-R1-1.5B,GSM8K,708,9,16,16,1.0
DS-R1-1.5B,GSM8K,709,5,13,16,0.8125
DS-R1-1.5B,GSM8K,710,3,16,16,1.0
DS-R1-1.5B,GSM8K,712,5,12,16,0.75
DS-R1-1.5B,GSM8K,713,2,16,16,1.0
DS-R1-1.5B,GSM8K,714,1,16,16,1.0
DS-R1-1.5B,GSM8K,715,2,15,16,0.9375
DS-R1-1.5B,GSM8K,717,2,16,16,1.0
DS-R1-1.5B,GSM8K,723,4,16,16,1.0
DS-R1-1.5B,GSM8K,724,1,7,16,0.4375
DS-R1-1.5B,GSM8K,726,1,15,16,0.9375
DS-R1-1.5B,GSM8K,727,4,10,16,0.625
DS-R1-1.5B,GSM8K,728,3,13,16,0.8125
DS-R1-1.5B,GSM8K,729,2,13,16,0.8125
DS-R1-1.5B,GSM8K,730,4,15,16,0.9375
DS-R1-1.5B,GSM8K,731,1,15,16,0.9375
DS-R1-1.5B,GSM8K,732,6,16,16,1.0
DS-R1-1.5B,GSM8K,734,1,12,16,0.75
DS-R1-1.5B,GSM8K,735,2,15,16,0.9375
DS-R1-1.5B,GSM8K,736,4,12,16,0.75
DS-R1-1.5B,GSM8K,737,1,13,16,0.8125
DS-R1-1.5B,GSM8K,738,5,16,16,1.0
DS-R1-1.5B,GSM8K,739,2,16,16,1.0
DS-R1-1.5B,GSM8K,742,4,16,16,1.0
DS-R1-1.5B,GSM8K,743,3,14,16,0.875
DS-R1-1.5B,GSM8K,744,2,11,16,0.6875
DS-R1-1.5B,GSM8K,746,4,14,16,0.875
DS-R1-1.5B,GSM8K,748,1,14,16,0.875
DS-R1-1.5B,GSM8K,751,2,13,16,0.8125
DS-R1-1.5B,GSM8K,753,1,11,16,0.6875
DS-R1-1.5B,GSM8K,757,5,15,16,0.9375
DS-R1-1.5B,GSM8K,758,2,15,16,0.9375
DS-R1-1.5B,GSM8K,759,4,16,16,1.0
DS-R1-1.5B,GSM8K,761,3,15,16,0.9375
DS-R1-1.5B,GSM8K,762,3,15,16,0.9375
DS-R1-1.5B,GSM8K,764,4,15,16,0.9375
DS-R1-1.5B,GSM8K,765,5,15,16,0.9375
DS-R1-1.5B,GSM8K,766,2,16,16,1.0
DS-R1-1.5B,GSM8K,767,3,15,16,0.9375
DS-R1-1.5B,GSM8K,768,1,0,16,0.0
DS-R1-1.5B,GSM8K,769,1,7,16,0.4375
DS-R1-1.5B,GSM8K,770,1,12,16,0.75
DS-R1-1.5B,GSM8K,772,2,15,16,0.9375
DS-R1-1.5B,GSM8K,773,3,15,16,0.9375
DS-R1-1.5B,GSM8K,775,4,16,16,1.0
DS-R1-1.5B,GSM8K,777,1,5,16,0.3125
DS-R1-1.5B,GSM8K,778,7,16,16,1.0
DS-R1-1.5B,GSM8K,779,4,2,16,0.125
DS-R1-1.5B,GSM8K,784,1,2,16,0.125
DS-R1-1.5B,GSM8K,786,7,15,16,0.9375
DS-R1-1.5B,GSM8K,787,1,16,16,1.0
DS-R1-1.5B,GSM8K,790,1,5,16,0.3125
DS-R1-1.5B,GSM8K,791,2,15,16,0.9375
DS-R1-1.5B,GSM8K,792,1,16,16,1.0
DS-R1-1.5B,GSM8K,796,1,2,16,0.125
DS-R1-1.5B,GSM8K,797,1,13,16,0.8125
DS-R1-1.5B,GSM8K,799,5,14,16,0.875
DS-R1-1.5B,GSM8K,800,5,16,16,1.0
DS-R1-1.5B,GSM8K,801,6,16,16,1.0
DS-R1-1.5B,GSM8K,802,1,15,16,0.9375
DS-R1-1.5B,GSM8K,803,3,14,16,0.875
DS-R1-1.5B,GSM8K,804,1,12,16,0.75
DS-R1-1.5B,GSM8K,805,1,8,16,0.5
DS-R1-1.5B,GSM8K,806,2,9,16,0.5625
DS-R1-1.5B,GSM8K,808,2,16,16,1.0
DS-R1-1.5B,GSM8K,810,1,14,16,0.875
DS-R1-1.5B,GSM8K,811,1,14,16,0.875
DS-R1-1.5B,GSM8K,813,1,10,16,0.625
DS-R1-1.5B,GSM8K,815,1,7,16,0.4375
DS-R1-1.5B,GSM8K,816,3,15,16,0.9375
DS-R1-1.5B,GSM8K,818,4,15,16,0.9375
DS-R1-1.5B,GSM8K,819,1,15,16,0.9375
DS-R1-1.5B,GSM8K,822,4,15,16,0.9375
DS-R1-1.5B,GSM8K,824,9,16,16,1.0
DS-R1-1.5B,GSM8K,825,4,16,16,1.0
DS-R1-1.5B,GSM8K,826,4,15,16,0.9375
DS-R1-1.5B,GSM8K,829,3,13,16,0.8125
DS-R1-1.5B,GSM8K,830,1,1,16,0.0625
DS-R1-1.5B,GSM8K,832,3,16,16,1.0
DS-R1-1.5B,GSM8K,833,1,12,16,0.75
DS-R1-1.5B,GSM8K,836,3,16,16,1.0
DS-R1-1.5B,GSM8K,838,1,14,16,0.875
DS-R1-1.5B,GSM8K,839,1,15,16,0.9375
DS-R1-1.5B,GSM8K,840,3,10,16,0.625
DS-R1-1.5B,GSM8K,841,6,16,16,1.0
DS-R1-1.5B,GSM8K,843,5,16,16,1.0
DS-R1-1.5B,GSM8K,844,1,9,16,0.5625
DS-R1-1.5B,GSM8K,845,1,12,16,0.75
DS-R1-1.5B,GSM8K,846,1,3,16,0.1875
DS-R1-1.5B,GSM8K,847,1,7,16,0.4375
DS-R1-1.5B,GSM8K,848,8,16,16,1.0
DS-R1-1.5B,GSM8K,849,1,16,16,1.0
DS-R1-1.5B,GSM8K,850,5,15,16,0.9375
DS-R1-1.5B,GSM8K,852,2,11,16,0.6875
DS-R1-1.5B,GSM8K,853,2,15,16,0.9375
DS-R1-1.5B,GSM8K,854,1,15,16,0.9375
DS-R1-1.5B,GSM8K,855,1,15,16,0.9375
DS-R1-1.5B,GSM8K,857,1,5,16,0.3125
DS-R1-1.5B,GSM8K,858,2,7,16,0.4375
DS-R1-1.5B,GSM8K,859,2,13,16,0.8125
DS-R1-1.5B,GSM8K,861,1,12,16,0.75
DS-R1-1.5B,GSM8K,862,1,15,16,0.9375
DS-R1-1.5B,GSM8K,863,2,16,16,1.0
DS-R1-1.5B,GSM8K,864,3,13,16,0.8125
DS-R1-1.5B,GSM8K,865,5,16,16,1.0
DS-R1-1.5B,GSM8K,867,3,16,16,1.0
DS-R1-1.5B,GSM8K,868,4,12,16,0.75
DS-R1-1.5B,GSM8K,870,1,15,16,0.9375
DS-R1-1.5B,GSM8K,871,2,15,16,0.9375
DS-R1-1.5B,GSM8K,872,5,16,16,1.0
DS-R1-1.5B,GSM8K,873,3,15,16,0.9375
DS-R1-1.5B,GSM8K,874,4,15,16,0.9375
DS-R1-1.5B,GSM8K,875,7,15,16,0.9375
DS-R1-1.5B,GSM8K,876,1,14,16,0.875
DS-R1-1.5B,GSM8K,878,2,14,16,0.875
DS-R1-1.5B,GSM8K,879,1,10,16,0.625
DS-R1-1.5B,GSM8K,881,1,13,16,0.8125
DS-R1-1.5B,GSM8K,882,1,15,16,0.9375
DS-R1-1.5B,GSM8K,883,1,15,16,0.9375
DS-R1-1.5B,GSM8K,884,10,16,16,1.0
DS-R1-1.5B,GSM8K,885,2,13,16,0.8125
DS-R1-1.5B,GSM8K,888,1,3,16,0.1875
DS-R1-1.5B,GSM8K,889,9,16,16,1.0
DS-R1-1.5B,GSM8K,890,2,15,16,0.9375
DS-R1-1.5B,GSM8K,891,2,15,16,0.9375
DS-R1-1.5B,GSM8K,895,4,16,16,1.0
DS-R1-1.5B,GSM8K,896,3,16,16,1.0
DS-R1-1.5B,GSM8K,902,2,16,16,1.0
DS-R1-1.5B,GSM8K,903,1,14,16,0.875
DS-R1-1.5B,GSM8K,904,3,15,16,0.9375
DS-R1-1.5B,GSM8K,905,1,13,16,0.8125
DS-R1-1.5B,GSM8K,907,2,16,16,1.0
DS-R1-1.5B,GSM8K,908,1,14,16,0.875
DS-R1-1.5B,GSM8K,909,2,14,16,0.875
DS-R1-1.5B,GSM8K,910,1,16,16,1.0
DS-R1-1.5B,GSM8K,911,1,16,16,1.0
DS-R1-1.5B,GSM8K,913,1,13,16,0.8125
DS-R1-1.5B,GSM8K,914,3,16,16,1.0
DS-R1-1.5B,GSM8K,915,2,15,16,0.9375
DS-R1-1.5B,GSM8K,917,2,16,16,1.0
DS-R1-1.5B,GSM8K,918,1,15,16,0.9375
DS-R1-1.5B,GSM8K,919,4,14,16,0.875
DS-R1-1.5B,GSM8K,920,6,12,16,0.75
DS-R1-1.5B,GSM8K,921,3,15,16,0.9375
DS-R1-1.5B,GSM8K,925,4,15,16,0.9375
DS-R1-1.5B,GSM8K,927,2,7,16,0.4375
DS-R1-1.5B,GSM8K,928,2,12,16,0.75
DS-R1-1.5B,GSM8K,929,8,16,16,1.0
DS-R1-1.5B,GSM8K,930,1,16,16,1.0
DS-R1-1.5B,GSM8K,931,6,10,16,0.625
DS-R1-1.5B,GSM8K,933,2,10,16,0.625
DS-R1-1.5B,GSM8K,934,3,14,16,0.875
DS-R1-1.5B,GSM8K,935,6,11,16,0.6875
DS-R1-1.5B,GSM8K,937,2,16,16,1.0
DS-R1-1.5B,GSM8K,938,6,15,16,0.9375
DS-R1-1.5B,GSM8K,939,2,13,16,0.8125
DS-R1-1.5B,GSM8K,941,1,11,16,0.6875
DS-R1-1.5B,GSM8K,944,1,16,16,1.0
DS-R1-1.5B,GSM8K,945,2,14,16,0.875
DS-R1-1.5B,GSM8K,946,1,15,16,0.9375
DS-R1-1.5B,GSM8K,947,1,16,16,1.0
DS-R1-1.5B,GSM8K,948,1,15,16,0.9375
DS-R1-1.5B,GSM8K,949,2,15,16,0.9375
DS-R1-1.5B,GSM8K,956,1,8,16,0.5
DS-R1-1.5B,GSM8K,957,5,15,16,0.9375
DS-R1-1.5B,GSM8K,959,1,14,16,0.875
DS-R1-1.5B,GSM8K,963,1,13,16,0.8125
DS-R1-1.5B,GSM8K,967,6,14,16,0.875
DS-R1-1.5B,GSM8K,968,3,8,16,0.5
DS-R1-1.5B,GSM8K,970,4,16,16,1.0
DS-R1-1.5B,GSM8K,972,4,12,16,0.75
DS-R1-1.5B,GSM8K,973,1,4,16,0.25
DS-R1-1.5B,GSM8K,974,3,15,16,0.9375
DS-R1-1.5B,GSM8K,977,1,16,16,1.0
DS-R1-1.5B,GSM8K,980,5,15,16,0.9375
DS-R1-1.5B,GSM8K,981,8,15,16,0.9375
DS-R1-1.5B,GSM8K,985,2,16,16,1.0
DS-R1-1.5B,GSM8K,986,3,16,16,1.0
DS-R1-1.5B,GSM8K,988,3,12,16,0.75
DS-R1-1.5B,GSM8K,989,1,6,16,0.375
DS-R1-1.5B,GSM8K,994,1,15,16,0.9375
DS-R1-1.5B,GSM8K,996,2,14,16,0.875
DS-R1-1.5B,GSM8K,998,3,16,16,1.0
DS-R1-1.5B,GSM8K,1000,5,6,16,0.375
DS-R1-1.5B,GSM8K,1004,1,16,16,1.0
DS-R1-1.5B,GSM8K,1005,2,14,16,0.875
DS-R1-1.5B,GSM8K,1006,2,10,16,0.625
DS-R1-1.5B,GSM8K,1007,4,16,16,1.0
DS-R1-1.5B,GSM8K,1008,5,15,16,0.9375
DS-R1-1.5B,GSM8K,1009,8,15,16,0.9375
DS-R1-1.5B,GSM8K,1010,6,16,16,1.0
DS-R1-1.5B,GSM8K,1011,3,11,16,0.6875
DS-R1-1.5B,GSM8K,1013,4,14,16,0.875
DS-R1-1.5B,GSM8K,1014,3,4,16,0.25
DS-R1-1.5B,GSM8K,1015,4,16,16,1.0
DS-R1-1.5B,GSM8K,1016,3,1,16,0.0625
DS-R1-1.5B,GSM8K,1020,1,16,16,1.0
DS-R1-1.5B,GSM8K,1021,2,13,16,0.8125
DS-R1-1.5B,GSM8K,1022,1,14,16,0.875
DS-R1-1.5B,GSM8K,1023,3,16,16,1.0
DS-R1-1.5B,GSM8K,1024,8,15,16,0.9375
DS-R1-1.5B,GSM8K,1028,1,7,16,0.4375
DS-R1-1.5B,GSM8K,1032,2,2,16,0.125
DS-R1-1.5B,GSM8K,1033,6,16,16,1.0
DS-R1-1.5B,GSM8K,1034,6,16,16,1.0
DS-R1-1.5B,GSM8K,1036,1,15,16,0.9375
DS-R1-1.5B,GSM8K,1037,1,14,16,0.875
DS-R1-1.5B,GSM8K,1039,2,10,16,0.625
DS-R1-1.5B,GSM8K,1040,4,14,16,0.875
DS-R1-1.5B,GSM8K,1041,4,15,16,0.9375
DS-R1-1.5B,GSM8K,1043,1,13,16,0.8125
DS-R1-1.5B,GSM8K,1044,2,14,16,0.875
DS-R1-1.5B,GSM8K,1045,5,15,16,0.9375
DS-R1-1.5B,GSM8K,1047,3,16,16,1.0
DS-R1-1.5B,GSM8K,1048,2,0,16,0.0
DS-R1-1.5B,GSM8K,1049,6,16,16,1.0
DS-R1-1.5B,GSM8K,1050,4,4,16,0.25
DS-R1-1.5B,GSM8K,1051,3,16,16,1.0
DS-R1-1.5B,GSM8K,1052,3,15,16,0.9375
DS-R1-1.5B,GSM8K,1053,2,11,16,0.6875
DS-R1-1.5B,GSM8K,1054,2,15,16,0.9375
DS-R1-1.5B,GSM8K,1058,1,13,16,0.8125
DS-R1-1.5B,GSM8K,1059,1,11,16,0.6875
DS-R1-1.5B,GSM8K,1061,3,14,16,0.875
DS-R1-1.5B,GSM8K,1062,1,10,16,0.625
DS-R1-1.5B,GSM8K,1063,1,16,16,1.0
DS-R1-1.5B,GSM8K,1064,4,6,16,0.375
DS-R1-1.5B,GSM8K,1065,6,16,16,1.0
DS-R1-1.5B,GSM8K,1066,2,16,16,1.0
DS-R1-1.5B,GSM8K,1067,4,16,16,1.0
DS-R1-1.5B,GSM8K,1072,2,15,16,0.9375
DS-R1-1.5B,GSM8K,1074,1,12,16,0.75
DS-R1-1.5B,GSM8K,1076,3,16,16,1.0
DS-R1-1.5B,GSM8K,1078,5,15,16,0.9375
DS-R1-1.5B,GSM8K,1079,2,14,16,0.875
DS-R1-1.5B,GSM8K,1081,1,15,16,0.9375
DS-R1-1.5B,GSM8K,1083,3,14,16,0.875
DS-R1-1.5B,GSM8K,1085,3,15,16,0.9375
DS-R1-1.5B,GSM8K,1086,7,13,16,0.8125
DS-R1-1.5B,GSM8K,1090,7,16,16,1.0
DS-R1-1.5B,GSM8K,1091,6,16,16,1.0
DS-R1-1.5B,GSM8K,1092,1,15,16,0.9375
DS-R1-1.5B,GSM8K,1093,3,12,16,0.75
DS-R1-1.5B,GSM8K,1094,1,7,16,0.4375
DS-R1-1.5B,GSM8K,1095,6,16,16,1.0
DS-R1-1.5B,GSM8K,1098,4,16,16,1.0
DS-R1-1.5B,GSM8K,1099,5,15,16,0.9375
DS-R1-1.5B,GSM8K,1101,1,16,16,1.0
DS-R1-1.5B,GSM8K,1104,2,16,16,1.0
DS-R1-1.5B,GSM8K,1106,5,14,16,0.875
DS-R1-1.5B,GSM8K,1109,1,12,16,0.75
DS-R1-1.5B,GSM8K,1111,5,16,16,1.0
DS-R1-1.5B,GSM8K,1113,1,16,16,1.0
DS-R1-1.5B,GSM8K,1114,3,14,16,0.875
DS-R1-1.5B,GSM8K,1118,5,11,16,0.6875
DS-R1-1.5B,GSM8K,1119,1,9,16,0.5625
DS-R1-1.5B,GSM8K,1121,1,14,16,0.875
DS-R1-1.5B,GSM8K,1125,1,14,16,0.875
DS-R1-1.5B,GSM8K,1126,3,15,16,0.9375
DS-R1-1.5B,GSM8K,1127,2,15,16,0.9375
DS-R1-1.5B,GSM8K,1128,1,15,16,0.9375
DS-R1-1.5B,GSM8K,1129,5,15,16,0.9375
DS-R1-1.5B,GSM8K,1130,2,14,16,0.875
DS-R1-1.5B,GSM8K,1132,3,11,16,0.6875
DS-R1-1.5B,GSM8K,1134,4,9,16,0.5625
DS-R1-1.5B,GSM8K,1135,1,13,16,0.8125
DS-R1-1.5B,GSM8K,1136,1,10,16,0.625
DS-R1-1.5B,GSM8K,1138,1,14,16,0.875
DS-R1-1.5B,GSM8K,1139,3,15,16,0.9375
DS-R1-1.5B,GSM8K,1141,2,15,16,0.9375
DS-R1-1.5B,GSM8K,1142,1,15,16,0.9375
DS-R1-1.5B,GSM8K,1143,1,15,16,0.9375
DS-R1-1.5B,GSM8K,1144,5,16,16,1.0
DS-R1-1.5B,GSM8K,1145,1,0,16,0.0
DS-R1-1.5B,GSM8K,1147,1,9,16,0.5625
DS-R1-1.5B,GSM8K,1150,5,16,16,1.0
DS-R1-1.5B,GSM8K,1151,3,13,16,0.8125
DS-R1-1.5B,GSM8K,1152,1,16,16,1.0
DS-R1-1.5B,GSM8K,1153,1,12,16,0.75
DS-R1-1.5B,GSM8K,1154,1,13,16,0.8125
DS-R1-1.5B,GSM8K,1155,2,13,16,0.8125
DS-R1-1.5B,GSM8K,1157,1,10,16,0.625
DS-R1-1.5B,GSM8K,1160,1,15,16,0.9375
DS-R1-1.5B,GSM8K,1161,2,4,16,0.25
DS-R1-1.5B,GSM8K,1162,2,14,16,0.875
DS-R1-1.5B,GSM8K,1164,2,15,16,0.9375
DS-R1-1.5B,GSM8K,1167,1,16,16,1.0
DS-R1-1.5B,GSM8K,1168,4,16,16,1.0
DS-R1-1.5B,GSM8K,1171,2,14,16,0.875
DS-R1-1.5B,GSM8K,1174,1,1,16,0.0625
DS-R1-1.5B,GSM8K,1175,1,9,16,0.5625
DS-R1-1.5B,GSM8K,1177,5,15,16,0.9375
DS-R1-1.5B,GSM8K,1179,1,12,16,0.75
DS-R1-1.5B,GSM8K,1180,1,13,16,0.8125
DS-R1-1.5B,GSM8K,1181,4,16,16,1.0
DS-R1-1.5B,GSM8K,1182,1,10,16,0.625
DS-R1-1.5B,GSM8K,1189,1,15,16,0.9375
DS-R1-1.5B,GSM8K,1193,1,1,16,0.0625
DS-R1-1.5B,GSM8K,1194,2,16,16,1.0
DS-R1-1.5B,GSM8K,1196,2,14,16,0.875
DS-R1-1.5B,GSM8K,1197,3,14,16,0.875
DS-R1-1.5B,GSM8K,1198,2,15,16,0.9375
DS-R1-1.5B,GSM8K,1200,3,16,16,1.0
DS-R1-1.5B,GSM8K,1201,3,13,16,0.8125
DS-R1-1.5B,GSM8K,1204,2,12,16,0.75
DS-R1-1.5B,GSM8K,1205,1,16,16,1.0
DS-R1-1.5B,GSM8K,1206,4,13,16,0.8125
DS-R1-1.5B,GSM8K,1207,2,16,16,1.0
DS-R1-1.5B,GSM8K,1210,3,16,16,1.0
DS-R1-1.5B,GSM8K,1211,3,15,16,0.9375
DS-R1-1.5B,GSM8K,1212,1,14,16,0.875
DS-R1-1.5B,GSM8K,1216,1,10,16,0.625
DS-R1-1.5B,GSM8K,1222,2,15,16,0.9375
DS-R1-1.5B,GSM8K,1223,1,15,16,0.9375
DS-R1-1.5B,GSM8K,1228,3,16,16,1.0
DS-R1-1.5B,GSM8K,1229,2,15,16,0.9375
DS-R1-1.5B,GSM8K,1231,4,13,16,0.8125
DS-R1-1.5B,GSM8K,1232,1,15,16,0.9375
DS-R1-1.5B,GSM8K,1233,3,16,16,1.0
DS-R1-1.5B,GSM8K,1234,2,16,16,1.0
DS-R1-1.5B,GSM8K,1235,1,7,16,0.4375
DS-R1-1.5B,GSM8K,1237,2,14,16,0.875
DS-R1-1.5B,GSM8K,1238,1,14,16,0.875
DS-R1-1.5B,GSM8K,1239,1,10,16,0.625
DS-R1-1.5B,GSM8K,1241,1,14,16,0.875
DS-R1-1.5B,GSM8K,1242,1,14,16,0.875
DS-R1-1.5B,GSM8K,1243,1,16,16,1.0
DS-R1-1.5B,GSM8K,1244,1,14,16,0.875
DS-R1-1.5B,GSM8K,1245,10,16,16,1.0
DS-R1-1.5B,GSM8K,1246,5,15,16,0.9375
DS-R1-1.5B,GSM8K,1250,4,15,16,0.9375
DS-R1-1.5B,GSM8K,1251,1,6,16,0.375
DS-R1-1.5B,GSM8K,1252,1,14,16,0.875
DS-R1-1.5B,GSM8K,1254,4,14,16,0.875
DS-R1-1.5B,GSM8K,1255,1,16,16,1.0
DS-R1-1.5B,GSM8K,1256,2,12,16,0.75
DS-R1-1.5B,GSM8K,1257,1,14,16,0.875
DS-R1-1.5B,GSM8K,1259,4,16,16,1.0
DS-R1-1.5B,GSM8K,1260,1,15,16,0.9375
DS-R1-1.5B,GSM8K,1261,2,13,16,0.8125
DS-R1-1.5B,GSM8K,1262,4,15,16,0.9375
DS-R1-1.5B,GSM8K,1263,2,9,16,0.5625
DS-R1-1.5B,GSM8K,1266,2,15,16,0.9375
DS-R1-1.5B,GSM8K,1267,2,5,16,0.3125
DS-R1-1.5B,GSM8K,1268,5,15,16,0.9375
DS-R1-1.5B,GSM8K,1269,1,12,16,0.75
DS-R1-1.5B,GSM8K,1270,3,12,16,0.75
DS-R1-1.5B,GSM8K,1271,1,16,16,1.0
DS-R1-1.5B,GSM8K,1274,3,7,16,0.4375
DS-R1-1.5B,GSM8K,1275,1,12,16,0.75
DS-R1-1.5B,GSM8K,1277,2,12,16,0.75
DS-R1-1.5B,GSM8K,1278,3,14,16,0.875
DS-R1-1.5B,GSM8K,1280,1,15,16,0.9375
DS-R1-1.5B,GSM8K,1281,1,15,16,0.9375
DS-R1-1.5B,GSM8K,1282,5,16,16,1.0
DS-R1-1.5B,GSM8K,1283,3,16,16,1.0
DS-R1-1.5B,GSM8K,1285,1,16,16,1.0
DS-R1-1.5B,GSM8K,1286,6,16,16,1.0
DS-R1-1.5B,GSM8K,1287,2,13,16,0.8125
DS-R1-1.5B,GSM8K,1289,4,16,16,1.0
DS-R1-1.5B,GSM8K,1290,3,16,16,1.0
DS-R1-1.5B,GSM8K,1291,5,16,16,1.0
DS-R1-1.5B,GSM8K,1292,2,8,16,0.5
DS-R1-1.5B,GSM8K,1293,3,13,16,0.8125
DS-R1-1.5B,GSM8K,1296,2,16,16,1.0
DS-R1-1.5B,GSM8K,1297,7,15,16,0.9375
DS-R1-1.5B,GSM8K,1298,3,15,16,0.9375
DS-R1-1.5B,GSM8K,1300,1,13,16,0.8125
DS-R1-1.5B,GSM8K,1301,2,11,16,0.6875
DS-R1-1.5B,GSM8K,1304,1,16,16,1.0
DS-R1-1.5B,GSM8K,1305,1,16,16,1.0
DS-R1-1.5B,GSM8K,1306,1,9,16,0.5625
DS-R1-1.5B,GSM8K,1307,2,16,16,1.0
DS-R1-1.5B,GSM8K,1308,3,16,16,1.0
DS-R1-1.5B,GSM8K,1312,1,13,16,0.8125
DS-R1-1.5B,GSM8K,1313,1,15,16,0.9375
DS-R1-1.5B,GSM8K,1315,10,15,16,0.9375
DS-R1-1.5B,GSM8K,1318,2,15,16,0.9375
DS-R1-1.5B,MATH500,2,2,13,16,0.8125
DS-R1-1.5B,MATH500,3,2,15,16,0.9375
DS-R1-1.5B,MATH500,4,2,4,16,0.25
DS-R1-1.5B,MATH500,5,2,14,16,0.875
DS-R1-1.5B,MATH500,7,2,10,16,0.625
DS-R1-1.5B,MATH500,8,2,12,16,0.75
DS-R1-1.5B,MATH500,10,1,3,16,0.1875
DS-R1-1.5B,MATH500,12,3,10,16,0.625
DS-R1-1.5B,MATH500,13,2,16,16,1.0
DS-R1-1.5B,MATH500,15,1,2,16,0.125
DS-R1-1.5B,MATH500,18,1,1,16,0.0625
DS-R1-1.5B,MATH500,20,1,6,16,0.375
DS-R1-1.5B,MATH500,22,2,8,16,0.5
DS-R1-1.5B,MATH500,23,6,15,16,0.9375
DS-R1-1.5B,MATH500,24,3,4,16,0.25
DS-R1-1.5B,MATH500,25,1,0,16,0.0
DS-R1-1.5B,MATH500,27,3,15,16,0.9375
DS-R1-1.5B,MATH500,29,3,15,16,0.9375
DS-R1-1.5B,MATH500,31,1,13,16,0.8125
DS-R1-1.5B,MATH500,34,4,12,16,0.75
DS-R1-1.5B,MATH500,36,9,0,16,0.0
DS-R1-1.5B,MATH500,39,7,15,16,0.9375
DS-R1-1.5B,MATH500,40,1,14,16,0.875
DS-R1-1.5B,MATH500,42,3,16,16,1.0
DS-R1-1.5B,MATH500,44,1,14,16,0.875
DS-R1-1.5B,MATH500,47,1,16,16,1.0
DS-R1-1.5B,MATH500,48,5,15,16,0.9375
DS-R1-1.5B,MATH500,49,1,16,16,1.0
DS-R1-1.5B,MATH500,51,8,9,16,0.5625
DS-R1-1.5B,MATH500,56,1,16,16,1.0
DS-R1-1.5B,MATH500,57,1,15,16,0.9375
DS-R1-1.5B,MATH500,58,1,6,16,0.375
DS-R1-1.5B,MATH500,59,2,13,16,0.8125
DS-R1-1.5B,MATH500,60,9,1,16,0.0625
DS-R1-1.5B,MATH500,61,1,12,16,0.75
DS-R1-1.5B,MATH500,62,1,8,16,0.5
DS-R1-1.5B,MATH500,63,3,8,16,0.5
DS-R1-1.5B,MATH500,64,2,0,16,0.0
DS-R1-1.5B,MATH500,65,1,16,16,1.0
DS-R1-1.5B,MATH500,66,1,8,16,0.5
DS-R1-1.5B,MATH500,67,1,14,16,0.875
DS-R1-1.5B,MATH500,72,4,14,16,0.875
DS-R1-1.5B,MATH500,77,3,16,16,1.0
DS-R1-1.5B,MATH500,78,11,13,16,0.8125
DS-R1-1.5B,MATH500,81,5,15,16,0.9375
DS-R1-1.5B,MATH500,82,1,2,16,0.125
DS-R1-1.5B,MATH500,84,7,10,16,0.625
DS-R1-1.5B,MATH500,85,2,16,16,1.0
DS-R1-1.5B,MATH500,86,1,15,16,0.9375
DS-R1-1.5B,MATH500,87,4,13,16,0.8125
DS-R1-1.5B,MATH500,89,7,7,16,0.4375
DS-R1-1.5B,MATH500,92,4,6,16,0.375
DS-R1-1.5B,MATH500,93,10,16,16,1.0
DS-R1-1.5B,MATH500,95,1,12,16,0.75
DS-R1-1.5B,MATH500,96,4,0,16,0.0
DS-R1-1.5B,MATH500,99,7,10,16,0.625
DS-R1-1.5B,MATH500,104,1,0,16,0.0
DS-R1-1.5B,MATH500,106,1,16,16,1.0
DS-R1-1.5B,MATH500,107,3,15,16,0.9375
DS-R1-1.5B,MATH500,109,3,1,16,0.0625
DS-R1-1.5B,MATH500,111,4,14,16,0.875
DS-R1-1.5B,MATH500,113,1,9,16,0.5625
DS-R1-1.5B,MATH500,114,10,16,16,1.0
DS-R1-1.5B,MATH500,116,1,15,16,0.9375
DS-R1-1.5B,MATH500,117,2,16,16,1.0
DS-R1-1.5B,MATH500,121,5,16,16,1.0
DS-R1-1.5B,MATH500,122,2,14,16,0.875
DS-R1-1.5B,MATH500,124,8,15,16,0.9375
DS-R1-1.5B,MATH500,126,2,0,16,0.0
DS-R1-1.5B,MATH500,127,3,13,16,0.8125
DS-R1-1.5B,MATH500,129,1,0,16,0.0
DS-R1-1.5B,MATH500,131,4,15,16,0.9375
DS-R1-1.5B,MATH500,135,1,11,16,0.6875
DS-R1-1.5B,MATH500,137,1,3,16,0.1875
DS-R1-1.5B,MATH500,140,1,14,16,0.875
DS-R1-1.5B,MATH500,143,4,10,16,0.625
DS-R1-1.5B,MATH500,144,1,16,16,1.0
DS-R1-1.5B,MATH500,145,6,2,16,0.125
DS-R1-1.5B,MATH500,146,1,15,16,0.9375
DS-R1-1.5B,MATH500,148,4,15,16,0.9375
DS-R1-1.5B,MATH500,149,2,10,16,0.625
DS-R1-1.5B,MATH500,150,4,1,16,0.0625
DS-R1-1.5B,MATH500,152,3,1,16,0.0625
DS-R1-1.5B,MATH500,156,1,0,16,0.0
DS-R1-1.5B,MATH500,158,2,8,16,0.5
DS-R1-1.5B,MATH500,159,2,12,16,0.75
DS-R1-1.5B,MATH500,164,1,0,16,0.0
DS-R1-1.5B,MATH500,167,3,16,16,1.0
DS-R1-1.5B,MATH500,169,1,15,16,0.9375
DS-R1-1.5B,MATH500,170,7,2,16,0.125
DS-R1-1.5B,MATH500,171,3,15,16,0.9375
DS-R1-1.5B,MATH500,172,8,14,16,0.875
DS-R1-1.5B,MATH500,174,2,14,16,0.875
DS-R1-1.5B,MATH500,175,2,9,16,0.5625
DS-R1-1.5B,MATH500,178,3,15,16,0.9375
DS-R1-1.5B,MATH500,179,2,7,16,0.4375
DS-R1-1.5B,MATH500,181,1,6,16,0.375
DS-R1-1.5B,MATH500,182,1,15,16,0.9375
DS-R1-1.5B,MATH500,183,2,7,16,0.4375
DS-R1-1.5B,MATH500,186,3,15,16,0.9375
DS-R1-1.5B,MATH500,187,4,16,16,1.0
DS-R1-1.5B,MATH500,188,1,2,16,0.125
DS-R1-1.5B,MATH500,189,1,0,16,0.0
DS-R1-1.5B,MATH500,191,2,16,16,1.0
DS-R1-1.5B,MATH500,192,1,14,16,0.875
DS-R1-1.5B,MATH500,194,2,2,16,0.125
DS-R1-1.5B,MATH500,195,2,12,16,0.75
DS-R1-1.5B,MATH500,197,1,9,16,0.5625
DS-R1-1.5B,MATH500,199,4,15,16,0.9375
DS-R1-1.5B,MATH500,200,4,12,16,0.75
DS-R1-1.5B,MATH500,201,1,12,16,0.75
DS-R1-1.5B,MATH500,202,2,7,16,0.4375
DS-R1-1.5B,MATH500,203,2,9,16,0.5625
DS-R1-1.5B,MATH500,204,1,2,16,0.125
DS-R1-1.5B,MATH500,205,1,8,16,0.5
DS-R1-1.5B,MATH500,206,2,15,16,0.9375
DS-R1-1.5B,MATH500,207,2,14,16,0.875
DS-R1-1.5B,MATH500,209,1,16,16,1.0
DS-R1-1.5B,MATH500,212,1,14,16,0.875
DS-R1-1.5B,MATH500,213,1,2,16,0.125
DS-R1-1.5B,MATH500,214,1,1,16,0.0625
DS-R1-1.5B,MATH500,215,2,13,16,0.8125
DS-R1-1.5B,MATH500,216,3,14,16,0.875
DS-R1-1.5B,MATH500,217,1,0,16,0.0
DS-R1-1.5B,MATH500,218,2,13,16,0.8125
DS-R1-1.5B,MATH500,220,1,15,16,0.9375
DS-R1-1.5B,MATH500,222,1,1,16,0.0625
DS-R1-1.5B,MATH500,224,1,0,16,0.0
DS-R1-1.5B,MATH500,228,5,3,16,0.1875
DS-R1-1.5B,MATH500,231,13,15,16,0.9375
DS-R1-1.5B,MATH500,234,2,10,16,0.625
DS-R1-1.5B,MATH500,235,4,14,16,0.875
DS-R1-1.5B,MATH500,237,2,15,16,0.9375
DS-R1-1.5B,MATH500,238,1,13,16,0.8125
DS-R1-1.5B,MATH500,241,2,13,16,0.8125
DS-R1-1.5B,MATH500,243,1,15,16,0.9375
DS-R1-1.5B,MATH500,245,3,3,16,0.1875
DS-R1-1.5B,MATH500,248,2,0,16,0.0
DS-R1-1.5B,MATH500,249,3,10,16,0.625
DS-R1-1.5B,MATH500,250,5,14,16,0.875
DS-R1-1.5B,MATH500,252,3,14,16,0.875
DS-R1-1.5B,MATH500,254,1,11,16,0.6875
DS-R1-1.5B,MATH500,255,1,12,16,0.75
DS-R1-1.5B,MATH500,256,2,11,16,0.6875
DS-R1-1.5B,MATH500,258,4,15,16,0.9375
DS-R1-1.5B,MATH500,259,2,16,16,1.0
DS-R1-1.5B,MATH500,260,5,15,16,0.9375
DS-R1-1.5B,MATH500,263,2,15,16,0.9375
DS-R1-1.5B,MATH500,265,4,14,16,0.875
DS-R1-1.5B,MATH500,266,2,14,16,0.875
DS-R1-1.5B,MATH500,268,1,14,16,0.875
DS-R1-1.5B,MATH500,270,5,12,16,0.75
DS-R1-1.5B,MATH500,271,2,6,16,0.375
DS-R1-1.5B,MATH500,272,2,9,16,0.5625
DS-R1-1.5B,MATH500,273,1,14,16,0.875
DS-R1-1.5B,MATH500,275,2,16,16,1.0
DS-R1-1.5B,MATH500,276,1,6,16,0.375
DS-R1-1.5B,MATH500,278,2,13,16,0.8125
DS-R1-1.5B,MATH500,282,3,3,16,0.1875
DS-R1-1.5B,MATH500,284,1,0,16,0.0
DS-R1-1.5B,MATH500,288,2,1,16,0.0625
DS-R1-1.5B,MATH500,289,1,12,16,0.75
DS-R1-1.5B,MATH500,290,1,12,16,0.75
DS-R1-1.5B,MATH500,292,14,0,16,0.0
DS-R1-1.5B,MATH500,293,1,12,16,0.75
DS-R1-1.5B,MATH500,294,1,0,16,0.0
DS-R1-1.5B,MATH500,295,1,0,16,0.0
DS-R1-1.5B,MATH500,298,4,7,16,0.4375
DS-R1-1.5B,MATH500,304,4,12,16,0.75
DS-R1-1.5B,MATH500,305,1,16,16,1.0
DS-R1-1.5B,MATH500,306,1,0,16,0.0
DS-R1-1.5B,MATH500,309,1,0,16,0.0
DS-R1-1.5B,MATH500,311,1,10,16,0.625
DS-R1-1.5B,MATH500,314,2,11,16,0.6875
DS-R1-1.5B,MATH500,316,6,13,16,0.8125
DS-R1-1.5B,MATH500,318,6,1,16,0.0625
DS-R1-1.5B,MATH500,319,1,16,16,1.0
DS-R1-1.5B,MATH500,321,1,12,16,0.75
DS-R1-1.5B,MATH500,322,1,15,16,0.9375
DS-R1-1.5B,MATH500,325,2,13,16,0.8125
DS-R1-1.5B,MATH500,326,2,1,16,0.0625
DS-R1-1.5B,MATH500,327,5,0,16,0.0
DS-R1-1.5B,MATH500,328,2,2,16,0.125
DS-R1-1.5B,MATH500,329,3,14,16,0.875
DS-R1-1.5B,MATH500,330,2,15,16,0.9375
DS-R1-1.5B,MATH500,331,5,6,16,0.375
DS-R1-1.5B,MATH500,333,2,2,16,0.125
DS-R1-1.5B,MATH500,334,5,15,16,0.9375
DS-R1-1.5B,MATH500,335,7,7,16,0.4375
DS-R1-1.5B,MATH500,336,2,15,16,0.9375
DS-R1-1.5B,MATH500,337,3,15,16,0.9375
DS-R1-1.5B,MATH500,339,1,8,16,0.5
DS-R1-1.5B,MATH500,340,1,0,16,0.0
DS-R1-1.5B,MATH500,341,1,12,16,0.75
DS-R1-1.5B,MATH500,342,1,14,16,0.875
DS-R1-1.5B,MATH500,343,1,15,16,0.9375
DS-R1-1.5B,MATH500,344,3,16,16,1.0
DS-R1-1.5B,MATH500,346,1,14,16,0.875
DS-R1-1.5B,MATH500,347,4,7,16,0.4375
DS-R1-1.5B,MATH500,348,3,14,16,0.875
DS-R1-1.5B,MATH500,350,2,15,16,0.9375
DS-R1-1.5B,MATH500,356,2,10,16,0.625
DS-R1-1.5B,MATH500,357,2,13,16,0.8125
DS-R1-1.5B,MATH500,358,1,3,16,0.1875
DS-R1-1.5B,MATH500,359,1,6,16,0.375
DS-R1-1.5B,MATH500,360,3,14,16,0.875
DS-R1-1.5B,MATH500,361,1,0,16,0.0
DS-R1-1.5B,MATH500,362,1,16,16,1.0
DS-R1-1.5B,MATH500,363,1,16,16,1.0
DS-R1-1.5B,MATH500,366,3,14,16,0.875
DS-R1-1.5B,MATH500,368,1,12,16,0.75
DS-R1-1.5B,MATH500,370,4,16,16,1.0
DS-R1-1.5B,MATH500,374,8,15,16,0.9375
DS-R1-1.5B,MATH500,375,5,13,16,0.8125
DS-R1-1.5B,MATH500,376,8,13,16,0.8125
DS-R1-1.5B,MATH500,378,4,9,16,0.5625
DS-R1-1.5B,MATH500,379,6,3,16,0.1875
DS-R1-1.5B,MATH500,383,6,15,16,0.9375
DS-R1-1.5B,MATH500,384,2,15,16,0.9375
DS-R1-1.5B,MATH500,385,1,9,16,0.5625
DS-R1-1.5B,MATH500,386,1,14,16,0.875
DS-R1-1.5B,MATH500,387,1,15,16,0.9375
DS-R1-1.5B,MATH500,388,2,14,16,0.875
DS-R1-1.5B,MATH500,390,1,9,16,0.5625
DS-R1-1.5B,MATH500,393,2,13,16,0.8125
DS-R1-1.5B,MATH500,395,3,10,16,0.625
DS-R1-1.5B,MATH500,397,2,12,16,0.75
DS-R1-1.5B,MATH500,398,2,5,16,0.3125
DS-R1-1.5B,MATH500,399,2,12,16,0.75
DS-R1-1.5B,MATH500,401,1,0,16,0.0
DS-R1-1.5B,MATH500,403,1,1,16,0.0625
DS-R1-1.5B,MATH500,404,2,13,16,0.8125
DS-R1-1.5B,MATH500,407,9,16,16,1.0
DS-R1-1.5B,MATH500,410,2,11,16,0.6875
DS-R1-1.5B,MATH500,412,2,2,16,0.125
DS-R1-1.5B,MATH500,414,4,15,16,0.9375
DS-R1-1.5B,MATH500,415,4,6,16,0.375
DS-R1-1.5B,MATH500,416,2,3,16,0.1875
DS-R1-1.5B,MATH500,417,4,14,16,0.875
DS-R1-1.5B,MATH500,418,7,12,16,0.75
DS-R1-1.5B,MATH500,419,3,5,16,0.3125
DS-R1-1.5B,MATH500,420,2,12,16,0.75
DS-R1-1.5B,MATH500,422,1,0,16,0.0
DS-R1-1.5B,MATH500,423,1,3,16,0.1875
DS-R1-1.5B,MATH500,424,4,13,16,0.8125
DS-R1-1.5B,MATH500,425,1,0,16,0.0
DS-R1-1.5B,MATH500,426,3,14,16,0.875
DS-R1-1.5B,MATH500,427,2,15,16,0.9375
DS-R1-1.5B,MATH500,428,1,3,16,0.1875
DS-R1-1.5B,MATH500,429,2,9,16,0.5625
DS-R1-1.5B,MATH500,430,4,16,16,1.0
DS-R1-1.5B,MATH500,431,1,4,16,0.25
DS-R1-1.5B,MATH500,432,3,0,16,0.0
DS-R1-1.5B,MATH500,436,4,9,16,0.5625
DS-R1-1.5B,MATH500,437,3,13,16,0.8125
DS-R1-1.5B,MATH500,440,4,15,16,0.9375
DS-R1-1.5B,MATH500,441,2,14,16,0.875
DS-R1-1.5B,MATH500,442,3,15,16,0.9375
DS-R1-1.5B,MATH500,443,3,15,16,0.9375
DS-R1-1.5B,MATH500,446,9,15,16,0.9375
DS-R1-1.5B,MATH500,447,4,16,16,1.0
DS-R1-1.5B,MATH500,450,5,8,16,0.5
DS-R1-1.5B,MATH500,452,5,16,16,1.0
DS-R1-1.5B,MATH500,454,2,1,16,0.0625
DS-R1-1.5B,MATH500,455,3,16,16,1.0
DS-R1-1.5B,MATH500,456,8,0,16,0.0
DS-R1-1.5B,MATH500,459,1,5,16,0.3125
DS-R1-1.5B,MATH500,461,4,15,16,0.9375
DS-R1-1.5B,MATH500,463,2,16,16,1.0
DS-R1-1.5B,MATH500,464,3,16,16,1.0
DS-R1-1.5B,MATH500,465,2,14,16,0.875
DS-R1-1.5B,MATH500,468,2,15,16,0.9375
DS-R1-1.5B,MATH500,469,2,14,16,0.875
DS-R1-1.5B,MATH500,471,2,15,16,0.9375
DS-R1-1.5B,MATH500,472,1,12,16,0.75
DS-R1-1.5B,MATH500,473,3,12,16,0.75
DS-R1-1.5B,MATH500,474,3,14,16,0.875
DS-R1-1.5B,MATH500,476,3,13,16,0.8125
DS-R1-1.5B,MATH500,477,1,6,16,0.375
DS-R1-1.5B,MATH500,478,1,0,16,0.0
DS-R1-1.5B,MATH500,479,1,16,16,1.0
DS-R1-1.5B,MATH500,480,1,10,16,0.625
DS-R1-1.5B,MATH500,481,3,0,16,0.0
DS-R1-1.5B,MATH500,484,8,10,16,0.625
DS-R1-1.5B,MATH500,487,5,13,16,0.8125
DS-R1-1.5B,MATH500,488,2,15,16,0.9375
DS-R1-1.5B,MATH500,492,1,14,16,0.875
DS-R1-1.5B,MATH500,495,1,7,16,0.4375
DS-R1-1.5B,MATH500,496,5,16,16,1.0
DS-R1-1.5B,MATH500,498,3,2,16,0.125
DS-R1-1.5B,SVAMP,1,2,14,16,0.875
DS-R1-1.5B,SVAMP,4,1,15,16,0.9375
DS-R1-1.5B,SVAMP,5,1,15,16,0.9375
DS-R1-1.5B,SVAMP,6,7,16,16,1.0
DS-R1-1.5B,SVAMP,7,1,14,16,0.875
DS-R1-1.5B,SVAMP,9,4,15,16,0.9375
DS-R1-1.5B,SVAMP,10,1,14,16,0.875
DS-R1-1.5B,SVAMP,11,4,16,16,1.0
DS-R1-1.5B,SVAMP,12,3,15,16,0.9375
DS-R1-1.5B,SVAMP,13,4,15,16,0.9375
DS-R1-1.5B,SVAMP,14,1,16,16,1.0
DS-R1-1.5B,SVAMP,15,6,16,16,1.0
DS-R1-1.5B,SVAMP,16,5,15,16,0.9375
DS-R1-1.5B,SVAMP,18,5,15,16,0.9375
DS-R1-1.5B,SVAMP,19,6,15,16,0.9375
DS-R1-1.5B,SVAMP,20,1,16,16,1.0
DS-R1-1.5B,SVAMP,23,1,16,16,1.0
DS-R1-1.5B,SVAMP,24,2,4,16,0.25
DS-R1-1.5B,SVAMP,27,2,6,16,0.375
DS-R1-1.5B,SVAMP,28,9,16,16,1.0
DS-R1-1.5B,SVAMP,30,1,14,16,0.875
DS-R1-1.5B,SVAMP,31,3,15,16,0.9375
DS-R1-1.5B,SVAMP,33,7,6,16,0.375
DS-R1-1.5B,SVAMP,34,3,15,16,0.9375
DS-R1-1.5B,SVAMP,35,2,12,16,0.75
DS-R1-1.5B,SVAMP,36,1,15,16,0.9375
DS-R1-1.5B,SVAMP,37,2,14,16,0.875
DS-R1-1.5B,SVAMP,38,2,16,16,1.0
DS-R1-1.5B,SVAMP,40,3,16,16,1.0
DS-R1-1.5B,SVAMP,41,8,16,16,1.0
DS-R1-1.5B,SVAMP,42,4,16,16,1.0
DS-R1-1.5B,SVAMP,43,6,15,16,0.9375
DS-R1-1.5B,SVAMP,44,1,14,16,0.875
DS-R1-1.5B,SVAMP,47,2,14,16,0.875
DS-R1-1.5B,SVAMP,48,4,16,16,1.0
DS-R1-1.5B,SVAMP,49,3,16,16,1.0
DS-R1-1.5B,SVAMP,50,1,15,16,0.9375
DS-R1-1.5B,SVAMP,51,1,14,16,0.875
DS-R1-1.5B,SVAMP,53,6,16,16,1.0
DS-R1-1.5B,SVAMP,55,4,14,16,0.875
DS-R1-1.5B,SVAMP,56,2,16,16,1.0
DS-R1-1.5B,SVAMP,58,1,16,16,1.0
DS-R1-1.5B,SVAMP,61,4,16,16,1.0
DS-R1-1.5B,SVAMP,63,2,16,16,1.0
DS-R1-1.5B,SVAMP,65,3,16,16,1.0
DS-R1-1.5B,SVAMP,68,2,15,16,0.9375
DS-R1-1.5B,SVAMP,71,3,13,16,0.8125
DS-R1-1.5B,SVAMP,73,2,16,16,1.0
DS-R1-1.5B,SVAMP,75,5,0,16,0.0
DS-R1-1.5B,SVAMP,76,1,16,16,1.0
DS-R1-1.5B,SVAMP,77,2,15,16,0.9375
DS-R1-1.5B,SVAMP,78,4,16,16,1.0
DS-R1-1.5B,SVAMP,80,1,16,16,1.0
DS-R1-1.5B,SVAMP,82,1,14,16,0.875
DS-R1-1.5B,SVAMP,83,1,16,16,1.0
DS-R1-1.5B,SVAMP,84,3,16,16,1.0
DS-R1-1.5B,SVAMP,86,4,16,16,1.0
DS-R1-1.5B,SVAMP,87,3,15,16,0.9375
DS-R1-1.5B,SVAMP,88,1,16,16,1.0
DS-R1-1.5B,SVAMP,91,5,15,16,0.9375
DS-R1-1.5B,SVAMP,92,3,15,16,0.9375
DS-R1-1.5B,SVAMP,93,2,15,16,0.9375
DS-R1-1.5B,SVAMP,94,1,2,16,0.125
DS-R1-1.5B,SVAMP,95,5,16,16,1.0
DS-R1-1.5B,SVAMP,96,2,12,16,0.75
DS-R1-1.5B,SVAMP,97,1,10,16,0.625
DS-R1-1.5B,SVAMP,98,2,15,16,0.9375
DS-R1-1.5B,SVAMP,99,2,13,16,0.8125
DS-R1-1.5B,SVAMP,100,3,16,16,1.0
DS-R1-1.5B,SVAMP,101,1,13,16,0.8125
DS-R1-1.5B,SVAMP,102,1,10,16,0.625
DS-R1-1.5B,SVAMP,103,1,12,16,0.75
DS-R1-1.5B,SVAMP,105,1,9,16,0.5625
DS-R1-1.5B,SVAMP,106,2,14,16,0.875
DS-R1-1.5B,SVAMP,107,1,16,16,1.0
DS-R1-1.5B,SVAMP,108,8,16,16,1.0
DS-R1-1.5B,SVAMP,111,1,15,16,0.9375
DS-R1-1.5B,SVAMP,112,3,16,16,1.0
DS-R1-1.5B,SVAMP,113,1,14,16,0.875
DS-R1-1.5B,SVAMP,114,3,13,16,0.8125
DS-R1-1.5B,SVAMP,115,2,16,16,1.0
DS-R1-1.5B,SVAMP,116,4,15,16,0.9375
DS-R1-1.5B,SVAMP,117,1,16,16,1.0
DS-R1-1.5B,SVAMP,118,5,16,16,1.0
DS-R1-1.5B,SVAMP,119,2,14,16,0.875
DS-R1-1.5B,SVAMP,120,3,16,16,1.0
DS-R1-1.5B,SVAMP,122,1,16,16,1.0
DS-R1-1.5B,SVAMP,124,1,14,16,0.875
DS-R1-1.5B,SVAMP,125,3,16,16,1.0
DS-R1-1.5B,SVAMP,126,1,12,16,0.75
DS-R1-1.5B,SVAMP,127,5,15,16,0.9375
DS-R1-1.5B,SVAMP,128,1,16,16,1.0
DS-R1-1.5B,SVAMP,129,3,16,16,1.0
DS-R1-1.5B,SVAMP,131,3,15,16,0.9375
DS-R1-1.5B,SVAMP,134,4,16,16,1.0
DS-R1-1.5B,SVAMP,135,6,16,16,1.0
DS-R1-1.5B,SVAMP,136,3,16,16,1.0
DS-R1-1.5B,SVAMP,137,1,16,16,1.0
DS-R1-1.5B,SVAMP,141,1,16,16,1.0
DS-R1-1.5B,SVAMP,143,1,15,16,0.9375
DS-R1-1.5B,SVAMP,145,2,16,16,1.0
DS-R1-1.5B,SVAMP,147,3,15,16,0.9375
DS-R1-1.5B,SVAMP,148,1,16,16,1.0
DS-R1-1.5B,SVAMP,152,1,15,16,0.9375
DS-R1-1.5B,SVAMP,153,2,16,16,1.0
DS-R1-1.5B,SVAMP,155,3,15,16,0.9375
DS-R1-1.5B,SVAMP,158,3,16,16,1.0
DS-R1-1.5B,SVAMP,159,1,16,16,1.0
DS-R1-1.5B,SVAMP,160,3,12,16,0.75
DS-R1-1.5B,SVAMP,161,3,15,16,0.9375
DS-R1-1.5B,SVAMP,162,1,16,16,1.0
DS-R1-1.5B,SVAMP,164,1,16,16,1.0
DS-R1-1.5B,SVAMP,166,2,15,16,0.9375
DS-R1-1.5B,SVAMP,169,8,16,16,1.0
DS-R1-1.5B,SVAMP,172,1,15,16,0.9375
DS-R1-1.5B,SVAMP,173,3,16,16,1.0
DS-R1-1.5B,SVAMP,174,1,16,16,1.0
DS-R1-1.5B,SVAMP,175,2,15,16,0.9375
DS-R1-1.5B,SVAMP,176,1,0,16,0.0
DS-R1-1.5B,SVAMP,180,3,16,16,1.0
DS-R1-1.5B,SVAMP,184,2,15,16,0.9375
DS-R1-1.5B,SVAMP,186,3,14,16,0.875
DS-R1-1.5B,SVAMP,188,2,15,16,0.9375
DS-R1-1.5B,SVAMP,190,2,16,16,1.0
DS-R1-1.5B,SVAMP,192,1,16,16,1.0
DS-R1-1.5B,SVAMP,193,1,14,16,0.875
DS-R1-1.5B,SVAMP,195,1,13,16,0.8125
DS-R1-1.5B,SVAMP,196,3,16,16,1.0
DS-R1-1.5B,SVAMP,197,3,14,16,0.875
DS-R1-1.5B,SVAMP,198,3,11,16,0.6875
DS-R1-1.5B,SVAMP,199,4,15,16,0.9375
DS-R1-1.5B,SVAMP,202,3,14,16,0.875
DS-R1-1.5B,SVAMP,203,1,15,16,0.9375
DS-R1-1.5B,SVAMP,205,4,16,16,1.0
DS-R1-1.5B,SVAMP,209,1,8,16,0.5
DS-R1-1.5B,SVAMP,214,3,15,16,0.9375
DS-R1-1.5B,SVAMP,217,1,16,16,1.0
DS-R1-1.5B,SVAMP,219,2,16,16,1.0
DS-R1-1.5B,SVAMP,220,1,4,16,0.25
DS-R1-1.5B,SVAMP,222,1,13,16,0.8125
DS-R1-1.5B,SVAMP,224,2,15,16,0.9375
DS-R1-1.5B,SVAMP,225,4,12,16,0.75
DS-R1-1.5B,SVAMP,227,1,8,16,0.5
DS-R1-1.5B,SVAMP,228,1,10,16,0.625
DS-R1-1.5B,SVAMP,232,2,14,16,0.875
DS-R1-1.5B,SVAMP,233,1,12,16,0.75
DS-R1-1.5B,SVAMP,236,1,5,16,0.3125
DS-R1-1.5B,SVAMP,238,3,15,16,0.9375
DS-R1-1.5B,SVAMP,241,3,13,16,0.8125
DS-R1-1.5B,SVAMP,243,1,9,16,0.5625
DS-R1-1.5B,SVAMP,247,3,16,16,1.0
DS-R1-1.5B,SVAMP,248,3,16,16,1.0
DS-R1-1.5B,SVAMP,249,2,15,16,0.9375
DS-R1-1.5B,SVAMP,250,1,16,16,1.0
DS-R1-1.5B,SVAMP,251,1,16,16,1.0
DS-R1-1.5B,SVAMP,252,1,13,16,0.8125
DS-R1-1.5B,SVAMP,254,1,16,16,1.0
DS-R1-1.5B,SVAMP,256,5,16,16,1.0
DS-R1-1.5B,SVAMP,257,6,15,16,0.9375
DS-R1-1.5B,SVAMP,260,2,16,16,1.0
DS-R1-1.5B,SVAMP,262,1,11,16,0.6875
DS-R1-1.5B,SVAMP,263,5,9,16,0.5625
DS-R1-1.5B,SVAMP,264,4,16,16,1.0
DS-R1-1.5B,SVAMP,265,1,16,16,1.0
DS-R1-1.5B,SVAMP,267,2,2,16,0.125
DS-R1-1.5B,SVAMP,268,5,16,16,1.0
DS-R1-1.5B,SVAMP,270,2,16,16,1.0
DS-R1-1.5B,SVAMP,271,1,16,16,1.0
DS-R1-1.5B,SVAMP,272,1,14,16,0.875
DS-R1-1.5B,SVAMP,273,6,16,16,1.0
DS-R1-1.5B,SVAMP,274,9,16,16,1.0
DS-R1-1.5B,SVAMP,275,2,16,16,1.0
DS-R1-1.5B,SVAMP,276,4,16,16,1.0
DS-R1-1.5B,SVAMP,277,1,14,16,0.875
DS-R1-1.5B,SVAMP,280,3,15,16,0.9375
DS-R1-1.5B,SVAMP,281,3,16,16,1.0
DS-R1-1.5B,SVAMP,282,2,15,16,0.9375
DS-R1-1.5B,SVAMP,283,2,16,16,1.0
DS-R1-1.5B,SVAMP,284,5,16,16,1.0
DS-R1-1.5B,SVAMP,285,1,16,16,1.0
DS-R1-1.5B,SVAMP,286,2,4,16,0.25
DS-R1-1.5B,SVAMP,289,3,10,16,0.625
DS-R1-1.5B,SVAMP,290,1,16,16,1.0
DS-R1-1.5B,SVAMP,291,1,6,16,0.375
DS-R1-1.5B,SVAMP,294,1,3,16,0.1875
DS-R1-1.5B,SVAMP,295,3,16,16,1.0
DS-R1-1.5B,SVAMP,298,1,16,16,1.0
DS-R1-1.5B,SVAMP,299,1,15,16,0.9375
DS-R1-1.5B,SVAMP,302,2,14,16,0.875
DS-R1-1.5B,SVAMP,303,1,16,16,1.0
DS-R1-1.5B,SVAMP,304,4,16,16,1.0
DS-R1-1.5B,SVAMP,307,1,15,16,0.9375
DS-R1-1.5B,SVAMP,308,5,16,16,1.0
DS-R1-1.5B,SVAMP,309,6,16,16,1.0
DS-R1-1.5B,SVAMP,311,4,16,16,1.0
DS-R1-1.5B,SVAMP,312,2,15,16,0.9375
DS-R1-1.5B,SVAMP,313,3,15,16,0.9375
DS-R1-1.5B,SVAMP,315,2,16,16,1.0
DS-R1-1.5B,SVAMP,317,3,16,16,1.0
DS-R1-1.5B,SVAMP,318,2,15,16,0.9375
DS-R1-1.5B,SVAMP,321,2,9,16,0.5625
DS-R1-1.5B,SVAMP,322,4,16,16,1.0
DS-R1-1.5B,SVAMP,324,1,14,16,0.875
DS-R1-1.5B,SVAMP,325,5,15,16,0.9375
DS-R1-1.5B,SVAMP,327,3,16,16,1.0
DS-R1-1.5B,SVAMP,328,3,16,16,1.0
DS-R1-1.5B,SVAMP,330,3,16,16,1.0
DS-R1-1.5B,SVAMP,331,1,16,16,1.0
DS-R1-1.5B,SVAMP,333,1,11,16,0.6875
DS-R1-1.5B,SVAMP,334,1,16,16,1.0
DS-R1-1.5B,SVAMP,335,2,16,16,1.0
DS-R1-1.5B,SVAMP,339,2,14,16,0.875
DS-R1-1.5B,SVAMP,340,1,16,16,1.0
DS-R1-1.5B,SVAMP,341,1,15,16,0.9375
DS-R1-1.5B,SVAMP,342,1,5,16,0.3125
DS-R1-1.5B,SVAMP,343,1,15,16,0.9375
DS-R1-1.5B,SVAMP,344,1,16,16,1.0
DS-R1-1.5B,SVAMP,350,3,6,16,0.375
DS-R1-1.5B,SVAMP,354,1,15,16,0.9375
DS-R1-1.5B,SVAMP,355,3,14,16,0.875
DS-R1-1.5B,SVAMP,360,2,14,16,0.875
DS-R1-1.5B,SVAMP,361,6,16,16,1.0
DS-R1-1.5B,SVAMP,363,4,8,16,0.5
DS-R1-1.5B,SVAMP,364,4,16,16,1.0
DS-R1-1.5B,SVAMP,365,2,16,16,1.0
DS-R1-1.5B,SVAMP,366,2,16,16,1.0
DS-R1-1.5B,SVAMP,369,1,16,16,1.0
DS-R1-1.5B,SVAMP,370,7,16,16,1.0
DS-R1-1.5B,SVAMP,372,2,7,16,0.4375
DS-R1-1.5B,SVAMP,373,2,14,16,0.875
DS-R1-1.5B,SVAMP,374,1,16,16,1.0
DS-R1-1.5B,SVAMP,377,1,15,16,0.9375
DS-R1-1.5B,SVAMP,378,1,16,16,1.0
DS-R1-1.5B,SVAMP,381,5,16,16,1.0
DS-R1-1.5B,SVAMP,382,2,14,16,0.875
DS-R1-1.5B,SVAMP,385,2,16,16,1.0
DS-R1-1.5B,SVAMP,388,2,16,16,1.0
DS-R1-1.5B,SVAMP,389,1,14,16,0.875
DS-R1-1.5B,SVAMP,390,2,15,16,0.9375
DS-R1-1.5B,SVAMP,391,1,16,16,1.0
DS-R1-1.5B,SVAMP,392,9,14,16,0.875
DS-R1-1.5B,SVAMP,393,2,12,16,0.75
DS-R1-1.5B,SVAMP,394,2,15,16,0.9375
DS-R1-1.5B,SVAMP,397,1,14,16,0.875
DS-R1-1.5B,SVAMP,398,1,0,16,0.0
DS-R1-1.5B,SVAMP,400,2,15,16,0.9375
DS-R1-1.5B,SVAMP,401,1,16,16,1.0
DS-R1-1.5B,SVAMP,402,1,14,16,0.875
DS-R1-1.5B,SVAMP,405,3,16,16,1.0
DS-R1-1.5B,SVAMP,406,3,15,16,0.9375
DS-R1-1.5B,SVAMP,407,4,16,16,1.0
DS-R1-1.5B,SVAMP,409,1,14,16,0.875
DS-R1-1.5B,SVAMP,410,3,16,16,1.0
DS-R1-1.5B,SVAMP,411,1,13,16,0.8125
DS-R1-1.5B,SVAMP,412,7,15,16,0.9375
DS-R1-1.5B,SVAMP,413,3,12,16,0.75
DS-R1-1.5B,SVAMP,416,3,16,16,1.0
DS-R1-1.5B,SVAMP,417,2,16,16,1.0
DS-R1-1.5B,SVAMP,418,3,15,16,0.9375
DS-R1-1.5B,SVAMP,419,2,16,16,1.0
DS-R1-1.5B,SVAMP,420,2,14,16,0.875
DS-R1-1.5B,SVAMP,421,3,5,16,0.3125
DS-R1-1.5B,SVAMP,422,5,16,16,1.0
DS-R1-1.5B,SVAMP,423,1,11,16,0.6875
DS-R1-1.5B,SVAMP,424,3,16,16,1.0
DS-R1-1.5B,SVAMP,425,1,7,16,0.4375
DS-R1-1.5B,SVAMP,426,3,16,16,1.0
DS-R1-1.5B,SVAMP,428,1,16,16,1.0
DS-R1-1.5B,SVAMP,429,1,15,16,0.9375
DS-R1-1.5B,SVAMP,431,1,13,16,0.8125
DS-R1-1.5B,SVAMP,432,2,13,16,0.8125
DS-R1-1.5B,SVAMP,433,3,15,16,0.9375
DS-R1-1.5B,SVAMP,434,3,15,16,0.9375
DS-R1-1.5B,SVAMP,435,7,15,16,0.9375
DS-R1-1.5B,SVAMP,436,2,16,16,1.0
DS-R1-1.5B,SVAMP,438,2,13,16,0.8125
DS-R1-1.5B,SVAMP,440,5,16,16,1.0
DS-R1-1.5B,SVAMP,441,3,11,16,0.6875
DS-R1-1.5B,SVAMP,443,2,16,16,1.0
DS-R1-1.5B,SVAMP,449,4,15,16,0.9375
DS-R1-1.5B,SVAMP,450,4,16,16,1.0
DS-R1-1.5B,SVAMP,451,8,12,16,0.75
DS-R1-1.5B,SVAMP,452,3,6,16,0.375
DS-R1-1.5B,SVAMP,454,1,15,16,0.9375
DS-R1-1.5B,SVAMP,455,1,12,16,0.75
DS-R1-1.5B,SVAMP,457,2,15,16,0.9375
DS-R1-1.5B,SVAMP,459,1,16,16,1.0
DS-R1-1.5B,SVAMP,461,3,16,16,1.0
DS-R1-1.5B,SVAMP,463,10,16,16,1.0
DS-R1-1.5B,SVAMP,464,5,16,16,1.0
DS-R1-1.5B,SVAMP,465,1,16,16,1.0
DS-R1-1.5B,SVAMP,466,4,14,16,0.875
DS-R1-1.5B,SVAMP,468,1,16,16,1.0
DS-R1-1.5B,SVAMP,469,4,16,16,1.0
DS-R1-1.5B,SVAMP,473,2,16,16,1.0
DS-R1-1.5B,SVAMP,476,1,15,16,0.9375
DS-R1-1.5B,SVAMP,477,1,16,16,1.0
DS-R1-1.5B,SVAMP,478,1,16,16,1.0
DS-R1-1.5B,SVAMP,479,1,14,16,0.875
DS-R1-1.5B,SVAMP,480,1,16,16,1.0
DS-R1-1.5B,SVAMP,481,4,16,16,1.0
DS-R1-1.5B,SVAMP,483,2,16,16,1.0
DS-R1-1.5B,SVAMP,484,1,12,16,0.75
DS-R1-1.5B,SVAMP,488,5,15,16,0.9375
DS-R1-1.5B,SVAMP,489,3,14,16,0.875
DS-R1-1.5B,SVAMP,491,7,16,16,1.0
DS-R1-1.5B,SVAMP,492,4,16,16,1.0
DS-R1-1.5B,SVAMP,493,1,16,16,1.0
DS-R1-1.5B,SVAMP,494,9,15,16,0.9375
DS-R1-1.5B,SVAMP,496,3,15,16,0.9375
DS-R1-1.5B,SVAMP,501,1,16,16,1.0
DS-R1-1.5B,SVAMP,502,1,15,16,0.9375
DS-R1-1.5B,SVAMP,503,2,15,16,0.9375
DS-R1-1.5B,SVAMP,505,2,16,16,1.0
DS-R1-1.5B,SVAMP,506,1,16,16,1.0
DS-R1-1.5B,SVAMP,507,3,14,16,0.875
DS-R1-1.5B,SVAMP,508,1,14,16,0.875
DS-R1-1.5B,SVAMP,509,1,14,16,0.875
DS-R1-1.5B,SVAMP,510,4,16,16,1.0
DS-R1-1.5B,SVAMP,511,1,15,16,0.9375
DS-R1-1.5B,SVAMP,512,1,9,16,0.5625
DS-R1-1.5B,SVAMP,514,2,15,16,0.9375
DS-R1-1.5B,SVAMP,515,3,1,16,0.0625
DS-R1-1.5B,SVAMP,518,2,16,16,1.0
DS-R1-1.5B,SVAMP,520,2,16,16,1.0
DS-R1-1.5B,SVAMP,521,9,16,16,1.0
DS-R1-1.5B,SVAMP,523,3,13,16,0.8125
DS-R1-1.5B,SVAMP,528,3,16,16,1.0
DS-R1-1.5B,SVAMP,529,4,6,16,0.375
DS-R1-1.5B,SVAMP,530,2,16,16,1.0
DS-R1-1.5B,SVAMP,532,1,16,16,1.0
DS-R1-1.5B,SVAMP,533,3,16,16,1.0
DS-R1-1.5B,SVAMP,534,3,16,16,1.0
DS-R1-1.5B,SVAMP,535,2,16,16,1.0
DS-R1-1.5B,SVAMP,536,3,5,16,0.3125
DS-R1-1.5B,SVAMP,538,3,16,16,1.0
DS-R1-1.5B,SVAMP,539,4,16,16,1.0
DS-R1-1.5B,SVAMP,541,1,12,16,0.75
DS-R1-1.5B,SVAMP,542,1,8,16,0.5
DS-R1-1.5B,SVAMP,544,5,12,16,0.75
DS-R1-1.5B,SVAMP,547,2,15,16,0.9375
DS-R1-1.5B,SVAMP,549,3,14,16,0.875
DS-R1-1.5B,SVAMP,554,2,16,16,1.0
DS-R1-1.5B,SVAMP,557,3,15,16,0.9375
DS-R1-1.5B,SVAMP,559,3,16,16,1.0
DS-R1-1.5B,SVAMP,560,1,15,16,0.9375
DS-R1-1.5B,SVAMP,561,2,15,16,0.9375
DS-R1-1.5B,SVAMP,564,2,13,16,0.8125
DS-R1-1.5B,SVAMP,566,5,11,16,0.6875
DS-R1-1.5B,SVAMP,567,2,15,16,0.9375
DS-R1-1.5B,SVAMP,568,2,16,16,1.0
DS-R1-1.5B,SVAMP,570,4,13,16,0.8125
DS-R1-1.5B,SVAMP,571,3,15,16,0.9375
DS-R1-1.5B,SVAMP,572,1,15,16,0.9375
DS-R1-1.5B,SVAMP,573,1,16,16,1.0
DS-R1-1.5B,SVAMP,574,3,14,16,0.875
DS-R1-1.5B,SVAMP,575,2,16,16,1.0
DS-R1-1.5B,SVAMP,576,1,16,16,1.0
DS-R1-1.5B,SVAMP,577,2,15,16,0.9375
DS-R1-1.5B,SVAMP,578,3,8,16,0.5
DS-R1-1.5B,SVAMP,580,6,16,16,1.0
DS-R1-1.5B,SVAMP,581,3,16,16,1.0
DS-R1-1.5B,SVAMP,582,1,16,16,1.0
DS-R1-1.5B,SVAMP,583,3,16,16,1.0
DS-R1-1.5B,SVAMP,584,3,16,16,1.0
DS-R1-1.5B,SVAMP,585,4,15,16,0.9375
DS-R1-1.5B,SVAMP,586,5,16,16,1.0
DS-R1-1.5B,SVAMP,587,1,14,16,0.875
DS-R1-1.5B,SVAMP,588,3,16,16,1.0
DS-R1-1.5B,SVAMP,589,1,15,16,0.9375
DS-R1-1.5B,SVAMP,591,1,16,16,1.0
DS-R1-1.5B,SVAMP,592,7,16,16,1.0
DS-R1-1.5B,SVAMP,593,2,16,16,1.0
DS-R1-1.5B,SVAMP,594,2,15,16,0.9375
DS-R1-1.5B,SVAMP,595,2,0,16,0.0
DS-R1-1.5B,SVAMP,596,2,16,16,1.0
DS-R1-1.5B,SVAMP,597,5,16,16,1.0
DS-R1-1.5B,SVAMP,598,1,16,16,1.0
DS-R1-1.5B,SVAMP,599,7,16,16,1.0
DS-R1-1.5B,SVAMP,600,5,15,16,0.9375
DS-R1-1.5B,SVAMP,601,2,16,16,1.0
DS-R1-1.5B,SVAMP,603,2,16,16,1.0
DS-R1-1.5B,SVAMP,604,1,14,16,0.875
DS-R1-1.5B,SVAMP,605,2,15,16,0.9375
DS-R1-1.5B,SVAMP,606,2,16,16,1.0
DS-R1-1.5B,SVAMP,607,3,15,16,0.9375
DS-R1-1.5B,SVAMP,608,1,16,16,1.0
DS-R1-1.5B,SVAMP,610,2,16,16,1.0
DS-R1-1.5B,SVAMP,611,1,15,16,0.9375
DS-R1-1.5B,SVAMP,612,3,10,16,0.625
DS-R1-1.5B,SVAMP,615,1,16,16,1.0
DS-R1-1.5B,SVAMP,616,3,15,16,0.9375
DS-R1-1.5B,SVAMP,618,5,15,16,0.9375
DS-R1-1.5B,SVAMP,620,1,15,16,0.9375
DS-R1-1.5B,SVAMP,621,2,16,16,1.0
DS-R1-1.5B,SVAMP,622,3,15,16,0.9375
DS-R1-1.5B,SVAMP,624,1,15,16,0.9375
DS-R1-1.5B,SVAMP,625,1,16,16,1.0
DS-R1-1.5B,SVAMP,626,6,8,16,0.5
DS-R1-1.5B,SVAMP,627,3,15,16,0.9375
DS-R1-1.5B,SVAMP,628,1,8,16,0.5
DS-R1-1.5B,SVAMP,629,5,16,16,1.0
DS-R1-1.5B,SVAMP,630,1,15,16,0.9375
DS-R1-1.5B,SVAMP,631,1,16,16,1.0
DS-R1-1.5B,SVAMP,632,2,14,16,0.875
DS-R1-1.5B,SVAMP,633,1,8,16,0.5
DS-R1-1.5B,SVAMP,634,1,16,16,1.0
DS-R1-1.5B,SVAMP,635,1,15,16,0.9375
DS-R1-1.5B,SVAMP,636,1,6,16,0.375
DS-R1-1.5B,SVAMP,637,3,15,16,0.9375
DS-R1-1.5B,SVAMP,639,2,15,16,0.9375
DS-R1-1.5B,SVAMP,641,1,15,16,0.9375
DS-R1-1.5B,SVAMP,643,1,15,16,0.9375
DS-R1-1.5B,SVAMP,644,1,15,16,0.9375
DS-R1-1.5B,SVAMP,645,3,15,16,0.9375
DS-R1-1.5B,SVAMP,646,1,11,16,0.6875
DS-R1-1.5B,SVAMP,647,1,6,16,0.375
DS-R1-1.5B,SVAMP,649,2,16,16,1.0
DS-R1-1.5B,SVAMP,651,2,16,16,1.0
DS-R1-1.5B,SVAMP,652,1,14,16,0.875
DS-R1-1.5B,SVAMP,654,3,16,16,1.0
DS-R1-1.5B,SVAMP,660,5,16,16,1.0
DS-R1-1.5B,SVAMP,662,3,16,16,1.0
DS-R1-1.5B,SVAMP,663,2,10,16,0.625
DS-R1-1.5B,SVAMP,664,1,16,16,1.0
DS-R1-1.5B,SVAMP,668,3,15,16,0.9375
DS-R1-1.5B,SVAMP,671,1,11,16,0.6875
DS-R1-1.5B,SVAMP,672,1,14,16,0.875
DS-R1-1.5B,SVAMP,674,6,15,16,0.9375
DS-R1-1.5B,SVAMP,675,2,15,16,0.9375
DS-R1-1.5B,SVAMP,677,1,16,16,1.0
DS-R1-1.5B,SVAMP,679,2,5,16,0.3125
DS-R1-1.5B,SVAMP,680,1,12,16,0.75
DS-R1-1.5B,SVAMP,681,7,15,16,0.9375
DS-R1-1.5B,SVAMP,682,1,16,16,1.0
DS-R1-1.5B,SVAMP,685,4,15,16,0.9375
DS-R1-1.5B,SVAMP,686,2,15,16,0.9375
DS-R1-1.5B,SVAMP,687,3,16,16,1.0
DS-R1-1.5B,SVAMP,691,1,13,16,0.8125
DS-R1-1.5B,SVAMP,693,2,15,16,0.9375
DS-R1-1.5B,SVAMP,695,3,9,16,0.5625
DS-R1-1.5B,SVAMP,696,1,15,16,0.9375
DS-R1-1.5B,SVAMP,697,1,14,16,0.875
DS-R1-1.5B,SVAMP,698,8,16,16,1.0
DS-R1-1.5B,SVAMP,699,5,16,16,1.0
DS-R1-1.5B,SVAMP,700,2,10,16,0.625
DS-R1-1.5B,SVAMP,701,1,15,16,0.9375
DS-R1-1.5B,SVAMP,702,4,14,16,0.875
DS-R1-1.5B,SVAMP,705,2,16,16,1.0
DS-R1-1.5B,SVAMP,707,4,16,16,1.0
DS-R1-1.5B,SVAMP,708,3,15,16,0.9375
DS-R1-1.5B,SVAMP,709,4,15,16,0.9375
DS-R1-1.5B,SVAMP,711,3,16,16,1.0
DS-R1-1.5B,SVAMP,713,1,13,16,0.8125
DS-R1-1.5B,SVAMP,714,1,0,16,0.0
DS-R1-1.5B,SVAMP,715,2,15,16,0.9375
DS-R1-1.5B,SVAMP,716,3,16,16,1.0
DS-R1-1.5B,SVAMP,717,6,2,16,0.125
DS-R1-1.5B,SVAMP,720,4,16,16,1.0
DS-R1-1.5B,SVAMP,721,3,15,16,0.9375
DS-R1-1.5B,SVAMP,723,2,16,16,1.0
DS-R1-1.5B,SVAMP,724,4,13,16,0.8125
DS-R1-1.5B,SVAMP,727,2,14,16,0.875
DS-R1-1.5B,SVAMP,728,1,16,16,1.0
DS-R1-1.5B,SVAMP,729,3,14,16,0.875
DS-R1-1.5B,SVAMP,731,2,9,16,0.5625
DS-R1-1.5B,SVAMP,732,4,15,16,0.9375
DS-R1-1.5B,SVAMP,733,1,14,16,0.875
DS-R1-1.5B,SVAMP,734,1,8,16,0.5
DS-R1-1.5B,SVAMP,738,1,8,16,0.5
DS-R1-1.5B,SVAMP,739,4,15,16,0.9375
DS-R1-1.5B,SVAMP,742,1,12,16,0.75
DS-R1-1.5B,SVAMP,744,4,15,16,0.9375
DS-R1-1.5B,SVAMP,746,2,15,16,0.9375
DS-R1-1.5B,SVAMP,749,2,10,16,0.625
DS-R1-1.5B,SVAMP,750,3,14,16,0.875
DS-R1-1.5B,SVAMP,751,9,16,16,1.0
DS-R1-1.5B,SVAMP,753,1,14,16,0.875
DS-R1-1.5B,SVAMP,754,1,15,16,0.9375
DS-R1-1.5B,SVAMP,755,1,16,16,1.0
DS-R1-1.5B,SVAMP,756,2,14,16,0.875
DS-R1-1.5B,SVAMP,759,2,16,16,1.0
DS-R1-1.5B,SVAMP,761,2,15,16,0.9375
DS-R1-1.5B,SVAMP,763,1,16,16,1.0
DS-R1-1.5B,SVAMP,764,1,16,16,1.0
DS-R1-1.5B,SVAMP,766,1,3,16,0.1875
DS-R1-1.5B,SVAMP,768,1,3,16,0.1875
DS-R1-1.5B,SVAMP,770,3,13,16,0.8125
DS-R1-1.5B,SVAMP,771,1,16,16,1.0
DS-R1-1.5B,SVAMP,772,2,14,16,0.875
DS-R1-1.5B,SVAMP,773,3,15,16,0.9375
DS-R1-1.5B,SVAMP,774,1,15,16,0.9375
DS-R1-1.5B,SVAMP,775,2,15,16,0.9375
DS-R1-1.5B,SVAMP,777,4,16,16,1.0
DS-R1-1.5B,SVAMP,780,4,16,16,1.0
DS-R1-1.5B,SVAMP,783,8,15,16,0.9375
DS-R1-1.5B,SVAMP,784,1,16,16,1.0
DS-R1-1.5B,SVAMP,785,4,16,16,1.0
DS-R1-1.5B,SVAMP,786,3,12,16,0.75
DS-R1-1.5B,SVAMP,787,3,14,16,0.875
DS-R1-1.5B,SVAMP,788,1,15,16,0.9375
DS-R1-1.5B,SVAMP,789,2,15,16,0.9375
DS-R1-1.5B,SVAMP,791,1,16,16,1.0
DS-R1-1.5B,SVAMP,792,1,15,16,0.9375
DS-R1-1.5B,SVAMP,793,2,16,16,1.0
DS-R1-1.5B,SVAMP,795,1,15,16,0.9375
DS-R1-1.5B,SVAMP,796,6,15,16,0.9375
DS-R1-1.5B,SVAMP,798,2,15,16,0.9375
DS-R1-1.5B,SVAMP,800,2,15,16,0.9375
DS-R1-1.5B,SVAMP,803,1,16,16,1.0
DS-R1-1.5B,SVAMP,804,1,16,16,1.0
DS-R1-1.5B,SVAMP,805,1,13,16,0.8125
DS-R1-1.5B,SVAMP,806,6,15,16,0.9375
DS-R1-1.5B,SVAMP,807,2,13,16,0.8125
DS-R1-1.5B,SVAMP,808,3,16,16,1.0
DS-R1-1.5B,SVAMP,809,1,15,16,0.9375
DS-R1-1.5B,SVAMP,811,1,15,16,0.9375
DS-R1-1.5B,SVAMP,813,3,14,16,0.875
DS-R1-1.5B,SVAMP,816,2,15,16,0.9375
DS-R1-1.5B,SVAMP,820,1,14,16,0.875
DS-R1-1.5B,SVAMP,822,1,16,16,1.0
DS-R1-1.5B,SVAMP,823,4,14,16,0.875
DS-R1-1.5B,SVAMP,824,7,16,16,1.0
DS-R1-1.5B,SVAMP,825,2,6,16,0.375
DS-R1-1.5B,SVAMP,826,1,16,16,1.0
DS-R1-1.5B,SVAMP,828,7,16,16,1.0
DS-R1-1.5B,SVAMP,830,1,4,16,0.25
DS-R1-1.5B,SVAMP,831,3,16,16,1.0
DS-R1-1.5B,SVAMP,832,2,16,16,1.0
DS-R1-1.5B,SVAMP,833,1,15,16,0.9375
DS-R1-1.5B,SVAMP,834,2,13,16,0.8125
DS-R1-1.5B,SVAMP,840,6,15,16,0.9375
DS-R1-1.5B,SVAMP,841,6,16,16,1.0
DS-R1-1.5B,SVAMP,842,1,16,16,1.0
DS-R1-1.5B,SVAMP,843,3,12,16,0.75
DS-R1-1.5B,SVAMP,844,3,16,16,1.0
DS-R1-1.5B,SVAMP,847,1,14,16,0.875
DS-R1-1.5B,SVAMP,848,1,4,16,0.25
DS-R1-1.5B,SVAMP,850,3,16,16,1.0
DS-R1-1.5B,SVAMP,851,1,16,16,1.0
DS-R1-1.5B,SVAMP,852,1,16,16,1.0
DS-R1-1.5B,SVAMP,853,1,16,16,1.0
DS-R1-1.5B,SVAMP,855,3,15,16,0.9375
DS-R1-1.5B,SVAMP,856,2,14,16,0.875
DS-R1-1.5B,SVAMP,862,2,16,16,1.0
DS-R1-1.5B,SVAMP,863,3,15,16,0.9375
DS-R1-1.5B,SVAMP,864,1,10,16,0.625
DS-R1-1.5B,SVAMP,866,1,16,16,1.0
DS-R1-1.5B,SVAMP,867,1,11,16,0.6875
DS-R1-1.5B,SVAMP,869,2,15,16,0.9375
DS-R1-1.5B,SVAMP,870,3,15,16,0.9375
DS-R1-1.5B,SVAMP,871,3,14,16,0.875
DS-R1-1.5B,SVAMP,872,2,15,16,0.9375
DS-R1-1.5B,SVAMP,873,4,16,16,1.0
DS-R1-1.5B,SVAMP,874,2,16,16,1.0
DS-R1-1.5B,SVAMP,875,1,15,16,0.9375
DS-R1-1.5B,SVAMP,876,1,16,16,1.0
DS-R1-1.5B,SVAMP,877,3,15,16,0.9375
DS-R1-1.5B,SVAMP,878,1,15,16,0.9375
DS-R1-1.5B,SVAMP,879,1,0,16,0.0
DS-R1-1.5B,SVAMP,880,2,16,16,1.0
DS-R1-1.5B,SVAMP,884,5,16,16,1.0
DS-R1-1.5B,SVAMP,886,4,15,16,0.9375
DS-R1-1.5B,SVAMP,887,1,14,16,0.875
DS-R1-1.5B,SVAMP,891,1,12,16,0.75
DS-R1-1.5B,SVAMP,892,5,16,16,1.0
DS-R1-1.5B,SVAMP,893,1,12,16,0.75
DS-R1-1.5B,SVAMP,895,4,16,16,1.0
DS-R1-1.5B,SVAMP,897,2,16,16,1.0
DS-R1-1.5B,SVAMP,899,1,12,16,0.75
DS-R1-1.5B,SVAMP,900,3,9,16,0.5625
DS-R1-1.5B,SVAMP,903,1,16,16,1.0
DS-R1-1.5B,SVAMP,904,1,15,16,0.9375
DS-R1-1.5B,SVAMP,905,2,16,16,1.0
DS-R1-1.5B,SVAMP,906,1,16,16,1.0
DS-R1-1.5B,SVAMP,909,1,16,16,1.0
DS-R1-1.5B,SVAMP,910,3,15,16,0.9375
DS-R1-1.5B,SVAMP,911,2,15,16,0.9375
DS-R1-1.5B,SVAMP,912,7,16,16,1.0
DS-R1-1.5B,SVAMP,913,5,16,16,1.0
DS-R1-1.5B,SVAMP,914,2,14,16,0.875
DS-R1-1.5B,SVAMP,915,1,15,16,0.9375
DS-R1-1.5B,SVAMP,917,3,15,16,0.9375
DS-R1-1.5B,SVAMP,918,5,16,16,1.0
DS-R1-1.5B,SVAMP,920,1,15,16,0.9375
DS-R1-1.5B,SVAMP,921,2,15,16,0.9375
DS-R1-1.5B,SVAMP,922,2,13,16,0.8125
DS-R1-1.5B,SVAMP,923,3,16,16,1.0
DS-R1-1.5B,SVAMP,924,3,11,16,0.6875
DS-R1-1.5B,SVAMP,925,2,15,16,0.9375
DS-R1-1.5B,SVAMP,926,2,16,16,1.0
DS-R1-1.5B,SVAMP,927,2,0,16,0.0
DS-R1-1.5B,SVAMP,935,1,15,16,0.9375
DS-R1-1.5B,SVAMP,936,1,16,16,1.0
DS-R1-1.5B,SVAMP,937,1,13,16,0.8125
DS-R1-1.5B,SVAMP,939,5,14,16,0.875
DS-R1-1.5B,SVAMP,940,1,16,16,1.0
DS-R1-1.5B,SVAMP,941,3,15,16,0.9375
DS-R1-1.5B,SVAMP,942,5,15,16,0.9375
DS-R1-1.5B,SVAMP,943,3,16,16,1.0
DS-R1-1.5B,SVAMP,944,3,16,16,1.0
DS-R1-1.5B,SVAMP,945,1,16,16,1.0
DS-R1-1.5B,SVAMP,946,1,16,16,1.0
DS-R1-1.5B,SVAMP,948,1,16,16,1.0
DS-R1-1.5B,SVAMP,949,2,15,16,0.9375
DS-R1-1.5B,SVAMP,951,7,16,16,1.0
DS-R1-1.5B,SVAMP,952,2,14,16,0.875
DS-R1-1.5B,SVAMP,954,2,15,16,0.9375
DS-R1-1.5B,SVAMP,957,1,6,16,0.375
DS-R1-1.5B,SVAMP,958,4,15,16,0.9375
DS-R1-1.5B,SVAMP,961,1,16,16,1.0
DS-R1-1.5B,SVAMP,962,1,3,16,0.1875
DS-R1-1.5B,SVAMP,964,6,16,16,1.0
DS-R1-1.5B,SVAMP,965,1,12,16,0.75
DS-R1-1.5B,SVAMP,966,5,14,16,0.875
DS-R1-1.5B,SVAMP,968,3,16,16,1.0
DS-R1-1.5B,SVAMP,969,1,14,16,0.875
DS-R1-1.5B,SVAMP,970,1,13,16,0.8125
DS-R1-1.5B,SVAMP,974,2,15,16,0.9375
DS-R1-1.5B,SVAMP,975,1,0,16,0.0
DS-R1-1.5B,SVAMP,976,3,15,16,0.9375
DS-R1-1.5B,SVAMP,977,3,16,16,1.0
DS-R1-1.5B,SVAMP,979,3,16,16,1.0
DS-R1-1.5B,SVAMP,981,5,16,16,1.0
DS-R1-1.5B,SVAMP,983,2,13,16,0.8125
DS-R1-1.5B,SVAMP,984,1,14,16,0.875
DS-R1-1.5B,SVAMP,985,1,16,16,1.0
DS-R1-1.5B,SVAMP,986,5,9,16,0.5625
DS-R1-1.5B,SVAMP,987,4,16,16,1.0
DS-R1-1.5B,SVAMP,988,2,15,16,0.9375
DS-R1-1.5B,SVAMP,990,5,16,16,1.0
DS-R1-1.5B,SVAMP,992,1,15,16,0.9375
DS-R1-1.5B,SVAMP,993,1,0,16,0.0
DS-R1-1.5B,SVAMP,994,2,16,16,1.0
DS-R1-1.5B,SVAMP,996,2,16,16,1.0
DS-R1-1.5B,SVAMP,999,2,16,16,1.0
DS-R1-7B,AQuA,0,1,13,16,0.8125
DS-R1-7B,AQuA,1,5,11,16,0.6875
DS-R1-7B,AQuA,3,1,16,16,1.0
DS-R1-7B,AQuA,4,3,16,16,1.0
DS-R1-7B,AQuA,7,9,16,16,1.0
DS-R1-7B,AQuA,10,3,3,16,0.1875
DS-R1-7B,AQuA,11,4,15,16,0.9375
DS-R1-7B,AQuA,12,4,14,16,0.875
DS-R1-7B,AQuA,13,2,16,16,1.0
DS-R1-7B,AQuA,15,2,14,16,0.875
DS-R1-7B,AQuA,16,2,12,16,0.75
DS-R1-7B,AQuA,17,4,16,16,1.0
DS-R1-7B,AQuA,18,1,16,16,1.0
DS-R1-7B,AQuA,19,3,11,16,0.6875
DS-R1-7B,AQuA,23,2,14,16,0.875
DS-R1-7B,AQuA,24,5,13,16,0.8125
DS-R1-7B,AQuA,25,1,16,16,1.0
DS-R1-7B,AQuA,26,3,16,16,1.0
DS-R1-7B,AQuA,28,2,16,16,1.0
DS-R1-7B,AQuA,30,2,14,16,0.875
DS-R1-7B,AQuA,34,6,16,16,1.0
DS-R1-7B,AQuA,36,1,14,16,0.875
DS-R1-7B,AQuA,37,4,12,16,0.75
DS-R1-7B,AQuA,39,5,16,16,1.0
DS-R1-7B,AQuA,40,1,10,16,0.625
DS-R1-7B,AQuA,42,1,15,16,0.9375
DS-R1-7B,AQuA,43,2,16,16,1.0
DS-R1-7B,AQuA,45,4,11,16,0.6875
DS-R1-7B,AQuA,47,2,16,16,1.0
DS-R1-7B,AQuA,48,2,12,16,0.75
DS-R1-7B,AQuA,49,2,15,16,0.9375
DS-R1-7B,AQuA,50,3,12,16,0.75
DS-R1-7B,AQuA,51,2,16,16,1.0
DS-R1-7B,AQuA,52,3,13,16,0.8125
DS-R1-7B,AQuA,53,3,16,16,1.0
DS-R1-7B,AQuA,60,2,10,16,0.625
DS-R1-7B,AQuA,62,3,15,16,0.9375
DS-R1-7B,AQuA,63,2,14,16,0.875
DS-R1-7B,AQuA,65,8,14,16,0.875
DS-R1-7B,AQuA,71,1,15,16,0.9375
DS-R1-7B,AQuA,72,2,15,16,0.9375
DS-R1-7B,AQuA,73,1,13,16,0.8125
DS-R1-7B,AQuA,74,1,11,16,0.6875
DS-R1-7B,AQuA,78,5,15,16,0.9375
DS-R1-7B,AQuA,79,1,5,16,0.3125
DS-R1-7B,AQuA,80,7,14,16,0.875
DS-R1-7B,AQuA,82,3,13,16,0.8125
DS-R1-7B,AQuA,83,1,16,16,1.0
DS-R1-7B,AQuA,87,2,11,16,0.6875
DS-R1-7B,AQuA,88,2,13,16,0.8125
DS-R1-7B,AQuA,89,4,7,16,0.4375
DS-R1-7B,AQuA,91,7,16,16,1.0
DS-R1-7B,AQuA,92,2,15,16,0.9375
DS-R1-7B,AQuA,95,2,15,16,0.9375
DS-R1-7B,AQuA,96,3,16,16,1.0
DS-R1-7B,AQuA,97,2,10,16,0.625
DS-R1-7B,AQuA,98,1,7,16,0.4375
DS-R1-7B,AQuA,100,2,15,16,0.9375
DS-R1-7B,AQuA,102,1,13,16,0.8125
DS-R1-7B,AQuA,104,1,3,16,0.1875
DS-R1-7B,AQuA,105,3,12,16,0.75
DS-R1-7B,AQuA,116,1,7,16,0.4375
DS-R1-7B,AQuA,118,2,16,16,1.0
DS-R1-7B,AQuA,119,3,15,16,0.9375
DS-R1-7B,AQuA,120,2,12,16,0.75
DS-R1-7B,AQuA,121,5,16,16,1.0
DS-R1-7B,AQuA,123,11,16,16,1.0
DS-R1-7B,AQuA,125,1,9,16,0.5625
DS-R1-7B,AQuA,126,2,9,16,0.5625
DS-R1-7B,AQuA,128,6,12,16,0.75
DS-R1-7B,AQuA,130,7,15,16,0.9375
DS-R1-7B,AQuA,131,4,15,16,0.9375
DS-R1-7B,AQuA,133,3,15,16,0.9375
DS-R1-7B,AQuA,134,5,15,16,0.9375
DS-R1-7B,AQuA,136,1,13,16,0.8125
DS-R1-7B,AQuA,137,1,16,16,1.0
DS-R1-7B,AQuA,138,8,16,16,1.0
DS-R1-7B,AQuA,141,2,13,16,0.8125
DS-R1-7B,AQuA,142,1,16,16,1.0
DS-R1-7B,AQuA,143,1,12,16,0.75
DS-R1-7B,AQuA,144,2,14,16,0.875
DS-R1-7B,AQuA,148,5,15,16,0.9375
DS-R1-7B,AQuA,157,3,12,16,0.75
DS-R1-7B,AQuA,161,3,13,16,0.8125
DS-R1-7B,AQuA,163,6,15,16,0.9375
DS-R1-7B,AQuA,164,1,2,16,0.125
DS-R1-7B,AQuA,166,1,15,16,0.9375
DS-R1-7B,AQuA,167,7,16,16,1.0
DS-R1-7B,AQuA,170,1,14,16,0.875
DS-R1-7B,AQuA,171,1,15,16,0.9375
DS-R1-7B,AQuA,174,6,15,16,0.9375
DS-R1-7B,AQuA,175,3,16,16,1.0
DS-R1-7B,AQuA,177,7,13,16,0.8125
DS-R1-7B,AQuA,178,1,14,16,0.875
DS-R1-7B,AQuA,179,1,13,16,0.8125
DS-R1-7B,AQuA,183,3,15,16,0.9375
DS-R1-7B,AQuA,185,4,13,16,0.8125
DS-R1-7B,AQuA,186,1,13,16,0.8125
DS-R1-7B,AQuA,192,6,14,16,0.875
DS-R1-7B,AQuA,194,6,13,16,0.8125
DS-R1-7B,AQuA,195,2,15,16,0.9375
DS-R1-7B,AQuA,197,1,10,16,0.625
DS-R1-7B,AQuA,198,1,7,16,0.4375
DS-R1-7B,AQuA,200,4,16,16,1.0
DS-R1-7B,AQuA,202,1,14,16,0.875
DS-R1-7B,AQuA,203,8,14,16,0.875
DS-R1-7B,AQuA,204,2,15,16,0.9375
DS-R1-7B,AQuA,205,2,5,16,0.3125
DS-R1-7B,AQuA,206,9,16,16,1.0
DS-R1-7B,AQuA,208,5,15,16,0.9375
DS-R1-7B,AQuA,211,1,12,16,0.75
DS-R1-7B,AQuA,213,1,15,16,0.9375
DS-R1-7B,AQuA,214,2,10,16,0.625
DS-R1-7B,AQuA,215,3,16,16,1.0
DS-R1-7B,AQuA,217,1,14,16,0.875
DS-R1-7B,AQuA,218,1,12,16,0.75
DS-R1-7B,AQuA,219,1,14,16,0.875
DS-R1-7B,AQuA,220,9,16,16,1.0
DS-R1-7B,AQuA,221,3,16,16,1.0
DS-R1-7B,AQuA,229,7,15,16,0.9375
DS-R1-7B,AQuA,231,5,16,16,1.0
DS-R1-7B,AQuA,233,3,15,16,0.9375
DS-R1-7B,AQuA,235,3,14,16,0.875
DS-R1-7B,AQuA,236,3,13,16,0.8125
DS-R1-7B,AQuA,239,6,15,16,0.9375
DS-R1-7B,AQuA,242,3,16,16,1.0
DS-R1-7B,AQuA,245,4,0,16,0.0
DS-R1-7B,AQuA,246,1,15,16,0.9375
DS-R1-7B,AQuA,248,1,14,16,0.875
DS-R1-7B,AQuA,251,8,15,16,0.9375
DS-R1-7B,AQuA,252,2,9,16,0.5625
DS-R1-7B,AQuA,253,1,16,16,1.0
DS-R1-7B,CSQA,0,1,11,16,0.6875
DS-R1-7B,CSQA,1,1,7,16,0.4375
DS-R1-7B,CSQA,2,3,10,16,0.625
DS-R1-7B,CSQA,3,2,14,16,0.875
DS-R1-7B,CSQA,4,3,6,16,0.375
DS-R1-7B,CSQA,6,3,11,16,0.6875
DS-R1-7B,CSQA,7,1,9,16,0.5625
DS-R1-7B,CSQA,8,3,14,16,0.875
DS-R1-7B,CSQA,9,3,1,16,0.0625
DS-R1-7B,CSQA,10,1,2,16,0.125
DS-R1-7B,CSQA,11,1,11,16,0.6875
DS-R1-7B,CSQA,12,3,16,16,1.0
DS-R1-7B,CSQA,13,1,7,16,0.4375
DS-R1-7B,CSQA,16,2,5,16,0.3125
DS-R1-7B,CSQA,18,1,9,16,0.5625
DS-R1-7B,CSQA,20,1,3,16,0.1875
DS-R1-7B,CSQA,22,1,0,16,0.0
DS-R1-7B,CSQA,24,1,2,16,0.125
DS-R1-7B,CSQA,27,2,16,16,1.0
DS-R1-7B,CSQA,28,1,7,16,0.4375
DS-R1-7B,CSQA,29,1,14,16,0.875
DS-R1-7B,CSQA,31,2,14,16,0.875
DS-R1-7B,CSQA,33,5,11,16,0.6875
DS-R1-7B,CSQA,34,1,0,16,0.0
DS-R1-7B,CSQA,36,2,11,16,0.6875
DS-R1-7B,CSQA,37,2,15,16,0.9375
DS-R1-7B,CSQA,39,1,2,16,0.125
DS-R1-7B,CSQA,41,1,9,16,0.5625
DS-R1-7B,CSQA,42,2,2,16,0.125
DS-R1-7B,CSQA,45,2,7,16,0.4375
DS-R1-7B,CSQA,46,1,7,16,0.4375
DS-R1-7B,CSQA,47,2,10,16,0.625
DS-R1-7B,CSQA,49,1,5,16,0.3125
DS-R1-7B,CSQA,50,4,15,16,0.9375
DS-R1-7B,CSQA,51,4,10,16,0.625
DS-R1-7B,CSQA,53,1,11,16,0.6875
DS-R1-7B,CSQA,55,1,4,16,0.25
DS-R1-7B,CSQA,56,1,7,16,0.4375
DS-R1-7B,CSQA,57,1,10,16,0.625
DS-R1-7B,CSQA,58,1,2,16,0.125
DS-R1-7B,CSQA,60,2,3,16,0.1875
DS-R1-7B,CSQA,61,2,7,16,0.4375
DS-R1-7B,CSQA,64,1,14,16,0.875
DS-R1-7B,CSQA,69,2,5,16,0.3125
DS-R1-7B,CSQA,70,4,10,16,0.625
DS-R1-7B,CSQA,72,2,6,16,0.375
DS-R1-7B,CSQA,74,2,5,16,0.3125
DS-R1-7B,CSQA,76,1,15,16,0.9375
DS-R1-7B,CSQA,77,1,0,16,0.0
DS-R1-7B,CSQA,78,1,1,16,0.0625
DS-R1-7B,CSQA,80,2,12,16,0.75
DS-R1-7B,CSQA,81,2,8,16,0.5
DS-R1-7B,CSQA,82,6,9,16,0.5625
DS-R1-7B,CSQA,83,3,15,16,0.9375
DS-R1-7B,CSQA,84,1,4,16,0.25
DS-R1-7B,CSQA,85,2,15,16,0.9375
DS-R1-7B,CSQA,86,2,3,16,0.1875
DS-R1-7B,CSQA,88,1,0,16,0.0
DS-R1-7B,CSQA,91,1,7,16,0.4375
DS-R1-7B,CSQA,92,4,14,16,0.875
DS-R1-7B,CSQA,93,1,1,16,0.0625
DS-R1-7B,CSQA,94,1,0,16,0.0
DS-R1-7B,CSQA,95,5,0,16,0.0
DS-R1-7B,CSQA,96,1,4,16,0.25
DS-R1-7B,CSQA,97,1,6,16,0.375
DS-R1-7B,CSQA,99,2,2,16,0.125
DS-R1-7B,CSQA,102,4,16,16,1.0
DS-R1-7B,CSQA,103,1,6,16,0.375
DS-R1-7B,CSQA,106,2,6,16,0.375
DS-R1-7B,CSQA,107,5,16,16,1.0
DS-R1-7B,CSQA,108,1,7,16,0.4375
DS-R1-7B,CSQA,109,1,9,16,0.5625
DS-R1-7B,CSQA,110,1,8,16,0.5
DS-R1-7B,CSQA,112,1,4,16,0.25
DS-R1-7B,CSQA,113,2,6,16,0.375
DS-R1-7B,CSQA,114,4,9,16,0.5625
DS-R1-7B,CSQA,115,2,14,16,0.875
DS-R1-7B,CSQA,117,1,1,16,0.0625
DS-R1-7B,CSQA,118,1,10,16,0.625
DS-R1-7B,CSQA,119,1,5,16,0.3125
DS-R1-7B,CSQA,121,1,6,16,0.375
DS-R1-7B,CSQA,122,3,12,16,0.75
DS-R1-7B,CSQA,124,2,15,16,0.9375
DS-R1-7B,CSQA,125,5,9,16,0.5625
DS-R1-7B,CSQA,126,3,15,16,0.9375
DS-R1-7B,CSQA,127,1,11,16,0.6875
DS-R1-7B,CSQA,128,4,13,16,0.8125
DS-R1-7B,CSQA,130,4,8,16,0.5
DS-R1-7B,CSQA,132,3,16,16,1.0
DS-R1-7B,CSQA,134,3,9,16,0.5625
DS-R1-7B,CSQA,135,4,2,16,0.125
DS-R1-7B,CSQA,136,1,6,16,0.375
DS-R1-7B,CSQA,138,2,5,16,0.3125
DS-R1-7B,CSQA,140,1,7,16,0.4375
DS-R1-7B,CSQA,141,1,6,16,0.375
DS-R1-7B,CSQA,142,2,0,16,0.0
DS-R1-7B,CSQA,145,2,5,16,0.3125
DS-R1-7B,CSQA,147,1,2,16,0.125
DS-R1-7B,CSQA,149,2,9,16,0.5625
DS-R1-7B,CSQA,150,2,15,16,0.9375
DS-R1-7B,CSQA,151,1,9,16,0.5625
DS-R1-7B,CSQA,152,2,2,16,0.125
DS-R1-7B,CSQA,153,2,3,16,0.1875
DS-R1-7B,CSQA,154,3,12,16,0.75
DS-R1-7B,CSQA,155,1,9,16,0.5625
DS-R1-7B,CSQA,156,1,6,16,0.375
DS-R1-7B,CSQA,158,2,10,16,0.625
DS-R1-7B,CSQA,160,3,14,16,0.875
DS-R1-7B,CSQA,161,2,4,16,0.25
DS-R1-7B,CSQA,163,1,3,16,0.1875
DS-R1-7B,CSQA,164,3,16,16,1.0
DS-R1-7B,CSQA,166,1,15,16,0.9375
DS-R1-7B,CSQA,167,6,8,16,0.5
DS-R1-7B,CSQA,168,1,15,16,0.9375
DS-R1-7B,CSQA,169,4,14,16,0.875
DS-R1-7B,CSQA,173,2,7,16,0.4375
DS-R1-7B,CSQA,174,4,0,16,0.0
DS-R1-7B,CSQA,176,1,6,16,0.375
DS-R1-7B,CSQA,177,1,0,16,0.0
DS-R1-7B,CSQA,179,1,2,16,0.125
DS-R1-7B,CSQA,180,1,4,16,0.25
DS-R1-7B,CSQA,181,1,9,16,0.5625
DS-R1-7B,CSQA,182,2,3,16,0.1875
DS-R1-7B,CSQA,183,2,8,16,0.5
DS-R1-7B,CSQA,184,2,11,16,0.6875
DS-R1-7B,CSQA,185,1,0,16,0.0
DS-R1-7B,CSQA,186,3,12,16,0.75
DS-R1-7B,CSQA,187,1,6,16,0.375
DS-R1-7B,CSQA,189,2,16,16,1.0
DS-R1-7B,CSQA,192,1,7,16,0.4375
DS-R1-7B,CSQA,193,1,1,16,0.0625
DS-R1-7B,CSQA,194,4,16,16,1.0
DS-R1-7B,CSQA,195,8,15,16,0.9375
DS-R1-7B,CSQA,198,3,15,16,0.9375
DS-R1-7B,CSQA,201,2,2,16,0.125
DS-R1-7B,CSQA,204,1,8,16,0.5
DS-R1-7B,CSQA,208,1,8,16,0.5
DS-R1-7B,CSQA,209,2,10,16,0.625
DS-R1-7B,CSQA,210,4,15,16,0.9375
DS-R1-7B,CSQA,211,1,14,16,0.875
DS-R1-7B,CSQA,212,1,16,16,1.0
DS-R1-7B,CSQA,213,1,5,16,0.3125
DS-R1-7B,CSQA,214,2,8,16,0.5
DS-R1-7B,CSQA,216,3,0,16,0.0
DS-R1-7B,CSQA,217,7,16,16,1.0
DS-R1-7B,CSQA,218,1,9,16,0.5625
DS-R1-7B,CSQA,220,1,3,16,0.1875
DS-R1-7B,CSQA,222,1,8,16,0.5
DS-R1-7B,CSQA,223,4,4,16,0.25
DS-R1-7B,CSQA,225,1,0,16,0.0
DS-R1-7B,CSQA,226,5,15,16,0.9375
DS-R1-7B,CSQA,227,1,16,16,1.0
DS-R1-7B,CSQA,228,5,16,16,1.0
DS-R1-7B,CSQA,229,1,2,16,0.125
DS-R1-7B,CSQA,231,3,9,16,0.5625
DS-R1-7B,CSQA,232,2,11,16,0.6875
DS-R1-7B,CSQA,233,3,9,16,0.5625
DS-R1-7B,CSQA,234,1,8,16,0.5
DS-R1-7B,CSQA,236,1,14,16,0.875
DS-R1-7B,CSQA,238,1,9,16,0.5625
DS-R1-7B,CSQA,239,2,11,16,0.6875
DS-R1-7B,CSQA,241,3,7,16,0.4375
DS-R1-7B,CSQA,242,1,14,16,0.875
DS-R1-7B,CSQA,243,3,12,16,0.75
DS-R1-7B,CSQA,244,2,7,16,0.4375
DS-R1-7B,CSQA,245,1,7,16,0.4375
DS-R1-7B,CSQA,246,3,7,16,0.4375
DS-R1-7B,CSQA,247,2,11,16,0.6875
DS-R1-7B,CSQA,248,2,0,16,0.0
DS-R1-7B,CSQA,252,1,2,16,0.125
DS-R1-7B,CSQA,253,2,6,16,0.375
DS-R1-7B,CSQA,254,2,4,16,0.25
DS-R1-7B,CSQA,255,1,14,16,0.875
DS-R1-7B,CSQA,256,3,7,16,0.4375
DS-R1-7B,CSQA,257,4,12,16,0.75
DS-R1-7B,CSQA,258,1,8,16,0.5
DS-R1-7B,CSQA,259,1,15,16,0.9375
DS-R1-7B,CSQA,260,2,8,16,0.5
DS-R1-7B,CSQA,265,2,16,16,1.0
DS-R1-7B,CSQA,266,2,2,16,0.125
DS-R1-7B,CSQA,267,2,4,16,0.25
DS-R1-7B,CSQA,268,1,16,16,1.0
DS-R1-7B,CSQA,269,3,6,16,0.375
DS-R1-7B,CSQA,271,1,10,16,0.625
DS-R1-7B,CSQA,272,2,7,16,0.4375
DS-R1-7B,CSQA,275,5,16,16,1.0
DS-R1-7B,CSQA,276,6,13,16,0.8125
DS-R1-7B,CSQA,278,9,15,16,0.9375
DS-R1-7B,CSQA,279,2,9,16,0.5625
DS-R1-7B,CSQA,280,2,3,16,0.1875
DS-R1-7B,CSQA,281,2,4,16,0.25
DS-R1-7B,CSQA,283,1,4,16,0.25
DS-R1-7B,CSQA,284,1,16,16,1.0
DS-R1-7B,CSQA,287,3,0,16,0.0
DS-R1-7B,CSQA,290,2,13,16,0.8125
DS-R1-7B,CSQA,291,1,0,16,0.0
DS-R1-7B,CSQA,292,1,3,16,0.1875
DS-R1-7B,CSQA,295,5,8,16,0.5
DS-R1-7B,CSQA,296,1,1,16,0.0625
DS-R1-7B,CSQA,297,3,12,16,0.75
DS-R1-7B,CSQA,298,2,7,16,0.4375
DS-R1-7B,CSQA,299,4,16,16,1.0
DS-R1-7B,CSQA,300,3,12,16,0.75
DS-R1-7B,CSQA,301,1,8,16,0.5
DS-R1-7B,CSQA,303,1,12,16,0.75
DS-R1-7B,CSQA,304,1,2,16,0.125
DS-R1-7B,CSQA,305,5,0,16,0.0
DS-R1-7B,CSQA,306,3,7,16,0.4375
DS-R1-7B,CSQA,307,2,6,16,0.375
DS-R1-7B,CSQA,308,1,2,16,0.125
DS-R1-7B,CSQA,309,1,1,16,0.0625
DS-R1-7B,CSQA,310,2,15,16,0.9375
DS-R1-7B,CSQA,312,1,4,16,0.25
DS-R1-7B,CSQA,313,1,12,16,0.75
DS-R1-7B,CSQA,315,1,6,16,0.375
DS-R1-7B,CSQA,316,3,1,16,0.0625
DS-R1-7B,CSQA,317,3,10,16,0.625
DS-R1-7B,CSQA,319,1,6,16,0.375
DS-R1-7B,CSQA,323,1,4,16,0.25
DS-R1-7B,CSQA,325,1,1,16,0.0625
DS-R1-7B,CSQA,326,3,12,16,0.75
DS-R1-7B,CSQA,327,3,7,16,0.4375
DS-R1-7B,CSQA,329,1,1,16,0.0625
DS-R1-7B,CSQA,330,1,13,16,0.8125
DS-R1-7B,CSQA,333,1,9,16,0.5625
DS-R1-7B,CSQA,335,4,15,16,0.9375
DS-R1-7B,CSQA,336,2,12,16,0.75
DS-R1-7B,CSQA,337,4,11,16,0.6875
DS-R1-7B,CSQA,338,1,12,16,0.75
DS-R1-7B,CSQA,339,2,6,16,0.375
DS-R1-7B,CSQA,340,2,16,16,1.0
DS-R1-7B,CSQA,341,1,5,16,0.3125
DS-R1-7B,CSQA,342,1,1,16,0.0625
DS-R1-7B,CSQA,343,1,1,16,0.0625
DS-R1-7B,CSQA,344,1,3,16,0.1875
DS-R1-7B,CSQA,345,3,8,16,0.5
DS-R1-7B,CSQA,346,1,5,16,0.3125
DS-R1-7B,CSQA,348,1,4,16,0.25
DS-R1-7B,CSQA,349,1,2,16,0.125
DS-R1-7B,CSQA,350,1,2,16,0.125
DS-R1-7B,CSQA,351,5,13,16,0.8125
DS-R1-7B,CSQA,352,1,13,16,0.8125
DS-R1-7B,CSQA,353,2,1,16,0.0625
DS-R1-7B,CSQA,355,2,11,16,0.6875
DS-R1-7B,CSQA,357,1,6,16,0.375
DS-R1-7B,CSQA,358,3,3,16,0.1875
DS-R1-7B,CSQA,359,1,13,16,0.8125
DS-R1-7B,CSQA,361,1,8,16,0.5
DS-R1-7B,CSQA,363,2,6,16,0.375
DS-R1-7B,CSQA,364,1,7,16,0.4375
DS-R1-7B,CSQA,366,1,8,16,0.5
DS-R1-7B,CSQA,367,2,13,16,0.8125
DS-R1-7B,CSQA,368,3,4,16,0.25
DS-R1-7B,CSQA,369,1,14,16,0.875
DS-R1-7B,CSQA,370,2,3,16,0.1875
DS-R1-7B,CSQA,371,1,0,16,0.0
DS-R1-7B,CSQA,372,5,11,16,0.6875
DS-R1-7B,CSQA,373,2,13,16,0.8125
DS-R1-7B,CSQA,374,1,13,16,0.8125
DS-R1-7B,CSQA,375,1,13,16,0.8125
DS-R1-7B,CSQA,376,2,16,16,1.0
DS-R1-7B,CSQA,379,1,4,16,0.25
DS-R1-7B,CSQA,380,2,16,16,1.0
DS-R1-7B,CSQA,382,3,5,16,0.3125
DS-R1-7B,CSQA,384,1,16,16,1.0
DS-R1-7B,CSQA,385,1,10,16,0.625
DS-R1-7B,CSQA,387,3,9,16,0.5625
DS-R1-7B,CSQA,389,4,16,16,1.0
DS-R1-7B,CSQA,390,2,1,16,0.0625
DS-R1-7B,CSQA,391,1,3,16,0.1875
DS-R1-7B,CSQA,393,1,9,16,0.5625
DS-R1-7B,CSQA,394,2,13,16,0.8125
DS-R1-7B,CSQA,395,6,8,16,0.5
DS-R1-7B,CSQA,396,3,1,16,0.0625
DS-R1-7B,CSQA,397,1,2,16,0.125
DS-R1-7B,CSQA,398,2,4,16,0.25
DS-R1-7B,CSQA,399,1,11,16,0.6875
DS-R1-7B,CSQA,401,1,15,16,0.9375
DS-R1-7B,CSQA,403,2,6,16,0.375
DS-R1-7B,CSQA,404,3,15,16,0.9375
DS-R1-7B,CSQA,405,2,3,16,0.1875
DS-R1-7B,CSQA,409,2,1,16,0.0625
DS-R1-7B,CSQA,410,1,6,16,0.375
DS-R1-7B,CSQA,414,7,12,16,0.75
DS-R1-7B,CSQA,415,6,6,16,0.375
DS-R1-7B,CSQA,416,4,14,16,0.875
DS-R1-7B,CSQA,417,7,4,16,0.25
DS-R1-7B,CSQA,418,1,4,16,0.25
DS-R1-7B,CSQA,420,1,9,16,0.5625
DS-R1-7B,CSQA,421,7,16,16,1.0
DS-R1-7B,CSQA,423,1,10,16,0.625
DS-R1-7B,CSQA,426,3,16,16,1.0
DS-R1-7B,CSQA,428,3,2,16,0.125
DS-R1-7B,CSQA,429,2,14,16,0.875
DS-R1-7B,CSQA,430,1,10,16,0.625
DS-R1-7B,CSQA,432,1,16,16,1.0
DS-R1-7B,CSQA,433,4,10,16,0.625
DS-R1-7B,CSQA,434,2,5,16,0.3125
DS-R1-7B,CSQA,436,2,2,16,0.125
DS-R1-7B,CSQA,438,6,2,16,0.125
DS-R1-7B,CSQA,441,5,3,16,0.1875
DS-R1-7B,CSQA,442,4,8,16,0.5
DS-R1-7B,CSQA,443,1,4,16,0.25
DS-R1-7B,CSQA,446,3,2,16,0.125
DS-R1-7B,CSQA,447,4,15,16,0.9375
DS-R1-7B,CSQA,448,1,0,16,0.0
DS-R1-7B,CSQA,449,2,6,16,0.375
DS-R1-7B,CSQA,452,1,13,16,0.8125
DS-R1-7B,CSQA,455,1,15,16,0.9375
DS-R1-7B,CSQA,456,2,12,16,0.75
DS-R1-7B,CSQA,457,8,15,16,0.9375
DS-R1-7B,CSQA,458,3,12,16,0.75
DS-R1-7B,CSQA,459,1,12,16,0.75
DS-R1-7B,CSQA,460,5,11,16,0.6875
DS-R1-7B,CSQA,461,6,14,16,0.875
DS-R1-7B,CSQA,462,2,7,16,0.4375
DS-R1-7B,CSQA,463,2,13,16,0.8125
DS-R1-7B,CSQA,464,1,9,16,0.5625
DS-R1-7B,CSQA,466,1,4,16,0.25
DS-R1-7B,CSQA,467,4,15,16,0.9375
DS-R1-7B,CSQA,469,3,10,16,0.625
DS-R1-7B,CSQA,471,1,9,16,0.5625
DS-R1-7B,CSQA,472,4,10,16,0.625
DS-R1-7B,CSQA,473,2,10,16,0.625
DS-R1-7B,CSQA,474,1,6,16,0.375
DS-R1-7B,CSQA,475,2,6,16,0.375
DS-R1-7B,CSQA,476,1,3,16,0.1875
DS-R1-7B,CSQA,477,1,15,16,0.9375
DS-R1-7B,CSQA,478,4,12,16,0.75
DS-R1-7B,CSQA,479,1,1,16,0.0625
DS-R1-7B,CSQA,481,2,5,16,0.3125
DS-R1-7B,CSQA,482,1,1,16,0.0625
DS-R1-7B,CSQA,483,4,13,16,0.8125
DS-R1-7B,CSQA,484,1,3,16,0.1875
DS-R1-7B,CSQA,485,2,5,16,0.3125
DS-R1-7B,CSQA,487,2,7,16,0.4375
DS-R1-7B,CSQA,488,3,7,16,0.4375
DS-R1-7B,CSQA,490,3,14,16,0.875
DS-R1-7B,CSQA,491,8,4,16,0.25
DS-R1-7B,CSQA,492,1,10,16,0.625
DS-R1-7B,CSQA,494,1,5,16,0.3125
DS-R1-7B,CSQA,495,2,13,16,0.8125
DS-R1-7B,CSQA,496,1,6,16,0.375
DS-R1-7B,CSQA,499,4,14,16,0.875
DS-R1-7B,CSQA,500,2,9,16,0.5625
DS-R1-7B,CSQA,502,2,6,16,0.375
DS-R1-7B,CSQA,503,1,7,16,0.4375
DS-R1-7B,CSQA,507,2,16,16,1.0
DS-R1-7B,CSQA,508,6,7,16,0.4375
DS-R1-7B,CSQA,509,5,14,16,0.875
DS-R1-7B,CSQA,510,1,0,16,0.0
DS-R1-7B,CSQA,513,1,10,16,0.625
DS-R1-7B,CSQA,514,2,1,16,0.0625
DS-R1-7B,CSQA,515,1,11,16,0.6875
DS-R1-7B,CSQA,518,4,15,16,0.9375
DS-R1-7B,CSQA,520,1,3,16,0.1875
DS-R1-7B,CSQA,521,4,15,16,0.9375
DS-R1-7B,CSQA,523,1,8,16,0.5
DS-R1-7B,CSQA,524,10,9,16,0.5625
DS-R1-7B,CSQA,525,2,5,16,0.3125
DS-R1-7B,CSQA,526,2,12,16,0.75
DS-R1-7B,CSQA,527,1,5,16,0.3125
DS-R1-7B,CSQA,528,1,0,16,0.0
DS-R1-7B,CSQA,529,1,5,16,0.3125
DS-R1-7B,CSQA,530,1,8,16,0.5
DS-R1-7B,CSQA,531,2,9,16,0.5625
DS-R1-7B,CSQA,532,7,8,16,0.5
DS-R1-7B,CSQA,534,1,11,16,0.6875
DS-R1-7B,CSQA,536,3,16,16,1.0
DS-R1-7B,CSQA,537,5,16,16,1.0
DS-R1-7B,CSQA,538,1,5,16,0.3125
DS-R1-7B,CSQA,539,1,7,16,0.4375
DS-R1-7B,CSQA,540,2,14,16,0.875
DS-R1-7B,CSQA,541,1,3,16,0.1875
DS-R1-7B,CSQA,542,1,2,16,0.125
DS-R1-7B,CSQA,544,1,12,16,0.75
DS-R1-7B,CSQA,545,4,16,16,1.0
DS-R1-7B,CSQA,547,1,10,16,0.625
DS-R1-7B,CSQA,548,3,15,16,0.9375
DS-R1-7B,CSQA,550,2,15,16,0.9375
DS-R1-7B,CSQA,551,5,9,16,0.5625
DS-R1-7B,CSQA,552,3,0,16,0.0
DS-R1-7B,CSQA,553,1,7,16,0.4375
DS-R1-7B,CSQA,555,1,5,16,0.3125
DS-R1-7B,CSQA,556,1,11,16,0.6875
DS-R1-7B,CSQA,557,1,13,16,0.8125
DS-R1-7B,CSQA,558,5,16,16,1.0
DS-R1-7B,CSQA,559,3,16,16,1.0
DS-R1-7B,CSQA,560,1,4,16,0.25
DS-R1-7B,CSQA,562,2,10,16,0.625
DS-R1-7B,CSQA,564,2,9,16,0.5625
DS-R1-7B,CSQA,565,2,13,16,0.8125
DS-R1-7B,CSQA,567,3,0,16,0.0
DS-R1-7B,CSQA,568,6,16,16,1.0
DS-R1-7B,CSQA,569,1,8,16,0.5
DS-R1-7B,CSQA,570,7,16,16,1.0
DS-R1-7B,CSQA,573,1,9,16,0.5625
DS-R1-7B,CSQA,574,1,0,16,0.0
DS-R1-7B,CSQA,577,2,15,16,0.9375
DS-R1-7B,CSQA,579,1,2,16,0.125
DS-R1-7B,CSQA,580,5,11,16,0.6875
DS-R1-7B,CSQA,581,1,0,16,0.0
DS-R1-7B,CSQA,582,1,3,16,0.1875
DS-R1-7B,CSQA,586,2,14,16,0.875
DS-R1-7B,CSQA,587,1,13,16,0.8125
DS-R1-7B,CSQA,588,2,3,16,0.1875
DS-R1-7B,CSQA,589,1,6,16,0.375
DS-R1-7B,CSQA,590,2,14,16,0.875
DS-R1-7B,CSQA,592,1,12,16,0.75
DS-R1-7B,CSQA,594,2,15,16,0.9375
DS-R1-7B,CSQA,595,2,2,16,0.125
DS-R1-7B,CSQA,596,3,5,16,0.3125
DS-R1-7B,CSQA,597,3,12,16,0.75
DS-R1-7B,CSQA,598,4,16,16,1.0
DS-R1-7B,CSQA,599,6,3,16,0.1875
DS-R1-7B,CSQA,600,2,8,16,0.5
DS-R1-7B,CSQA,601,3,11,16,0.6875
DS-R1-7B,CSQA,602,2,0,16,0.0
DS-R1-7B,CSQA,603,1,0,16,0.0
DS-R1-7B,CSQA,606,4,11,16,0.6875
DS-R1-7B,CSQA,609,1,16,16,1.0
DS-R1-7B,CSQA,610,2,5,16,0.3125
DS-R1-7B,CSQA,612,2,8,16,0.5
DS-R1-7B,CSQA,613,8,15,16,0.9375
DS-R1-7B,CSQA,614,4,10,16,0.625
DS-R1-7B,CSQA,615,1,8,16,0.5
DS-R1-7B,CSQA,617,5,0,16,0.0
DS-R1-7B,CSQA,618,2,11,16,0.6875
DS-R1-7B,CSQA,620,3,16,16,1.0
DS-R1-7B,CSQA,621,4,9,16,0.5625
DS-R1-7B,CSQA,623,1,12,16,0.75
DS-R1-7B,CSQA,624,1,1,16,0.0625
DS-R1-7B,CSQA,625,2,8,16,0.5
DS-R1-7B,CSQA,626,2,9,16,0.5625
DS-R1-7B,CSQA,629,1,10,16,0.625
DS-R1-7B,CSQA,630,3,16,16,1.0
DS-R1-7B,CSQA,633,1,0,16,0.0
DS-R1-7B,CSQA,638,1,4,16,0.25
DS-R1-7B,CSQA,639,2,15,16,0.9375
DS-R1-7B,CSQA,640,1,0,16,0.0
DS-R1-7B,CSQA,641,1,15,16,0.9375
DS-R1-7B,CSQA,642,1,8,16,0.5
DS-R1-7B,CSQA,643,2,5,16,0.3125
DS-R1-7B,CSQA,646,7,16,16,1.0
DS-R1-7B,CSQA,647,1,2,16,0.125
DS-R1-7B,CSQA,648,2,0,16,0.0
DS-R1-7B,CSQA,649,2,14,16,0.875
DS-R1-7B,CSQA,650,2,3,16,0.1875
DS-R1-7B,CSQA,652,2,13,16,0.8125
DS-R1-7B,CSQA,654,4,16,16,1.0
DS-R1-7B,CSQA,655,5,1,16,0.0625
DS-R1-7B,CSQA,656,2,11,16,0.6875
DS-R1-7B,CSQA,657,1,10,16,0.625
DS-R1-7B,CSQA,658,3,6,16,0.375
DS-R1-7B,CSQA,659,1,10,16,0.625
DS-R1-7B,CSQA,660,2,16,16,1.0
DS-R1-7B,CSQA,661,5,0,16,0.0
DS-R1-7B,CSQA,662,2,8,16,0.5
DS-R1-7B,CSQA,663,2,2,16,0.125
DS-R1-7B,CSQA,664,5,15,16,0.9375
DS-R1-7B,CSQA,665,3,11,16,0.6875
DS-R1-7B,CSQA,666,2,9,16,0.5625
DS-R1-7B,CSQA,668,2,8,16,0.5
DS-R1-7B,CSQA,669,1,15,16,0.9375
DS-R1-7B,CSQA,672,4,5,16,0.3125
DS-R1-7B,CSQA,673,7,16,16,1.0
DS-R1-7B,CSQA,674,2,1,16,0.0625
DS-R1-7B,CSQA,675,2,15,16,0.9375
DS-R1-7B,CSQA,678,2,16,16,1.0
DS-R1-7B,CSQA,680,4,13,16,0.8125
DS-R1-7B,CSQA,681,3,3,16,0.1875
DS-R1-7B,CSQA,682,1,12,16,0.75
DS-R1-7B,CSQA,683,1,14,16,0.875
DS-R1-7B,CSQA,684,2,1,16,0.0625
DS-R1-7B,CSQA,686,2,15,16,0.9375
DS-R1-7B,CSQA,689,1,7,16,0.4375
DS-R1-7B,CSQA,690,2,10,16,0.625
DS-R1-7B,CSQA,691,3,16,16,1.0
DS-R1-7B,CSQA,692,2,6,16,0.375
DS-R1-7B,CSQA,693,4,2,16,0.125
DS-R1-7B,CSQA,696,8,9,16,0.5625
DS-R1-7B,CSQA,698,2,2,16,0.125
DS-R1-7B,CSQA,701,3,5,16,0.3125
DS-R1-7B,CSQA,702,3,2,16,0.125
DS-R1-7B,CSQA,703,1,1,16,0.0625
DS-R1-7B,CSQA,704,1,0,16,0.0
DS-R1-7B,CSQA,705,2,1,16,0.0625
DS-R1-7B,CSQA,706,2,8,16,0.5
DS-R1-7B,CSQA,707,2,16,16,1.0
DS-R1-7B,CSQA,708,3,16,16,1.0
DS-R1-7B,CSQA,709,2,15,16,0.9375
DS-R1-7B,CSQA,711,1,7,16,0.4375
DS-R1-7B,CSQA,712,2,1,16,0.0625
DS-R1-7B,CSQA,713,3,16,16,1.0
DS-R1-7B,CSQA,715,3,0,16,0.0
DS-R1-7B,CSQA,716,1,4,16,0.25
DS-R1-7B,CSQA,717,1,0,16,0.0
DS-R1-7B,CSQA,718,5,9,16,0.5625
DS-R1-7B,CSQA,719,5,9,16,0.5625
DS-R1-7B,CSQA,721,2,15,16,0.9375
DS-R1-7B,CSQA,722,1,14,16,0.875
DS-R1-7B,CSQA,723,3,14,16,0.875
DS-R1-7B,CSQA,726,1,5,16,0.3125
DS-R1-7B,CSQA,727,3,11,16,0.6875
DS-R1-7B,CSQA,728,1,1,16,0.0625
DS-R1-7B,CSQA,729,3,8,16,0.5
DS-R1-7B,CSQA,731,3,12,16,0.75
DS-R1-7B,CSQA,732,1,3,16,0.1875
DS-R1-7B,CSQA,733,3,10,16,0.625
DS-R1-7B,CSQA,734,2,1,16,0.0625
DS-R1-7B,CSQA,735,2,0,16,0.0
DS-R1-7B,CSQA,737,3,14,16,0.875
DS-R1-7B,CSQA,738,5,13,16,0.8125
DS-R1-7B,CSQA,739,1,5,16,0.3125
DS-R1-7B,CSQA,740,3,15,16,0.9375
DS-R1-7B,CSQA,741,1,15,16,0.9375
DS-R1-7B,CSQA,742,3,5,16,0.3125
DS-R1-7B,CSQA,743,7,3,16,0.1875
DS-R1-7B,CSQA,744,1,14,16,0.875
DS-R1-7B,CSQA,745,1,3,16,0.1875
DS-R1-7B,CSQA,746,3,15,16,0.9375
DS-R1-7B,CSQA,747,2,1,16,0.0625
DS-R1-7B,CSQA,748,1,11,16,0.6875
DS-R1-7B,CSQA,749,2,15,16,0.9375
DS-R1-7B,CSQA,751,2,11,16,0.6875
DS-R1-7B,CSQA,755,1,2,16,0.125
DS-R1-7B,CSQA,756,3,9,16,0.5625
DS-R1-7B,CSQA,757,3,11,16,0.6875
DS-R1-7B,CSQA,758,5,11,16,0.6875
DS-R1-7B,CSQA,759,4,7,16,0.4375
DS-R1-7B,CSQA,760,2,4,16,0.25
DS-R1-7B,CSQA,762,3,10,16,0.625
DS-R1-7B,CSQA,764,1,0,16,0.0
DS-R1-7B,CSQA,765,9,7,16,0.4375
DS-R1-7B,CSQA,767,1,10,16,0.625
DS-R1-7B,CSQA,768,1,11,16,0.6875
DS-R1-7B,CSQA,769,4,16,16,1.0
DS-R1-7B,CSQA,771,2,13,16,0.8125
DS-R1-7B,CSQA,774,2,14,16,0.875
DS-R1-7B,CSQA,776,1,5,16,0.3125
DS-R1-7B,CSQA,778,1,16,16,1.0
DS-R1-7B,CSQA,780,6,6,16,0.375
DS-R1-7B,CSQA,781,4,11,16,0.6875
DS-R1-7B,CSQA,784,4,15,16,0.9375
DS-R1-7B,CSQA,785,5,11,16,0.6875
DS-R1-7B,CSQA,786,1,7,16,0.4375
DS-R1-7B,CSQA,787,1,1,16,0.0625
DS-R1-7B,CSQA,788,1,5,16,0.3125
DS-R1-7B,CSQA,789,1,0,16,0.0
DS-R1-7B,CSQA,790,3,16,16,1.0
DS-R1-7B,CSQA,792,6,4,16,0.25
DS-R1-7B,CSQA,794,1,6,16,0.375
DS-R1-7B,CSQA,797,1,8,16,0.5
DS-R1-7B,CSQA,799,1,14,16,0.875
DS-R1-7B,CSQA,800,1,1,16,0.0625
DS-R1-7B,CSQA,801,1,15,16,0.9375
DS-R1-7B,CSQA,802,2,7,16,0.4375
DS-R1-7B,CSQA,803,4,8,16,0.5
DS-R1-7B,CSQA,804,1,7,16,0.4375
DS-R1-7B,CSQA,805,1,1,16,0.0625
DS-R1-7B,CSQA,807,2,3,16,0.1875
DS-R1-7B,CSQA,809,1,14,16,0.875
DS-R1-7B,CSQA,810,1,4,16,0.25
DS-R1-7B,CSQA,812,2,11,16,0.6875
DS-R1-7B,CSQA,813,8,16,16,1.0
DS-R1-7B,CSQA,814,2,15,16,0.9375
DS-R1-7B,CSQA,815,1,8,16,0.5
DS-R1-7B,CSQA,817,6,10,16,0.625
DS-R1-7B,CSQA,818,1,4,16,0.25
DS-R1-7B,CSQA,819,3,9,16,0.5625
DS-R1-7B,CSQA,820,2,13,16,0.8125
DS-R1-7B,CSQA,822,1,4,16,0.25
DS-R1-7B,CSQA,823,1,6,16,0.375
DS-R1-7B,CSQA,825,2,3,16,0.1875
DS-R1-7B,CSQA,827,4,14,16,0.875
DS-R1-7B,CSQA,828,1,12,16,0.75
DS-R1-7B,CSQA,829,2,6,16,0.375
DS-R1-7B,CSQA,831,3,16,16,1.0
DS-R1-7B,CSQA,832,7,7,16,0.4375
DS-R1-7B,CSQA,833,3,12,16,0.75
DS-R1-7B,CSQA,834,2,1,16,0.0625
DS-R1-7B,CSQA,835,2,7,16,0.4375
DS-R1-7B,CSQA,836,1,6,16,0.375
DS-R1-7B,CSQA,841,1,13,16,0.8125
DS-R1-7B,CSQA,843,3,8,16,0.5
DS-R1-7B,CSQA,845,1,4,16,0.25
DS-R1-7B,CSQA,846,1,1,16,0.0625
DS-R1-7B,CSQA,847,2,10,16,0.625
DS-R1-7B,CSQA,849,1,14,16,0.875
DS-R1-7B,CSQA,851,1,11,16,0.6875
DS-R1-7B,CSQA,853,1,2,16,0.125
DS-R1-7B,CSQA,854,4,14,16,0.875
DS-R1-7B,CSQA,855,3,4,16,0.25
DS-R1-7B,CSQA,857,4,15,16,0.9375
DS-R1-7B,CSQA,858,1,14,16,0.875
DS-R1-7B,CSQA,859,2,0,16,0.0
DS-R1-7B,CSQA,860,4,12,16,0.75
DS-R1-7B,CSQA,861,1,0,16,0.0
DS-R1-7B,CSQA,862,1,2,16,0.125
DS-R1-7B,CSQA,863,3,6,16,0.375
DS-R1-7B,CSQA,865,3,14,16,0.875
DS-R1-7B,CSQA,866,2,8,16,0.5
DS-R1-7B,CSQA,867,3,16,16,1.0
DS-R1-7B,CSQA,868,3,7,16,0.4375
DS-R1-7B,CSQA,869,2,16,16,1.0
DS-R1-7B,CSQA,870,2,6,16,0.375
DS-R1-7B,CSQA,871,3,8,16,0.5
DS-R1-7B,CSQA,873,2,11,16,0.6875
DS-R1-7B,CSQA,874,3,7,16,0.4375
DS-R1-7B,CSQA,875,1,8,16,0.5
DS-R1-7B,CSQA,876,2,2,16,0.125
DS-R1-7B,CSQA,877,2,15,16,0.9375
DS-R1-7B,CSQA,880,1,6,16,0.375
DS-R1-7B,CSQA,884,3,11,16,0.6875
DS-R1-7B,CSQA,885,1,13,16,0.8125
DS-R1-7B,CSQA,887,4,15,16,0.9375
DS-R1-7B,CSQA,888,7,4,16,0.25
DS-R1-7B,CSQA,889,5,16,16,1.0
DS-R1-7B,CSQA,890,1,0,16,0.0
DS-R1-7B,CSQA,892,3,9,16,0.5625
DS-R1-7B,CSQA,893,7,11,16,0.6875
DS-R1-7B,CSQA,894,1,1,16,0.0625
DS-R1-7B,CSQA,896,6,5,16,0.3125
DS-R1-7B,CSQA,897,2,13,16,0.8125
DS-R1-7B,CSQA,898,1,3,16,0.1875
DS-R1-7B,CSQA,900,6,16,16,1.0
DS-R1-7B,CSQA,901,1,0,16,0.0
DS-R1-7B,CSQA,905,2,9,16,0.5625
DS-R1-7B,CSQA,906,5,15,16,0.9375
DS-R1-7B,CSQA,910,1,12,16,0.75
DS-R1-7B,CSQA,911,2,2,16,0.125
DS-R1-7B,CSQA,912,3,16,16,1.0
DS-R1-7B,CSQA,914,1,0,16,0.0
DS-R1-7B,CSQA,915,1,0,16,0.0
DS-R1-7B,CSQA,918,6,16,16,1.0
DS-R1-7B,CSQA,920,2,16,16,1.0
DS-R1-7B,CSQA,921,1,15,16,0.9375
DS-R1-7B,CSQA,923,1,10,16,0.625
DS-R1-7B,CSQA,924,1,1,16,0.0625
DS-R1-7B,CSQA,925,1,10,16,0.625
DS-R1-7B,CSQA,926,1,11,16,0.6875
DS-R1-7B,CSQA,927,1,16,16,1.0
DS-R1-7B,CSQA,929,3,13,16,0.8125
DS-R1-7B,CSQA,931,1,12,16,0.75
DS-R1-7B,CSQA,932,2,13,16,0.8125
DS-R1-7B,CSQA,933,1,13,16,0.8125
DS-R1-7B,CSQA,934,1,6,16,0.375
DS-R1-7B,CSQA,935,6,11,16,0.6875
DS-R1-7B,CSQA,936,1,10,16,0.625
DS-R1-7B,CSQA,940,3,14,16,0.875
DS-R1-7B,CSQA,942,10,15,16,0.9375
DS-R1-7B,CSQA,943,1,4,16,0.25
DS-R1-7B,CSQA,944,3,12,16,0.75
DS-R1-7B,CSQA,945,5,16,16,1.0
DS-R1-7B,CSQA,946,3,13,16,0.8125
DS-R1-7B,CSQA,947,1,10,16,0.625
DS-R1-7B,CSQA,948,3,8,16,0.5
DS-R1-7B,CSQA,949,4,7,16,0.4375
DS-R1-7B,CSQA,950,2,12,16,0.75
DS-R1-7B,CSQA,951,1,12,16,0.75
DS-R1-7B,CSQA,953,3,6,16,0.375
DS-R1-7B,CSQA,954,2,7,16,0.4375
DS-R1-7B,CSQA,955,1,15,16,0.9375
DS-R1-7B,CSQA,956,3,0,16,0.0
DS-R1-7B,CSQA,957,3,10,16,0.625
DS-R1-7B,CSQA,958,1,10,16,0.625
DS-R1-7B,CSQA,959,1,16,16,1.0
DS-R1-7B,CSQA,960,2,8,16,0.5
DS-R1-7B,CSQA,961,1,3,16,0.1875
DS-R1-7B,CSQA,962,1,5,16,0.3125
DS-R1-7B,CSQA,963,2,8,16,0.5
DS-R1-7B,CSQA,964,2,15,16,0.9375
DS-R1-7B,CSQA,965,1,2,16,0.125
DS-R1-7B,CSQA,967,3,5,16,0.3125
DS-R1-7B,CSQA,968,1,2,16,0.125
DS-R1-7B,CSQA,969,5,16,16,1.0
DS-R1-7B,CSQA,972,2,11,16,0.6875
DS-R1-7B,CSQA,973,2,13,16,0.8125
DS-R1-7B,CSQA,975,2,6,16,0.375
DS-R1-7B,CSQA,977,2,12,16,0.75
DS-R1-7B,CSQA,979,2,7,16,0.4375
DS-R1-7B,CSQA,980,3,6,16,0.375
DS-R1-7B,CSQA,981,3,12,16,0.75
DS-R1-7B,CSQA,982,5,15,16,0.9375
DS-R1-7B,CSQA,984,1,11,16,0.6875
DS-R1-7B,CSQA,985,1,4,16,0.25
DS-R1-7B,CSQA,986,5,12,16,0.75
DS-R1-7B,CSQA,987,3,13,16,0.8125
DS-R1-7B,CSQA,989,4,14,16,0.875
DS-R1-7B,CSQA,991,4,10,16,0.625
DS-R1-7B,CSQA,992,1,0,16,0.0
DS-R1-7B,CSQA,993,2,1,16,0.0625
DS-R1-7B,CSQA,994,3,4,16,0.25
DS-R1-7B,CSQA,995,1,16,16,1.0
DS-R1-7B,CSQA,997,1,0,16,0.0
DS-R1-7B,CSQA,999,4,16,16,1.0
DS-R1-7B,CSQA,1000,3,15,16,0.9375
DS-R1-7B,CSQA,1003,1,1,16,0.0625
DS-R1-7B,CSQA,1007,1,13,16,0.8125
DS-R1-7B,CSQA,1008,4,1,16,0.0625
DS-R1-7B,CSQA,1010,3,12,16,0.75
DS-R1-7B,CSQA,1013,6,7,16,0.4375
DS-R1-7B,CSQA,1014,4,4,16,0.25
DS-R1-7B,CSQA,1015,2,2,16,0.125
DS-R1-7B,CSQA,1017,2,5,16,0.3125
DS-R1-7B,CSQA,1018,6,4,16,0.25
DS-R1-7B,CSQA,1019,1,10,16,0.625
DS-R1-7B,CSQA,1020,2,7,16,0.4375
DS-R1-7B,CSQA,1023,1,4,16,0.25
DS-R1-7B,CSQA,1024,2,4,16,0.25
DS-R1-7B,CSQA,1026,2,0,16,0.0
DS-R1-7B,CSQA,1027,1,16,16,1.0
DS-R1-7B,CSQA,1028,1,15,16,0.9375
DS-R1-7B,CSQA,1029,1,9,16,0.5625
DS-R1-7B,CSQA,1034,3,5,16,0.3125
DS-R1-7B,CSQA,1036,1,3,16,0.1875
DS-R1-7B,CSQA,1037,2,15,16,0.9375
DS-R1-7B,CSQA,1038,1,7,16,0.4375
DS-R1-7B,CSQA,1040,1,0,16,0.0
DS-R1-7B,CSQA,1041,3,15,16,0.9375
DS-R1-7B,CSQA,1042,1,5,16,0.3125
DS-R1-7B,CSQA,1043,3,13,16,0.8125
DS-R1-7B,CSQA,1044,1,4,16,0.25
DS-R1-7B,CSQA,1045,1,13,16,0.8125
DS-R1-7B,CSQA,1046,3,7,16,0.4375
DS-R1-7B,CSQA,1047,4,6,16,0.375
DS-R1-7B,CSQA,1049,2,15,16,0.9375
DS-R1-7B,CSQA,1052,5,15,16,0.9375
DS-R1-7B,CSQA,1054,2,16,16,1.0
DS-R1-7B,CSQA,1055,1,15,16,0.9375
DS-R1-7B,CSQA,1057,1,2,16,0.125
DS-R1-7B,CSQA,1058,1,14,16,0.875
DS-R1-7B,CSQA,1059,3,5,16,0.3125
DS-R1-7B,CSQA,1061,1,7,16,0.4375
DS-R1-7B,CSQA,1062,1,11,16,0.6875
DS-R1-7B,CSQA,1063,1,5,16,0.3125
DS-R1-7B,CSQA,1064,1,7,16,0.4375
DS-R1-7B,CSQA,1065,1,3,16,0.1875
DS-R1-7B,CSQA,1066,6,13,16,0.8125
DS-R1-7B,CSQA,1069,1,10,16,0.625
DS-R1-7B,CSQA,1070,5,10,16,0.625
DS-R1-7B,CSQA,1071,2,15,16,0.9375
DS-R1-7B,CSQA,1072,3,15,16,0.9375
DS-R1-7B,CSQA,1077,1,8,16,0.5
DS-R1-7B,CSQA,1078,3,13,16,0.8125
DS-R1-7B,CSQA,1079,1,13,16,0.8125
DS-R1-7B,CSQA,1080,5,10,16,0.625
DS-R1-7B,CSQA,1081,1,12,16,0.75
DS-R1-7B,CSQA,1082,3,11,16,0.6875
DS-R1-7B,CSQA,1083,3,15,16,0.9375
DS-R1-7B,CSQA,1087,2,3,16,0.1875
DS-R1-7B,CSQA,1088,3,15,16,0.9375
DS-R1-7B,CSQA,1089,1,6,16,0.375
DS-R1-7B,CSQA,1091,1,11,16,0.6875
DS-R1-7B,CSQA,1093,1,2,16,0.125
DS-R1-7B,CSQA,1094,5,11,16,0.6875
DS-R1-7B,CSQA,1095,1,7,16,0.4375
DS-R1-7B,CSQA,1097,2,12,16,0.75
DS-R1-7B,CSQA,1098,2,13,16,0.8125
DS-R1-7B,CSQA,1099,3,14,16,0.875
DS-R1-7B,CSQA,1100,3,9,16,0.5625
DS-R1-7B,CSQA,1101,3,15,16,0.9375
DS-R1-7B,CSQA,1103,1,2,16,0.125
DS-R1-7B,CSQA,1105,3,0,16,0.0
DS-R1-7B,CSQA,1106,1,7,16,0.4375
DS-R1-7B,CSQA,1107,1,6,16,0.375
DS-R1-7B,CSQA,1108,3,15,16,0.9375
DS-R1-7B,CSQA,1110,2,5,16,0.3125
DS-R1-7B,CSQA,1111,2,2,16,0.125
DS-R1-7B,CSQA,1113,2,0,16,0.0
DS-R1-7B,CSQA,1114,2,16,16,1.0
DS-R1-7B,CSQA,1117,6,12,16,0.75
DS-R1-7B,CSQA,1118,5,9,16,0.5625
DS-R1-7B,CSQA,1120,6,10,16,0.625
DS-R1-7B,CSQA,1122,1,2,16,0.125
DS-R1-7B,CSQA,1124,2,5,16,0.3125
DS-R1-7B,CSQA,1125,1,14,16,0.875
DS-R1-7B,CSQA,1126,1,10,16,0.625
DS-R1-7B,CSQA,1127,3,7,16,0.4375
DS-R1-7B,CSQA,1128,3,5,16,0.3125
DS-R1-7B,CSQA,1129,3,11,16,0.6875
DS-R1-7B,CSQA,1132,3,14,16,0.875
DS-R1-7B,CSQA,1133,1,1,16,0.0625
DS-R1-7B,CSQA,1134,1,9,16,0.5625
DS-R1-7B,CSQA,1135,3,10,16,0.625
DS-R1-7B,CSQA,1136,1,15,16,0.9375
DS-R1-7B,CSQA,1137,3,15,16,0.9375
DS-R1-7B,CSQA,1138,2,6,16,0.375
DS-R1-7B,CSQA,1140,1,9,16,0.5625
DS-R1-7B,CSQA,1141,1,13,16,0.8125
DS-R1-7B,CSQA,1145,5,6,16,0.375
DS-R1-7B,CSQA,1146,1,12,16,0.75
DS-R1-7B,CSQA,1147,1,1,16,0.0625
DS-R1-7B,CSQA,1149,1,13,16,0.8125
DS-R1-7B,CSQA,1150,1,1,16,0.0625
DS-R1-7B,CSQA,1151,3,1,16,0.0625
DS-R1-7B,CSQA,1154,2,7,16,0.4375
DS-R1-7B,CSQA,1155,2,1,16,0.0625
DS-R1-7B,CSQA,1157,2,13,16,0.8125
DS-R1-7B,CSQA,1158,2,0,16,0.0
DS-R1-7B,CSQA,1160,5,5,16,0.3125
DS-R1-7B,CSQA,1162,2,5,16,0.3125
DS-R1-7B,CSQA,1163,5,7,16,0.4375
DS-R1-7B,CSQA,1164,1,13,16,0.8125
DS-R1-7B,CSQA,1166,3,9,16,0.5625
DS-R1-7B,CSQA,1167,1,0,16,0.0
DS-R1-7B,CSQA,1168,7,7,16,0.4375
DS-R1-7B,CSQA,1169,2,6,16,0.375
DS-R1-7B,CSQA,1170,1,3,16,0.1875
DS-R1-7B,CSQA,1172,1,1,16,0.0625
DS-R1-7B,CSQA,1173,2,15,16,0.9375
DS-R1-7B,CSQA,1174,3,12,16,0.75
DS-R1-7B,CSQA,1175,2,14,16,0.875
DS-R1-7B,CSQA,1176,2,6,16,0.375
DS-R1-7B,CSQA,1177,2,13,16,0.8125
DS-R1-7B,CSQA,1178,2,6,16,0.375
DS-R1-7B,CSQA,1179,3,9,16,0.5625
DS-R1-7B,CSQA,1180,2,8,16,0.5
DS-R1-7B,CSQA,1181,2,11,16,0.6875
DS-R1-7B,CSQA,1187,1,6,16,0.375
DS-R1-7B,CSQA,1190,5,11,16,0.6875
DS-R1-7B,CSQA,1191,1,3,16,0.1875
DS-R1-7B,CSQA,1192,4,13,16,0.8125
DS-R1-7B,CSQA,1193,5,16,16,1.0
DS-R1-7B,CSQA,1194,3,0,16,0.0
DS-R1-7B,CSQA,1195,1,3,16,0.1875
DS-R1-7B,CSQA,1198,5,8,16,0.5
DS-R1-7B,CSQA,1199,1,6,16,0.375
DS-R1-7B,CSQA,1200,2,6,16,0.375
DS-R1-7B,CSQA,1202,2,14,16,0.875
DS-R1-7B,CSQA,1203,4,2,16,0.125
DS-R1-7B,CSQA,1204,1,13,16,0.8125
DS-R1-7B,CSQA,1205,2,10,16,0.625
DS-R1-7B,CSQA,1206,2,7,16,0.4375
DS-R1-7B,CSQA,1209,4,15,16,0.9375
DS-R1-7B,CSQA,1211,2,0,16,0.0
DS-R1-7B,CSQA,1212,3,9,16,0.5625
DS-R1-7B,CSQA,1213,1,16,16,1.0
DS-R1-7B,CSQA,1215,4,7,16,0.4375
DS-R1-7B,CSQA,1217,4,9,16,0.5625
DS-R1-7B,CSQA,1218,1,16,16,1.0
DS-R1-7B,CSQA,1219,1,15,16,0.9375
DS-R1-7B,CSQA,1220,4,16,16,1.0
DS-R1-7B,GPQA,1,2,8,16,0.5
DS-R1-7B,GPQA,3,3,12,16,0.75
DS-R1-7B,GPQA,4,3,8,16,0.5
DS-R1-7B,GPQA,5,1,11,16,0.6875
DS-R1-7B,GPQA,7,4,8,16,0.5
DS-R1-7B,GPQA,9,1,0,16,0.0
DS-R1-7B,GPQA,10,1,2,16,0.125
DS-R1-7B,GPQA,11,6,9,16,0.5625
DS-R1-7B,GPQA,12,5,10,16,0.625
DS-R1-7B,GPQA,13,1,10,16,0.625
DS-R1-7B,GPQA,15,2,15,16,0.9375
DS-R1-7B,GPQA,16,1,3,16,0.1875
DS-R1-7B,GPQA,18,7,7,16,0.4375
DS-R1-7B,GPQA,19,3,10,16,0.625
DS-R1-7B,GPQA,21,3,11,16,0.6875
DS-R1-7B,GPQA,22,8,4,16,0.25
DS-R1-7B,GPQA,23,3,11,16,0.6875
DS-R1-7B,GPQA,24,5,8,16,0.5
DS-R1-7B,GPQA,29,2,4,16,0.25
DS-R1-7B,GPQA,32,1,12,16,0.75
DS-R1-7B,GPQA,33,5,9,16,0.5625
DS-R1-7B,GPQA,38,1,13,16,0.8125
DS-R1-7B,GPQA,40,1,6,16,0.375
DS-R1-7B,GPQA,41,1,9,16,0.5625
DS-R1-7B,GPQA,43,1,13,16,0.8125
DS-R1-7B,GPQA,45,2,14,16,0.875
DS-R1-7B,GPQA,46,8,6,16,0.375
DS-R1-7B,GPQA,48,1,10,16,0.625
DS-R1-7B,GPQA,49,4,4,16,0.25
DS-R1-7B,GPQA,50,1,14,16,0.875
DS-R1-7B,GPQA,52,3,15,16,0.9375
DS-R1-7B,GPQA,56,1,3,16,0.1875
DS-R1-7B,GPQA,60,1,9,16,0.5625
DS-R1-7B,GPQA,66,1,9,16,0.5625
DS-R1-7B,GPQA,69,1,8,16,0.5
DS-R1-7B,GPQA,72,4,3,16,0.1875
DS-R1-7B,GPQA,74,5,4,16,0.25
DS-R1-7B,GPQA,75,5,4,16,0.25
DS-R1-7B,GPQA,76,4,9,16,0.5625
DS-R1-7B,GPQA,77,7,9,16,0.5625
DS-R1-7B,GPQA,80,8,6,16,0.375
DS-R1-7B,GPQA,81,1,4,16,0.25
DS-R1-7B,GPQA,83,7,16,16,1.0
DS-R1-7B,GPQA,84,6,9,16,0.5625
DS-R1-7B,GPQA,85,1,10,16,0.625
DS-R1-7B,GPQA,88,1,9,16,0.5625
DS-R1-7B,GPQA,90,8,11,16,0.6875
DS-R1-7B,GPQA,91,3,9,16,0.5625
DS-R1-7B,GPQA,95,1,14,16,0.875
DS-R1-7B,GPQA,96,3,8,16,0.5
DS-R1-7B,GPQA,100,1,15,16,0.9375
DS-R1-7B,GPQA,101,1,9,16,0.5625
DS-R1-7B,GPQA,103,3,5,16,0.3125
DS-R1-7B,GPQA,104,7,15,16,0.9375
DS-R1-7B,GPQA,106,2,7,16,0.4375
DS-R1-7B,GPQA,108,2,8,16,0.5
DS-R1-7B,GPQA,109,6,12,16,0.75
DS-R1-7B,GPQA,110,3,6,16,0.375
DS-R1-7B,GPQA,111,5,10,16,0.625
DS-R1-7B,GPQA,112,4,8,16,0.5
DS-R1-7B,GPQA,113,1,4,16,0.25
DS-R1-7B,GPQA,114,2,8,16,0.5
DS-R1-7B,GPQA,117,3,6,16,0.375
DS-R1-7B,GPQA,118,1,14,16,0.875
DS-R1-7B,GPQA,120,5,12,16,0.75
DS-R1-7B,GPQA,123,8,6,16,0.375
DS-R1-7B,GPQA,124,1,11,16,0.6875
DS-R1-7B,GPQA,125,5,14,16,0.875
DS-R1-7B,GPQA,129,1,11,16,0.6875
DS-R1-7B,GPQA,131,1,5,16,0.3125
DS-R1-7B,GPQA,133,6,5,16,0.3125
DS-R1-7B,GPQA,135,2,11,16,0.6875
DS-R1-7B,GPQA,136,2,11,16,0.6875
DS-R1-7B,GPQA,137,3,2,16,0.125
DS-R1-7B,GPQA,139,1,2,16,0.125
DS-R1-7B,GPQA,143,3,12,16,0.75
DS-R1-7B,GPQA,147,7,16,16,1.0
DS-R1-7B,GPQA,149,2,8,16,0.5
DS-R1-7B,GPQA,150,2,4,16,0.25
DS-R1-7B,GPQA,153,1,6,16,0.375
DS-R1-7B,GPQA,154,2,14,16,0.875
DS-R1-7B,GPQA,156,1,6,16,0.375
DS-R1-7B,GPQA,157,3,13,16,0.8125
DS-R1-7B,GPQA,158,6,7,16,0.4375
DS-R1-7B,GPQA,159,5,10,16,0.625
DS-R1-7B,GPQA,161,1,8,16,0.5
DS-R1-7B,GPQA,163,7,5,16,0.3125
DS-R1-7B,GPQA,165,1,9,16,0.5625
DS-R1-7B,GPQA,166,3,14,16,0.875
DS-R1-7B,GPQA,168,1,8,16,0.5
DS-R1-7B,GPQA,169,1,6,16,0.375
DS-R1-7B,GPQA,172,3,11,16,0.6875
DS-R1-7B,GPQA,178,5,7,16,0.4375
DS-R1-7B,GPQA,179,6,6,16,0.375
DS-R1-7B,GPQA,181,5,0,16,0.0
DS-R1-7B,GPQA,182,3,5,16,0.3125
DS-R1-7B,GPQA,184,1,6,16,0.375
DS-R1-7B,GPQA,185,5,4,16,0.25
DS-R1-7B,GPQA,186,2,1,16,0.0625
DS-R1-7B,GPQA,187,4,11,16,0.6875
DS-R1-7B,GPQA,188,2,7,16,0.4375
DS-R1-7B,GPQA,189,6,6,16,0.375
DS-R1-7B,GPQA,191,1,2,16,0.125
DS-R1-7B,GPQA,193,3,4,16,0.25
DS-R1-7B,GPQA,195,4,3,16,0.1875
DS-R1-7B,GPQA,197,3,7,16,0.4375
DS-R1-7B,GPQA,199,4,8,16,0.5
DS-R1-7B,GPQA,201,2,16,16,1.0
DS-R1-7B,GPQA,203,5,6,16,0.375
DS-R1-7B,GPQA,205,6,10,16,0.625
DS-R1-7B,GPQA,206,5,4,16,0.25
DS-R1-7B,GPQA,208,1,6,16,0.375
DS-R1-7B,GPQA,210,1,5,16,0.3125
DS-R1-7B,GPQA,213,2,6,16,0.375
DS-R1-7B,GPQA,217,1,3,16,0.1875
DS-R1-7B,GPQA,219,4,10,16,0.625
DS-R1-7B,GPQA,220,4,1,16,0.0625
DS-R1-7B,GPQA,221,2,8,16,0.5
DS-R1-7B,GPQA,222,5,8,16,0.5
DS-R1-7B,GPQA,225,3,7,16,0.4375
DS-R1-7B,GPQA,226,2,4,16,0.25
DS-R1-7B,GPQA,228,3,7,16,0.4375
DS-R1-7B,GPQA,229,3,10,16,0.625
DS-R1-7B,GPQA,230,6,5,16,0.3125
DS-R1-7B,GPQA,235,6,10,16,0.625
DS-R1-7B,GPQA,237,1,2,16,0.125
DS-R1-7B,GPQA,244,1,11,16,0.6875
DS-R1-7B,GPQA,247,5,7,16,0.4375
DS-R1-7B,GPQA,248,2,7,16,0.4375
DS-R1-7B,GPQA,254,1,7,16,0.4375
DS-R1-7B,GPQA,256,3,6,16,0.375
DS-R1-7B,GPQA,257,4,9,16,0.5625
DS-R1-7B,GPQA,259,1,9,16,0.5625
DS-R1-7B,GPQA,260,1,9,16,0.5625
DS-R1-7B,GPQA,262,3,2,16,0.125
DS-R1-7B,GPQA,264,1,9,16,0.5625
DS-R1-7B,GPQA,266,8,13,16,0.8125
DS-R1-7B,GPQA,268,1,13,16,0.8125
DS-R1-7B,GPQA,269,1,4,16,0.25
DS-R1-7B,GPQA,270,4,6,16,0.375
DS-R1-7B,GPQA,272,2,11,16,0.6875
DS-R1-7B,GPQA,274,3,10,16,0.625
DS-R1-7B,GPQA,275,3,11,16,0.6875
DS-R1-7B,GPQA,276,1,4,16,0.25
DS-R1-7B,GPQA,277,1,2,16,0.125
DS-R1-7B,GPQA,279,7,5,16,0.3125
DS-R1-7B,GPQA,283,7,7,16,0.4375
DS-R1-7B,GPQA,284,2,6,16,0.375
DS-R1-7B,GPQA,285,2,2,16,0.125
DS-R1-7B,GPQA,287,3,8,16,0.5
DS-R1-7B,GPQA,288,5,12,16,0.75
DS-R1-7B,GPQA,290,1,15,16,0.9375
DS-R1-7B,GPQA,291,10,8,16,0.5
DS-R1-7B,GPQA,293,4,9,16,0.5625
DS-R1-7B,GPQA,295,6,15,16,0.9375
DS-R1-7B,GPQA,297,3,16,16,1.0
DS-R1-7B,GPQA,298,1,16,16,1.0
DS-R1-7B,GPQA,300,2,8,16,0.5
DS-R1-7B,GPQA,301,3,2,16,0.125
DS-R1-7B,GPQA,307,6,9,16,0.5625
DS-R1-7B,GPQA,315,5,10,16,0.625
DS-R1-7B,GPQA,317,4,6,16,0.375
DS-R1-7B,GPQA,318,4,9,16,0.5625
DS-R1-7B,GPQA,322,4,6,16,0.375
DS-R1-7B,GPQA,323,1,5,16,0.3125
DS-R1-7B,GPQA,324,4,11,16,0.6875
DS-R1-7B,GPQA,326,5,11,16,0.6875
DS-R1-7B,GPQA,327,1,13,16,0.8125
DS-R1-7B,GPQA,331,2,11,16,0.6875
DS-R1-7B,GPQA,332,7,11,16,0.6875
DS-R1-7B,GPQA,333,2,16,16,1.0
DS-R1-7B,GPQA,335,5,7,16,0.4375
DS-R1-7B,GPQA,336,3,7,16,0.4375
DS-R1-7B,GPQA,338,3,2,16,0.125
DS-R1-7B,GPQA,341,1,7,16,0.4375
DS-R1-7B,GPQA,342,5,4,16,0.25
DS-R1-7B,GPQA,347,1,9,16,0.5625
DS-R1-7B,GPQA,349,1,8,16,0.5
DS-R1-7B,GPQA,354,7,4,16,0.25
DS-R1-7B,GPQA,355,5,9,16,0.5625
DS-R1-7B,GPQA,359,3,8,16,0.5
DS-R1-7B,GPQA,360,1,16,16,1.0
DS-R1-7B,GPQA,361,3,10,16,0.625
DS-R1-7B,GPQA,362,9,9,16,0.5625
DS-R1-7B,GPQA,363,6,4,16,0.25
DS-R1-7B,GPQA,364,4,12,16,0.75
DS-R1-7B,GPQA,365,1,7,16,0.4375
DS-R1-7B,GPQA,368,2,4,16,0.25
DS-R1-7B,GPQA,370,6,3,16,0.1875
DS-R1-7B,GPQA,375,3,9,16,0.5625
DS-R1-7B,GPQA,378,1,6,16,0.375
DS-R1-7B,GPQA,380,1,12,16,0.75
DS-R1-7B,GPQA,384,3,13,16,0.8125
DS-R1-7B,GPQA,387,4,5,16,0.3125
DS-R1-7B,GPQA,389,1,7,16,0.4375
DS-R1-7B,GPQA,393,6,9,16,0.5625
DS-R1-7B,GPQA,397,2,1,16,0.0625
DS-R1-7B,GPQA,399,5,11,16,0.6875
DS-R1-7B,GPQA,401,3,12,16,0.75
DS-R1-7B,GPQA,402,2,0,16,0.0
DS-R1-7B,GPQA,403,2,7,16,0.4375
DS-R1-7B,GPQA,405,3,14,16,0.875
DS-R1-7B,GPQA,407,3,2,16,0.125
DS-R1-7B,GPQA,408,6,10,16,0.625
DS-R1-7B,GPQA,409,2,12,16,0.75
DS-R1-7B,GPQA,410,2,4,16,0.25
DS-R1-7B,GPQA,411,7,13,16,0.8125
DS-R1-7B,GPQA,415,2,0,16,0.0
DS-R1-7B,GPQA,418,2,15,16,0.9375
DS-R1-7B,GPQA,422,1,6,16,0.375
DS-R1-7B,GPQA,423,1,12,16,0.75
DS-R1-7B,GPQA,424,5,6,16,0.375
DS-R1-7B,GPQA,426,4,5,16,0.3125
DS-R1-7B,GPQA,427,2,5,16,0.3125
DS-R1-7B,GPQA,432,8,0,16,0.0
DS-R1-7B,GPQA,434,3,9,16,0.5625
DS-R1-7B,GPQA,435,3,11,16,0.6875
DS-R1-7B,GPQA,436,2,7,16,0.4375
DS-R1-7B,GPQA,438,6,6,16,0.375
DS-R1-7B,GPQA,439,5,8,16,0.5
DS-R1-7B,GPQA,440,1,7,16,0.4375
DS-R1-7B,GPQA,441,1,14,16,0.875
DS-R1-7B,GPQA,442,3,5,16,0.3125
DS-R1-7B,GSM8K,2,2,12,16,0.75
DS-R1-7B,GSM8K,6,2,16,16,1.0
DS-R1-7B,GSM8K,9,1,15,16,0.9375
DS-R1-7B,GSM8K,10,1,16,16,1.0
DS-R1-7B,GSM8K,11,2,14,16,0.875
DS-R1-7B,GSM8K,13,6,16,16,1.0
DS-R1-7B,GSM8K,14,1,15,16,0.9375
DS-R1-7B,GSM8K,17,4,10,16,0.625
DS-R1-7B,GSM8K,18,1,16,16,1.0
DS-R1-7B,GSM8K,19,3,16,16,1.0
DS-R1-7B,GSM8K,22,1,16,16,1.0
DS-R1-7B,GSM8K,24,1,16,16,1.0
DS-R1-7B,GSM8K,25,1,16,16,1.0
DS-R1-7B,GSM8K,26,3,16,16,1.0
DS-R1-7B,GSM8K,27,4,16,16,1.0
DS-R1-7B,GSM8K,29,1,16,16,1.0
DS-R1-7B,GSM8K,30,1,16,16,1.0
DS-R1-7B,GSM8K,31,1,16,16,1.0
DS-R1-7B,GSM8K,32,1,16,16,1.0
DS-R1-7B,GSM8K,33,4,16,16,1.0
DS-R1-7B,GSM8K,34,3,16,16,1.0
DS-R1-7B,GSM8K,39,6,16,16,1.0
DS-R1-7B,GSM8K,42,1,16,16,1.0
DS-R1-7B,GSM8K,43,2,3,16,0.1875
DS-R1-7B,GSM8K,44,2,15,16,0.9375
DS-R1-7B,GSM8K,47,5,16,16,1.0
DS-R1-7B,GSM8K,49,6,15,16,0.9375
DS-R1-7B,GSM8K,50,3,16,16,1.0
DS-R1-7B,GSM8K,53,1,16,16,1.0
DS-R1-7B,GSM8K,55,3,16,16,1.0
DS-R1-7B,GSM8K,57,1,16,16,1.0
DS-R1-7B,GSM8K,66,1,16,16,1.0
DS-R1-7B,GSM8K,67,4,16,16,1.0
DS-R1-7B,GSM8K,68,1,16,16,1.0
DS-R1-7B,GSM8K,70,1,15,16,0.9375
DS-R1-7B,GSM8K,71,3,16,16,1.0
DS-R1-7B,GSM8K,72,5,16,16,1.0
DS-R1-7B,GSM8K,73,1,14,16,0.875
DS-R1-7B,GSM8K,74,7,16,16,1.0
DS-R1-7B,GSM8K,76,1,16,16,1.0
DS-R1-7B,GSM8K,77,3,16,16,1.0
DS-R1-7B,GSM8K,78,1,16,16,1.0
DS-R1-7B,GSM8K,79,1,16,16,1.0
DS-R1-7B,GSM8K,81,1,16,16,1.0
DS-R1-7B,GSM8K,82,1,16,16,1.0
DS-R1-7B,GSM8K,83,2,16,16,1.0
DS-R1-7B,GSM8K,84,2,16,16,1.0
DS-R1-7B,GSM8K,88,2,16,16,1.0
DS-R1-7B,GSM8K,89,1,2,16,0.125
DS-R1-7B,GSM8K,90,5,16,16,1.0
DS-R1-7B,GSM8K,91,2,16,16,1.0
DS-R1-7B,GSM8K,95,9,16,16,1.0
DS-R1-7B,GSM8K,100,1,14,16,0.875
DS-R1-7B,GSM8K,101,1,16,16,1.0
DS-R1-7B,GSM8K,104,5,16,16,1.0
DS-R1-7B,GSM8K,105,1,16,16,1.0
DS-R1-7B,GSM8K,108,4,16,16,1.0
DS-R1-7B,GSM8K,109,2,16,16,1.0
DS-R1-7B,GSM8K,113,1,16,16,1.0
DS-R1-7B,GSM8K,114,1,13,16,0.8125
DS-R1-7B,GSM8K,115,1,15,16,0.9375
DS-R1-7B,GSM8K,117,3,16,16,1.0
DS-R1-7B,GSM8K,121,5,16,16,1.0
DS-R1-7B,GSM8K,123,3,16,16,1.0
DS-R1-7B,GSM8K,127,1,16,16,1.0
DS-R1-7B,GSM8K,128,1,16,16,1.0
DS-R1-7B,GSM8K,132,3,16,16,1.0
DS-R1-7B,GSM8K,134,1,16,16,1.0
DS-R1-7B,GSM8K,135,1,16,16,1.0
DS-R1-7B,GSM8K,136,1,16,16,1.0
DS-R1-7B,GSM8K,137,4,16,16,1.0
DS-R1-7B,GSM8K,138,1,16,16,1.0
DS-R1-7B,GSM8K,140,3,16,16,1.0
DS-R1-7B,GSM8K,141,5,16,16,1.0
DS-R1-7B,GSM8K,143,1,16,16,1.0
DS-R1-7B,GSM8K,144,2,16,16,1.0
DS-R1-7B,GSM8K,145,5,15,16,0.9375
DS-R1-7B,GSM8K,146,1,13,16,0.8125
DS-R1-7B,GSM8K,149,2,16,16,1.0
DS-R1-7B,GSM8K,151,2,16,16,1.0
DS-R1-7B,GSM8K,152,7,16,16,1.0
DS-R1-7B,GSM8K,153,3,16,16,1.0
DS-R1-7B,GSM8K,155,2,16,16,1.0
DS-R1-7B,GSM8K,156,1,16,16,1.0
DS-R1-7B,GSM8K,160,1,16,16,1.0
DS-R1-7B,GSM8K,161,4,15,16,0.9375
DS-R1-7B,GSM8K,165,1,15,16,0.9375
DS-R1-7B,GSM8K,166,4,16,16,1.0
DS-R1-7B,GSM8K,167,8,16,16,1.0
DS-R1-7B,GSM8K,169,1,16,16,1.0
DS-R1-7B,GSM8K,171,6,16,16,1.0
DS-R1-7B,GSM8K,172,5,13,16,0.8125
DS-R1-7B,GSM8K,173,2,16,16,1.0
DS-R1-7B,GSM8K,176,1,16,16,1.0
DS-R1-7B,GSM8K,177,8,15,16,0.9375
DS-R1-7B,GSM8K,178,4,16,16,1.0
DS-R1-7B,GSM8K,179,1,16,16,1.0
DS-R1-7B,GSM8K,182,3,16,16,1.0
DS-R1-7B,GSM8K,184,3,11,16,0.6875
DS-R1-7B,GSM8K,185,2,16,16,1.0
DS-R1-7B,GSM8K,188,1,16,16,1.0
DS-R1-7B,GSM8K,189,2,16,16,1.0
DS-R1-7B,GSM8K,192,2,15,16,0.9375
DS-R1-7B,GSM8K,194,1,16,16,1.0
DS-R1-7B,GSM8K,195,3,16,16,1.0
DS-R1-7B,GSM8K,197,2,16,16,1.0
DS-R1-7B,GSM8K,198,5,16,16,1.0
DS-R1-7B,GSM8K,202,3,16,16,1.0
DS-R1-7B,GSM8K,204,2,16,16,1.0
DS-R1-7B,GSM8K,206,2,14,16,0.875
DS-R1-7B,GSM8K,207,3,15,16,0.9375
DS-R1-7B,GSM8K,208,3,16,16,1.0
DS-R1-7B,GSM8K,209,1,8,16,0.5
DS-R1-7B,GSM8K,210,1,15,16,0.9375
DS-R1-7B,GSM8K,211,2,15,16,0.9375
DS-R1-7B,GSM8K,213,3,16,16,1.0
DS-R1-7B,GSM8K,215,3,16,16,1.0
DS-R1-7B,GSM8K,217,3,16,16,1.0
DS-R1-7B,GSM8K,218,6,16,16,1.0
DS-R1-7B,GSM8K,219,3,16,16,1.0
DS-R1-7B,GSM8K,220,4,16,16,1.0
DS-R1-7B,GSM8K,222,3,16,16,1.0
DS-R1-7B,GSM8K,223,5,16,16,1.0
DS-R1-7B,GSM8K,226,2,16,16,1.0
DS-R1-7B,GSM8K,227,2,16,16,1.0
DS-R1-7B,GSM8K,229,2,16,16,1.0
DS-R1-7B,GSM8K,230,4,16,16,1.0
DS-R1-7B,GSM8K,231,1,16,16,1.0
DS-R1-7B,GSM8K,234,1,13,16,0.8125
DS-R1-7B,GSM8K,237,1,16,16,1.0
DS-R1-7B,GSM8K,238,4,16,16,1.0
DS-R1-7B,GSM8K,240,5,15,16,0.9375
DS-R1-7B,GSM8K,243,1,16,16,1.0
DS-R1-7B,GSM8K,244,3,15,16,0.9375
DS-R1-7B,GSM8K,245,1,16,16,1.0
DS-R1-7B,GSM8K,246,1,16,16,1.0
DS-R1-7B,GSM8K,248,2,16,16,1.0
DS-R1-7B,GSM8K,249,13,16,16,1.0
DS-R1-7B,GSM8K,250,4,16,16,1.0
DS-R1-7B,GSM8K,251,1,16,16,1.0
DS-R1-7B,GSM8K,254,2,16,16,1.0
DS-R1-7B,GSM8K,255,1,0,16,0.0
DS-R1-7B,GSM8K,256,7,16,16,1.0
DS-R1-7B,GSM8K,257,3,15,16,0.9375
DS-R1-7B,GSM8K,259,2,14,16,0.875
DS-R1-7B,GSM8K,260,2,16,16,1.0
DS-R1-7B,GSM8K,261,1,16,16,1.0
DS-R1-7B,GSM8K,262,2,16,16,1.0
DS-R1-7B,GSM8K,263,3,16,16,1.0
DS-R1-7B,GSM8K,265,4,16,16,1.0
DS-R1-7B,GSM8K,266,6,16,16,1.0
DS-R1-7B,GSM8K,268,1,15,16,0.9375
DS-R1-7B,GSM8K,269,2,16,16,1.0
DS-R1-7B,GSM8K,270,2,16,16,1.0
DS-R1-7B,GSM8K,271,4,15,16,0.9375
DS-R1-7B,GSM8K,272,1,15,16,0.9375
DS-R1-7B,GSM8K,273,3,14,16,0.875
DS-R1-7B,GSM8K,274,5,16,16,1.0
DS-R1-7B,GSM8K,276,5,16,16,1.0
DS-R1-7B,GSM8K,277,5,16,16,1.0
DS-R1-7B,GSM8K,279,3,16,16,1.0
DS-R1-7B,GSM8K,280,7,16,16,1.0
DS-R1-7B,GSM8K,281,5,16,16,1.0
DS-R1-7B,GSM8K,282,4,16,16,1.0
DS-R1-7B,GSM8K,283,1,10,16,0.625
DS-R1-7B,GSM8K,284,6,14,16,0.875
DS-R1-7B,GSM8K,286,6,16,16,1.0
DS-R1-7B,GSM8K,287,1,16,16,1.0
DS-R1-7B,GSM8K,288,1,16,16,1.0
DS-R1-7B,GSM8K,291,1,16,16,1.0
DS-R1-7B,GSM8K,293,2,16,16,1.0
DS-R1-7B,GSM8K,295,8,15,16,0.9375
DS-R1-7B,GSM8K,296,2,15,16,0.9375
DS-R1-7B,GSM8K,299,1,15,16,0.9375
DS-R1-7B,GSM8K,300,2,16,16,1.0
DS-R1-7B,GSM8K,302,2,16,16,1.0
DS-R1-7B,GSM8K,306,2,13,16,0.8125
DS-R1-7B,GSM8K,308,1,15,16,0.9375
DS-R1-7B,GSM8K,310,1,15,16,0.9375
DS-R1-7B,GSM8K,312,1,16,16,1.0
DS-R1-7B,GSM8K,315,1,15,16,0.9375
DS-R1-7B,GSM8K,318,5,16,16,1.0
DS-R1-7B,GSM8K,319,1,16,16,1.0
DS-R1-7B,GSM8K,320,1,11,16,0.6875
DS-R1-7B,GSM8K,321,1,16,16,1.0
DS-R1-7B,GSM8K,322,1,16,16,1.0
DS-R1-7B,GSM8K,323,1,16,16,1.0
DS-R1-7B,GSM8K,325,5,16,16,1.0
DS-R1-7B,GSM8K,326,1,16,16,1.0
DS-R1-7B,GSM8K,327,2,16,16,1.0
DS-R1-7B,GSM8K,329,1,16,16,1.0
DS-R1-7B,GSM8K,331,4,16,16,1.0
DS-R1-7B,GSM8K,332,1,16,16,1.0
DS-R1-7B,GSM8K,333,10,16,16,1.0
DS-R1-7B,GSM8K,334,2,16,16,1.0
DS-R1-7B,GSM8K,336,1,16,16,1.0
DS-R1-7B,GSM8K,337,1,16,16,1.0
DS-R1-7B,GSM8K,338,2,16,16,1.0
DS-R1-7B,GSM8K,341,6,12,16,0.75
DS-R1-7B,GSM8K,344,5,16,16,1.0
DS-R1-7B,GSM8K,345,5,16,16,1.0
DS-R1-7B,GSM8K,348,1,16,16,1.0
DS-R1-7B,GSM8K,350,1,16,16,1.0
DS-R1-7B,GSM8K,353,1,15,16,0.9375
DS-R1-7B,GSM8K,354,2,16,16,1.0
DS-R1-7B,GSM8K,355,2,16,16,1.0
DS-R1-7B,GSM8K,356,7,16,16,1.0
DS-R1-7B,GSM8K,361,1,14,16,0.875
DS-R1-7B,GSM8K,362,2,16,16,1.0
DS-R1-7B,GSM8K,363,1,13,16,0.8125
DS-R1-7B,GSM8K,364,2,14,16,0.875
DS-R1-7B,GSM8K,369,1,3,16,0.1875
DS-R1-7B,GSM8K,375,1,16,16,1.0
DS-R1-7B,GSM8K,377,1,16,16,1.0
DS-R1-7B,GSM8K,378,1,16,16,1.0
DS-R1-7B,GSM8K,380,1,3,16,0.1875
DS-R1-7B,GSM8K,381,8,16,16,1.0
DS-R1-7B,GSM8K,382,3,16,16,1.0
DS-R1-7B,GSM8K,387,3,16,16,1.0
DS-R1-7B,GSM8K,390,2,16,16,1.0
DS-R1-7B,GSM8K,391,1,16,16,1.0
DS-R1-7B,GSM8K,396,1,16,16,1.0
DS-R1-7B,GSM8K,398,5,15,16,0.9375
DS-R1-7B,GSM8K,399,1,15,16,0.9375
DS-R1-7B,GSM8K,400,2,16,16,1.0
DS-R1-7B,GSM8K,401,1,11,16,0.6875
DS-R1-7B,GSM8K,402,6,16,16,1.0
DS-R1-7B,GSM8K,403,3,0,16,0.0
DS-R1-7B,GSM8K,404,4,16,16,1.0
DS-R1-7B,GSM8K,405,11,16,16,1.0
DS-R1-7B,GSM8K,408,1,16,16,1.0
DS-R1-7B,GSM8K,410,1,16,16,1.0
DS-R1-7B,GSM8K,411,3,15,16,0.9375
DS-R1-7B,GSM8K,414,1,16,16,1.0
DS-R1-7B,GSM8K,416,3,16,16,1.0
DS-R1-7B,GSM8K,417,1,14,16,0.875
DS-R1-7B,GSM8K,418,3,16,16,1.0
DS-R1-7B,GSM8K,424,5,16,16,1.0
DS-R1-7B,GSM8K,426,1,16,16,1.0
DS-R1-7B,GSM8K,431,6,16,16,1.0
DS-R1-7B,GSM8K,432,1,16,16,1.0
DS-R1-7B,GSM8K,433,5,16,16,1.0
DS-R1-7B,GSM8K,434,1,14,16,0.875
DS-R1-7B,GSM8K,435,3,16,16,1.0
DS-R1-7B,GSM8K,437,5,15,16,0.9375
DS-R1-7B,GSM8K,441,7,16,16,1.0
DS-R1-7B,GSM8K,444,1,16,16,1.0
DS-R1-7B,GSM8K,445,4,16,16,1.0
DS-R1-7B,GSM8K,446,6,16,16,1.0
DS-R1-7B,GSM8K,447,1,16,16,1.0
DS-R1-7B,GSM8K,448,2,16,16,1.0
DS-R1-7B,GSM8K,449,2,16,16,1.0
DS-R1-7B,GSM8K,452,8,16,16,1.0
DS-R1-7B,GSM8K,454,2,0,16,0.0
DS-R1-7B,GSM8K,455,7,16,16,1.0
DS-R1-7B,GSM8K,456,1,16,16,1.0
DS-R1-7B,GSM8K,458,6,15,16,0.9375
DS-R1-7B,GSM8K,459,3,15,16,0.9375
DS-R1-7B,GSM8K,460,1,16,16,1.0
DS-R1-7B,GSM8K,461,2,16,16,1.0
DS-R1-7B,GSM8K,464,2,14,16,0.875
DS-R1-7B,GSM8K,465,8,16,16,1.0
DS-R1-7B,GSM8K,466,2,16,16,1.0
DS-R1-7B,GSM8K,467,1,12,16,0.75
DS-R1-7B,GSM8K,468,2,16,16,1.0
DS-R1-7B,GSM8K,469,4,16,16,1.0
DS-R1-7B,GSM8K,471,3,16,16,1.0
DS-R1-7B,GSM8K,473,1,16,16,1.0
DS-R1-7B,GSM8K,476,4,16,16,1.0
DS-R1-7B,GSM8K,479,2,15,16,0.9375
DS-R1-7B,GSM8K,480,1,16,16,1.0
DS-R1-7B,GSM8K,481,1,16,16,1.0
DS-R1-7B,GSM8K,483,2,15,16,0.9375
DS-R1-7B,GSM8K,486,1,16,16,1.0
DS-R1-7B,GSM8K,487,5,15,16,0.9375
DS-R1-7B,GSM8K,488,4,16,16,1.0
DS-R1-7B,GSM8K,492,1,16,16,1.0
DS-R1-7B,GSM8K,495,1,16,16,1.0
DS-R1-7B,GSM8K,497,1,15,16,0.9375
DS-R1-7B,GSM8K,498,8,16,16,1.0
DS-R1-7B,GSM8K,500,3,16,16,1.0
DS-R1-7B,GSM8K,501,5,16,16,1.0
DS-R1-7B,GSM8K,503,6,16,16,1.0
DS-R1-7B,GSM8K,506,2,14,16,0.875
DS-R1-7B,GSM8K,507,2,16,16,1.0
DS-R1-7B,GSM8K,509,1,15,16,0.9375
DS-R1-7B,GSM8K,510,3,6,16,0.375
DS-R1-7B,GSM8K,512,1,16,16,1.0
DS-R1-7B,GSM8K,513,10,16,16,1.0
DS-R1-7B,GSM8K,514,3,16,16,1.0
DS-R1-7B,GSM8K,515,4,1,16,0.0625
DS-R1-7B,GSM8K,517,2,12,16,0.75
DS-R1-7B,GSM8K,518,2,16,16,1.0
DS-R1-7B,GSM8K,519,3,16,16,1.0
DS-R1-7B,GSM8K,520,1,16,16,1.0
DS-R1-7B,GSM8K,521,1,16,16,1.0
DS-R1-7B,GSM8K,522,1,16,16,1.0
DS-R1-7B,GSM8K,524,5,16,16,1.0
DS-R1-7B,GSM8K,525,1,16,16,1.0
DS-R1-7B,GSM8K,527,2,16,16,1.0
DS-R1-7B,GSM8K,528,4,14,16,0.875
DS-R1-7B,GSM8K,531,1,12,16,0.75
DS-R1-7B,GSM8K,532,2,16,16,1.0
DS-R1-7B,GSM8K,533,3,16,16,1.0
DS-R1-7B,GSM8K,536,3,16,16,1.0
DS-R1-7B,GSM8K,537,4,16,16,1.0
DS-R1-7B,GSM8K,542,4,16,16,1.0
DS-R1-7B,GSM8K,543,4,16,16,1.0
DS-R1-7B,GSM8K,544,1,16,16,1.0
DS-R1-7B,GSM8K,545,1,16,16,1.0
DS-R1-7B,GSM8K,551,1,16,16,1.0
DS-R1-7B,GSM8K,552,2,16,16,1.0
DS-R1-7B,GSM8K,553,2,16,16,1.0
DS-R1-7B,GSM8K,554,4,16,16,1.0
DS-R1-7B,GSM8K,555,10,16,16,1.0
DS-R1-7B,GSM8K,557,2,16,16,1.0
DS-R1-7B,GSM8K,560,13,16,16,1.0
DS-R1-7B,GSM8K,561,8,16,16,1.0
DS-R1-7B,GSM8K,563,1,15,16,0.9375
DS-R1-7B,GSM8K,565,3,16,16,1.0
DS-R1-7B,GSM8K,567,1,16,16,1.0
DS-R1-7B,GSM8K,568,3,16,16,1.0
DS-R1-7B,GSM8K,570,1,15,16,0.9375
DS-R1-7B,GSM8K,574,4,16,16,1.0
DS-R1-7B,GSM8K,576,2,15,16,0.9375
DS-R1-7B,GSM8K,577,3,16,16,1.0
DS-R1-7B,GSM8K,578,1,16,16,1.0
DS-R1-7B,GSM8K,581,6,16,16,1.0
DS-R1-7B,GSM8K,582,1,15,16,0.9375
DS-R1-7B,GSM8K,583,3,14,16,0.875
DS-R1-7B,GSM8K,585,3,16,16,1.0
DS-R1-7B,GSM8K,586,3,16,16,1.0
DS-R1-7B,GSM8K,587,4,16,16,1.0
DS-R1-7B,GSM8K,588,1,16,16,1.0
DS-R1-7B,GSM8K,589,4,6,16,0.375
DS-R1-7B,GSM8K,591,2,16,16,1.0
DS-R1-7B,GSM8K,595,1,16,16,1.0
DS-R1-7B,GSM8K,596,2,16,16,1.0
DS-R1-7B,GSM8K,597,2,16,16,1.0
DS-R1-7B,GSM8K,598,9,16,16,1.0
DS-R1-7B,GSM8K,599,3,14,16,0.875
DS-R1-7B,GSM8K,600,1,16,16,1.0
DS-R1-7B,GSM8K,602,4,16,16,1.0
DS-R1-7B,GSM8K,603,1,3,16,0.1875
DS-R1-7B,GSM8K,604,4,16,16,1.0
DS-R1-7B,GSM8K,605,6,16,16,1.0
DS-R1-7B,GSM8K,606,2,14,16,0.875
DS-R1-7B,GSM8K,608,1,2,16,0.125
DS-R1-7B,GSM8K,610,5,15,16,0.9375
DS-R1-7B,GSM8K,613,1,16,16,1.0
DS-R1-7B,GSM8K,615,6,16,16,1.0
DS-R1-7B,GSM8K,617,2,16,16,1.0
DS-R1-7B,GSM8K,618,3,16,16,1.0
DS-R1-7B,GSM8K,619,1,16,16,1.0
DS-R1-7B,GSM8K,620,2,16,16,1.0
DS-R1-7B,GSM8K,623,1,16,16,1.0
DS-R1-7B,GSM8K,624,9,16,16,1.0
DS-R1-7B,GSM8K,625,4,16,16,1.0
DS-R1-7B,GSM8K,626,3,16,16,1.0
DS-R1-7B,GSM8K,629,2,15,16,0.9375
DS-R1-7B,GSM8K,630,2,16,16,1.0
DS-R1-7B,GSM8K,631,3,16,16,1.0
DS-R1-7B,GSM8K,632,5,16,16,1.0
DS-R1-7B,GSM8K,634,3,16,16,1.0
DS-R1-7B,GSM8K,638,8,15,16,0.9375
DS-R1-7B,GSM8K,639,2,9,16,0.5625
DS-R1-7B,GSM8K,640,3,16,16,1.0
DS-R1-7B,GSM8K,641,1,2,16,0.125
DS-R1-7B,GSM8K,642,6,16,16,1.0
DS-R1-7B,GSM8K,646,3,16,16,1.0
DS-R1-7B,GSM8K,647,1,16,16,1.0
DS-R1-7B,GSM8K,650,1,16,16,1.0
DS-R1-7B,GSM8K,655,1,16,16,1.0
DS-R1-7B,GSM8K,656,1,16,16,1.0
DS-R1-7B,GSM8K,657,1,16,16,1.0
DS-R1-7B,GSM8K,658,2,16,16,1.0
DS-R1-7B,GSM8K,659,6,16,16,1.0
DS-R1-7B,GSM8K,660,1,16,16,1.0
DS-R1-7B,GSM8K,662,3,16,16,1.0
DS-R1-7B,GSM8K,665,2,16,16,1.0
DS-R1-7B,GSM8K,666,3,16,16,1.0
DS-R1-7B,GSM8K,668,2,16,16,1.0
DS-R1-7B,GSM8K,669,1,15,16,0.9375
DS-R1-7B,GSM8K,670,3,16,16,1.0
DS-R1-7B,GSM8K,671,6,16,16,1.0
DS-R1-7B,GSM8K,673,2,16,16,1.0
DS-R1-7B,GSM8K,674,1,16,16,1.0
DS-R1-7B,GSM8K,676,6,16,16,1.0
DS-R1-7B,GSM8K,678,1,16,16,1.0
DS-R1-7B,GSM8K,681,7,15,16,0.9375
DS-R1-7B,GSM8K,683,1,16,16,1.0
DS-R1-7B,GSM8K,686,1,16,16,1.0
DS-R1-7B,GSM8K,687,1,15,16,0.9375
DS-R1-7B,GSM8K,689,5,15,16,0.9375
DS-R1-7B,GSM8K,690,3,16,16,1.0
DS-R1-7B,GSM8K,691,3,15,16,0.9375
DS-R1-7B,GSM8K,692,3,16,16,1.0
DS-R1-7B,GSM8K,693,2,16,16,1.0
DS-R1-7B,GSM8K,694,1,16,16,1.0
DS-R1-7B,GSM8K,696,5,14,16,0.875
DS-R1-7B,GSM8K,698,3,16,16,1.0
DS-R1-7B,GSM8K,700,2,15,16,0.9375
DS-R1-7B,GSM8K,701,1,16,16,1.0
DS-R1-7B,GSM8K,702,3,16,16,1.0
DS-R1-7B,GSM8K,705,2,16,16,1.0
DS-R1-7B,GSM8K,708,3,16,16,1.0
DS-R1-7B,GSM8K,709,6,16,16,1.0
DS-R1-7B,GSM8K,710,6,16,16,1.0
DS-R1-7B,GSM8K,712,2,16,16,1.0
DS-R1-7B,GSM8K,716,3,16,16,1.0
DS-R1-7B,GSM8K,717,5,16,16,1.0
DS-R1-7B,GSM8K,718,1,16,16,1.0
DS-R1-7B,GSM8K,719,2,16,16,1.0
DS-R1-7B,GSM8K,720,1,16,16,1.0
DS-R1-7B,GSM8K,724,2,16,16,1.0
DS-R1-7B,GSM8K,726,1,16,16,1.0
DS-R1-7B,GSM8K,727,6,15,16,0.9375
DS-R1-7B,GSM8K,728,2,16,16,1.0
DS-R1-7B,GSM8K,729,5,15,16,0.9375
DS-R1-7B,GSM8K,731,2,16,16,1.0
DS-R1-7B,GSM8K,732,3,16,16,1.0
DS-R1-7B,GSM8K,735,3,16,16,1.0
DS-R1-7B,GSM8K,736,1,16,16,1.0
DS-R1-7B,GSM8K,737,4,16,16,1.0
DS-R1-7B,GSM8K,738,5,16,16,1.0
DS-R1-7B,GSM8K,739,2,15,16,0.9375
DS-R1-7B,GSM8K,742,2,16,16,1.0
DS-R1-7B,GSM8K,743,1,16,16,1.0
DS-R1-7B,GSM8K,744,1,16,16,1.0
DS-R1-7B,GSM8K,745,2,16,16,1.0
DS-R1-7B,GSM8K,746,4,16,16,1.0
DS-R1-7B,GSM8K,748,2,16,16,1.0
DS-R1-7B,GSM8K,750,2,16,16,1.0
DS-R1-7B,GSM8K,751,1,16,16,1.0
DS-R1-7B,GSM8K,753,1,15,16,0.9375
DS-R1-7B,GSM8K,756,1,16,16,1.0
DS-R1-7B,GSM8K,757,5,16,16,1.0
DS-R1-7B,GSM8K,758,2,16,16,1.0
DS-R1-7B,GSM8K,760,3,16,16,1.0
DS-R1-7B,GSM8K,761,3,15,16,0.9375
DS-R1-7B,GSM8K,763,2,16,16,1.0
DS-R1-7B,GSM8K,767,4,16,16,1.0
DS-R1-7B,GSM8K,769,1,13,16,0.8125
DS-R1-7B,GSM8K,770,3,16,16,1.0
DS-R1-7B,GSM8K,771,2,16,16,1.0
DS-R1-7B,GSM8K,773,1,16,16,1.0
DS-R1-7B,GSM8K,775,5,16,16,1.0
DS-R1-7B,GSM8K,777,3,16,16,1.0
DS-R1-7B,GSM8K,778,5,16,16,1.0
DS-R1-7B,GSM8K,779,2,16,16,1.0
DS-R1-7B,GSM8K,783,1,15,16,0.9375
DS-R1-7B,GSM8K,786,3,15,16,0.9375
DS-R1-7B,GSM8K,790,1,4,16,0.25
DS-R1-7B,GSM8K,791,6,16,16,1.0
DS-R1-7B,GSM8K,792,2,16,16,1.0
DS-R1-7B,GSM8K,795,3,16,16,1.0
DS-R1-7B,GSM8K,796,1,3,16,0.1875
DS-R1-7B,GSM8K,798,4,16,16,1.0
DS-R1-7B,GSM8K,799,4,16,16,1.0
DS-R1-7B,GSM8K,800,4,16,16,1.0
DS-R1-7B,GSM8K,801,7,16,16,1.0
DS-R1-7B,GSM8K,802,1,15,16,0.9375
DS-R1-7B,GSM8K,805,1,16,16,1.0
DS-R1-7B,GSM8K,806,5,16,16,1.0
DS-R1-7B,GSM8K,807,1,16,16,1.0
DS-R1-7B,GSM8K,808,3,16,16,1.0
DS-R1-7B,GSM8K,812,2,6,16,0.375
DS-R1-7B,GSM8K,814,1,4,16,0.25
DS-R1-7B,GSM8K,815,1,16,16,1.0
DS-R1-7B,GSM8K,816,3,16,16,1.0
DS-R1-7B,GSM8K,818,5,16,16,1.0
DS-R1-7B,GSM8K,819,2,16,16,1.0
DS-R1-7B,GSM8K,820,5,16,16,1.0
DS-R1-7B,GSM8K,824,9,16,16,1.0
DS-R1-7B,GSM8K,825,8,16,16,1.0
DS-R1-7B,GSM8K,826,3,16,16,1.0
DS-R1-7B,GSM8K,828,1,16,16,1.0
DS-R1-7B,GSM8K,832,2,16,16,1.0
DS-R1-7B,GSM8K,833,3,16,16,1.0
DS-R1-7B,GSM8K,834,2,16,16,1.0
DS-R1-7B,GSM8K,836,4,16,16,1.0
DS-R1-7B,GSM8K,838,3,16,16,1.0
DS-R1-7B,GSM8K,840,2,11,16,0.6875
DS-R1-7B,GSM8K,841,3,16,16,1.0
DS-R1-7B,GSM8K,843,6,16,16,1.0
DS-R1-7B,GSM8K,844,2,16,16,1.0
DS-R1-7B,GSM8K,848,5,16,16,1.0
DS-R1-7B,GSM8K,849,3,16,16,1.0
DS-R1-7B,GSM8K,850,3,16,16,1.0
DS-R1-7B,GSM8K,853,4,16,16,1.0
DS-R1-7B,GSM8K,855,2,16,16,1.0
DS-R1-7B,GSM8K,857,1,13,16,0.8125
DS-R1-7B,GSM8K,862,2,16,16,1.0
DS-R1-7B,GSM8K,863,1,16,16,1.0
DS-R1-7B,GSM8K,864,1,16,16,1.0
DS-R1-7B,GSM8K,865,4,16,16,1.0
DS-R1-7B,GSM8K,866,5,16,16,1.0
DS-R1-7B,GSM8K,867,1,16,16,1.0
DS-R1-7B,GSM8K,868,1,16,16,1.0
DS-R1-7B,GSM8K,871,6,16,16,1.0
DS-R1-7B,GSM8K,872,6,16,16,1.0
DS-R1-7B,GSM8K,873,1,16,16,1.0
DS-R1-7B,GSM8K,874,1,16,16,1.0
DS-R1-7B,GSM8K,875,2,16,16,1.0
DS-R1-7B,GSM8K,876,1,16,16,1.0
DS-R1-7B,GSM8K,878,1,16,16,1.0
DS-R1-7B,GSM8K,879,1,16,16,1.0
DS-R1-7B,GSM8K,881,1,16,16,1.0
DS-R1-7B,GSM8K,882,1,16,16,1.0
DS-R1-7B,GSM8K,884,5,16,16,1.0
DS-R1-7B,GSM8K,885,1,12,16,0.75
DS-R1-7B,GSM8K,887,1,16,16,1.0
DS-R1-7B,GSM8K,889,7,16,16,1.0
DS-R1-7B,GSM8K,890,4,16,16,1.0
DS-R1-7B,GSM8K,893,2,16,16,1.0
DS-R1-7B,GSM8K,895,8,16,16,1.0
DS-R1-7B,GSM8K,896,1,16,16,1.0
DS-R1-7B,GSM8K,898,2,16,16,1.0
DS-R1-7B,GSM8K,899,1,16,16,1.0
DS-R1-7B,GSM8K,903,3,16,16,1.0
DS-R1-7B,GSM8K,906,1,10,16,0.625
DS-R1-7B,GSM8K,908,1,16,16,1.0
DS-R1-7B,GSM8K,909,2,16,16,1.0
DS-R1-7B,GSM8K,910,2,16,16,1.0
DS-R1-7B,GSM8K,914,2,15,16,0.9375
DS-R1-7B,GSM8K,917,2,16,16,1.0
DS-R1-7B,GSM8K,919,6,16,16,1.0
DS-R1-7B,GSM8K,920,8,13,16,0.8125
DS-R1-7B,GSM8K,921,1,16,16,1.0
DS-R1-7B,GSM8K,925,2,16,16,1.0
DS-R1-7B,GSM8K,927,8,16,16,1.0
DS-R1-7B,GSM8K,929,9,16,16,1.0
DS-R1-7B,GSM8K,931,1,10,16,0.625
DS-R1-7B,GSM8K,933,1,16,16,1.0
DS-R1-7B,GSM8K,934,5,16,16,1.0
DS-R1-7B,GSM8K,935,10,16,16,1.0
DS-R1-7B,GSM8K,937,3,16,16,1.0
DS-R1-7B,GSM8K,938,6,16,16,1.0
DS-R1-7B,GSM8K,944,4,16,16,1.0
DS-R1-7B,GSM8K,945,1,16,16,1.0
DS-R1-7B,GSM8K,946,1,16,16,1.0
DS-R1-7B,GSM8K,948,1,14,16,0.875
DS-R1-7B,GSM8K,949,2,16,16,1.0
DS-R1-7B,GSM8K,950,5,16,16,1.0
DS-R1-7B,GSM8K,952,1,0,16,0.0
DS-R1-7B,GSM8K,955,3,16,16,1.0
DS-R1-7B,GSM8K,957,2,16,16,1.0
DS-R1-7B,GSM8K,963,2,16,16,1.0
DS-R1-7B,GSM8K,964,1,16,16,1.0
DS-R1-7B,GSM8K,965,2,15,16,0.9375
DS-R1-7B,GSM8K,967,1,16,16,1.0
DS-R1-7B,GSM8K,968,2,15,16,0.9375
DS-R1-7B,GSM8K,969,2,16,16,1.0
DS-R1-7B,GSM8K,970,3,16,16,1.0
DS-R1-7B,GSM8K,971,3,16,16,1.0
DS-R1-7B,GSM8K,972,4,15,16,0.9375
DS-R1-7B,GSM8K,974,2,16,16,1.0
DS-R1-7B,GSM8K,975,3,15,16,0.9375
DS-R1-7B,GSM8K,976,5,16,16,1.0
DS-R1-7B,GSM8K,977,2,16,16,1.0
DS-R1-7B,GSM8K,978,1,16,16,1.0
DS-R1-7B,GSM8K,979,2,16,16,1.0
DS-R1-7B,GSM8K,980,2,16,16,1.0
DS-R1-7B,GSM8K,981,8,16,16,1.0
DS-R1-7B,GSM8K,982,1,15,16,0.9375
DS-R1-7B,GSM8K,986,6,16,16,1.0
DS-R1-7B,GSM8K,987,4,16,16,1.0
DS-R1-7B,GSM8K,988,2,15,16,0.9375
DS-R1-7B,GSM8K,992,1,14,16,0.875
DS-R1-7B,GSM8K,994,1,16,16,1.0
DS-R1-7B,GSM8K,1004,6,16,16,1.0
DS-R1-7B,GSM8K,1005,1,14,16,0.875
DS-R1-7B,GSM8K,1006,2,14,16,0.875
DS-R1-7B,GSM8K,1007,3,16,16,1.0
DS-R1-7B,GSM8K,1008,5,16,16,1.0
DS-R1-7B,GSM8K,1009,9,15,16,0.9375
DS-R1-7B,GSM8K,1010,3,16,16,1.0
DS-R1-7B,GSM8K,1011,13,14,16,0.875
DS-R1-7B,GSM8K,1013,4,16,16,1.0
DS-R1-7B,GSM8K,1014,3,11,16,0.6875
DS-R1-7B,GSM8K,1015,2,16,16,1.0
DS-R1-7B,GSM8K,1021,2,16,16,1.0
DS-R1-7B,GSM8K,1023,2,16,16,1.0
DS-R1-7B,GSM8K,1024,4,16,16,1.0
DS-R1-7B,GSM8K,1026,2,16,16,1.0
DS-R1-7B,GSM8K,1029,2,14,16,0.875
DS-R1-7B,GSM8K,1033,1,16,16,1.0
DS-R1-7B,GSM8K,1034,2,16,16,1.0
DS-R1-7B,GSM8K,1036,2,16,16,1.0
DS-R1-7B,GSM8K,1037,4,16,16,1.0
DS-R1-7B,GSM8K,1038,2,12,16,0.75
DS-R1-7B,GSM8K,1040,2,16,16,1.0
DS-R1-7B,GSM8K,1041,2,16,16,1.0
DS-R1-7B,GSM8K,1043,3,16,16,1.0
DS-R1-7B,GSM8K,1045,3,16,16,1.0
DS-R1-7B,GSM8K,1050,1,8,16,0.5
DS-R1-7B,GSM8K,1051,4,16,16,1.0
DS-R1-7B,GSM8K,1052,3,15,16,0.9375
DS-R1-7B,GSM8K,1055,1,15,16,0.9375
DS-R1-7B,GSM8K,1057,2,16,16,1.0
DS-R1-7B,GSM8K,1059,3,0,16,0.0
DS-R1-7B,GSM8K,1061,3,16,16,1.0
DS-R1-7B,GSM8K,1064,1,16,16,1.0
DS-R1-7B,GSM8K,1065,2,16,16,1.0
DS-R1-7B,GSM8K,1066,3,16,16,1.0
DS-R1-7B,GSM8K,1067,1,16,16,1.0
DS-R1-7B,GSM8K,1076,5,16,16,1.0
DS-R1-7B,GSM8K,1078,2,16,16,1.0
DS-R1-7B,GSM8K,1079,2,16,16,1.0
DS-R1-7B,GSM8K,1083,1,16,16,1.0
DS-R1-7B,GSM8K,1085,1,16,16,1.0
DS-R1-7B,GSM8K,1086,7,15,16,0.9375
DS-R1-7B,GSM8K,1087,3,16,16,1.0
DS-R1-7B,GSM8K,1090,2,16,16,1.0
DS-R1-7B,GSM8K,1091,4,16,16,1.0
DS-R1-7B,GSM8K,1092,2,16,16,1.0
DS-R1-7B,GSM8K,1093,5,16,16,1.0
DS-R1-7B,GSM8K,1095,2,16,16,1.0
DS-R1-7B,GSM8K,1096,2,16,16,1.0
DS-R1-7B,GSM8K,1098,3,16,16,1.0
DS-R1-7B,GSM8K,1099,9,16,16,1.0
DS-R1-7B,GSM8K,1100,2,16,16,1.0
DS-R1-7B,GSM8K,1102,4,15,16,0.9375
DS-R1-7B,GSM8K,1103,1,16,16,1.0
DS-R1-7B,GSM8K,1106,1,15,16,0.9375
DS-R1-7B,GSM8K,1107,2,16,16,1.0
DS-R1-7B,GSM8K,1109,1,16,16,1.0
DS-R1-7B,GSM8K,1111,1,15,16,0.9375
DS-R1-7B,GSM8K,1112,1,12,16,0.75
DS-R1-7B,GSM8K,1117,6,16,16,1.0
DS-R1-7B,GSM8K,1118,8,16,16,1.0
DS-R1-7B,GSM8K,1120,1,14,16,0.875
DS-R1-7B,GSM8K,1123,4,15,16,0.9375
DS-R1-7B,GSM8K,1124,1,12,16,0.75
DS-R1-7B,GSM8K,1125,5,16,16,1.0
DS-R1-7B,GSM8K,1126,7,16,16,1.0
DS-R1-7B,GSM8K,1129,1,16,16,1.0
DS-R1-7B,GSM8K,1130,3,16,16,1.0
DS-R1-7B,GSM8K,1131,3,16,16,1.0
DS-R1-7B,GSM8K,1135,1,16,16,1.0
DS-R1-7B,GSM8K,1136,1,15,16,0.9375
DS-R1-7B,GSM8K,1138,1,16,16,1.0
DS-R1-7B,GSM8K,1139,6,16,16,1.0
DS-R1-7B,GSM8K,1140,1,15,16,0.9375
DS-R1-7B,GSM8K,1141,3,16,16,1.0
DS-R1-7B,GSM8K,1144,3,16,16,1.0
DS-R1-7B,GSM8K,1145,1,13,16,0.8125
DS-R1-7B,GSM8K,1147,3,14,16,0.875
DS-R1-7B,GSM8K,1148,1,16,16,1.0
DS-R1-7B,GSM8K,1149,1,16,16,1.0
DS-R1-7B,GSM8K,1151,2,16,16,1.0
DS-R1-7B,GSM8K,1153,1,16,16,1.0
DS-R1-7B,GSM8K,1154,2,15,16,0.9375
DS-R1-7B,GSM8K,1155,2,15,16,0.9375
DS-R1-7B,GSM8K,1156,1,16,16,1.0
DS-R1-7B,GSM8K,1157,4,16,16,1.0
DS-R1-7B,GSM8K,1159,2,16,16,1.0
DS-R1-7B,GSM8K,1162,1,16,16,1.0
DS-R1-7B,GSM8K,1164,4,16,16,1.0
DS-R1-7B,GSM8K,1165,1,12,16,0.75
DS-R1-7B,GSM8K,1167,1,16,16,1.0
DS-R1-7B,GSM8K,1168,4,16,16,1.0
DS-R1-7B,GSM8K,1171,5,16,16,1.0
DS-R1-7B,GSM8K,1172,1,16,16,1.0
DS-R1-7B,GSM8K,1174,1,9,16,0.5625
DS-R1-7B,GSM8K,1175,1,15,16,0.9375
DS-R1-7B,GSM8K,1177,8,16,16,1.0
DS-R1-7B,GSM8K,1178,2,15,16,0.9375
DS-R1-7B,GSM8K,1179,1,15,16,0.9375
DS-R1-7B,GSM8K,1181,5,16,16,1.0
DS-R1-7B,GSM8K,1182,1,16,16,1.0
DS-R1-7B,GSM8K,1184,5,16,16,1.0
DS-R1-7B,GSM8K,1185,2,13,16,0.8125
DS-R1-7B,GSM8K,1189,4,16,16,1.0
DS-R1-7B,GSM8K,1190,1,9,16,0.5625
DS-R1-7B,GSM8K,1196,2,16,16,1.0
DS-R1-7B,GSM8K,1197,4,16,16,1.0
DS-R1-7B,GSM8K,1198,8,16,16,1.0
DS-R1-7B,GSM8K,1200,1,16,16,1.0
DS-R1-7B,GSM8K,1201,6,16,16,1.0
DS-R1-7B,GSM8K,1204,5,16,16,1.0
DS-R1-7B,GSM8K,1206,1,14,16,0.875
DS-R1-7B,GSM8K,1207,4,16,16,1.0
DS-R1-7B,GSM8K,1209,7,16,16,1.0
DS-R1-7B,GSM8K,1210,1,16,16,1.0
DS-R1-7B,GSM8K,1211,2,16,16,1.0
DS-R1-7B,GSM8K,1217,1,14,16,0.875
DS-R1-7B,GSM8K,1219,1,16,16,1.0
DS-R1-7B,GSM8K,1228,3,16,16,1.0
DS-R1-7B,GSM8K,1229,3,16,16,1.0
DS-R1-7B,GSM8K,1231,2,15,16,0.9375
DS-R1-7B,GSM8K,1233,4,16,16,1.0
DS-R1-7B,GSM8K,1234,1,16,16,1.0
DS-R1-7B,GSM8K,1235,1,6,16,0.375
DS-R1-7B,GSM8K,1236,1,16,16,1.0
DS-R1-7B,GSM8K,1239,4,15,16,0.9375
DS-R1-7B,GSM8K,1242,4,16,16,1.0
DS-R1-7B,GSM8K,1243,1,16,16,1.0
DS-R1-7B,GSM8K,1244,1,15,16,0.9375
DS-R1-7B,GSM8K,1245,7,16,16,1.0
DS-R1-7B,GSM8K,1250,2,16,16,1.0
DS-R1-7B,GSM8K,1251,1,8,16,0.5
DS-R1-7B,GSM8K,1252,1,16,16,1.0
DS-R1-7B,GSM8K,1253,1,16,16,1.0
DS-R1-7B,GSM8K,1254,3,16,16,1.0
DS-R1-7B,GSM8K,1255,4,16,16,1.0
DS-R1-7B,GSM8K,1256,3,16,16,1.0
DS-R1-7B,GSM8K,1257,3,16,16,1.0
DS-R1-7B,GSM8K,1258,1,16,16,1.0
DS-R1-7B,GSM8K,1260,2,16,16,1.0
DS-R1-7B,GSM8K,1261,3,16,16,1.0
DS-R1-7B,GSM8K,1264,1,14,16,0.875
DS-R1-7B,GSM8K,1266,2,16,16,1.0
DS-R1-7B,GSM8K,1267,2,16,16,1.0
DS-R1-7B,GSM8K,1269,1,16,16,1.0
DS-R1-7B,GSM8K,1270,4,16,16,1.0
DS-R1-7B,GSM8K,1271,1,16,16,1.0
DS-R1-7B,GSM8K,1274,1,14,16,0.875
DS-R1-7B,GSM8K,1277,4,16,16,1.0
DS-R1-7B,GSM8K,1278,2,16,16,1.0
DS-R1-7B,GSM8K,1279,3,13,16,0.8125
DS-R1-7B,GSM8K,1280,1,15,16,0.9375
DS-R1-7B,GSM8K,1281,5,16,16,1.0
DS-R1-7B,GSM8K,1282,4,15,16,0.9375
DS-R1-7B,GSM8K,1283,4,16,16,1.0
DS-R1-7B,GSM8K,1286,2,16,16,1.0
DS-R1-7B,GSM8K,1287,1,16,16,1.0
DS-R1-7B,GSM8K,1289,1,16,16,1.0
DS-R1-7B,GSM8K,1291,2,16,16,1.0
DS-R1-7B,GSM8K,1293,1,16,16,1.0
DS-R1-7B,GSM8K,1294,1,16,16,1.0
DS-R1-7B,GSM8K,1296,4,16,16,1.0
DS-R1-7B,GSM8K,1297,7,16,16,1.0
DS-R1-7B,GSM8K,1298,8,15,16,0.9375
DS-R1-7B,GSM8K,1299,1,16,16,1.0
DS-R1-7B,GSM8K,1301,11,16,16,1.0
DS-R1-7B,GSM8K,1304,1,16,16,1.0
DS-R1-7B,GSM8K,1305,3,16,16,1.0
DS-R1-7B,GSM8K,1307,1,16,16,1.0
DS-R1-7B,GSM8K,1308,1,16,16,1.0
DS-R1-7B,GSM8K,1309,3,0,16,0.0
DS-R1-7B,GSM8K,1311,1,16,16,1.0
DS-R1-7B,GSM8K,1313,2,16,16,1.0
DS-R1-7B,GSM8K,1314,4,15,16,0.9375
DS-R1-7B,GSM8K,1315,7,16,16,1.0
DS-R1-7B,GSM8K,1317,4,16,16,1.0
DS-R1-7B,GSM8K,1318,4,16,16,1.0
DS-R1-7B,MATH500,2,9,0,16,0.0
DS-R1-7B,MATH500,3,2,16,16,1.0
DS-R1-7B,MATH500,8,1,16,16,1.0
DS-R1-7B,MATH500,11,2,0,16,0.0
DS-R1-7B,MATH500,12,3,12,16,0.75
DS-R1-7B,MATH500,13,1,16,16,1.0
DS-R1-7B,MATH500,14,1,16,16,1.0
DS-R1-7B,MATH500,15,1,5,16,0.3125
DS-R1-7B,MATH500,20,2,16,16,1.0
DS-R1-7B,MATH500,23,4,16,16,1.0
DS-R1-7B,MATH500,27,3,15,16,0.9375
DS-R1-7B,MATH500,29,2,16,16,1.0
DS-R1-7B,MATH500,30,2,16,16,1.0
DS-R1-7B,MATH500,33,8,0,16,0.0
DS-R1-7B,MATH500,34,3,16,16,1.0
DS-R1-7B,MATH500,35,4,15,16,0.9375
DS-R1-7B,MATH500,36,1,0,16,0.0
DS-R1-7B,MATH500,39,6,15,16,0.9375
DS-R1-7B,MATH500,40,2,8,16,0.5
DS-R1-7B,MATH500,41,2,6,16,0.375
DS-R1-7B,MATH500,42,5,16,16,1.0
DS-R1-7B,MATH500,44,1,16,16,1.0
DS-R1-7B,MATH500,47,3,16,16,1.0
DS-R1-7B,MATH500,48,3,0,16,0.0
DS-R1-7B,MATH500,49,6,16,16,1.0
DS-R1-7B,MATH500,51,1,13,16,0.8125
DS-R1-7B,MATH500,52,7,15,16,0.9375
DS-R1-7B,MATH500,55,1,16,16,1.0
DS-R1-7B,MATH500,58,1,14,16,0.875
DS-R1-7B,MATH500,60,6,2,16,0.125
DS-R1-7B,MATH500,62,1,9,16,0.5625
DS-R1-7B,MATH500,63,2,12,16,0.75
DS-R1-7B,MATH500,65,1,16,16,1.0
DS-R1-7B,MATH500,66,4,15,16,0.9375
DS-R1-7B,MATH500,67,3,16,16,1.0
DS-R1-7B,MATH500,69,1,10,16,0.625
DS-R1-7B,MATH500,70,1,16,16,1.0
DS-R1-7B,MATH500,72,3,16,16,1.0
DS-R1-7B,MATH500,74,1,14,16,0.875
DS-R1-7B,MATH500,78,2,14,16,0.875
DS-R1-7B,MATH500,79,2,16,16,1.0
DS-R1-7B,MATH500,80,1,0,16,0.0
DS-R1-7B,MATH500,84,10,15,16,0.9375
DS-R1-7B,MATH500,87,5,16,16,1.0
DS-R1-7B,MATH500,89,8,15,16,0.9375
DS-R1-7B,MATH500,92,2,0,16,0.0
DS-R1-7B,MATH500,93,4,16,16,1.0
DS-R1-7B,MATH500,95,6,16,16,1.0
DS-R1-7B,MATH500,96,1,0,16,0.0
DS-R1-7B,MATH500,98,5,16,16,1.0
DS-R1-7B,MATH500,99,2,0,16,0.0
DS-R1-7B,MATH500,102,2,0,16,0.0
DS-R1-7B,MATH500,104,1,0,16,0.0
DS-R1-7B,MATH500,105,1,16,16,1.0
DS-R1-7B,MATH500,106,1,0,16,0.0
DS-R1-7B,MATH500,107,1,16,16,1.0
DS-R1-7B,MATH500,111,6,16,16,1.0
DS-R1-7B,MATH500,112,4,15,16,0.9375
DS-R1-7B,MATH500,113,1,15,16,0.9375
DS-R1-7B,MATH500,114,3,15,16,0.9375
DS-R1-7B,MATH500,116,2,16,16,1.0
DS-R1-7B,MATH500,117,7,16,16,1.0
DS-R1-7B,MATH500,121,5,16,16,1.0
DS-R1-7B,MATH500,124,5,0,16,0.0
DS-R1-7B,MATH500,125,2,16,16,1.0
DS-R1-7B,MATH500,127,2,14,16,0.875
DS-R1-7B,MATH500,129,2,0,16,0.0
DS-R1-7B,MATH500,132,4,16,16,1.0
DS-R1-7B,MATH500,133,1,16,16,1.0
DS-R1-7B,MATH500,134,1,16,16,1.0
DS-R1-7B,MATH500,137,2,15,16,0.9375
DS-R1-7B,MATH500,143,3,15,16,0.9375
DS-R1-7B,MATH500,144,2,13,16,0.8125
DS-R1-7B,MATH500,145,1,0,16,0.0
DS-R1-7B,MATH500,146,1,0,16,0.0
DS-R1-7B,MATH500,148,4,16,16,1.0
DS-R1-7B,MATH500,149,3,15,16,0.9375
DS-R1-7B,MATH500,150,3,5,16,0.3125
DS-R1-7B,MATH500,153,1,0,16,0.0
DS-R1-7B,MATH500,157,2,0,16,0.0
DS-R1-7B,MATH500,158,8,15,16,0.9375
DS-R1-7B,MATH500,159,2,16,16,1.0
DS-R1-7B,MATH500,160,3,16,16,1.0
DS-R1-7B,MATH500,162,2,0,16,0.0
DS-R1-7B,MATH500,165,1,0,16,0.0
DS-R1-7B,MATH500,169,1,16,16,1.0
DS-R1-7B,MATH500,170,1,3,16,0.1875
DS-R1-7B,MATH500,171,8,0,16,0.0
DS-R1-7B,MATH500,172,14,16,16,1.0
DS-R1-7B,MATH500,174,2,16,16,1.0
DS-R1-7B,MATH500,175,2,15,16,0.9375
DS-R1-7B,MATH500,178,3,16,16,1.0
DS-R1-7B,MATH500,180,5,15,16,0.9375
DS-R1-7B,MATH500,181,3,0,16,0.0
DS-R1-7B,MATH500,182,1,16,16,1.0
DS-R1-7B,MATH500,183,3,16,16,1.0
DS-R1-7B,MATH500,185,1,16,16,1.0
DS-R1-7B,MATH500,187,9,16,16,1.0
DS-R1-7B,MATH500,191,3,16,16,1.0
DS-R1-7B,MATH500,192,3,16,16,1.0
DS-R1-7B,MATH500,195,2,14,16,0.875
DS-R1-7B,MATH500,196,2,16,16,1.0
DS-R1-7B,MATH500,197,2,10,16,0.625
DS-R1-7B,MATH500,199,4,14,16,0.875
DS-R1-7B,MATH500,200,4,16,16,1.0
DS-R1-7B,MATH500,201,1,16,16,1.0
DS-R1-7B,MATH500,203,3,16,16,1.0
DS-R1-7B,MATH500,211,1,16,16,1.0
DS-R1-7B,MATH500,212,1,16,16,1.0
DS-R1-7B,MATH500,213,1,2,16,0.125
DS-R1-7B,MATH500,215,2,16,16,1.0
DS-R1-7B,MATH500,216,4,16,16,1.0
DS-R1-7B,MATH500,218,1,16,16,1.0
DS-R1-7B,MATH500,225,4,15,16,0.9375
DS-R1-7B,MATH500,228,5,8,16,0.5
DS-R1-7B,MATH500,230,2,0,16,0.0
DS-R1-7B,MATH500,231,10,16,16,1.0
DS-R1-7B,MATH500,234,1,12,16,0.75
DS-R1-7B,MATH500,235,6,0,16,0.0
DS-R1-7B,MATH500,238,1,16,16,1.0
DS-R1-7B,MATH500,241,3,16,16,1.0
DS-R1-7B,MATH500,243,1,16,16,1.0
DS-R1-7B,MATH500,245,5,6,16,0.375
DS-R1-7B,MATH500,247,2,0,16,0.0
DS-R1-7B,MATH500,248,1,0,16,0.0
DS-R1-7B,MATH500,249,1,13,16,0.8125
DS-R1-7B,MATH500,250,3,16,16,1.0
DS-R1-7B,MATH500,256,3,0,16,0.0
DS-R1-7B,MATH500,257,2,0,16,0.0
DS-R1-7B,MATH500,258,7,16,16,1.0
DS-R1-7B,MATH500,259,3,16,16,1.0
DS-R1-7B,MATH500,260,10,14,16,0.875
DS-R1-7B,MATH500,262,3,16,16,1.0
DS-R1-7B,MATH500,263,7,16,16,1.0
DS-R1-7B,MATH500,265,2,16,16,1.0
DS-R1-7B,MATH500,266,1,1,16,0.0625
DS-R1-7B,MATH500,268,1,16,16,1.0
DS-R1-7B,MATH500,270,1,16,16,1.0
DS-R1-7B,MATH500,271,1,14,16,0.875
DS-R1-7B,MATH500,272,4,11,16,0.6875
DS-R1-7B,MATH500,275,9,16,16,1.0
DS-R1-7B,MATH500,282,3,10,16,0.625
DS-R1-7B,MATH500,284,1,0,16,0.0
DS-R1-7B,MATH500,290,2,16,16,1.0
DS-R1-7B,MATH500,292,9,3,16,0.1875
DS-R1-7B,MATH500,293,2,0,16,0.0
DS-R1-7B,MATH500,296,1,4,16,0.25
DS-R1-7B,MATH500,298,4,0,16,0.0
DS-R1-7B,MATH500,304,6,16,16,1.0
DS-R1-7B,MATH500,305,2,0,16,0.0
DS-R1-7B,MATH500,313,2,16,16,1.0
DS-R1-7B,MATH500,314,1,16,16,1.0
DS-R1-7B,MATH500,316,6,16,16,1.0
DS-R1-7B,MATH500,318,8,0,16,0.0
DS-R1-7B,MATH500,319,8,16,16,1.0
DS-R1-7B,MATH500,321,4,14,16,0.875
DS-R1-7B,MATH500,322,1,16,16,1.0
DS-R1-7B,MATH500,325,8,16,16,1.0
DS-R1-7B,MATH500,326,4,4,16,0.25
DS-R1-7B,MATH500,327,1,0,16,0.0
DS-R1-7B,MATH500,328,2,3,16,0.1875
DS-R1-7B,MATH500,329,4,14,16,0.875
DS-R1-7B,MATH500,330,1,14,16,0.875
DS-R1-7B,MATH500,331,5,0,16,0.0
DS-R1-7B,MATH500,334,2,16,16,1.0
DS-R1-7B,MATH500,335,1,15,16,0.9375
DS-R1-7B,MATH500,336,3,15,16,0.9375
DS-R1-7B,MATH500,337,2,14,16,0.875
DS-R1-7B,MATH500,338,1,13,16,0.8125
DS-R1-7B,MATH500,339,1,12,16,0.75
DS-R1-7B,MATH500,340,3,0,16,0.0
DS-R1-7B,MATH500,341,2,16,16,1.0
DS-R1-7B,MATH500,342,1,16,16,1.0
DS-R1-7B,MATH500,344,3,16,16,1.0
DS-R1-7B,MATH500,345,3,15,16,0.9375
DS-R1-7B,MATH500,346,9,16,16,1.0
DS-R1-7B,MATH500,347,10,16,16,1.0
DS-R1-7B,MATH500,350,1,16,16,1.0
DS-R1-7B,MATH500,353,4,16,16,1.0
DS-R1-7B,MATH500,360,1,0,16,0.0
DS-R1-7B,MATH500,363,2,16,16,1.0
DS-R1-7B,MATH500,364,1,10,16,0.625
DS-R1-7B,MATH500,366,1,15,16,0.9375
DS-R1-7B,MATH500,370,7,16,16,1.0
DS-R1-7B,MATH500,373,1,14,16,0.875
DS-R1-7B,MATH500,374,3,16,16,1.0
DS-R1-7B,MATH500,375,9,16,16,1.0
DS-R1-7B,MATH500,376,7,16,16,1.0
DS-R1-7B,MATH500,378,3,13,16,0.8125
DS-R1-7B,MATH500,379,8,5,16,0.3125
DS-R1-7B,MATH500,383,8,15,16,0.9375
DS-R1-7B,MATH500,384,5,16,16,1.0
DS-R1-7B,MATH500,385,1,10,16,0.625
DS-R1-7B,MATH500,386,3,16,16,1.0
DS-R1-7B,MATH500,387,2,16,16,1.0
DS-R1-7B,MATH500,388,8,7,16,0.4375
DS-R1-7B,MATH500,390,2,12,16,0.75
DS-R1-7B,MATH500,391,2,10,16,0.625
DS-R1-7B,MATH500,393,1,0,16,0.0
DS-R1-7B,MATH500,394,1,0,16,0.0
DS-R1-7B,MATH500,395,3,16,16,1.0
DS-R1-7B,MATH500,397,10,16,16,1.0
DS-R1-7B,MATH500,398,1,11,16,0.6875
DS-R1-7B,MATH500,399,2,16,16,1.0
DS-R1-7B,MATH500,403,1,9,16,0.5625
DS-R1-7B,MATH500,407,6,16,16,1.0
DS-R1-7B,MATH500,413,4,16,16,1.0
DS-R1-7B,MATH500,414,4,16,16,1.0
DS-R1-7B,MATH500,415,6,13,16,0.8125
DS-R1-7B,MATH500,417,1,13,16,0.8125
DS-R1-7B,MATH500,418,7,16,16,1.0
DS-R1-7B,MATH500,419,2,0,16,0.0
DS-R1-7B,MATH500,420,4,0,16,0.0
DS-R1-7B,MATH500,422,1,0,16,0.0
DS-R1-7B,MATH500,423,1,6,16,0.375
DS-R1-7B,MATH500,424,2,16,16,1.0
DS-R1-7B,MATH500,426,3,16,16,1.0
DS-R1-7B,MATH500,427,4,16,16,1.0
DS-R1-7B,MATH500,428,2,4,16,0.25
DS-R1-7B,MATH500,429,4,12,16,0.75
DS-R1-7B,MATH500,431,1,0,16,0.0
DS-R1-7B,MATH500,432,1,1,16,0.0625
DS-R1-7B,MATH500,433,1,16,16,1.0
DS-R1-7B,MATH500,435,3,16,16,1.0
DS-R1-7B,MATH500,439,1,4,16,0.25
DS-R1-7B,MATH500,440,8,16,16,1.0
DS-R1-7B,MATH500,441,6,16,16,1.0
DS-R1-7B,MATH500,442,2,16,16,1.0
DS-R1-7B,MATH500,443,1,16,16,1.0
DS-R1-7B,MATH500,445,2,0,16,0.0
DS-R1-7B,MATH500,446,8,16,16,1.0
DS-R1-7B,MATH500,448,1,16,16,1.0
DS-R1-7B,MATH500,450,1,12,16,0.75
DS-R1-7B,MATH500,451,1,0,16,0.0
DS-R1-7B,MATH500,452,6,16,16,1.0
DS-R1-7B,MATH500,454,1,10,16,0.625
DS-R1-7B,MATH500,456,4,0,16,0.0
DS-R1-7B,MATH500,459,3,14,16,0.875
DS-R1-7B,MATH500,461,5,16,16,1.0
DS-R1-7B,MATH500,467,2,0,16,0.0
DS-R1-7B,MATH500,468,1,16,16,1.0
DS-R1-7B,MATH500,469,4,16,16,1.0
DS-R1-7B,MATH500,471,1,16,16,1.0
DS-R1-7B,MATH500,472,2,0,16,0.0
DS-R1-7B,MATH500,473,1,9,16,0.5625
DS-R1-7B,MATH500,476,1,16,16,1.0
DS-R1-7B,MATH500,481,1,0,16,0.0
DS-R1-7B,MATH500,484,6,14,16,0.875
DS-R1-7B,MATH500,485,2,2,16,0.125
DS-R1-7B,MATH500,487,3,16,16,1.0
DS-R1-7B,MATH500,488,1,16,16,1.0
DS-R1-7B,MATH500,493,4,7,16,0.4375
DS-R1-7B,MATH500,496,6,0,16,0.0
DS-R1-7B,MATH500,498,1,5,16,0.3125
DS-R1-7B,SVAMP,3,2,16,16,1.0
DS-R1-7B,SVAMP,4,2,16,16,1.0
DS-R1-7B,SVAMP,5,1,16,16,1.0
DS-R1-7B,SVAMP,6,1,16,16,1.0
DS-R1-7B,SVAMP,9,1,16,16,1.0
DS-R1-7B,SVAMP,10,5,16,16,1.0
DS-R1-7B,SVAMP,11,15,16,16,1.0
DS-R1-7B,SVAMP,12,4,16,16,1.0
DS-R1-7B,SVAMP,13,2,16,16,1.0
DS-R1-7B,SVAMP,14,2,16,16,1.0
DS-R1-7B,SVAMP,15,10,16,16,1.0
DS-R1-7B,SVAMP,16,4,16,16,1.0
DS-R1-7B,SVAMP,18,1,16,16,1.0
DS-R1-7B,SVAMP,19,4,16,16,1.0
DS-R1-7B,SVAMP,21,1,16,16,1.0
DS-R1-7B,SVAMP,23,4,16,16,1.0
DS-R1-7B,SVAMP,28,6,16,16,1.0
DS-R1-7B,SVAMP,29,2,16,16,1.0
DS-R1-7B,SVAMP,30,1,15,16,0.9375
DS-R1-7B,SVAMP,33,1,12,16,0.75
DS-R1-7B,SVAMP,35,1,16,16,1.0
DS-R1-7B,SVAMP,36,1,16,16,1.0
DS-R1-7B,SVAMP,37,2,16,16,1.0
DS-R1-7B,SVAMP,40,2,16,16,1.0
DS-R1-7B,SVAMP,41,4,16,16,1.0
DS-R1-7B,SVAMP,42,7,16,16,1.0
DS-R1-7B,SVAMP,43,2,16,16,1.0
DS-R1-7B,SVAMP,44,1,15,16,0.9375
DS-R1-7B,SVAMP,45,4,16,16,1.0
DS-R1-7B,SVAMP,47,2,16,16,1.0
DS-R1-7B,SVAMP,48,5,16,16,1.0
DS-R1-7B,SVAMP,49,2,16,16,1.0
DS-R1-7B,SVAMP,50,1,16,16,1.0
DS-R1-7B,SVAMP,53,8,16,16,1.0
DS-R1-7B,SVAMP,54,1,12,16,0.75
DS-R1-7B,SVAMP,55,1,16,16,1.0
DS-R1-7B,SVAMP,59,1,16,16,1.0
DS-R1-7B,SVAMP,61,7,16,16,1.0
DS-R1-7B,SVAMP,65,3,15,16,0.9375
DS-R1-7B,SVAMP,66,1,12,16,0.75
DS-R1-7B,SVAMP,67,1,16,16,1.0
DS-R1-7B,SVAMP,69,2,16,16,1.0
DS-R1-7B,SVAMP,71,10,16,16,1.0
DS-R1-7B,SVAMP,75,1,0,16,0.0
DS-R1-7B,SVAMP,76,3,16,16,1.0
DS-R1-7B,SVAMP,77,5,16,16,1.0
DS-R1-7B,SVAMP,78,2,16,16,1.0
DS-R1-7B,SVAMP,81,2,16,16,1.0
DS-R1-7B,SVAMP,83,1,16,16,1.0
DS-R1-7B,SVAMP,84,1,16,16,1.0
DS-R1-7B,SVAMP,86,1,16,16,1.0
DS-R1-7B,SVAMP,87,5,16,16,1.0
DS-R1-7B,SVAMP,90,1,16,16,1.0
DS-R1-7B,SVAMP,93,1,16,16,1.0
DS-R1-7B,SVAMP,95,4,16,16,1.0
DS-R1-7B,SVAMP,96,1,16,16,1.0
DS-R1-7B,SVAMP,98,1,16,16,1.0
DS-R1-7B,SVAMP,99,2,16,16,1.0
DS-R1-7B,SVAMP,101,1,16,16,1.0
DS-R1-7B,SVAMP,102,2,15,16,0.9375
DS-R1-7B,SVAMP,106,4,16,16,1.0
DS-R1-7B,SVAMP,108,4,16,16,1.0
DS-R1-7B,SVAMP,109,1,16,16,1.0
DS-R1-7B,SVAMP,112,1,16,16,1.0
DS-R1-7B,SVAMP,113,1,16,16,1.0
DS-R1-7B,SVAMP,114,6,16,16,1.0
DS-R1-7B,SVAMP,115,1,16,16,1.0
DS-R1-7B,SVAMP,116,5,16,16,1.0
DS-R1-7B,SVAMP,118,1,16,16,1.0
DS-R1-7B,SVAMP,119,1,16,16,1.0
DS-R1-7B,SVAMP,120,1,16,16,1.0
DS-R1-7B,SVAMP,122,2,16,16,1.0
DS-R1-7B,SVAMP,123,2,16,16,1.0
DS-R1-7B,SVAMP,124,2,16,16,1.0
DS-R1-7B,SVAMP,125,2,16,16,1.0
DS-R1-7B,SVAMP,127,5,16,16,1.0
DS-R1-7B,SVAMP,129,7,16,16,1.0
DS-R1-7B,SVAMP,131,1,16,16,1.0
DS-R1-7B,SVAMP,133,1,10,16,0.625
DS-R1-7B,SVAMP,134,7,15,16,0.9375
DS-R1-7B,SVAMP,135,4,16,16,1.0
DS-R1-7B,SVAMP,136,1,16,16,1.0
DS-R1-7B,SVAMP,139,3,16,16,1.0
DS-R1-7B,SVAMP,141,5,16,16,1.0
DS-R1-7B,SVAMP,143,1,16,16,1.0
DS-R1-7B,SVAMP,148,2,16,16,1.0
DS-R1-7B,SVAMP,150,1,16,16,1.0
DS-R1-7B,SVAMP,151,5,16,16,1.0
DS-R1-7B,SVAMP,152,2,15,16,0.9375
DS-R1-7B,SVAMP,154,6,16,16,1.0
DS-R1-7B,SVAMP,155,1,16,16,1.0
DS-R1-7B,SVAMP,158,1,16,16,1.0
DS-R1-7B,SVAMP,159,2,16,16,1.0
DS-R1-7B,SVAMP,161,10,16,16,1.0
DS-R1-7B,SVAMP,162,1,16,16,1.0
DS-R1-7B,SVAMP,164,3,16,16,1.0
DS-R1-7B,SVAMP,166,1,16,16,1.0
DS-R1-7B,SVAMP,167,2,16,16,1.0
DS-R1-7B,SVAMP,169,4,16,16,1.0
DS-R1-7B,SVAMP,170,2,16,16,1.0
DS-R1-7B,SVAMP,171,1,16,16,1.0
DS-R1-7B,SVAMP,173,2,16,16,1.0
DS-R1-7B,SVAMP,176,1,13,16,0.8125
DS-R1-7B,SVAMP,178,1,16,16,1.0
DS-R1-7B,SVAMP,180,5,16,16,1.0
DS-R1-7B,SVAMP,181,1,16,16,1.0
DS-R1-7B,SVAMP,182,4,3,16,0.1875
DS-R1-7B,SVAMP,183,1,16,16,1.0
DS-R1-7B,SVAMP,185,1,16,16,1.0
DS-R1-7B,SVAMP,186,5,16,16,1.0
DS-R1-7B,SVAMP,187,1,15,16,0.9375
DS-R1-7B,SVAMP,188,2,16,16,1.0
DS-R1-7B,SVAMP,190,4,16,16,1.0
DS-R1-7B,SVAMP,192,1,16,16,1.0
DS-R1-7B,SVAMP,193,8,16,16,1.0
DS-R1-7B,SVAMP,195,4,16,16,1.0
DS-R1-7B,SVAMP,196,4,16,16,1.0
DS-R1-7B,SVAMP,198,2,16,16,1.0
DS-R1-7B,SVAMP,199,1,13,16,0.8125
DS-R1-7B,SVAMP,200,2,16,16,1.0
DS-R1-7B,SVAMP,201,1,16,16,1.0
DS-R1-7B,SVAMP,207,1,16,16,1.0
DS-R1-7B,SVAMP,209,1,16,16,1.0
DS-R1-7B,SVAMP,212,2,15,16,0.9375
DS-R1-7B,SVAMP,214,3,16,16,1.0
DS-R1-7B,SVAMP,216,1,16,16,1.0
DS-R1-7B,SVAMP,217,2,16,16,1.0
DS-R1-7B,SVAMP,218,5,16,16,1.0
DS-R1-7B,SVAMP,219,2,16,16,1.0
DS-R1-7B,SVAMP,222,4,16,16,1.0
DS-R1-7B,SVAMP,224,5,16,16,1.0
DS-R1-7B,SVAMP,225,4,16,16,1.0
DS-R1-7B,SVAMP,227,3,16,16,1.0
DS-R1-7B,SVAMP,230,2,16,16,1.0
DS-R1-7B,SVAMP,232,2,6,16,0.375
DS-R1-7B,SVAMP,233,2,16,16,1.0
DS-R1-7B,SVAMP,236,1,14,16,0.875
DS-R1-7B,SVAMP,238,1,16,16,1.0
DS-R1-7B,SVAMP,240,2,16,16,1.0
DS-R1-7B,SVAMP,245,1,16,16,1.0
DS-R1-7B,SVAMP,247,3,16,16,1.0
DS-R1-7B,SVAMP,248,2,16,16,1.0
DS-R1-7B,SVAMP,249,1,15,16,0.9375
DS-R1-7B,SVAMP,252,2,16,16,1.0
DS-R1-7B,SVAMP,254,1,16,16,1.0
DS-R1-7B,SVAMP,256,7,16,16,1.0
DS-R1-7B,SVAMP,259,2,16,16,1.0
DS-R1-7B,SVAMP,260,1,16,16,1.0
DS-R1-7B,SVAMP,261,2,15,16,0.9375
DS-R1-7B,SVAMP,262,2,14,16,0.875
DS-R1-7B,SVAMP,263,5,7,16,0.4375
DS-R1-7B,SVAMP,264,4,16,16,1.0
DS-R1-7B,SVAMP,266,1,16,16,1.0
DS-R1-7B,SVAMP,268,2,16,16,1.0
DS-R1-7B,SVAMP,269,2,16,16,1.0
DS-R1-7B,SVAMP,272,6,16,16,1.0
DS-R1-7B,SVAMP,273,1,16,16,1.0
DS-R1-7B,SVAMP,274,2,16,16,1.0
DS-R1-7B,SVAMP,279,1,16,16,1.0
DS-R1-7B,SVAMP,281,3,16,16,1.0
DS-R1-7B,SVAMP,282,4,16,16,1.0
DS-R1-7B,SVAMP,283,1,16,16,1.0
DS-R1-7B,SVAMP,284,5,16,16,1.0
DS-R1-7B,SVAMP,285,1,16,16,1.0
DS-R1-7B,SVAMP,286,1,10,16,0.625
DS-R1-7B,SVAMP,288,1,16,16,1.0
DS-R1-7B,SVAMP,289,2,14,16,0.875
DS-R1-7B,SVAMP,290,2,16,16,1.0
DS-R1-7B,SVAMP,293,2,15,16,0.9375
DS-R1-7B,SVAMP,294,3,12,16,0.75
DS-R1-7B,SVAMP,296,1,16,16,1.0
DS-R1-7B,SVAMP,297,4,16,16,1.0
DS-R1-7B,SVAMP,298,4,16,16,1.0
DS-R1-7B,SVAMP,299,1,16,16,1.0
DS-R1-7B,SVAMP,301,1,16,16,1.0
DS-R1-7B,SVAMP,302,2,12,16,0.75
DS-R1-7B,SVAMP,303,1,16,16,1.0
DS-R1-7B,SVAMP,304,5,16,16,1.0
DS-R1-7B,SVAMP,305,1,16,16,1.0
DS-R1-7B,SVAMP,308,6,16,16,1.0
DS-R1-7B,SVAMP,309,7,16,16,1.0
DS-R1-7B,SVAMP,312,9,16,16,1.0
DS-R1-7B,SVAMP,317,9,15,16,0.9375
DS-R1-7B,SVAMP,319,2,16,16,1.0
DS-R1-7B,SVAMP,320,1,16,16,1.0
DS-R1-7B,SVAMP,321,3,14,16,0.875
DS-R1-7B,SVAMP,322,2,16,16,1.0
DS-R1-7B,SVAMP,323,1,15,16,0.9375
DS-R1-7B,SVAMP,325,3,16,16,1.0
DS-R1-7B,SVAMP,328,4,16,16,1.0
DS-R1-7B,SVAMP,330,1,16,16,1.0
DS-R1-7B,SVAMP,332,1,16,16,1.0
DS-R1-7B,SVAMP,334,7,16,16,1.0
DS-R1-7B,SVAMP,335,3,16,16,1.0
DS-R1-7B,SVAMP,336,2,16,16,1.0
DS-R1-7B,SVAMP,339,3,16,16,1.0
DS-R1-7B,SVAMP,341,3,16,16,1.0
DS-R1-7B,SVAMP,343,1,16,16,1.0
DS-R1-7B,SVAMP,344,3,16,16,1.0
DS-R1-7B,SVAMP,347,1,16,16,1.0
DS-R1-7B,SVAMP,348,1,16,16,1.0
DS-R1-7B,SVAMP,350,2,12,16,0.75
DS-R1-7B,SVAMP,351,2,0,16,0.0
DS-R1-7B,SVAMP,352,1,11,16,0.6875
DS-R1-7B,SVAMP,354,2,16,16,1.0
DS-R1-7B,SVAMP,356,1,15,16,0.9375
DS-R1-7B,SVAMP,360,4,16,16,1.0
DS-R1-7B,SVAMP,361,3,16,16,1.0
DS-R1-7B,SVAMP,363,5,16,16,1.0
DS-R1-7B,SVAMP,364,5,16,16,1.0
DS-R1-7B,SVAMP,365,1,16,16,1.0
DS-R1-7B,SVAMP,366,1,16,16,1.0
DS-R1-7B,SVAMP,367,1,16,16,1.0
DS-R1-7B,SVAMP,369,1,16,16,1.0
DS-R1-7B,SVAMP,370,7,16,16,1.0
DS-R1-7B,SVAMP,371,1,16,16,1.0
DS-R1-7B,SVAMP,373,6,16,16,1.0
DS-R1-7B,SVAMP,375,2,16,16,1.0
DS-R1-7B,SVAMP,379,1,16,16,1.0
DS-R1-7B,SVAMP,381,2,16,16,1.0
DS-R1-7B,SVAMP,390,1,16,16,1.0
DS-R1-7B,SVAMP,391,1,16,16,1.0
DS-R1-7B,SVAMP,392,3,16,16,1.0
DS-R1-7B,SVAMP,394,2,16,16,1.0
DS-R1-7B,SVAMP,396,1,16,16,1.0
DS-R1-7B,SVAMP,397,1,12,16,0.75
DS-R1-7B,SVAMP,398,1,9,16,0.5625
DS-R1-7B,SVAMP,399,1,10,16,0.625
DS-R1-7B,SVAMP,400,3,16,16,1.0
DS-R1-7B,SVAMP,405,1,16,16,1.0
DS-R1-7B,SVAMP,406,3,16,16,1.0
DS-R1-7B,SVAMP,407,1,16,16,1.0
DS-R1-7B,SVAMP,410,1,16,16,1.0
DS-R1-7B,SVAMP,411,3,13,16,0.8125
DS-R1-7B,SVAMP,412,3,16,16,1.0
DS-R1-7B,SVAMP,415,1,15,16,0.9375
DS-R1-7B,SVAMP,416,2,16,16,1.0
DS-R1-7B,SVAMP,417,1,16,16,1.0
DS-R1-7B,SVAMP,418,2,16,16,1.0
DS-R1-7B,SVAMP,420,2,8,16,0.5
DS-R1-7B,SVAMP,421,7,16,16,1.0
DS-R1-7B,SVAMP,422,3,16,16,1.0
DS-R1-7B,SVAMP,423,2,16,16,1.0
DS-R1-7B,SVAMP,424,3,16,16,1.0
DS-R1-7B,SVAMP,426,4,16,16,1.0
DS-R1-7B,SVAMP,428,4,16,16,1.0
DS-R1-7B,SVAMP,429,1,16,16,1.0
DS-R1-7B,SVAMP,430,1,14,16,0.875
DS-R1-7B,SVAMP,432,1,15,16,0.9375
DS-R1-7B,SVAMP,433,6,16,16,1.0
DS-R1-7B,SVAMP,434,1,16,16,1.0
DS-R1-7B,SVAMP,435,10,16,16,1.0
DS-R1-7B,SVAMP,438,1,16,16,1.0
DS-R1-7B,SVAMP,440,1,16,16,1.0
DS-R1-7B,SVAMP,441,4,16,16,1.0
DS-R1-7B,SVAMP,449,3,16,16,1.0
DS-R1-7B,SVAMP,450,6,16,16,1.0
DS-R1-7B,SVAMP,451,7,16,16,1.0
DS-R1-7B,SVAMP,452,1,10,16,0.625
DS-R1-7B,SVAMP,454,1,16,16,1.0
DS-R1-7B,SVAMP,455,2,16,16,1.0
DS-R1-7B,SVAMP,456,3,16,16,1.0
DS-R1-7B,SVAMP,457,1,14,16,0.875
DS-R1-7B,SVAMP,458,1,16,16,1.0
DS-R1-7B,SVAMP,459,1,16,16,1.0
DS-R1-7B,SVAMP,460,2,15,16,0.9375
DS-R1-7B,SVAMP,463,12,16,16,1.0
DS-R1-7B,SVAMP,464,6,16,16,1.0
DS-R1-7B,SVAMP,466,2,16,16,1.0
DS-R1-7B,SVAMP,467,1,16,16,1.0
DS-R1-7B,SVAMP,470,4,15,16,0.9375
DS-R1-7B,SVAMP,471,2,1,16,0.0625
DS-R1-7B,SVAMP,473,5,16,16,1.0
DS-R1-7B,SVAMP,474,1,11,16,0.6875
DS-R1-7B,SVAMP,477,3,16,16,1.0
DS-R1-7B,SVAMP,478,6,16,16,1.0
DS-R1-7B,SVAMP,481,1,16,16,1.0
DS-R1-7B,SVAMP,483,1,16,16,1.0
DS-R1-7B,SVAMP,484,2,16,16,1.0
DS-R1-7B,SVAMP,486,1,16,16,1.0
DS-R1-7B,SVAMP,487,1,16,16,1.0
DS-R1-7B,SVAMP,488,8,16,16,1.0
DS-R1-7B,SVAMP,489,4,16,16,1.0
DS-R1-7B,SVAMP,491,4,15,16,0.9375
DS-R1-7B,SVAMP,492,2,16,16,1.0
DS-R1-7B,SVAMP,493,1,16,16,1.0
DS-R1-7B,SVAMP,494,10,16,16,1.0
DS-R1-7B,SVAMP,499,2,0,16,0.0
DS-R1-7B,SVAMP,501,1,16,16,1.0
DS-R1-7B,SVAMP,502,1,16,16,1.0
DS-R1-7B,SVAMP,503,1,16,16,1.0
DS-R1-7B,SVAMP,505,4,16,16,1.0
DS-R1-7B,SVAMP,507,2,16,16,1.0
DS-R1-7B,SVAMP,508,1,16,16,1.0
DS-R1-7B,SVAMP,511,2,16,16,1.0
DS-R1-7B,SVAMP,514,4,16,16,1.0
DS-R1-7B,SVAMP,515,2,5,16,0.3125
DS-R1-7B,SVAMP,520,4,16,16,1.0
DS-R1-7B,SVAMP,521,12,16,16,1.0
DS-R1-7B,SVAMP,523,2,16,16,1.0
DS-R1-7B,SVAMP,524,2,16,16,1.0
DS-R1-7B,SVAMP,528,3,16,16,1.0
DS-R1-7B,SVAMP,529,4,16,16,1.0
DS-R1-7B,SVAMP,532,2,16,16,1.0
DS-R1-7B,SVAMP,533,2,16,16,1.0
DS-R1-7B,SVAMP,534,3,16,16,1.0
DS-R1-7B,SVAMP,536,5,16,16,1.0
DS-R1-7B,SVAMP,539,6,16,16,1.0
DS-R1-7B,SVAMP,540,1,16,16,1.0
DS-R1-7B,SVAMP,542,7,11,16,0.6875
DS-R1-7B,SVAMP,544,8,16,16,1.0
DS-R1-7B,SVAMP,547,2,16,16,1.0
DS-R1-7B,SVAMP,549,1,16,16,1.0
DS-R1-7B,SVAMP,551,1,16,16,1.0
DS-R1-7B,SVAMP,554,3,16,16,1.0
DS-R1-7B,SVAMP,555,1,15,16,0.9375
DS-R1-7B,SVAMP,556,1,13,16,0.8125
DS-R1-7B,SVAMP,557,5,16,16,1.0
DS-R1-7B,SVAMP,559,4,16,16,1.0
DS-R1-7B,SVAMP,564,4,16,16,1.0
DS-R1-7B,SVAMP,565,3,16,16,1.0
DS-R1-7B,SVAMP,566,5,16,16,1.0
DS-R1-7B,SVAMP,569,2,16,16,1.0
DS-R1-7B,SVAMP,570,2,16,16,1.0
DS-R1-7B,SVAMP,571,3,16,16,1.0
DS-R1-7B,SVAMP,572,6,16,16,1.0
DS-R1-7B,SVAMP,573,1,16,16,1.0
DS-R1-7B,SVAMP,574,2,16,16,1.0
DS-R1-7B,SVAMP,575,5,16,16,1.0
DS-R1-7B,SVAMP,578,4,10,16,0.625
DS-R1-7B,SVAMP,580,5,16,16,1.0
DS-R1-7B,SVAMP,581,2,16,16,1.0
DS-R1-7B,SVAMP,583,1,16,16,1.0
DS-R1-7B,SVAMP,584,4,16,16,1.0
DS-R1-7B,SVAMP,585,3,16,16,1.0
DS-R1-7B,SVAMP,586,2,16,16,1.0
DS-R1-7B,SVAMP,588,3,16,16,1.0
DS-R1-7B,SVAMP,590,1,16,16,1.0
DS-R1-7B,SVAMP,591,2,16,16,1.0
DS-R1-7B,SVAMP,592,6,16,16,1.0
DS-R1-7B,SVAMP,593,1,16,16,1.0
DS-R1-7B,SVAMP,594,1,16,16,1.0
DS-R1-7B,SVAMP,595,2,0,16,0.0
DS-R1-7B,SVAMP,596,1,16,16,1.0
DS-R1-7B,SVAMP,599,8,16,16,1.0
DS-R1-7B,SVAMP,600,8,16,16,1.0
DS-R1-7B,SVAMP,603,1,16,16,1.0
DS-R1-7B,SVAMP,606,2,15,16,0.9375
DS-R1-7B,SVAMP,607,1,16,16,1.0
DS-R1-7B,SVAMP,609,5,16,16,1.0
DS-R1-7B,SVAMP,610,2,16,16,1.0
DS-R1-7B,SVAMP,611,2,16,16,1.0
DS-R1-7B,SVAMP,612,1,16,16,1.0
DS-R1-7B,SVAMP,618,2,16,16,1.0
DS-R1-7B,SVAMP,622,3,16,16,1.0
DS-R1-7B,SVAMP,623,3,16,16,1.0
DS-R1-7B,SVAMP,626,11,16,16,1.0
DS-R1-7B,SVAMP,627,1,16,16,1.0
DS-R1-7B,SVAMP,629,7,16,16,1.0
DS-R1-7B,SVAMP,630,3,15,16,0.9375
DS-R1-7B,SVAMP,631,1,16,16,1.0
DS-R1-7B,SVAMP,632,1,16,16,1.0
DS-R1-7B,SVAMP,635,1,16,16,1.0
DS-R1-7B,SVAMP,637,4,16,16,1.0
DS-R1-7B,SVAMP,639,2,16,16,1.0
DS-R1-7B,SVAMP,640,1,15,16,0.9375
DS-R1-7B,SVAMP,643,3,16,16,1.0
DS-R1-7B,SVAMP,646,2,16,16,1.0
DS-R1-7B,SVAMP,648,1,16,16,1.0
DS-R1-7B,SVAMP,649,10,16,16,1.0
DS-R1-7B,SVAMP,654,3,16,16,1.0
DS-R1-7B,SVAMP,655,1,16,16,1.0
DS-R1-7B,SVAMP,656,3,16,16,1.0
DS-R1-7B,SVAMP,657,2,16,16,1.0
DS-R1-7B,SVAMP,660,4,16,16,1.0
DS-R1-7B,SVAMP,663,10,7,16,0.4375
DS-R1-7B,SVAMP,668,1,16,16,1.0
DS-R1-7B,SVAMP,670,1,16,16,1.0
DS-R1-7B,SVAMP,673,2,16,16,1.0
DS-R1-7B,SVAMP,674,3,15,16,0.9375
DS-R1-7B,SVAMP,675,1,16,16,1.0
DS-R1-7B,SVAMP,678,3,16,16,1.0
DS-R1-7B,SVAMP,681,6,16,16,1.0
DS-R1-7B,SVAMP,683,5,16,16,1.0
DS-R1-7B,SVAMP,686,10,16,16,1.0
DS-R1-7B,SVAMP,687,3,16,16,1.0
DS-R1-7B,SVAMP,688,1,16,16,1.0
DS-R1-7B,SVAMP,690,1,16,16,1.0
DS-R1-7B,SVAMP,691,2,16,16,1.0
DS-R1-7B,SVAMP,692,1,16,16,1.0
DS-R1-7B,SVAMP,695,1,16,16,1.0
DS-R1-7B,SVAMP,696,2,15,16,0.9375
DS-R1-7B,SVAMP,697,2,16,16,1.0
DS-R1-7B,SVAMP,698,5,16,16,1.0
DS-R1-7B,SVAMP,699,3,16,16,1.0
DS-R1-7B,SVAMP,701,1,15,16,0.9375
DS-R1-7B,SVAMP,702,3,16,16,1.0
DS-R1-7B,SVAMP,703,2,16,16,1.0
DS-R1-7B,SVAMP,704,7,16,16,1.0
DS-R1-7B,SVAMP,705,4,16,16,1.0
DS-R1-7B,SVAMP,707,2,16,16,1.0
DS-R1-7B,SVAMP,708,3,16,16,1.0
DS-R1-7B,SVAMP,709,2,16,16,1.0
DS-R1-7B,SVAMP,710,2,1,16,0.0625
DS-R1-7B,SVAMP,711,3,15,16,0.9375
DS-R1-7B,SVAMP,713,4,15,16,0.9375
DS-R1-7B,SVAMP,714,2,9,16,0.5625
DS-R1-7B,SVAMP,715,1,16,16,1.0
DS-R1-7B,SVAMP,716,2,16,16,1.0
DS-R1-7B,SVAMP,717,5,0,16,0.0
DS-R1-7B,SVAMP,718,2,16,16,1.0
DS-R1-7B,SVAMP,719,1,16,16,1.0
DS-R1-7B,SVAMP,720,2,16,16,1.0
DS-R1-7B,SVAMP,721,1,16,16,1.0
DS-R1-7B,SVAMP,722,2,15,16,0.9375
DS-R1-7B,SVAMP,723,2,16,16,1.0
DS-R1-7B,SVAMP,724,3,16,16,1.0
DS-R1-7B,SVAMP,727,2,15,16,0.9375
DS-R1-7B,SVAMP,730,2,15,16,0.9375
DS-R1-7B,SVAMP,731,1,13,16,0.8125
DS-R1-7B,SVAMP,734,2,14,16,0.875
DS-R1-7B,SVAMP,737,2,9,16,0.5625
DS-R1-7B,SVAMP,740,1,16,16,1.0
DS-R1-7B,SVAMP,744,1,16,16,1.0
DS-R1-7B,SVAMP,745,2,16,16,1.0
DS-R1-7B,SVAMP,746,1,16,16,1.0
DS-R1-7B,SVAMP,747,1,14,16,0.875
DS-R1-7B,SVAMP,748,1,15,16,0.9375
DS-R1-7B,SVAMP,749,3,16,16,1.0
DS-R1-7B,SVAMP,750,2,16,16,1.0
DS-R1-7B,SVAMP,751,2,16,16,1.0
DS-R1-7B,SVAMP,753,8,16,16,1.0
DS-R1-7B,SVAMP,754,1,16,16,1.0
DS-R1-7B,SVAMP,755,1,16,16,1.0
DS-R1-7B,SVAMP,758,1,16,16,1.0
DS-R1-7B,SVAMP,759,4,16,16,1.0
DS-R1-7B,SVAMP,760,1,16,16,1.0
DS-R1-7B,SVAMP,761,9,16,16,1.0
DS-R1-7B,SVAMP,762,2,0,16,0.0
DS-R1-7B,SVAMP,764,1,16,16,1.0
DS-R1-7B,SVAMP,766,2,9,16,0.5625
DS-R1-7B,SVAMP,768,5,10,16,0.625
DS-R1-7B,SVAMP,770,3,16,16,1.0
DS-R1-7B,SVAMP,772,4,16,16,1.0
DS-R1-7B,SVAMP,773,1,16,16,1.0
DS-R1-7B,SVAMP,774,4,16,16,1.0
DS-R1-7B,SVAMP,775,1,16,16,1.0
DS-R1-7B,SVAMP,776,2,16,16,1.0
DS-R1-7B,SVAMP,778,5,16,16,1.0
DS-R1-7B,SVAMP,779,1,12,16,0.75
DS-R1-7B,SVAMP,780,1,16,16,1.0
DS-R1-7B,SVAMP,783,10,16,16,1.0
DS-R1-7B,SVAMP,784,2,16,16,1.0
DS-R1-7B,SVAMP,785,4,16,16,1.0
DS-R1-7B,SVAMP,786,1,16,16,1.0
DS-R1-7B,SVAMP,787,1,16,16,1.0
DS-R1-7B,SVAMP,789,1,16,16,1.0
DS-R1-7B,SVAMP,792,1,3,16,0.1875
DS-R1-7B,SVAMP,793,2,16,16,1.0
DS-R1-7B,SVAMP,796,10,16,16,1.0
DS-R1-7B,SVAMP,797,2,16,16,1.0
DS-R1-7B,SVAMP,798,5,16,16,1.0
DS-R1-7B,SVAMP,800,2,16,16,1.0
DS-R1-7B,SVAMP,802,4,14,16,0.875
DS-R1-7B,SVAMP,803,1,15,16,0.9375
DS-R1-7B,SVAMP,804,1,16,16,1.0
DS-R1-7B,SVAMP,805,1,16,16,1.0
DS-R1-7B,SVAMP,806,1,15,16,0.9375
DS-R1-7B,SVAMP,808,4,16,16,1.0
DS-R1-7B,SVAMP,809,2,16,16,1.0
DS-R1-7B,SVAMP,810,1,12,16,0.75
DS-R1-7B,SVAMP,811,4,16,16,1.0
DS-R1-7B,SVAMP,814,2,16,16,1.0
DS-R1-7B,SVAMP,816,2,16,16,1.0
DS-R1-7B,SVAMP,819,1,16,16,1.0
DS-R1-7B,SVAMP,820,4,16,16,1.0
DS-R1-7B,SVAMP,821,3,16,16,1.0
DS-R1-7B,SVAMP,822,1,16,16,1.0
DS-R1-7B,SVAMP,823,3,16,16,1.0
DS-R1-7B,SVAMP,824,3,16,16,1.0
DS-R1-7B,SVAMP,825,2,16,16,1.0
DS-R1-7B,SVAMP,826,1,16,16,1.0
DS-R1-7B,SVAMP,828,3,16,16,1.0
DS-R1-7B,SVAMP,829,1,16,16,1.0
DS-R1-7B,SVAMP,832,4,16,16,1.0
DS-R1-7B,SVAMP,834,1,16,16,1.0
DS-R1-7B,SVAMP,837,4,16,16,1.0
DS-R1-7B,SVAMP,841,3,16,16,1.0
DS-R1-7B,SVAMP,842,2,16,16,1.0
DS-R1-7B,SVAMP,843,3,14,16,0.875
DS-R1-7B,SVAMP,844,7,16,16,1.0
DS-R1-7B,SVAMP,846,1,16,16,1.0
DS-R1-7B,SVAMP,847,8,16,16,1.0
DS-R1-7B,SVAMP,850,2,16,16,1.0
DS-R1-7B,SVAMP,852,1,16,16,1.0
DS-R1-7B,SVAMP,853,9,16,16,1.0
DS-R1-7B,SVAMP,854,1,16,16,1.0
DS-R1-7B,SVAMP,856,1,16,16,1.0
DS-R1-7B,SVAMP,858,1,16,16,1.0
DS-R1-7B,SVAMP,859,1,16,16,1.0
DS-R1-7B,SVAMP,861,1,4,16,0.25
DS-R1-7B,SVAMP,862,1,16,16,1.0
DS-R1-7B,SVAMP,864,3,16,16,1.0
DS-R1-7B,SVAMP,865,2,16,16,1.0
DS-R1-7B,SVAMP,866,1,16,16,1.0
DS-R1-7B,SVAMP,867,2,16,16,1.0
DS-R1-7B,SVAMP,868,1,2,16,0.125
DS-R1-7B,SVAMP,870,2,16,16,1.0
DS-R1-7B,SVAMP,871,1,16,16,1.0
DS-R1-7B,SVAMP,872,7,16,16,1.0
DS-R1-7B,SVAMP,875,1,16,16,1.0
DS-R1-7B,SVAMP,876,5,16,16,1.0
DS-R1-7B,SVAMP,878,2,16,16,1.0
DS-R1-7B,SVAMP,880,5,16,16,1.0
DS-R1-7B,SVAMP,881,1,14,16,0.875
DS-R1-7B,SVAMP,882,2,16,16,1.0
DS-R1-7B,SVAMP,884,4,16,16,1.0
DS-R1-7B,SVAMP,886,3,16,16,1.0
DS-R1-7B,SVAMP,887,1,16,16,1.0
DS-R1-7B,SVAMP,888,1,16,16,1.0
DS-R1-7B,SVAMP,891,4,16,16,1.0
DS-R1-7B,SVAMP,892,1,16,16,1.0
DS-R1-7B,SVAMP,894,4,16,16,1.0
DS-R1-7B,SVAMP,895,3,16,16,1.0
DS-R1-7B,SVAMP,896,2,16,16,1.0
DS-R1-7B,SVAMP,897,9,16,16,1.0
DS-R1-7B,SVAMP,898,3,16,16,1.0
DS-R1-7B,SVAMP,900,1,16,16,1.0
DS-R1-7B,SVAMP,901,3,16,16,1.0
DS-R1-7B,SVAMP,903,2,16,16,1.0
DS-R1-7B,SVAMP,905,2,16,16,1.0
DS-R1-7B,SVAMP,906,1,16,16,1.0
DS-R1-7B,SVAMP,907,2,16,16,1.0
DS-R1-7B,SVAMP,909,1,16,16,1.0
DS-R1-7B,SVAMP,911,1,16,16,1.0
DS-R1-7B,SVAMP,912,3,16,16,1.0
DS-R1-7B,SVAMP,913,6,16,16,1.0
DS-R1-7B,SVAMP,915,1,16,16,1.0
DS-R1-7B,SVAMP,918,7,16,16,1.0
DS-R1-7B,SVAMP,919,1,15,16,0.9375
DS-R1-7B,SVAMP,922,1,14,16,0.875
DS-R1-7B,SVAMP,923,5,16,16,1.0
DS-R1-7B,SVAMP,924,4,15,16,0.9375
DS-R1-7B,SVAMP,925,1,16,16,1.0
DS-R1-7B,SVAMP,926,1,16,16,1.0
DS-R1-7B,SVAMP,927,1,0,16,0.0
DS-R1-7B,SVAMP,928,1,16,16,1.0
DS-R1-7B,SVAMP,937,4,16,16,1.0
DS-R1-7B,SVAMP,938,1,16,16,1.0
DS-R1-7B,SVAMP,939,8,16,16,1.0
DS-R1-7B,SVAMP,940,1,16,16,1.0
DS-R1-7B,SVAMP,941,4,16,16,1.0
DS-R1-7B,SVAMP,943,2,15,16,0.9375
DS-R1-7B,SVAMP,945,4,16,16,1.0
DS-R1-7B,SVAMP,947,7,16,16,1.0
DS-R1-7B,SVAMP,949,5,16,16,1.0
DS-R1-7B,SVAMP,951,14,16,16,1.0
DS-R1-7B,SVAMP,954,1,16,16,1.0
DS-R1-7B,SVAMP,956,1,16,16,1.0
DS-R1-7B,SVAMP,958,1,16,16,1.0
DS-R1-7B,SVAMP,960,2,16,16,1.0
DS-R1-7B,SVAMP,961,2,16,16,1.0
DS-R1-7B,SVAMP,964,1,16,16,1.0
DS-R1-7B,SVAMP,965,1,16,16,1.0
DS-R1-7B,SVAMP,966,2,16,16,1.0
DS-R1-7B,SVAMP,968,2,16,16,1.0
DS-R1-7B,SVAMP,969,1,16,16,1.0
DS-R1-7B,SVAMP,970,2,16,16,1.0
DS-R1-7B,SVAMP,971,1,15,16,0.9375
DS-R1-7B,SVAMP,972,3,16,16,1.0
DS-R1-7B,SVAMP,974,2,16,16,1.0
DS-R1-7B,SVAMP,978,2,15,16,0.9375
DS-R1-7B,SVAMP,980,3,16,16,1.0
DS-R1-7B,SVAMP,981,1,16,16,1.0
DS-R1-7B,SVAMP,984,1,15,16,0.9375
DS-R1-7B,SVAMP,985,1,16,16,1.0
DS-R1-7B,SVAMP,986,1,8,16,0.5
DS-R1-7B,SVAMP,987,5,16,16,1.0
DS-R1-7B,SVAMP,988,2,16,16,1.0
DS-R1-7B,SVAMP,990,5,16,16,1.0
DS-R1-7B,SVAMP,991,1,16,16,1.0
DS-R1-7B,SVAMP,993,1,0,16,0.0
DS-R1-7B,SVAMP,996,1,16,16,1.0
DS-R1-7B,SVAMP,998,2,15,16,0.9375
DS-R1-7B,SVAMP,999,1,16,16,1.0
Gemma-7B,AQuA,0,2,6,16,0.375
Gemma-7B,AQuA,2,1,6,16,0.375
Gemma-7B,AQuA,4,1,7,16,0.4375
Gemma-7B,AQuA,6,2,2,16,0.125
Gemma-7B,AQuA,7,1,2,16,0.125
Gemma-7B,AQuA,8,3,4,16,0.25
Gemma-7B,AQuA,9,1,5,16,0.3125
Gemma-7B,AQuA,11,1,7,16,0.4375
Gemma-7B,AQuA,12,1,3,16,0.1875
Gemma-7B,AQuA,14,1,3,16,0.1875
Gemma-7B,AQuA,17,1,2,16,0.125
Gemma-7B,AQuA,18,4,2,16,0.125
Gemma-7B,AQuA,19,6,1,16,0.0625
Gemma-7B,AQuA,20,1,2,16,0.125
Gemma-7B,AQuA,22,1,2,16,0.125
Gemma-7B,AQuA,23,1,6,16,0.375
Gemma-7B,AQuA,24,3,4,16,0.25
Gemma-7B,AQuA,25,1,5,16,0.3125
Gemma-7B,AQuA,27,2,5,16,0.3125
Gemma-7B,AQuA,28,2,4,16,0.25
Gemma-7B,AQuA,29,2,2,16,0.125
Gemma-7B,AQuA,30,1,0,16,0.0
Gemma-7B,AQuA,31,1,7,16,0.4375
Gemma-7B,AQuA,33,3,7,16,0.4375
Gemma-7B,AQuA,34,2,0,16,0.0
Gemma-7B,AQuA,35,2,8,16,0.5
Gemma-7B,AQuA,36,2,2,16,0.125
Gemma-7B,AQuA,39,3,7,16,0.4375
Gemma-7B,AQuA,40,2,5,16,0.3125
Gemma-7B,AQuA,43,4,9,16,0.5625
Gemma-7B,AQuA,44,1,1,16,0.0625
Gemma-7B,AQuA,45,1,5,16,0.3125
Gemma-7B,AQuA,46,1,6,16,0.375
Gemma-7B,AQuA,48,1,7,16,0.4375
Gemma-7B,AQuA,49,2,4,16,0.25
Gemma-7B,AQuA,50,2,5,16,0.3125
Gemma-7B,AQuA,52,2,11,16,0.6875
Gemma-7B,AQuA,53,1,7,16,0.4375
Gemma-7B,AQuA,54,1,0,16,0.0
Gemma-7B,AQuA,55,1,8,16,0.5
Gemma-7B,AQuA,56,2,5,16,0.3125
Gemma-7B,AQuA,57,5,3,16,0.1875
Gemma-7B,AQuA,58,1,3,16,0.1875
Gemma-7B,AQuA,59,2,2,16,0.125
Gemma-7B,AQuA,60,3,3,16,0.1875
Gemma-7B,AQuA,62,2,2,16,0.125
Gemma-7B,AQuA,63,1,0,16,0.0
Gemma-7B,AQuA,64,1,3,16,0.1875
Gemma-7B,AQuA,65,2,3,16,0.1875
Gemma-7B,AQuA,66,1,2,16,0.125
Gemma-7B,AQuA,67,1,5,16,0.3125
Gemma-7B,AQuA,68,3,6,16,0.375
Gemma-7B,AQuA,69,3,1,16,0.0625
Gemma-7B,AQuA,70,1,5,16,0.3125
Gemma-7B,AQuA,72,1,11,16,0.6875
Gemma-7B,AQuA,73,4,6,16,0.375
Gemma-7B,AQuA,74,1,3,16,0.1875
Gemma-7B,AQuA,75,1,1,16,0.0625
Gemma-7B,AQuA,76,1,2,16,0.125
Gemma-7B,AQuA,77,1,3,16,0.1875
Gemma-7B,AQuA,78,1,3,16,0.1875
Gemma-7B,AQuA,79,1,0,16,0.0
Gemma-7B,AQuA,80,3,3,16,0.1875
Gemma-7B,AQuA,81,1,8,16,0.5
Gemma-7B,AQuA,82,4,6,16,0.375
Gemma-7B,AQuA,83,1,4,16,0.25
Gemma-7B,AQuA,84,2,11,16,0.6875
Gemma-7B,AQuA,85,5,6,16,0.375
Gemma-7B,AQuA,86,1,3,16,0.1875
Gemma-7B,AQuA,88,1,2,16,0.125
Gemma-7B,AQuA,89,1,3,16,0.1875
Gemma-7B,AQuA,90,1,1,16,0.0625
Gemma-7B,AQuA,91,1,2,16,0.125
Gemma-7B,AQuA,92,2,8,16,0.5
Gemma-7B,AQuA,93,3,2,16,0.125
Gemma-7B,AQuA,94,1,3,16,0.1875
Gemma-7B,AQuA,95,5,7,16,0.4375
Gemma-7B,AQuA,97,1,2,16,0.125
Gemma-7B,AQuA,98,2,3,16,0.1875
Gemma-7B,AQuA,100,1,13,16,0.8125
Gemma-7B,AQuA,101,3,1,16,0.0625
Gemma-7B,AQuA,102,1,4,16,0.25
Gemma-7B,AQuA,103,7,0,16,0.0
Gemma-7B,AQuA,104,2,7,16,0.4375
Gemma-7B,AQuA,105,1,5,16,0.3125
Gemma-7B,AQuA,106,3,1,16,0.0625
Gemma-7B,AQuA,107,2,5,16,0.3125
Gemma-7B,AQuA,108,1,3,16,0.1875
Gemma-7B,AQuA,109,2,2,16,0.125
Gemma-7B,AQuA,111,1,5,16,0.3125
Gemma-7B,AQuA,112,1,2,16,0.125
Gemma-7B,AQuA,113,3,3,16,0.1875
Gemma-7B,AQuA,114,6,0,16,0.0
Gemma-7B,AQuA,116,2,5,16,0.3125
Gemma-7B,AQuA,117,3,1,16,0.0625
Gemma-7B,AQuA,118,1,3,16,0.1875
Gemma-7B,AQuA,119,3,4,16,0.25
Gemma-7B,AQuA,120,1,4,16,0.25
Gemma-7B,AQuA,121,5,9,16,0.5625
Gemma-7B,AQuA,122,2,6,16,0.375
Gemma-7B,AQuA,123,2,10,16,0.625
Gemma-7B,AQuA,124,1,3,16,0.1875
Gemma-7B,AQuA,125,1,6,16,0.375
Gemma-7B,AQuA,126,1,4,16,0.25
Gemma-7B,AQuA,128,2,6,16,0.375
Gemma-7B,AQuA,130,1,10,16,0.625
Gemma-7B,AQuA,131,2,8,16,0.5
Gemma-7B,AQuA,132,1,3,16,0.1875
Gemma-7B,AQuA,134,2,1,16,0.0625
Gemma-7B,AQuA,135,3,0,16,0.0
Gemma-7B,AQuA,136,4,2,16,0.125
Gemma-7B,AQuA,139,1,3,16,0.1875
Gemma-7B,AQuA,140,1,2,16,0.125
Gemma-7B,AQuA,142,1,6,16,0.375
Gemma-7B,AQuA,145,4,2,16,0.125
Gemma-7B,AQuA,146,2,2,16,0.125
Gemma-7B,AQuA,147,2,7,16,0.4375
Gemma-7B,AQuA,149,2,0,16,0.0
Gemma-7B,AQuA,150,2,5,16,0.3125
Gemma-7B,AQuA,152,1,1,16,0.0625
Gemma-7B,AQuA,153,1,4,16,0.25
Gemma-7B,AQuA,154,4,1,16,0.0625
Gemma-7B,AQuA,155,4,1,16,0.0625
Gemma-7B,AQuA,156,1,1,16,0.0625
Gemma-7B,AQuA,157,1,4,16,0.25
Gemma-7B,AQuA,158,1,6,16,0.375
Gemma-7B,AQuA,159,1,1,16,0.0625
Gemma-7B,AQuA,160,2,0,16,0.0
Gemma-7B,AQuA,161,1,2,16,0.125
Gemma-7B,AQuA,162,1,8,16,0.5
Gemma-7B,AQuA,163,1,3,16,0.1875
Gemma-7B,AQuA,164,2,1,16,0.0625
Gemma-7B,AQuA,165,1,4,16,0.25
Gemma-7B,AQuA,166,2,8,16,0.5
Gemma-7B,AQuA,168,1,7,16,0.4375
Gemma-7B,AQuA,170,4,3,16,0.1875
Gemma-7B,AQuA,171,4,3,16,0.1875
Gemma-7B,AQuA,175,3,3,16,0.1875
Gemma-7B,AQuA,176,4,2,16,0.125
Gemma-7B,AQuA,178,1,1,16,0.0625
Gemma-7B,AQuA,179,1,4,16,0.25
Gemma-7B,AQuA,180,2,5,16,0.3125
Gemma-7B,AQuA,181,1,8,16,0.5
Gemma-7B,AQuA,182,4,2,16,0.125
Gemma-7B,AQuA,183,3,3,16,0.1875
Gemma-7B,AQuA,185,5,1,16,0.0625
Gemma-7B,AQuA,187,6,6,16,0.375
Gemma-7B,AQuA,188,1,2,16,0.125
Gemma-7B,AQuA,189,1,4,16,0.25
Gemma-7B,AQuA,190,2,4,16,0.25
Gemma-7B,AQuA,191,1,3,16,0.1875
Gemma-7B,AQuA,192,1,6,16,0.375
Gemma-7B,AQuA,193,3,1,16,0.0625
Gemma-7B,AQuA,194,3,4,16,0.25
Gemma-7B,AQuA,196,3,1,16,0.0625
Gemma-7B,AQuA,197,6,2,16,0.125
Gemma-7B,AQuA,199,2,3,16,0.1875
Gemma-7B,AQuA,200,4,1,16,0.0625
Gemma-7B,AQuA,201,2,1,16,0.0625
Gemma-7B,AQuA,203,1,12,16,0.75
Gemma-7B,AQuA,204,1,1,16,0.0625
Gemma-7B,AQuA,205,2,2,16,0.125
Gemma-7B,AQuA,206,1,10,16,0.625
Gemma-7B,AQuA,208,1,7,16,0.4375
Gemma-7B,AQuA,209,1,1,16,0.0625
Gemma-7B,AQuA,211,2,3,16,0.1875
Gemma-7B,AQuA,213,4,4,16,0.25
Gemma-7B,AQuA,214,4,9,16,0.5625
Gemma-7B,AQuA,215,1,7,16,0.4375
Gemma-7B,AQuA,216,1,5,16,0.3125
Gemma-7B,AQuA,217,2,6,16,0.375
Gemma-7B,AQuA,218,3,2,16,0.125
Gemma-7B,AQuA,220,3,3,16,0.1875
Gemma-7B,AQuA,221,2,4,16,0.25
Gemma-7B,AQuA,222,4,5,16,0.3125
Gemma-7B,AQuA,223,1,4,16,0.25
Gemma-7B,AQuA,225,1,1,16,0.0625
Gemma-7B,AQuA,226,4,9,16,0.5625
Gemma-7B,AQuA,227,1,10,16,0.625
Gemma-7B,AQuA,228,5,1,16,0.0625
Gemma-7B,AQuA,229,2,8,16,0.5
Gemma-7B,AQuA,230,1,4,16,0.25
Gemma-7B,AQuA,232,2,0,16,0.0
Gemma-7B,AQuA,235,3,6,16,0.375
Gemma-7B,AQuA,236,2,2,16,0.125
Gemma-7B,AQuA,237,1,0,16,0.0
Gemma-7B,AQuA,238,3,1,16,0.0625
Gemma-7B,AQuA,239,5,3,16,0.1875
Gemma-7B,AQuA,240,1,10,16,0.625
Gemma-7B,AQuA,241,3,3,16,0.1875
Gemma-7B,AQuA,242,2,11,16,0.6875
Gemma-7B,AQuA,243,3,2,16,0.125
Gemma-7B,AQuA,244,1,12,16,0.75
Gemma-7B,AQuA,248,5,3,16,0.1875
Gemma-7B,AQuA,249,1,7,16,0.4375
Gemma-7B,AQuA,250,2,6,16,0.375
Gemma-7B,AQuA,251,1,4,16,0.25
Gemma-7B,AQuA,252,1,8,16,0.5
Gemma-7B,CSQA,0,3,7,16,0.4375
Gemma-7B,CSQA,1,2,4,16,0.25
Gemma-7B,CSQA,2,2,2,16,0.125
Gemma-7B,CSQA,3,1,3,16,0.1875
Gemma-7B,CSQA,4,1,6,16,0.375
Gemma-7B,CSQA,5,4,0,16,0.0
Gemma-7B,CSQA,7,2,0,16,0.0
Gemma-7B,CSQA,8,3,7,16,0.4375
Gemma-7B,CSQA,9,3,3,16,0.1875
Gemma-7B,CSQA,10,1,1,16,0.0625
Gemma-7B,CSQA,11,1,6,16,0.375
Gemma-7B,CSQA,12,2,5,16,0.3125
Gemma-7B,CSQA,13,1,0,16,0.0
Gemma-7B,CSQA,14,1,3,16,0.1875
Gemma-7B,CSQA,16,5,0,16,0.0
Gemma-7B,CSQA,17,2,4,16,0.25
Gemma-7B,CSQA,18,4,7,16,0.4375
Gemma-7B,CSQA,20,3,2,16,0.125
Gemma-7B,CSQA,22,2,1,16,0.0625
Gemma-7B,CSQA,24,1,1,16,0.0625
Gemma-7B,CSQA,25,2,1,16,0.0625
Gemma-7B,CSQA,26,2,2,16,0.125
Gemma-7B,CSQA,27,2,5,16,0.3125
Gemma-7B,CSQA,28,4,1,16,0.0625
Gemma-7B,CSQA,29,2,4,16,0.25
Gemma-7B,CSQA,30,2,4,16,0.25
Gemma-7B,CSQA,31,2,2,16,0.125
Gemma-7B,CSQA,32,2,2,16,0.125
Gemma-7B,CSQA,33,3,4,16,0.25
Gemma-7B,CSQA,34,2,3,16,0.1875
Gemma-7B,CSQA,35,2,4,16,0.25
Gemma-7B,CSQA,36,1,2,16,0.125
Gemma-7B,CSQA,37,3,7,16,0.4375
Gemma-7B,CSQA,38,3,6,16,0.375
Gemma-7B,CSQA,39,4,2,16,0.125
Gemma-7B,CSQA,40,2,3,16,0.1875
Gemma-7B,CSQA,41,3,1,16,0.0625
Gemma-7B,CSQA,43,1,3,16,0.1875
Gemma-7B,CSQA,44,2,2,16,0.125
Gemma-7B,CSQA,46,3,1,16,0.0625
Gemma-7B,CSQA,47,2,3,16,0.1875
Gemma-7B,CSQA,48,3,2,16,0.125
Gemma-7B,CSQA,49,4,2,16,0.125
Gemma-7B,CSQA,50,2,4,16,0.25
Gemma-7B,CSQA,52,1,1,16,0.0625
Gemma-7B,CSQA,53,4,4,16,0.25
Gemma-7B,CSQA,54,3,4,16,0.25
Gemma-7B,CSQA,55,2,3,16,0.1875
Gemma-7B,CSQA,56,1,3,16,0.1875
Gemma-7B,CSQA,57,1,2,16,0.125
Gemma-7B,CSQA,58,5,1,16,0.0625
Gemma-7B,CSQA,59,1,2,16,0.125
Gemma-7B,CSQA,60,2,2,16,0.125
Gemma-7B,CSQA,61,2,4,16,0.25
Gemma-7B,CSQA,62,1,2,16,0.125
Gemma-7B,CSQA,63,4,3,16,0.1875
Gemma-7B,CSQA,64,4,8,16,0.5
Gemma-7B,CSQA,65,1,5,16,0.3125
Gemma-7B,CSQA,67,1,5,16,0.3125
Gemma-7B,CSQA,68,2,1,16,0.0625
Gemma-7B,CSQA,69,4,2,16,0.125
Gemma-7B,CSQA,72,2,1,16,0.0625
Gemma-7B,CSQA,73,3,3,16,0.1875
Gemma-7B,CSQA,74,2,1,16,0.0625
Gemma-7B,CSQA,75,3,0,16,0.0
Gemma-7B,CSQA,76,2,2,16,0.125
Gemma-7B,CSQA,77,1,3,16,0.1875
Gemma-7B,CSQA,78,1,1,16,0.0625
Gemma-7B,CSQA,79,1,0,16,0.0
Gemma-7B,CSQA,82,4,6,16,0.375
Gemma-7B,CSQA,83,3,6,16,0.375
Gemma-7B,CSQA,84,2,3,16,0.1875
Gemma-7B,CSQA,85,1,4,16,0.25
Gemma-7B,CSQA,86,3,2,16,0.125
Gemma-7B,CSQA,88,2,6,16,0.375
Gemma-7B,CSQA,89,1,1,16,0.0625
Gemma-7B,CSQA,90,2,1,16,0.0625
Gemma-7B,CSQA,91,2,2,16,0.125
Gemma-7B,CSQA,92,4,5,16,0.3125
Gemma-7B,CSQA,93,2,6,16,0.375
Gemma-7B,CSQA,94,2,2,16,0.125
Gemma-7B,CSQA,95,2,5,16,0.3125
Gemma-7B,CSQA,97,3,1,16,0.0625
Gemma-7B,CSQA,98,3,1,16,0.0625
Gemma-7B,CSQA,99,1,3,16,0.1875
Gemma-7B,CSQA,101,1,3,16,0.1875
Gemma-7B,CSQA,103,2,1,16,0.0625
Gemma-7B,CSQA,104,3,1,16,0.0625
Gemma-7B,CSQA,105,1,1,16,0.0625
Gemma-7B,CSQA,107,2,5,16,0.3125
Gemma-7B,CSQA,111,1,1,16,0.0625
Gemma-7B,CSQA,112,3,6,16,0.375
Gemma-7B,CSQA,114,2,4,16,0.25
Gemma-7B,CSQA,115,2,1,16,0.0625
Gemma-7B,CSQA,116,3,4,16,0.25
Gemma-7B,CSQA,118,3,4,16,0.25
Gemma-7B,CSQA,119,2,2,16,0.125
Gemma-7B,CSQA,120,2,1,16,0.0625
Gemma-7B,CSQA,121,4,2,16,0.125
Gemma-7B,CSQA,122,2,2,16,0.125
Gemma-7B,CSQA,123,3,2,16,0.125
Gemma-7B,CSQA,125,3,2,16,0.125
Gemma-7B,CSQA,126,1,3,16,0.1875
Gemma-7B,CSQA,127,4,3,16,0.1875
Gemma-7B,CSQA,129,3,2,16,0.125
Gemma-7B,CSQA,130,1,1,16,0.0625
Gemma-7B,CSQA,131,1,1,16,0.0625
Gemma-7B,CSQA,132,1,7,16,0.4375
Gemma-7B,CSQA,133,2,4,16,0.25
Gemma-7B,CSQA,135,3,3,16,0.1875
Gemma-7B,CSQA,136,3,3,16,0.1875
Gemma-7B,CSQA,137,3,8,16,0.5
Gemma-7B,CSQA,138,1,4,16,0.25
Gemma-7B,CSQA,139,2,8,16,0.5
Gemma-7B,CSQA,140,1,2,16,0.125
Gemma-7B,CSQA,141,4,4,16,0.25
Gemma-7B,CSQA,142,3,0,16,0.0
Gemma-7B,CSQA,143,2,2,16,0.125
Gemma-7B,CSQA,144,6,0,16,0.0
Gemma-7B,CSQA,145,4,2,16,0.125
Gemma-7B,CSQA,146,2,1,16,0.0625
Gemma-7B,CSQA,147,2,1,16,0.0625
Gemma-7B,CSQA,148,2,3,16,0.1875
Gemma-7B,CSQA,149,2,2,16,0.125
Gemma-7B,CSQA,150,2,3,16,0.1875
Gemma-7B,CSQA,152,1,1,16,0.0625
Gemma-7B,CSQA,153,1,2,16,0.125
Gemma-7B,CSQA,156,3,1,16,0.0625
Gemma-7B,CSQA,158,2,4,16,0.25
Gemma-7B,CSQA,159,1,2,16,0.125
Gemma-7B,CSQA,160,1,8,16,0.5
Gemma-7B,CSQA,161,3,4,16,0.25
Gemma-7B,CSQA,163,1,1,16,0.0625
Gemma-7B,CSQA,165,4,10,16,0.625
Gemma-7B,CSQA,166,2,4,16,0.25
Gemma-7B,CSQA,167,2,6,16,0.375
Gemma-7B,CSQA,169,3,4,16,0.25
Gemma-7B,CSQA,170,2,2,16,0.125
Gemma-7B,CSQA,171,1,1,16,0.0625
Gemma-7B,CSQA,173,1,3,16,0.1875
Gemma-7B,CSQA,175,1,4,16,0.25
Gemma-7B,CSQA,176,4,2,16,0.125
Gemma-7B,CSQA,177,2,4,16,0.25
Gemma-7B,CSQA,178,2,0,16,0.0
Gemma-7B,CSQA,179,1,4,16,0.25
Gemma-7B,CSQA,180,1,3,16,0.1875
Gemma-7B,CSQA,181,2,0,16,0.0
Gemma-7B,CSQA,182,3,4,16,0.25
Gemma-7B,CSQA,183,1,4,16,0.25
Gemma-7B,CSQA,184,1,1,16,0.0625
Gemma-7B,CSQA,185,2,1,16,0.0625
Gemma-7B,CSQA,186,1,0,16,0.0
Gemma-7B,CSQA,187,2,6,16,0.375
Gemma-7B,CSQA,188,1,7,16,0.4375
Gemma-7B,CSQA,189,1,4,16,0.25
Gemma-7B,CSQA,190,1,6,16,0.375
Gemma-7B,CSQA,191,3,3,16,0.1875
Gemma-7B,CSQA,192,3,3,16,0.1875
Gemma-7B,CSQA,194,3,2,16,0.125
Gemma-7B,CSQA,195,1,5,16,0.3125
Gemma-7B,CSQA,196,1,2,16,0.125
Gemma-7B,CSQA,197,1,2,16,0.125
Gemma-7B,CSQA,199,2,6,16,0.375
Gemma-7B,CSQA,200,2,5,16,0.3125
Gemma-7B,CSQA,201,2,6,16,0.375
Gemma-7B,CSQA,202,2,2,16,0.125
Gemma-7B,CSQA,203,1,1,16,0.0625
Gemma-7B,CSQA,204,2,3,16,0.1875
Gemma-7B,CSQA,205,3,4,16,0.25
Gemma-7B,CSQA,206,2,1,16,0.0625
Gemma-7B,CSQA,207,1,2,16,0.125
Gemma-7B,CSQA,208,2,0,16,0.0
Gemma-7B,CSQA,209,2,1,16,0.0625
Gemma-7B,CSQA,210,1,7,16,0.4375
Gemma-7B,CSQA,211,1,1,16,0.0625
Gemma-7B,CSQA,212,1,1,16,0.0625
Gemma-7B,CSQA,213,1,0,16,0.0
Gemma-7B,CSQA,214,4,7,16,0.4375
Gemma-7B,CSQA,215,1,4,16,0.25
Gemma-7B,CSQA,216,1,3,16,0.1875
Gemma-7B,CSQA,217,4,9,16,0.5625
Gemma-7B,CSQA,218,4,1,16,0.0625
Gemma-7B,CSQA,219,2,4,16,0.25
Gemma-7B,CSQA,220,3,1,16,0.0625
Gemma-7B,CSQA,221,2,3,16,0.1875
Gemma-7B,CSQA,222,2,3,16,0.1875
Gemma-7B,CSQA,223,1,4,16,0.25
Gemma-7B,CSQA,224,1,2,16,0.125
Gemma-7B,CSQA,226,1,3,16,0.1875
Gemma-7B,CSQA,227,1,7,16,0.4375
Gemma-7B,CSQA,228,2,3,16,0.1875
Gemma-7B,CSQA,229,1,1,16,0.0625
Gemma-7B,CSQA,230,2,0,16,0.0
Gemma-7B,CSQA,231,1,1,16,0.0625
Gemma-7B,CSQA,232,1,3,16,0.1875
Gemma-7B,CSQA,233,4,4,16,0.25
Gemma-7B,CSQA,234,2,1,16,0.0625
Gemma-7B,CSQA,235,1,2,16,0.125
Gemma-7B,CSQA,236,2,3,16,0.1875
Gemma-7B,CSQA,237,1,3,16,0.1875
Gemma-7B,CSQA,240,1,6,16,0.375
Gemma-7B,CSQA,242,4,3,16,0.1875
Gemma-7B,CSQA,243,1,3,16,0.1875
Gemma-7B,CSQA,244,2,0,16,0.0
Gemma-7B,CSQA,245,2,2,16,0.125
Gemma-7B,CSQA,246,4,1,16,0.0625
Gemma-7B,CSQA,247,4,8,16,0.5
Gemma-7B,CSQA,248,1,4,16,0.25
Gemma-7B,CSQA,249,2,1,16,0.0625
Gemma-7B,CSQA,250,2,6,16,0.375
Gemma-7B,CSQA,251,1,0,16,0.0
Gemma-7B,CSQA,253,3,4,16,0.25
Gemma-7B,CSQA,254,3,3,16,0.1875
Gemma-7B,CSQA,255,3,4,16,0.25
Gemma-7B,CSQA,256,3,2,16,0.125
Gemma-7B,CSQA,257,1,3,16,0.1875
Gemma-7B,CSQA,259,2,6,16,0.375
Gemma-7B,CSQA,261,1,4,16,0.25
Gemma-7B,CSQA,262,3,2,16,0.125
Gemma-7B,CSQA,263,1,2,16,0.125
Gemma-7B,CSQA,264,1,6,16,0.375
Gemma-7B,CSQA,265,2,4,16,0.25
Gemma-7B,CSQA,266,1,3,16,0.1875
Gemma-7B,CSQA,267,1,5,16,0.3125
Gemma-7B,CSQA,270,2,4,16,0.25
Gemma-7B,CSQA,272,2,0,16,0.0
Gemma-7B,CSQA,275,2,6,16,0.375
Gemma-7B,CSQA,276,1,2,16,0.125
Gemma-7B,CSQA,277,5,1,16,0.0625
Gemma-7B,CSQA,278,2,6,16,0.375
Gemma-7B,CSQA,279,5,3,16,0.1875
Gemma-7B,CSQA,280,1,8,16,0.5
Gemma-7B,CSQA,281,4,3,16,0.1875
Gemma-7B,CSQA,283,2,2,16,0.125
Gemma-7B,CSQA,285,2,7,16,0.4375
Gemma-7B,CSQA,286,1,2,16,0.125
Gemma-7B,CSQA,287,1,1,16,0.0625
Gemma-7B,CSQA,288,2,2,16,0.125
Gemma-7B,CSQA,289,2,5,16,0.3125
Gemma-7B,CSQA,290,1,2,16,0.125
Gemma-7B,CSQA,292,2,0,16,0.0
Gemma-7B,CSQA,293,1,3,16,0.1875
Gemma-7B,CSQA,295,1,4,16,0.25
Gemma-7B,CSQA,296,1,1,16,0.0625
Gemma-7B,CSQA,297,4,2,16,0.125
Gemma-7B,CSQA,298,3,3,16,0.1875
Gemma-7B,CSQA,299,1,6,16,0.375
Gemma-7B,CSQA,300,4,6,16,0.375
Gemma-7B,CSQA,301,1,0,16,0.0
Gemma-7B,CSQA,302,3,0,16,0.0
Gemma-7B,CSQA,304,1,5,16,0.3125
Gemma-7B,CSQA,307,1,2,16,0.125
Gemma-7B,CSQA,308,1,1,16,0.0625
Gemma-7B,CSQA,309,1,2,16,0.125
Gemma-7B,CSQA,310,2,10,16,0.625
Gemma-7B,CSQA,311,2,2,16,0.125
Gemma-7B,CSQA,312,2,3,16,0.1875
Gemma-7B,CSQA,313,1,1,16,0.0625
Gemma-7B,CSQA,314,1,1,16,0.0625
Gemma-7B,CSQA,317,1,1,16,0.0625
Gemma-7B,CSQA,318,2,0,16,0.0
Gemma-7B,CSQA,319,4,3,16,0.1875
Gemma-7B,CSQA,320,1,3,16,0.1875
Gemma-7B,CSQA,321,3,6,16,0.375
Gemma-7B,CSQA,322,2,6,16,0.375
Gemma-7B,CSQA,323,1,4,16,0.25
Gemma-7B,CSQA,324,1,4,16,0.25
Gemma-7B,CSQA,325,3,3,16,0.1875
Gemma-7B,CSQA,327,3,1,16,0.0625
Gemma-7B,CSQA,329,3,1,16,0.0625
Gemma-7B,CSQA,330,2,1,16,0.0625
Gemma-7B,CSQA,332,1,5,16,0.3125
Gemma-7B,CSQA,333,4,5,16,0.3125
Gemma-7B,CSQA,334,1,4,16,0.25
Gemma-7B,CSQA,335,2,3,16,0.1875
Gemma-7B,CSQA,336,2,0,16,0.0
Gemma-7B,CSQA,337,2,4,16,0.25
Gemma-7B,CSQA,338,1,5,16,0.3125
Gemma-7B,CSQA,339,3,3,16,0.1875
Gemma-7B,CSQA,340,2,6,16,0.375
Gemma-7B,CSQA,342,1,1,16,0.0625
Gemma-7B,CSQA,343,3,0,16,0.0
Gemma-7B,CSQA,344,3,4,16,0.25
Gemma-7B,CSQA,346,2,1,16,0.0625
Gemma-7B,CSQA,347,2,4,16,0.25
Gemma-7B,CSQA,348,3,2,16,0.125
Gemma-7B,CSQA,349,3,3,16,0.1875
Gemma-7B,CSQA,350,1,1,16,0.0625
Gemma-7B,CSQA,351,1,0,16,0.0
Gemma-7B,CSQA,352,1,4,16,0.25
Gemma-7B,CSQA,353,1,0,16,0.0
Gemma-7B,CSQA,354,1,5,16,0.3125
Gemma-7B,CSQA,355,2,4,16,0.25
Gemma-7B,CSQA,356,1,1,16,0.0625
Gemma-7B,CSQA,357,1,2,16,0.125
Gemma-7B,CSQA,358,1,2,16,0.125
Gemma-7B,CSQA,359,3,0,16,0.0
Gemma-7B,CSQA,361,1,1,16,0.0625
Gemma-7B,CSQA,362,1,1,16,0.0625
Gemma-7B,CSQA,363,1,4,16,0.25
Gemma-7B,CSQA,364,1,2,16,0.125
Gemma-7B,CSQA,365,2,3,16,0.1875
Gemma-7B,CSQA,366,2,1,16,0.0625
Gemma-7B,CSQA,368,2,6,16,0.375
Gemma-7B,CSQA,369,3,2,16,0.125
Gemma-7B,CSQA,370,2,2,16,0.125
Gemma-7B,CSQA,372,1,0,16,0.0
Gemma-7B,CSQA,374,5,1,16,0.0625
Gemma-7B,CSQA,376,2,8,16,0.5
Gemma-7B,CSQA,377,3,3,16,0.1875
Gemma-7B,CSQA,379,3,5,16,0.3125
Gemma-7B,CSQA,380,2,2,16,0.125
Gemma-7B,CSQA,382,2,1,16,0.0625
Gemma-7B,CSQA,383,2,3,16,0.1875
Gemma-7B,CSQA,384,1,3,16,0.1875
Gemma-7B,CSQA,386,3,1,16,0.0625
Gemma-7B,CSQA,388,1,4,16,0.25
Gemma-7B,CSQA,389,1,4,16,0.25
Gemma-7B,CSQA,391,2,4,16,0.25
Gemma-7B,CSQA,392,4,2,16,0.125
Gemma-7B,CSQA,395,1,5,16,0.3125
Gemma-7B,CSQA,396,1,1,16,0.0625
Gemma-7B,CSQA,398,1,2,16,0.125
Gemma-7B,CSQA,399,4,3,16,0.1875
Gemma-7B,CSQA,400,2,4,16,0.25
Gemma-7B,CSQA,402,1,4,16,0.25
Gemma-7B,CSQA,403,4,0,16,0.0
Gemma-7B,CSQA,404,1,3,16,0.1875
Gemma-7B,CSQA,405,1,0,16,0.0
Gemma-7B,CSQA,406,3,7,16,0.4375
Gemma-7B,CSQA,409,4,1,16,0.0625
Gemma-7B,CSQA,410,1,0,16,0.0
Gemma-7B,CSQA,411,1,3,16,0.1875
Gemma-7B,CSQA,412,3,3,16,0.1875
Gemma-7B,CSQA,413,2,1,16,0.0625
Gemma-7B,CSQA,414,2,6,16,0.375
Gemma-7B,CSQA,415,3,1,16,0.0625
Gemma-7B,CSQA,416,2,0,16,0.0
Gemma-7B,CSQA,418,1,4,16,0.25
Gemma-7B,CSQA,419,3,2,16,0.125
Gemma-7B,CSQA,420,1,2,16,0.125
Gemma-7B,CSQA,421,1,8,16,0.5
Gemma-7B,CSQA,422,2,7,16,0.4375
Gemma-7B,CSQA,424,1,0,16,0.0
Gemma-7B,CSQA,426,2,4,16,0.25
Gemma-7B,CSQA,428,2,4,16,0.25
Gemma-7B,CSQA,429,2,4,16,0.25
Gemma-7B,CSQA,430,1,2,16,0.125
Gemma-7B,CSQA,431,1,4,16,0.25
Gemma-7B,CSQA,432,2,1,16,0.0625
Gemma-7B,CSQA,434,3,4,16,0.25
Gemma-7B,CSQA,435,3,1,16,0.0625
Gemma-7B,CSQA,438,3,0,16,0.0
Gemma-7B,CSQA,440,3,4,16,0.25
Gemma-7B,CSQA,441,4,4,16,0.25
Gemma-7B,CSQA,442,2,2,16,0.125
Gemma-7B,CSQA,443,2,5,16,0.3125
Gemma-7B,CSQA,444,3,4,16,0.25
Gemma-7B,CSQA,445,2,0,16,0.0
Gemma-7B,CSQA,446,2,1,16,0.0625
Gemma-7B,CSQA,448,2,0,16,0.0
Gemma-7B,CSQA,449,4,3,16,0.1875
Gemma-7B,CSQA,450,1,0,16,0.0
Gemma-7B,CSQA,451,2,1,16,0.0625
Gemma-7B,CSQA,452,3,2,16,0.125
Gemma-7B,CSQA,454,1,1,16,0.0625
Gemma-7B,CSQA,459,4,2,16,0.125
Gemma-7B,CSQA,460,3,5,16,0.3125
Gemma-7B,CSQA,462,1,5,16,0.3125
Gemma-7B,CSQA,463,1,4,16,0.25
Gemma-7B,CSQA,464,1,2,16,0.125
Gemma-7B,CSQA,465,1,3,16,0.1875
Gemma-7B,CSQA,466,1,2,16,0.125
Gemma-7B,CSQA,468,1,2,16,0.125
Gemma-7B,CSQA,471,1,6,16,0.375
Gemma-7B,CSQA,473,1,5,16,0.3125
Gemma-7B,CSQA,474,1,2,16,0.125
Gemma-7B,CSQA,475,2,7,16,0.4375
Gemma-7B,CSQA,476,1,3,16,0.1875
Gemma-7B,CSQA,477,2,3,16,0.1875
Gemma-7B,CSQA,478,1,2,16,0.125
Gemma-7B,CSQA,479,1,4,16,0.25
Gemma-7B,CSQA,480,1,1,16,0.0625
Gemma-7B,CSQA,482,1,0,16,0.0
Gemma-7B,CSQA,483,2,3,16,0.1875
Gemma-7B,CSQA,484,1,1,16,0.0625
Gemma-7B,CSQA,486,2,3,16,0.1875
Gemma-7B,CSQA,487,3,0,16,0.0
Gemma-7B,CSQA,488,2,2,16,0.125
Gemma-7B,CSQA,489,1,0,16,0.0
Gemma-7B,CSQA,490,2,4,16,0.25
Gemma-7B,CSQA,491,3,5,16,0.3125
Gemma-7B,CSQA,492,3,0,16,0.0
Gemma-7B,CSQA,495,4,8,16,0.5
Gemma-7B,CSQA,496,2,2,16,0.125
Gemma-7B,CSQA,497,4,1,16,0.0625
Gemma-7B,CSQA,499,3,5,16,0.3125
Gemma-7B,CSQA,500,1,1,16,0.0625
Gemma-7B,CSQA,501,4,1,16,0.0625
Gemma-7B,CSQA,504,2,3,16,0.1875
Gemma-7B,CSQA,505,1,0,16,0.0
Gemma-7B,CSQA,506,6,0,16,0.0
Gemma-7B,CSQA,507,1,3,16,0.1875
Gemma-7B,CSQA,508,1,2,16,0.125
Gemma-7B,CSQA,509,2,3,16,0.1875
Gemma-7B,CSQA,510,1,1,16,0.0625
Gemma-7B,CSQA,512,1,7,16,0.4375
Gemma-7B,CSQA,513,1,6,16,0.375
Gemma-7B,CSQA,514,1,4,16,0.25
Gemma-7B,CSQA,515,1,6,16,0.375
Gemma-7B,CSQA,518,1,2,16,0.125
Gemma-7B,CSQA,519,2,3,16,0.1875
Gemma-7B,CSQA,520,1,0,16,0.0
Gemma-7B,CSQA,521,3,5,16,0.3125
Gemma-7B,CSQA,523,1,1,16,0.0625
Gemma-7B,CSQA,524,5,3,16,0.1875
Gemma-7B,CSQA,526,1,5,16,0.3125
Gemma-7B,CSQA,528,2,0,16,0.0
Gemma-7B,CSQA,529,2,1,16,0.0625
Gemma-7B,CSQA,530,1,3,16,0.1875
Gemma-7B,CSQA,531,2,1,16,0.0625
Gemma-7B,CSQA,532,2,0,16,0.0
Gemma-7B,CSQA,535,2,6,16,0.375
Gemma-7B,CSQA,537,1,5,16,0.3125
Gemma-7B,CSQA,538,4,3,16,0.1875
Gemma-7B,CSQA,539,2,2,16,0.125
Gemma-7B,CSQA,540,3,3,16,0.1875
Gemma-7B,CSQA,541,3,5,16,0.3125
Gemma-7B,CSQA,542,2,0,16,0.0
Gemma-7B,CSQA,543,1,1,16,0.0625
Gemma-7B,CSQA,545,2,4,16,0.25
Gemma-7B,CSQA,546,6,1,16,0.0625
Gemma-7B,CSQA,547,2,3,16,0.1875
Gemma-7B,CSQA,548,1,7,16,0.4375
Gemma-7B,CSQA,549,1,3,16,0.1875
Gemma-7B,CSQA,550,3,7,16,0.4375
Gemma-7B,CSQA,551,3,1,16,0.0625
Gemma-7B,CSQA,552,1,1,16,0.0625
Gemma-7B,CSQA,555,1,4,16,0.25
Gemma-7B,CSQA,556,4,7,16,0.4375
Gemma-7B,CSQA,557,3,7,16,0.4375
Gemma-7B,CSQA,558,3,1,16,0.0625
Gemma-7B,CSQA,559,1,5,16,0.3125
Gemma-7B,CSQA,560,2,1,16,0.0625
Gemma-7B,CSQA,561,3,2,16,0.125
Gemma-7B,CSQA,562,3,2,16,0.125
Gemma-7B,CSQA,563,3,6,16,0.375
Gemma-7B,CSQA,564,2,3,16,0.1875
Gemma-7B,CSQA,565,3,3,16,0.1875
Gemma-7B,CSQA,566,1,2,16,0.125
Gemma-7B,CSQA,567,2,3,16,0.1875
Gemma-7B,CSQA,568,3,3,16,0.1875
Gemma-7B,CSQA,569,4,2,16,0.125
Gemma-7B,CSQA,570,2,4,16,0.25
Gemma-7B,CSQA,571,1,4,16,0.25
Gemma-7B,CSQA,573,2,4,16,0.25
Gemma-7B,CSQA,574,3,0,16,0.0
Gemma-7B,CSQA,575,2,3,16,0.1875
Gemma-7B,CSQA,577,3,2,16,0.125
Gemma-7B,CSQA,578,2,5,16,0.3125
Gemma-7B,CSQA,580,1,2,16,0.125
Gemma-7B,CSQA,581,2,0,16,0.0
Gemma-7B,CSQA,582,2,4,16,0.25
Gemma-7B,CSQA,584,2,4,16,0.25
Gemma-7B,CSQA,586,1,6,16,0.375
Gemma-7B,CSQA,587,2,1,16,0.0625
Gemma-7B,CSQA,588,1,1,16,0.0625
Gemma-7B,CSQA,589,2,3,16,0.1875
Gemma-7B,CSQA,590,2,2,16,0.125
Gemma-7B,CSQA,592,2,2,16,0.125
Gemma-7B,CSQA,594,1,3,16,0.1875
Gemma-7B,CSQA,595,1,8,16,0.5
Gemma-7B,CSQA,597,2,1,16,0.0625
Gemma-7B,CSQA,598,2,5,16,0.3125
Gemma-7B,CSQA,599,1,2,16,0.125
Gemma-7B,CSQA,600,1,2,16,0.125
Gemma-7B,CSQA,602,1,0,16,0.0
Gemma-7B,CSQA,603,2,4,16,0.25
Gemma-7B,CSQA,604,2,2,16,0.125
Gemma-7B,CSQA,605,3,7,16,0.4375
Gemma-7B,CSQA,606,1,3,16,0.1875
Gemma-7B,CSQA,608,1,2,16,0.125
Gemma-7B,CSQA,609,4,5,16,0.3125
Gemma-7B,CSQA,612,2,1,16,0.0625
Gemma-7B,CSQA,613,2,4,16,0.25
Gemma-7B,CSQA,614,4,4,16,0.25
Gemma-7B,CSQA,615,2,2,16,0.125
Gemma-7B,CSQA,616,1,0,16,0.0
Gemma-7B,CSQA,617,3,0,16,0.0
Gemma-7B,CSQA,618,3,3,16,0.1875
Gemma-7B,CSQA,619,2,1,16,0.0625
Gemma-7B,CSQA,620,3,2,16,0.125
Gemma-7B,CSQA,621,2,0,16,0.0
Gemma-7B,CSQA,623,2,1,16,0.0625
Gemma-7B,CSQA,624,2,0,16,0.0
Gemma-7B,CSQA,627,1,2,16,0.125
Gemma-7B,CSQA,628,3,1,16,0.0625
Gemma-7B,CSQA,629,1,1,16,0.0625
Gemma-7B,CSQA,630,2,6,16,0.375
Gemma-7B,CSQA,631,1,3,16,0.1875
Gemma-7B,CSQA,633,1,1,16,0.0625
Gemma-7B,CSQA,634,1,0,16,0.0
Gemma-7B,CSQA,635,1,1,16,0.0625
Gemma-7B,CSQA,638,3,0,16,0.0
Gemma-7B,CSQA,639,1,5,16,0.3125
Gemma-7B,CSQA,640,2,1,16,0.0625
Gemma-7B,CSQA,642,1,2,16,0.125
Gemma-7B,CSQA,643,1,2,16,0.125
Gemma-7B,CSQA,644,2,6,16,0.375
Gemma-7B,CSQA,646,3,3,16,0.1875
Gemma-7B,CSQA,647,1,2,16,0.125
Gemma-7B,CSQA,648,2,1,16,0.0625
Gemma-7B,CSQA,649,1,5,16,0.3125
Gemma-7B,CSQA,650,3,2,16,0.125
Gemma-7B,CSQA,651,2,3,16,0.1875
Gemma-7B,CSQA,652,3,4,16,0.25
Gemma-7B,CSQA,653,1,2,16,0.125
Gemma-7B,CSQA,654,3,7,16,0.4375
Gemma-7B,CSQA,655,4,4,16,0.25
Gemma-7B,CSQA,656,4,2,16,0.125
Gemma-7B,CSQA,658,3,4,16,0.25
Gemma-7B,CSQA,659,1,3,16,0.1875
Gemma-7B,CSQA,660,1,3,16,0.1875
Gemma-7B,CSQA,661,2,1,16,0.0625
Gemma-7B,CSQA,663,1,3,16,0.1875
Gemma-7B,CSQA,664,2,7,16,0.4375
Gemma-7B,CSQA,665,1,4,16,0.25
Gemma-7B,CSQA,666,1,1,16,0.0625
Gemma-7B,CSQA,667,1,3,16,0.1875
Gemma-7B,CSQA,668,3,4,16,0.25
Gemma-7B,CSQA,670,1,1,16,0.0625
Gemma-7B,CSQA,671,1,2,16,0.125
Gemma-7B,CSQA,672,1,2,16,0.125
Gemma-7B,CSQA,673,2,2,16,0.125
Gemma-7B,CSQA,674,3,6,16,0.375
Gemma-7B,CSQA,675,3,2,16,0.125
Gemma-7B,CSQA,676,1,2,16,0.125
Gemma-7B,CSQA,677,3,6,16,0.375
Gemma-7B,CSQA,678,2,3,16,0.1875
Gemma-7B,CSQA,679,2,2,16,0.125
Gemma-7B,CSQA,680,1,6,16,0.375
Gemma-7B,CSQA,682,2,1,16,0.0625
Gemma-7B,CSQA,683,2,3,16,0.1875
Gemma-7B,CSQA,684,5,1,16,0.0625
Gemma-7B,CSQA,685,1,3,16,0.1875
Gemma-7B,CSQA,686,3,4,16,0.25
Gemma-7B,CSQA,688,2,1,16,0.0625
Gemma-7B,CSQA,689,2,1,16,0.0625
Gemma-7B,CSQA,690,1,2,16,0.125
Gemma-7B,CSQA,692,3,2,16,0.125
Gemma-7B,CSQA,694,1,4,16,0.25
Gemma-7B,CSQA,695,5,4,16,0.25
Gemma-7B,CSQA,696,1,5,16,0.3125
Gemma-7B,CSQA,698,2,2,16,0.125
Gemma-7B,CSQA,699,1,2,16,0.125
Gemma-7B,CSQA,700,3,2,16,0.125
Gemma-7B,CSQA,702,2,1,16,0.0625
Gemma-7B,CSQA,703,8,3,16,0.1875
Gemma-7B,CSQA,704,2,2,16,0.125
Gemma-7B,CSQA,705,2,2,16,0.125
Gemma-7B,CSQA,706,1,6,16,0.375
Gemma-7B,CSQA,708,2,3,16,0.1875
Gemma-7B,CSQA,709,2,2,16,0.125
Gemma-7B,CSQA,710,1,1,16,0.0625
Gemma-7B,CSQA,713,3,4,16,0.25
Gemma-7B,CSQA,714,3,2,16,0.125
Gemma-7B,CSQA,715,1,3,16,0.1875
Gemma-7B,CSQA,717,1,3,16,0.1875
Gemma-7B,CSQA,718,1,8,16,0.5
Gemma-7B,CSQA,719,1,4,16,0.25
Gemma-7B,CSQA,720,3,3,16,0.1875
Gemma-7B,CSQA,721,1,3,16,0.1875
Gemma-7B,CSQA,722,2,6,16,0.375
Gemma-7B,CSQA,723,1,3,16,0.1875
Gemma-7B,CSQA,724,1,1,16,0.0625
Gemma-7B,CSQA,725,2,5,16,0.3125
Gemma-7B,CSQA,726,1,1,16,0.0625
Gemma-7B,CSQA,727,2,2,16,0.125
Gemma-7B,CSQA,728,1,0,16,0.0
Gemma-7B,CSQA,729,1,5,16,0.3125
Gemma-7B,CSQA,732,1,7,16,0.4375
Gemma-7B,CSQA,733,3,3,16,0.1875
Gemma-7B,CSQA,734,2,0,16,0.0
Gemma-7B,CSQA,736,2,2,16,0.125
Gemma-7B,CSQA,737,1,1,16,0.0625
Gemma-7B,CSQA,738,1,0,16,0.0
Gemma-7B,CSQA,739,1,6,16,0.375
Gemma-7B,CSQA,740,1,3,16,0.1875
Gemma-7B,CSQA,741,2,4,16,0.25
Gemma-7B,CSQA,742,5,6,16,0.375
Gemma-7B,CSQA,743,2,2,16,0.125
Gemma-7B,CSQA,745,3,0,16,0.0
Gemma-7B,CSQA,746,3,4,16,0.25
Gemma-7B,CSQA,747,2,3,16,0.1875
Gemma-7B,CSQA,748,2,2,16,0.125
Gemma-7B,CSQA,749,1,6,16,0.375
Gemma-7B,CSQA,750,1,3,16,0.1875
Gemma-7B,CSQA,751,3,0,16,0.0
Gemma-7B,CSQA,752,1,4,16,0.25
Gemma-7B,CSQA,754,1,3,16,0.1875
Gemma-7B,CSQA,755,3,1,16,0.0625
Gemma-7B,CSQA,756,3,3,16,0.1875
Gemma-7B,CSQA,757,2,4,16,0.25
Gemma-7B,CSQA,758,2,6,16,0.375
Gemma-7B,CSQA,759,2,4,16,0.25
Gemma-7B,CSQA,760,2,1,16,0.0625
Gemma-7B,CSQA,761,2,0,16,0.0
Gemma-7B,CSQA,762,2,4,16,0.25
Gemma-7B,CSQA,763,1,6,16,0.375
Gemma-7B,CSQA,764,2,2,16,0.125
Gemma-7B,CSQA,765,1,4,16,0.25
Gemma-7B,CSQA,766,2,7,16,0.4375
Gemma-7B,CSQA,767,2,2,16,0.125
Gemma-7B,CSQA,769,3,5,16,0.3125
Gemma-7B,CSQA,770,1,0,16,0.0
Gemma-7B,CSQA,771,2,1,16,0.0625
Gemma-7B,CSQA,772,3,2,16,0.125
Gemma-7B,CSQA,773,1,3,16,0.1875
Gemma-7B,CSQA,774,1,1,16,0.0625
Gemma-7B,CSQA,775,2,3,16,0.1875
Gemma-7B,CSQA,776,2,0,16,0.0
Gemma-7B,CSQA,777,1,2,16,0.125
Gemma-7B,CSQA,778,1,11,16,0.6875
Gemma-7B,CSQA,779,1,0,16,0.0
Gemma-7B,CSQA,780,1,4,16,0.25
Gemma-7B,CSQA,781,1,5,16,0.3125
Gemma-7B,CSQA,782,1,1,16,0.0625
Gemma-7B,CSQA,783,1,0,16,0.0
Gemma-7B,CSQA,784,1,2,16,0.125
Gemma-7B,CSQA,786,2,3,16,0.1875
Gemma-7B,CSQA,788,3,1,16,0.0625
Gemma-7B,CSQA,789,7,8,16,0.5
Gemma-7B,CSQA,790,3,6,16,0.375
Gemma-7B,CSQA,792,1,6,16,0.375
Gemma-7B,CSQA,793,1,1,16,0.0625
Gemma-7B,CSQA,794,2,4,16,0.25
Gemma-7B,CSQA,795,4,1,16,0.0625
Gemma-7B,CSQA,796,2,5,16,0.3125
Gemma-7B,CSQA,797,2,4,16,0.25
Gemma-7B,CSQA,799,3,1,16,0.0625
Gemma-7B,CSQA,800,2,4,16,0.25
Gemma-7B,CSQA,801,4,0,16,0.0
Gemma-7B,CSQA,802,2,2,16,0.125
Gemma-7B,CSQA,803,2,3,16,0.1875
Gemma-7B,CSQA,804,1,7,16,0.4375
Gemma-7B,CSQA,806,2,0,16,0.0
Gemma-7B,CSQA,807,1,2,16,0.125
Gemma-7B,CSQA,808,1,0,16,0.0
Gemma-7B,CSQA,809,1,6,16,0.375
Gemma-7B,CSQA,810,1,3,16,0.1875
Gemma-7B,CSQA,811,2,2,16,0.125
Gemma-7B,CSQA,814,1,6,16,0.375
Gemma-7B,CSQA,815,3,5,16,0.3125
Gemma-7B,CSQA,816,1,3,16,0.1875
Gemma-7B,CSQA,818,5,10,16,0.625
Gemma-7B,CSQA,819,1,5,16,0.3125
Gemma-7B,CSQA,820,2,4,16,0.25
Gemma-7B,CSQA,821,1,4,16,0.25
Gemma-7B,CSQA,822,1,1,16,0.0625
Gemma-7B,CSQA,823,5,4,16,0.25
Gemma-7B,CSQA,824,4,3,16,0.1875
Gemma-7B,CSQA,825,1,4,16,0.25
Gemma-7B,CSQA,827,4,3,16,0.1875
Gemma-7B,CSQA,828,1,4,16,0.25
Gemma-7B,CSQA,831,2,0,16,0.0
Gemma-7B,CSQA,833,4,7,16,0.4375
Gemma-7B,CSQA,834,2,1,16,0.0625
Gemma-7B,CSQA,835,1,4,16,0.25
Gemma-7B,CSQA,836,1,3,16,0.1875
Gemma-7B,CSQA,837,3,3,16,0.1875
Gemma-7B,CSQA,838,2,4,16,0.25
Gemma-7B,CSQA,839,1,7,16,0.4375
Gemma-7B,CSQA,840,2,7,16,0.4375
Gemma-7B,CSQA,841,1,3,16,0.1875
Gemma-7B,CSQA,842,1,0,16,0.0
Gemma-7B,CSQA,843,1,4,16,0.25
Gemma-7B,CSQA,844,4,3,16,0.1875
Gemma-7B,CSQA,845,3,5,16,0.3125
Gemma-7B,CSQA,847,2,1,16,0.0625
Gemma-7B,CSQA,848,3,6,16,0.375
Gemma-7B,CSQA,849,3,2,16,0.125
Gemma-7B,CSQA,851,2,4,16,0.25
Gemma-7B,CSQA,854,2,4,16,0.25
Gemma-7B,CSQA,855,1,5,16,0.3125
Gemma-7B,CSQA,856,2,3,16,0.1875
Gemma-7B,CSQA,857,2,3,16,0.1875
Gemma-7B,CSQA,858,2,5,16,0.3125
Gemma-7B,CSQA,859,1,1,16,0.0625
Gemma-7B,CSQA,860,2,3,16,0.1875
Gemma-7B,CSQA,861,1,1,16,0.0625
Gemma-7B,CSQA,862,4,2,16,0.125
Gemma-7B,CSQA,863,1,3,16,0.1875
Gemma-7B,CSQA,864,2,5,16,0.3125
Gemma-7B,CSQA,865,3,3,16,0.1875
Gemma-7B,CSQA,866,2,2,16,0.125
Gemma-7B,CSQA,868,1,5,16,0.3125
Gemma-7B,CSQA,869,2,3,16,0.1875
Gemma-7B,CSQA,870,4,3,16,0.1875
Gemma-7B,CSQA,871,3,5,16,0.3125
Gemma-7B,CSQA,872,2,0,16,0.0
Gemma-7B,CSQA,873,5,3,16,0.1875
Gemma-7B,CSQA,876,2,3,16,0.1875
Gemma-7B,CSQA,880,1,5,16,0.3125
Gemma-7B,CSQA,881,1,5,16,0.3125
Gemma-7B,CSQA,883,1,6,16,0.375
Gemma-7B,CSQA,884,1,2,16,0.125
Gemma-7B,CSQA,885,2,3,16,0.1875
Gemma-7B,CSQA,886,1,3,16,0.1875
Gemma-7B,CSQA,887,2,3,16,0.1875
Gemma-7B,CSQA,889,3,5,16,0.3125
Gemma-7B,CSQA,890,1,2,16,0.125
Gemma-7B,CSQA,891,2,6,16,0.375
Gemma-7B,CSQA,895,2,4,16,0.25
Gemma-7B,CSQA,897,1,3,16,0.1875
Gemma-7B,CSQA,898,2,2,16,0.125
Gemma-7B,CSQA,900,1,4,16,0.25
Gemma-7B,CSQA,901,1,6,16,0.375
Gemma-7B,CSQA,903,2,1,16,0.0625
Gemma-7B,CSQA,904,3,3,16,0.1875
Gemma-7B,CSQA,905,2,4,16,0.25
Gemma-7B,CSQA,907,2,2,16,0.125
Gemma-7B,CSQA,908,1,2,16,0.125
Gemma-7B,CSQA,909,2,6,16,0.375
Gemma-7B,CSQA,910,1,7,16,0.4375
Gemma-7B,CSQA,911,2,2,16,0.125
Gemma-7B,CSQA,912,2,2,16,0.125
Gemma-7B,CSQA,913,1,5,16,0.3125
Gemma-7B,CSQA,915,1,1,16,0.0625
Gemma-7B,CSQA,916,3,6,16,0.375
Gemma-7B,CSQA,917,1,2,16,0.125
Gemma-7B,CSQA,918,3,7,16,0.4375
Gemma-7B,CSQA,919,1,5,16,0.3125
Gemma-7B,CSQA,921,1,3,16,0.1875
Gemma-7B,CSQA,922,2,3,16,0.1875
Gemma-7B,CSQA,923,2,5,16,0.3125
Gemma-7B,CSQA,924,1,1,16,0.0625
Gemma-7B,CSQA,925,2,3,16,0.1875
Gemma-7B,CSQA,926,1,5,16,0.3125
Gemma-7B,CSQA,927,1,5,16,0.3125
Gemma-7B,CSQA,929,6,2,16,0.125
Gemma-7B,CSQA,931,3,2,16,0.125
Gemma-7B,CSQA,932,2,6,16,0.375
Gemma-7B,CSQA,934,2,1,16,0.0625
Gemma-7B,CSQA,935,1,5,16,0.3125
Gemma-7B,CSQA,936,1,2,16,0.125
Gemma-7B,CSQA,938,1,1,16,0.0625
Gemma-7B,CSQA,939,2,4,16,0.25
Gemma-7B,CSQA,940,1,5,16,0.3125
Gemma-7B,CSQA,941,2,2,16,0.125
Gemma-7B,CSQA,943,2,3,16,0.1875
Gemma-7B,CSQA,944,3,7,16,0.4375
Gemma-7B,CSQA,945,1,9,16,0.5625
Gemma-7B,CSQA,946,4,3,16,0.1875
Gemma-7B,CSQA,947,4,5,16,0.3125
Gemma-7B,CSQA,948,1,2,16,0.125
Gemma-7B,CSQA,949,2,2,16,0.125
Gemma-7B,CSQA,951,1,1,16,0.0625
Gemma-7B,CSQA,952,2,4,16,0.25
Gemma-7B,CSQA,953,1,2,16,0.125
Gemma-7B,CSQA,954,3,1,16,0.0625
Gemma-7B,CSQA,955,1,4,16,0.25
Gemma-7B,CSQA,957,3,2,16,0.125
Gemma-7B,CSQA,958,1,0,16,0.0
Gemma-7B,CSQA,959,3,3,16,0.1875
Gemma-7B,CSQA,960,6,3,16,0.1875
Gemma-7B,CSQA,962,2,4,16,0.25
Gemma-7B,CSQA,963,2,4,16,0.25
Gemma-7B,CSQA,964,3,1,16,0.0625
Gemma-7B,CSQA,965,2,5,16,0.3125
Gemma-7B,CSQA,966,2,0,16,0.0
Gemma-7B,CSQA,967,3,1,16,0.0625
Gemma-7B,CSQA,968,1,1,16,0.0625
Gemma-7B,CSQA,970,3,0,16,0.0
Gemma-7B,CSQA,971,1,1,16,0.0625
Gemma-7B,CSQA,972,1,3,16,0.1875
Gemma-7B,CSQA,973,3,4,16,0.25
Gemma-7B,CSQA,974,2,1,16,0.0625
Gemma-7B,CSQA,976,2,2,16,0.125
Gemma-7B,CSQA,978,1,1,16,0.0625
Gemma-7B,CSQA,979,1,2,16,0.125
Gemma-7B,CSQA,980,1,6,16,0.375
Gemma-7B,CSQA,981,1,1,16,0.0625
Gemma-7B,CSQA,984,2,1,16,0.0625
Gemma-7B,CSQA,985,1,0,16,0.0
Gemma-7B,CSQA,987,1,5,16,0.3125
Gemma-7B,CSQA,988,1,3,16,0.1875
Gemma-7B,CSQA,989,1,5,16,0.3125
Gemma-7B,CSQA,990,2,2,16,0.125
Gemma-7B,CSQA,991,2,6,16,0.375
Gemma-7B,CSQA,992,1,0,16,0.0
Gemma-7B,CSQA,993,3,2,16,0.125
Gemma-7B,CSQA,996,1,2,16,0.125
Gemma-7B,CSQA,997,1,0,16,0.0
Gemma-7B,CSQA,998,6,3,16,0.1875
Gemma-7B,CSQA,999,1,2,16,0.125
Gemma-7B,CSQA,1000,4,5,16,0.3125
Gemma-7B,CSQA,1001,1,1,16,0.0625
Gemma-7B,CSQA,1003,2,1,16,0.0625
Gemma-7B,CSQA,1005,1,3,16,0.1875
Gemma-7B,CSQA,1006,1,3,16,0.1875
Gemma-7B,CSQA,1007,2,2,16,0.125
Gemma-7B,CSQA,1008,2,2,16,0.125
Gemma-7B,CSQA,1009,5,0,16,0.0
Gemma-7B,CSQA,1010,3,4,16,0.25
Gemma-7B,CSQA,1011,3,11,16,0.6875
Gemma-7B,CSQA,1013,1,1,16,0.0625
Gemma-7B,CSQA,1014,1,2,16,0.125
Gemma-7B,CSQA,1015,5,0,16,0.0
Gemma-7B,CSQA,1016,2,1,16,0.0625
Gemma-7B,CSQA,1018,1,1,16,0.0625
Gemma-7B,CSQA,1019,1,1,16,0.0625
Gemma-7B,CSQA,1020,3,2,16,0.125
Gemma-7B,CSQA,1021,1,3,16,0.1875
Gemma-7B,CSQA,1022,3,5,16,0.3125
Gemma-7B,CSQA,1023,3,5,16,0.3125
Gemma-7B,CSQA,1024,2,3,16,0.1875
Gemma-7B,CSQA,1026,1,1,16,0.0625
Gemma-7B,CSQA,1027,1,2,16,0.125
Gemma-7B,CSQA,1029,3,4,16,0.25
Gemma-7B,CSQA,1030,1,5,16,0.3125
Gemma-7B,CSQA,1031,1,2,16,0.125
Gemma-7B,CSQA,1032,4,3,16,0.1875
Gemma-7B,CSQA,1033,2,4,16,0.25
Gemma-7B,CSQA,1034,2,5,16,0.3125
Gemma-7B,CSQA,1036,1,3,16,0.1875
Gemma-7B,CSQA,1037,2,3,16,0.1875
Gemma-7B,CSQA,1038,2,2,16,0.125
Gemma-7B,CSQA,1039,2,1,16,0.0625
Gemma-7B,CSQA,1040,2,1,16,0.0625
Gemma-7B,CSQA,1041,1,1,16,0.0625
Gemma-7B,CSQA,1042,2,3,16,0.1875
Gemma-7B,CSQA,1043,2,5,16,0.3125
Gemma-7B,CSQA,1044,4,2,16,0.125
Gemma-7B,CSQA,1045,2,2,16,0.125
Gemma-7B,CSQA,1046,1,2,16,0.125
Gemma-7B,CSQA,1048,2,4,16,0.25
Gemma-7B,CSQA,1049,1,8,16,0.5
Gemma-7B,CSQA,1050,1,5,16,0.3125
Gemma-7B,CSQA,1051,1,1,16,0.0625
Gemma-7B,CSQA,1052,1,5,16,0.3125
Gemma-7B,CSQA,1053,3,0,16,0.0
Gemma-7B,CSQA,1056,2,1,16,0.0625
Gemma-7B,CSQA,1058,3,1,16,0.0625
Gemma-7B,CSQA,1059,2,3,16,0.1875
Gemma-7B,CSQA,1060,1,5,16,0.3125
Gemma-7B,CSQA,1061,2,2,16,0.125
Gemma-7B,CSQA,1062,2,1,16,0.0625
Gemma-7B,CSQA,1063,2,4,16,0.25
Gemma-7B,CSQA,1064,5,6,16,0.375
Gemma-7B,CSQA,1065,3,1,16,0.0625
Gemma-7B,CSQA,1066,1,6,16,0.375
Gemma-7B,CSQA,1067,4,5,16,0.3125
Gemma-7B,CSQA,1068,1,3,16,0.1875
Gemma-7B,CSQA,1070,1,4,16,0.25
Gemma-7B,CSQA,1071,1,3,16,0.1875
Gemma-7B,CSQA,1073,1,5,16,0.3125
Gemma-7B,CSQA,1074,4,3,16,0.1875
Gemma-7B,CSQA,1076,1,3,16,0.1875
Gemma-7B,CSQA,1077,2,1,16,0.0625
Gemma-7B,CSQA,1078,5,2,16,0.125
Gemma-7B,CSQA,1079,2,7,16,0.4375
Gemma-7B,CSQA,1082,2,5,16,0.3125
Gemma-7B,CSQA,1083,2,11,16,0.6875
Gemma-7B,CSQA,1084,2,0,16,0.0
Gemma-7B,CSQA,1085,2,2,16,0.125
Gemma-7B,CSQA,1086,2,1,16,0.0625
Gemma-7B,CSQA,1087,3,4,16,0.25
Gemma-7B,CSQA,1088,2,6,16,0.375
Gemma-7B,CSQA,1089,1,1,16,0.0625
Gemma-7B,CSQA,1090,3,0,16,0.0
Gemma-7B,CSQA,1094,1,4,16,0.25
Gemma-7B,CSQA,1096,2,7,16,0.4375
Gemma-7B,CSQA,1097,2,5,16,0.3125
Gemma-7B,CSQA,1098,3,3,16,0.1875
Gemma-7B,CSQA,1099,2,6,16,0.375
Gemma-7B,CSQA,1100,1,3,16,0.1875
Gemma-7B,CSQA,1101,1,5,16,0.3125
Gemma-7B,CSQA,1102,3,2,16,0.125
Gemma-7B,CSQA,1103,4,0,16,0.0
Gemma-7B,CSQA,1104,2,3,16,0.1875
Gemma-7B,CSQA,1105,1,3,16,0.1875
Gemma-7B,CSQA,1106,2,2,16,0.125
Gemma-7B,CSQA,1107,2,1,16,0.0625
Gemma-7B,CSQA,1108,2,2,16,0.125
Gemma-7B,CSQA,1109,2,3,16,0.1875
Gemma-7B,CSQA,1110,1,1,16,0.0625
Gemma-7B,CSQA,1111,3,4,16,0.25
Gemma-7B,CSQA,1114,3,3,16,0.1875
Gemma-7B,CSQA,1115,1,1,16,0.0625
Gemma-7B,CSQA,1116,1,4,16,0.25
Gemma-7B,CSQA,1117,4,2,16,0.125
Gemma-7B,CSQA,1119,4,2,16,0.125
Gemma-7B,CSQA,1120,2,3,16,0.1875
Gemma-7B,CSQA,1122,1,6,16,0.375
Gemma-7B,CSQA,1124,2,3,16,0.1875
Gemma-7B,CSQA,1125,1,1,16,0.0625
Gemma-7B,CSQA,1126,1,2,16,0.125
Gemma-7B,CSQA,1128,1,1,16,0.0625
Gemma-7B,CSQA,1129,2,4,16,0.25
Gemma-7B,CSQA,1131,2,1,16,0.0625
Gemma-7B,CSQA,1132,1,2,16,0.125
Gemma-7B,CSQA,1133,2,2,16,0.125
Gemma-7B,CSQA,1134,1,1,16,0.0625
Gemma-7B,CSQA,1135,2,2,16,0.125
Gemma-7B,CSQA,1136,3,3,16,0.1875
Gemma-7B,CSQA,1138,2,4,16,0.25
Gemma-7B,CSQA,1139,1,3,16,0.1875
Gemma-7B,CSQA,1141,3,3,16,0.1875
Gemma-7B,CSQA,1142,1,2,16,0.125
Gemma-7B,CSQA,1143,1,2,16,0.125
Gemma-7B,CSQA,1144,1,1,16,0.0625
Gemma-7B,CSQA,1145,2,2,16,0.125
Gemma-7B,CSQA,1146,2,3,16,0.1875
Gemma-7B,CSQA,1147,2,2,16,0.125
Gemma-7B,CSQA,1148,3,2,16,0.125
Gemma-7B,CSQA,1149,3,3,16,0.1875
Gemma-7B,CSQA,1150,3,2,16,0.125
Gemma-7B,CSQA,1151,1,2,16,0.125
Gemma-7B,CSQA,1153,1,5,16,0.3125
Gemma-7B,CSQA,1154,1,2,16,0.125
Gemma-7B,CSQA,1155,1,4,16,0.25
Gemma-7B,CSQA,1156,1,2,16,0.125
Gemma-7B,CSQA,1157,3,0,16,0.0
Gemma-7B,CSQA,1158,1,3,16,0.1875
Gemma-7B,CSQA,1159,3,2,16,0.125
Gemma-7B,CSQA,1160,4,2,16,0.125
Gemma-7B,CSQA,1161,1,3,16,0.1875
Gemma-7B,CSQA,1162,1,2,16,0.125
Gemma-7B,CSQA,1163,3,4,16,0.25
Gemma-7B,CSQA,1164,1,3,16,0.1875
Gemma-7B,CSQA,1165,1,8,16,0.5
Gemma-7B,CSQA,1166,2,3,16,0.1875
Gemma-7B,CSQA,1168,1,4,16,0.25
Gemma-7B,CSQA,1169,2,4,16,0.25
Gemma-7B,CSQA,1170,2,5,16,0.3125
Gemma-7B,CSQA,1172,2,0,16,0.0
Gemma-7B,CSQA,1173,2,1,16,0.0625
Gemma-7B,CSQA,1174,1,3,16,0.1875
Gemma-7B,CSQA,1175,1,2,16,0.125
Gemma-7B,CSQA,1176,2,2,16,0.125
Gemma-7B,CSQA,1177,1,5,16,0.3125
Gemma-7B,CSQA,1178,2,2,16,0.125
Gemma-7B,CSQA,1179,2,3,16,0.1875
Gemma-7B,CSQA,1180,3,5,16,0.3125
Gemma-7B,CSQA,1181,1,3,16,0.1875
Gemma-7B,CSQA,1182,2,2,16,0.125
Gemma-7B,CSQA,1183,1,1,16,0.0625
Gemma-7B,CSQA,1184,1,0,16,0.0
Gemma-7B,CSQA,1185,2,1,16,0.0625
Gemma-7B,CSQA,1186,3,2,16,0.125
Gemma-7B,CSQA,1188,2,10,16,0.625
Gemma-7B,CSQA,1189,1,2,16,0.125
Gemma-7B,CSQA,1190,2,2,16,0.125
Gemma-7B,CSQA,1191,5,1,16,0.0625
Gemma-7B,CSQA,1192,3,3,16,0.1875
Gemma-7B,CSQA,1194,1,3,16,0.1875
Gemma-7B,CSQA,1195,1,0,16,0.0
Gemma-7B,CSQA,1197,1,0,16,0.0
Gemma-7B,CSQA,1198,1,6,16,0.375
Gemma-7B,CSQA,1199,2,3,16,0.1875
Gemma-7B,CSQA,1200,4,1,16,0.0625
Gemma-7B,CSQA,1201,2,2,16,0.125
Gemma-7B,CSQA,1202,2,1,16,0.0625
Gemma-7B,CSQA,1203,1,4,16,0.25
Gemma-7B,CSQA,1204,1,5,16,0.3125
Gemma-7B,CSQA,1205,1,3,16,0.1875
Gemma-7B,CSQA,1207,2,0,16,0.0
Gemma-7B,CSQA,1208,1,2,16,0.125
Gemma-7B,CSQA,1210,3,1,16,0.0625
Gemma-7B,CSQA,1211,1,2,16,0.125
Gemma-7B,CSQA,1213,2,6,16,0.375
Gemma-7B,CSQA,1214,2,3,16,0.1875
Gemma-7B,CSQA,1215,1,1,16,0.0625
Gemma-7B,CSQA,1216,2,5,16,0.3125
Gemma-7B,CSQA,1217,3,3,16,0.1875
Gemma-7B,CSQA,1218,1,0,16,0.0
Gemma-7B,CSQA,1220,3,4,16,0.25
Gemma-7B,GPQA,0,1,3,16,0.1875
Gemma-7B,GPQA,3,1,7,16,0.4375
Gemma-7B,GPQA,4,2,2,16,0.125
Gemma-7B,GPQA,5,6,3,16,0.1875
Gemma-7B,GPQA,6,1,6,16,0.375
Gemma-7B,GPQA,7,2,4,16,0.25
Gemma-7B,GPQA,8,1,4,16,0.25
Gemma-7B,GPQA,9,1,1,16,0.0625
Gemma-7B,GPQA,10,1,4,16,0.25
Gemma-7B,GPQA,12,7,2,16,0.125
Gemma-7B,GPQA,15,2,4,16,0.25
Gemma-7B,GPQA,16,6,3,16,0.1875
Gemma-7B,GPQA,18,2,3,16,0.1875
Gemma-7B,GPQA,19,3,6,16,0.375
Gemma-7B,GPQA,23,1,3,16,0.1875
Gemma-7B,GPQA,25,1,0,16,0.0
Gemma-7B,GPQA,26,1,4,16,0.25
Gemma-7B,GPQA,27,2,6,16,0.375
Gemma-7B,GPQA,29,1,6,16,0.375
Gemma-7B,GPQA,30,4,3,16,0.1875
Gemma-7B,GPQA,31,1,1,16,0.0625
Gemma-7B,GPQA,35,1,2,16,0.125
Gemma-7B,GPQA,36,1,5,16,0.3125
Gemma-7B,GPQA,37,1,0,16,0.0
Gemma-7B,GPQA,39,9,2,16,0.125
Gemma-7B,GPQA,41,1,4,16,0.25
Gemma-7B,GPQA,44,8,1,16,0.0625
Gemma-7B,GPQA,46,3,2,16,0.125
Gemma-7B,GPQA,47,1,4,16,0.25
Gemma-7B,GPQA,48,2,5,16,0.3125
Gemma-7B,GPQA,50,1,0,16,0.0
Gemma-7B,GPQA,51,6,5,16,0.3125
Gemma-7B,GPQA,52,7,2,16,0.125
Gemma-7B,GPQA,53,1,2,16,0.125
Gemma-7B,GPQA,54,5,2,16,0.125
Gemma-7B,GPQA,55,1,2,16,0.125
Gemma-7B,GPQA,56,2,4,16,0.25
Gemma-7B,GPQA,57,1,3,16,0.1875
Gemma-7B,GPQA,58,1,2,16,0.125
Gemma-7B,GPQA,59,1,2,16,0.125
Gemma-7B,GPQA,60,4,5,16,0.3125
Gemma-7B,GPQA,63,1,2,16,0.125
Gemma-7B,GPQA,65,2,4,16,0.25
Gemma-7B,GPQA,69,1,5,16,0.3125
Gemma-7B,GPQA,70,1,1,16,0.0625
Gemma-7B,GPQA,74,1,3,16,0.1875
Gemma-7B,GPQA,75,1,2,16,0.125
Gemma-7B,GPQA,77,1,3,16,0.1875
Gemma-7B,GPQA,78,1,4,16,0.25
Gemma-7B,GPQA,79,2,6,16,0.375
Gemma-7B,GPQA,80,1,3,16,0.1875
Gemma-7B,GPQA,82,1,5,16,0.3125
Gemma-7B,GPQA,84,7,3,16,0.1875
Gemma-7B,GPQA,85,6,1,16,0.0625
Gemma-7B,GPQA,87,1,4,16,0.25
Gemma-7B,GPQA,89,1,5,16,0.3125
Gemma-7B,GPQA,90,7,0,16,0.0
Gemma-7B,GPQA,92,2,6,16,0.375
Gemma-7B,GPQA,93,2,5,16,0.3125
Gemma-7B,GPQA,95,1,3,16,0.1875
Gemma-7B,GPQA,96,1,4,16,0.25
Gemma-7B,GPQA,99,1,5,16,0.3125
Gemma-7B,GPQA,101,1,5,16,0.3125
Gemma-7B,GPQA,103,3,8,16,0.5
Gemma-7B,GPQA,105,1,2,16,0.125
Gemma-7B,GPQA,109,3,5,16,0.3125
Gemma-7B,GPQA,110,1,5,16,0.3125
Gemma-7B,GPQA,111,1,3,16,0.1875
Gemma-7B,GPQA,113,9,2,16,0.125
Gemma-7B,GPQA,115,1,1,16,0.0625
Gemma-7B,GPQA,116,1,3,16,0.1875
Gemma-7B,GPQA,117,2,3,16,0.1875
Gemma-7B,GPQA,121,2,3,16,0.1875
Gemma-7B,GPQA,122,1,3,16,0.1875
Gemma-7B,GPQA,123,1,3,16,0.1875
Gemma-7B,GPQA,124,2,6,16,0.375
Gemma-7B,GPQA,125,1,1,16,0.0625
Gemma-7B,GPQA,128,1,3,16,0.1875
Gemma-7B,GPQA,134,2,2,16,0.125
Gemma-7B,GPQA,135,1,3,16,0.1875
Gemma-7B,GPQA,137,2,2,16,0.125
Gemma-7B,GPQA,138,1,1,16,0.0625
Gemma-7B,GPQA,141,1,1,16,0.0625
Gemma-7B,GPQA,142,2,4,16,0.25
Gemma-7B,GPQA,143,1,1,16,0.0625
Gemma-7B,GPQA,144,1,3,16,0.1875
Gemma-7B,GPQA,145,1,1,16,0.0625
Gemma-7B,GPQA,152,2,4,16,0.25
Gemma-7B,GPQA,155,1,7,16,0.4375
Gemma-7B,GPQA,156,1,3,16,0.1875
Gemma-7B,GPQA,160,10,1,16,0.0625
Gemma-7B,GPQA,161,9,2,16,0.125
Gemma-7B,GPQA,162,2,5,16,0.3125
Gemma-7B,GPQA,163,6,0,16,0.0
Gemma-7B,GPQA,164,4,4,16,0.25
Gemma-7B,GPQA,165,1,5,16,0.3125
Gemma-7B,GPQA,166,7,2,16,0.125
Gemma-7B,GPQA,168,3,2,16,0.125
Gemma-7B,GPQA,169,2,3,16,0.1875
Gemma-7B,GPQA,170,2,5,16,0.3125
Gemma-7B,GPQA,172,3,1,16,0.0625
Gemma-7B,GPQA,176,4,2,16,0.125
Gemma-7B,GPQA,177,5,4,16,0.25
Gemma-7B,GPQA,179,1,4,16,0.25
Gemma-7B,GPQA,180,2,4,16,0.25
Gemma-7B,GPQA,181,2,6,16,0.375
Gemma-7B,GPQA,182,1,5,16,0.3125
Gemma-7B,GPQA,183,2,4,16,0.25
Gemma-7B,GPQA,184,7,1,16,0.0625
Gemma-7B,GPQA,186,2,5,16,0.3125
Gemma-7B,GPQA,187,2,2,16,0.125
Gemma-7B,GPQA,188,1,3,16,0.1875
Gemma-7B,GPQA,189,1,3,16,0.1875
Gemma-7B,GPQA,190,1,3,16,0.1875
Gemma-7B,GPQA,191,1,1,16,0.0625
Gemma-7B,GPQA,193,9,3,16,0.1875
Gemma-7B,GPQA,195,1,4,16,0.25
Gemma-7B,GPQA,196,3,4,16,0.25
Gemma-7B,GPQA,197,2,6,16,0.375
Gemma-7B,GPQA,198,1,1,16,0.0625
Gemma-7B,GPQA,199,9,2,16,0.125
Gemma-7B,GPQA,200,3,3,16,0.1875
Gemma-7B,GPQA,201,9,5,16,0.3125
Gemma-7B,GPQA,202,1,1,16,0.0625
Gemma-7B,GPQA,203,2,3,16,0.1875
Gemma-7B,GPQA,204,1,1,16,0.0625
Gemma-7B,GPQA,207,2,5,16,0.3125
Gemma-7B,GPQA,208,4,2,16,0.125
Gemma-7B,GPQA,210,2,5,16,0.3125
Gemma-7B,GPQA,211,1,3,16,0.1875
Gemma-7B,GPQA,212,1,6,16,0.375
Gemma-7B,GPQA,213,1,1,16,0.0625
Gemma-7B,GPQA,214,2,6,16,0.375
Gemma-7B,GPQA,215,4,6,16,0.375
Gemma-7B,GPQA,218,3,4,16,0.25
Gemma-7B,GPQA,219,1,2,16,0.125
Gemma-7B,GPQA,220,1,1,16,0.0625
Gemma-7B,GPQA,222,8,3,16,0.1875
Gemma-7B,GPQA,224,3,3,16,0.1875
Gemma-7B,GPQA,225,1,2,16,0.125
Gemma-7B,GPQA,226,1,3,16,0.1875
Gemma-7B,GPQA,227,1,2,16,0.125
Gemma-7B,GPQA,228,3,1,16,0.0625
Gemma-7B,GPQA,229,9,2,16,0.125
Gemma-7B,GPQA,231,1,3,16,0.1875
Gemma-7B,GPQA,234,6,3,16,0.1875
Gemma-7B,GPQA,235,7,1,16,0.0625
Gemma-7B,GPQA,237,2,6,16,0.375
Gemma-7B,GPQA,238,2,4,16,0.25
Gemma-7B,GPQA,242,1,2,16,0.125
Gemma-7B,GPQA,244,5,2,16,0.125
Gemma-7B,GPQA,245,1,6,16,0.375
Gemma-7B,GPQA,247,1,1,16,0.0625
Gemma-7B,GPQA,248,2,0,16,0.0
Gemma-7B,GPQA,250,2,7,16,0.4375
Gemma-7B,GPQA,251,5,7,16,0.4375
Gemma-7B,GPQA,255,1,1,16,0.0625
Gemma-7B,GPQA,256,5,2,16,0.125
Gemma-7B,GPQA,258,2,6,16,0.375
Gemma-7B,GPQA,259,1,2,16,0.125
Gemma-7B,GPQA,260,2,2,16,0.125
Gemma-7B,GPQA,262,5,4,16,0.25
Gemma-7B,GPQA,263,1,2,16,0.125
Gemma-7B,GPQA,264,2,3,16,0.1875
Gemma-7B,GPQA,265,1,5,16,0.3125
Gemma-7B,GPQA,267,1,3,16,0.1875
Gemma-7B,GPQA,269,1,3,16,0.1875
Gemma-7B,GPQA,275,6,6,16,0.375
Gemma-7B,GPQA,276,1,1,16,0.0625
Gemma-7B,GPQA,277,3,6,16,0.375
Gemma-7B,GPQA,279,6,4,16,0.25
Gemma-7B,GPQA,283,7,3,16,0.1875
Gemma-7B,GPQA,284,2,5,16,0.3125
Gemma-7B,GPQA,285,1,6,16,0.375
Gemma-7B,GPQA,286,1,4,16,0.25
Gemma-7B,GPQA,287,5,1,16,0.0625
Gemma-7B,GPQA,289,7,1,16,0.0625
Gemma-7B,GPQA,290,7,2,16,0.125
Gemma-7B,GPQA,292,1,5,16,0.3125
Gemma-7B,GPQA,295,1,5,16,0.3125
Gemma-7B,GPQA,296,1,2,16,0.125
Gemma-7B,GPQA,299,1,1,16,0.0625
Gemma-7B,GPQA,300,3,4,16,0.25
Gemma-7B,GPQA,301,5,5,16,0.3125
Gemma-7B,GPQA,305,1,7,16,0.4375
Gemma-7B,GPQA,306,11,3,16,0.1875
Gemma-7B,GPQA,307,1,2,16,0.125
Gemma-7B,GPQA,308,1,4,16,0.25
Gemma-7B,GPQA,309,1,4,16,0.25
Gemma-7B,GPQA,311,1,5,16,0.3125
Gemma-7B,GPQA,316,1,4,16,0.25
Gemma-7B,GPQA,317,1,2,16,0.125
Gemma-7B,GPQA,318,7,2,16,0.125
Gemma-7B,GPQA,320,2,0,16,0.0
Gemma-7B,GPQA,322,4,4,16,0.25
Gemma-7B,GPQA,324,1,4,16,0.25
Gemma-7B,GPQA,325,1,3,16,0.1875
Gemma-7B,GPQA,327,2,4,16,0.25
Gemma-7B,GPQA,329,9,3,16,0.1875
Gemma-7B,GPQA,331,1,3,16,0.1875
Gemma-7B,GPQA,332,2,7,16,0.4375
Gemma-7B,GPQA,333,3,3,16,0.1875
Gemma-7B,GPQA,334,1,3,16,0.1875
Gemma-7B,GPQA,335,1,6,16,0.375
Gemma-7B,GPQA,337,1,5,16,0.3125
Gemma-7B,GPQA,339,7,3,16,0.1875
Gemma-7B,GPQA,343,1,6,16,0.375
Gemma-7B,GPQA,344,1,2,16,0.125
Gemma-7B,GPQA,345,3,3,16,0.1875
Gemma-7B,GPQA,346,2,6,16,0.375
Gemma-7B,GPQA,348,3,6,16,0.375
Gemma-7B,GPQA,350,1,3,16,0.1875
Gemma-7B,GPQA,352,1,4,16,0.25
Gemma-7B,GPQA,353,6,4,16,0.25
Gemma-7B,GPQA,354,3,1,16,0.0625
Gemma-7B,GPQA,356,1,2,16,0.125
Gemma-7B,GPQA,357,1,2,16,0.125
Gemma-7B,GPQA,360,1,3,16,0.1875
Gemma-7B,GPQA,361,2,4,16,0.25
Gemma-7B,GPQA,362,1,3,16,0.1875
Gemma-7B,GPQA,363,7,3,16,0.1875
Gemma-7B,GPQA,365,10,1,16,0.0625
Gemma-7B,GPQA,368,1,2,16,0.125
Gemma-7B,GPQA,369,1,4,16,0.25
Gemma-7B,GPQA,370,1,10,16,0.625
Gemma-7B,GPQA,373,2,4,16,0.25
Gemma-7B,GPQA,374,1,3,16,0.1875
Gemma-7B,GPQA,375,1,3,16,0.1875
Gemma-7B,GPQA,376,1,4,16,0.25
Gemma-7B,GPQA,377,4,1,16,0.0625
Gemma-7B,GPQA,378,1,4,16,0.25
Gemma-7B,GPQA,379,7,2,16,0.125
Gemma-7B,GPQA,382,5,3,16,0.1875
Gemma-7B,GPQA,383,1,6,16,0.375
Gemma-7B,GPQA,384,1,4,16,0.25
Gemma-7B,GPQA,388,2,5,16,0.3125
Gemma-7B,GPQA,389,1,6,16,0.375
Gemma-7B,GPQA,393,4,7,16,0.4375
Gemma-7B,GPQA,394,3,2,16,0.125
Gemma-7B,GPQA,396,1,1,16,0.0625
Gemma-7B,GPQA,397,4,5,16,0.3125
Gemma-7B,GPQA,399,6,0,16,0.0
Gemma-7B,GPQA,400,1,6,16,0.375
Gemma-7B,GPQA,401,6,1,16,0.0625
Gemma-7B,GPQA,402,2,5,16,0.3125
Gemma-7B,GPQA,403,2,3,16,0.1875
Gemma-7B,GPQA,404,1,1,16,0.0625
Gemma-7B,GPQA,405,1,6,16,0.375
Gemma-7B,GPQA,407,1,2,16,0.125
Gemma-7B,GPQA,408,6,2,16,0.125
Gemma-7B,GPQA,409,4,2,16,0.125
Gemma-7B,GPQA,410,1,7,16,0.4375
Gemma-7B,GPQA,411,7,2,16,0.125
Gemma-7B,GPQA,412,3,3,16,0.1875
Gemma-7B,GPQA,413,7,2,16,0.125
Gemma-7B,GPQA,414,1,3,16,0.1875
Gemma-7B,GPQA,415,1,1,16,0.0625
Gemma-7B,GPQA,417,2,1,16,0.0625
Gemma-7B,GPQA,418,4,4,16,0.25
Gemma-7B,GPQA,421,1,3,16,0.1875
Gemma-7B,GPQA,422,1,3,16,0.1875
Gemma-7B,GPQA,423,1,3,16,0.1875
Gemma-7B,GPQA,425,1,5,16,0.3125
Gemma-7B,GPQA,427,9,2,16,0.125
Gemma-7B,GPQA,428,5,2,16,0.125
Gemma-7B,GPQA,435,1,4,16,0.25
Gemma-7B,GPQA,436,6,7,16,0.4375
Gemma-7B,GPQA,439,1,4,16,0.25
Gemma-7B,GPQA,440,3,5,16,0.3125
Gemma-7B,GPQA,441,1,3,16,0.1875
Gemma-7B,GPQA,442,1,3,16,0.1875
Gemma-7B,GPQA,443,1,4,16,0.25
Gemma-7B,GPQA,444,5,2,16,0.125
Gemma-7B,GPQA,445,2,5,16,0.3125
Gemma-7B,GSM8K,2,2,0,16,0.0
Gemma-7B,GSM8K,3,2,7,16,0.4375
Gemma-7B,GSM8K,4,2,2,16,0.125
Gemma-7B,GSM8K,5,3,3,16,0.1875
Gemma-7B,GSM8K,6,3,11,16,0.6875
Gemma-7B,GSM8K,7,2,0,16,0.0
Gemma-7B,GSM8K,10,1,9,16,0.5625
Gemma-7B,GSM8K,11,4,4,16,0.25
Gemma-7B,GSM8K,12,4,0,16,0.0
Gemma-7B,GSM8K,13,2,1,16,0.0625
Gemma-7B,GSM8K,14,4,5,16,0.3125
Gemma-7B,GSM8K,15,1,4,16,0.25
Gemma-7B,GSM8K,16,2,2,16,0.125
Gemma-7B,GSM8K,17,2,8,16,0.5
Gemma-7B,GSM8K,18,1,3,16,0.1875
Gemma-7B,GSM8K,19,1,2,16,0.125
Gemma-7B,GSM8K,20,3,3,16,0.1875
Gemma-7B,GSM8K,21,1,1,16,0.0625
Gemma-7B,GSM8K,22,2,5,16,0.3125
Gemma-7B,GSM8K,23,3,7,16,0.4375
Gemma-7B,GSM8K,25,5,6,16,0.375
Gemma-7B,GSM8K,26,3,8,16,0.5
Gemma-7B,GSM8K,27,2,4,16,0.25
Gemma-7B,GSM8K,29,3,2,16,0.125
Gemma-7B,GSM8K,30,1,4,16,0.25
Gemma-7B,GSM8K,31,4,4,16,0.25
Gemma-7B,GSM8K,32,2,8,16,0.5
Gemma-7B,GSM8K,33,3,6,16,0.375
Gemma-7B,GSM8K,34,3,4,16,0.25
Gemma-7B,GSM8K,37,2,0,16,0.0
Gemma-7B,GSM8K,39,4,1,16,0.0625
Gemma-7B,GSM8K,40,2,1,16,0.0625
Gemma-7B,GSM8K,41,1,3,16,0.1875
Gemma-7B,GSM8K,42,2,10,16,0.625
Gemma-7B,GSM8K,45,4,3,16,0.1875
Gemma-7B,GSM8K,46,2,5,16,0.3125
Gemma-7B,GSM8K,47,1,0,16,0.0
Gemma-7B,GSM8K,48,1,8,16,0.5
Gemma-7B,GSM8K,49,4,10,16,0.625
Gemma-7B,GSM8K,50,1,6,16,0.375
Gemma-7B,GSM8K,51,1,2,16,0.125
Gemma-7B,GSM8K,54,1,3,16,0.1875
Gemma-7B,GSM8K,55,3,11,16,0.6875
Gemma-7B,GSM8K,57,1,8,16,0.5
Gemma-7B,GSM8K,59,1,9,16,0.5625
Gemma-7B,GSM8K,60,1,5,16,0.3125
Gemma-7B,GSM8K,62,2,0,16,0.0
Gemma-7B,GSM8K,63,4,3,16,0.1875
Gemma-7B,GSM8K,65,3,3,16,0.1875
Gemma-7B,GSM8K,67,1,2,16,0.125
Gemma-7B,GSM8K,68,1,7,16,0.4375
Gemma-7B,GSM8K,69,1,10,16,0.625
Gemma-7B,GSM8K,70,1,2,16,0.125
Gemma-7B,GSM8K,71,2,10,16,0.625
Gemma-7B,GSM8K,72,3,7,16,0.4375
Gemma-7B,GSM8K,75,1,1,16,0.0625
Gemma-7B,GSM8K,76,2,5,16,0.3125
Gemma-7B,GSM8K,77,5,7,16,0.4375
Gemma-7B,GSM8K,78,2,5,16,0.3125
Gemma-7B,GSM8K,79,1,10,16,0.625
Gemma-7B,GSM8K,81,1,5,16,0.3125
Gemma-7B,GSM8K,82,1,7,16,0.4375
Gemma-7B,GSM8K,84,2,9,16,0.5625
Gemma-7B,GSM8K,85,1,7,16,0.4375
Gemma-7B,GSM8K,86,2,8,16,0.5
Gemma-7B,GSM8K,87,1,0,16,0.0
Gemma-7B,GSM8K,89,1,9,16,0.5625
Gemma-7B,GSM8K,90,1,7,16,0.4375
Gemma-7B,GSM8K,92,1,2,16,0.125
Gemma-7B,GSM8K,93,1,3,16,0.1875
Gemma-7B,GSM8K,94,3,3,16,0.1875
Gemma-7B,GSM8K,97,2,2,16,0.125
Gemma-7B,GSM8K,98,2,7,16,0.4375
Gemma-7B,GSM8K,100,4,0,16,0.0
Gemma-7B,GSM8K,101,2,1,16,0.0625
Gemma-7B,GSM8K,102,2,1,16,0.0625
Gemma-7B,GSM8K,103,1,4,16,0.25
Gemma-7B,GSM8K,104,1,9,16,0.5625
Gemma-7B,GSM8K,105,1,9,16,0.5625
Gemma-7B,GSM8K,107,2,3,16,0.1875
Gemma-7B,GSM8K,108,2,9,16,0.5625
Gemma-7B,GSM8K,109,1,9,16,0.5625
Gemma-7B,GSM8K,110,1,8,16,0.5
Gemma-7B,GSM8K,111,1,4,16,0.25
Gemma-7B,GSM8K,113,1,11,16,0.6875
Gemma-7B,GSM8K,114,4,4,16,0.25
Gemma-7B,GSM8K,116,4,3,16,0.1875
Gemma-7B,GSM8K,117,2,7,16,0.4375
Gemma-7B,GSM8K,118,2,10,16,0.625
Gemma-7B,GSM8K,119,4,1,16,0.0625
Gemma-7B,GSM8K,120,2,8,16,0.5
Gemma-7B,GSM8K,121,3,2,16,0.125
Gemma-7B,GSM8K,122,1,0,16,0.0
Gemma-7B,GSM8K,123,2,8,16,0.5
Gemma-7B,GSM8K,124,2,1,16,0.0625
Gemma-7B,GSM8K,125,1,5,16,0.3125
Gemma-7B,GSM8K,126,1,8,16,0.5
Gemma-7B,GSM8K,127,1,10,16,0.625
Gemma-7B,GSM8K,129,1,3,16,0.1875
Gemma-7B,GSM8K,130,1,11,16,0.6875
Gemma-7B,GSM8K,132,1,4,16,0.25
Gemma-7B,GSM8K,133,2,13,16,0.8125
Gemma-7B,GSM8K,135,1,4,16,0.25
Gemma-7B,GSM8K,137,4,5,16,0.3125
Gemma-7B,GSM8K,138,2,1,16,0.0625
Gemma-7B,GSM8K,139,4,6,16,0.375
Gemma-7B,GSM8K,140,1,13,16,0.8125
Gemma-7B,GSM8K,141,4,4,16,0.25
Gemma-7B,GSM8K,143,2,1,16,0.0625
Gemma-7B,GSM8K,145,2,5,16,0.3125
Gemma-7B,GSM8K,146,2,3,16,0.1875
Gemma-7B,GSM8K,148,1,5,16,0.3125
Gemma-7B,GSM8K,150,3,2,16,0.125
Gemma-7B,GSM8K,151,1,5,16,0.3125
Gemma-7B,GSM8K,154,2,2,16,0.125
Gemma-7B,GSM8K,155,3,5,16,0.3125
Gemma-7B,GSM8K,157,1,0,16,0.0
Gemma-7B,GSM8K,158,1,9,16,0.5625
Gemma-7B,GSM8K,160,2,12,16,0.75
Gemma-7B,GSM8K,161,4,3,16,0.1875
Gemma-7B,GSM8K,162,7,1,16,0.0625
Gemma-7B,GSM8K,163,1,2,16,0.125
Gemma-7B,GSM8K,164,1,3,16,0.1875
Gemma-7B,GSM8K,165,1,8,16,0.5
Gemma-7B,GSM8K,166,1,8,16,0.5
Gemma-7B,GSM8K,168,2,10,16,0.625
Gemma-7B,GSM8K,169,2,4,16,0.25
Gemma-7B,GSM8K,170,3,8,16,0.5
Gemma-7B,GSM8K,171,1,12,16,0.75
Gemma-7B,GSM8K,172,3,3,16,0.1875
Gemma-7B,GSM8K,173,2,4,16,0.25
Gemma-7B,GSM8K,175,3,1,16,0.0625
Gemma-7B,GSM8K,177,2,1,16,0.0625
Gemma-7B,GSM8K,178,1,8,16,0.5
Gemma-7B,GSM8K,179,3,8,16,0.5
Gemma-7B,GSM8K,182,1,0,16,0.0
Gemma-7B,GSM8K,184,2,4,16,0.25
Gemma-7B,GSM8K,186,1,0,16,0.0
Gemma-7B,GSM8K,187,1,8,16,0.5
Gemma-7B,GSM8K,188,3,5,16,0.3125
Gemma-7B,GSM8K,189,3,3,16,0.1875
Gemma-7B,GSM8K,190,1,10,16,0.625
Gemma-7B,GSM8K,192,2,1,16,0.0625
Gemma-7B,GSM8K,193,1,5,16,0.3125
Gemma-7B,GSM8K,195,1,13,16,0.8125
Gemma-7B,GSM8K,196,4,3,16,0.1875
Gemma-7B,GSM8K,198,4,2,16,0.125
Gemma-7B,GSM8K,199,4,3,16,0.1875
Gemma-7B,GSM8K,200,1,11,16,0.6875
Gemma-7B,GSM8K,201,1,2,16,0.125
Gemma-7B,GSM8K,204,1,7,16,0.4375
Gemma-7B,GSM8K,206,2,11,16,0.6875
Gemma-7B,GSM8K,209,1,1,16,0.0625
Gemma-7B,GSM8K,210,3,7,16,0.4375
Gemma-7B,GSM8K,212,2,8,16,0.5
Gemma-7B,GSM8K,213,1,2,16,0.125
Gemma-7B,GSM8K,214,6,2,16,0.125
Gemma-7B,GSM8K,215,2,12,16,0.75
Gemma-7B,GSM8K,216,1,4,16,0.25
Gemma-7B,GSM8K,217,1,8,16,0.5
Gemma-7B,GSM8K,218,5,3,16,0.1875
Gemma-7B,GSM8K,219,3,0,16,0.0
Gemma-7B,GSM8K,220,1,10,16,0.625
Gemma-7B,GSM8K,221,3,8,16,0.5
Gemma-7B,GSM8K,222,2,7,16,0.4375
Gemma-7B,GSM8K,223,3,13,16,0.8125
Gemma-7B,GSM8K,224,2,9,16,0.5625
Gemma-7B,GSM8K,225,2,7,16,0.4375
Gemma-7B,GSM8K,226,1,1,16,0.0625
Gemma-7B,GSM8K,227,4,8,16,0.5
Gemma-7B,GSM8K,228,1,4,16,0.25
Gemma-7B,GSM8K,230,1,7,16,0.4375
Gemma-7B,GSM8K,236,5,0,16,0.0
Gemma-7B,GSM8K,237,1,7,16,0.4375
Gemma-7B,GSM8K,239,1,11,16,0.6875
Gemma-7B,GSM8K,240,4,6,16,0.375
Gemma-7B,GSM8K,241,1,6,16,0.375
Gemma-7B,GSM8K,243,1,7,16,0.4375
Gemma-7B,GSM8K,244,3,0,16,0.0
Gemma-7B,GSM8K,245,1,1,16,0.0625
Gemma-7B,GSM8K,247,2,9,16,0.5625
Gemma-7B,GSM8K,249,4,3,16,0.1875
Gemma-7B,GSM8K,250,4,3,16,0.1875
Gemma-7B,GSM8K,251,1,9,16,0.5625
Gemma-7B,GSM8K,252,3,0,16,0.0
Gemma-7B,GSM8K,254,2,4,16,0.25
Gemma-7B,GSM8K,255,4,0,16,0.0
Gemma-7B,GSM8K,256,4,8,16,0.5
Gemma-7B,GSM8K,257,2,3,16,0.1875
Gemma-7B,GSM8K,258,2,14,16,0.875
Gemma-7B,GSM8K,259,3,0,16,0.0
Gemma-7B,GSM8K,260,2,1,16,0.0625
Gemma-7B,GSM8K,261,2,9,16,0.5625
Gemma-7B,GSM8K,263,1,8,16,0.5
Gemma-7B,GSM8K,265,6,3,16,0.1875
Gemma-7B,GSM8K,266,3,1,16,0.0625
Gemma-7B,GSM8K,268,2,10,16,0.625
Gemma-7B,GSM8K,270,2,9,16,0.5625
Gemma-7B,GSM8K,271,2,9,16,0.5625
Gemma-7B,GSM8K,273,5,2,16,0.125
Gemma-7B,GSM8K,276,4,2,16,0.125
Gemma-7B,GSM8K,277,4,4,16,0.25
Gemma-7B,GSM8K,278,2,7,16,0.4375
Gemma-7B,GSM8K,279,1,9,16,0.5625
Gemma-7B,GSM8K,280,2,12,16,0.75
Gemma-7B,GSM8K,281,3,2,16,0.125
Gemma-7B,GSM8K,282,1,6,16,0.375
Gemma-7B,GSM8K,284,3,4,16,0.25
Gemma-7B,GSM8K,285,1,8,16,0.5
Gemma-7B,GSM8K,286,1,12,16,0.75
Gemma-7B,GSM8K,287,1,3,16,0.1875
Gemma-7B,GSM8K,289,2,9,16,0.5625
Gemma-7B,GSM8K,290,1,4,16,0.25
Gemma-7B,GSM8K,291,1,9,16,0.5625
Gemma-7B,GSM8K,292,1,2,16,0.125
Gemma-7B,GSM8K,295,2,2,16,0.125
Gemma-7B,GSM8K,298,3,1,16,0.0625
Gemma-7B,GSM8K,299,1,7,16,0.4375
Gemma-7B,GSM8K,300,1,7,16,0.4375
Gemma-7B,GSM8K,301,1,0,16,0.0
Gemma-7B,GSM8K,302,2,10,16,0.625
Gemma-7B,GSM8K,303,2,1,16,0.0625
Gemma-7B,GSM8K,304,2,6,16,0.375
Gemma-7B,GSM8K,306,1,6,16,0.375
Gemma-7B,GSM8K,307,2,1,16,0.0625
Gemma-7B,GSM8K,308,2,3,16,0.1875
Gemma-7B,GSM8K,309,2,6,16,0.375
Gemma-7B,GSM8K,310,5,2,16,0.125
Gemma-7B,GSM8K,311,2,7,16,0.4375
Gemma-7B,GSM8K,312,1,11,16,0.6875
Gemma-7B,GSM8K,313,3,1,16,0.0625
Gemma-7B,GSM8K,314,2,3,16,0.1875
Gemma-7B,GSM8K,316,1,5,16,0.3125
Gemma-7B,GSM8K,317,1,13,16,0.8125
Gemma-7B,GSM8K,318,2,7,16,0.4375
Gemma-7B,GSM8K,319,3,8,16,0.5
Gemma-7B,GSM8K,320,2,4,16,0.25
Gemma-7B,GSM8K,322,2,0,16,0.0
Gemma-7B,GSM8K,323,1,2,16,0.125
Gemma-7B,GSM8K,325,3,4,16,0.25
Gemma-7B,GSM8K,326,3,3,16,0.1875
Gemma-7B,GSM8K,327,4,3,16,0.1875
Gemma-7B,GSM8K,328,2,3,16,0.1875
Gemma-7B,GSM8K,329,2,11,16,0.6875
Gemma-7B,GSM8K,330,1,1,16,0.0625
Gemma-7B,GSM8K,333,3,4,16,0.25
Gemma-7B,GSM8K,334,2,11,16,0.6875
Gemma-7B,GSM8K,335,1,7,16,0.4375
Gemma-7B,GSM8K,337,4,9,16,0.5625
Gemma-7B,GSM8K,339,6,5,16,0.3125
Gemma-7B,GSM8K,342,2,4,16,0.25
Gemma-7B,GSM8K,343,1,3,16,0.1875
Gemma-7B,GSM8K,344,4,9,16,0.5625
Gemma-7B,GSM8K,346,1,4,16,0.25
Gemma-7B,GSM8K,347,1,11,16,0.6875
Gemma-7B,GSM8K,348,1,8,16,0.5
Gemma-7B,GSM8K,350,1,5,16,0.3125
Gemma-7B,GSM8K,351,2,7,16,0.4375
Gemma-7B,GSM8K,352,2,4,16,0.25
Gemma-7B,GSM8K,353,3,1,16,0.0625
Gemma-7B,GSM8K,354,3,8,16,0.5
Gemma-7B,GSM8K,355,2,4,16,0.25
Gemma-7B,GSM8K,356,1,9,16,0.5625
Gemma-7B,GSM8K,357,1,1,16,0.0625
Gemma-7B,GSM8K,358,1,4,16,0.25
Gemma-7B,GSM8K,359,2,2,16,0.125
Gemma-7B,GSM8K,363,1,4,16,0.25
Gemma-7B,GSM8K,364,1,6,16,0.375
Gemma-7B,GSM8K,365,1,8,16,0.5
Gemma-7B,GSM8K,366,1,5,16,0.3125
Gemma-7B,GSM8K,367,3,1,16,0.0625
Gemma-7B,GSM8K,368,2,0,16,0.0
Gemma-7B,GSM8K,369,1,5,16,0.3125
Gemma-7B,GSM8K,375,1,12,16,0.75
Gemma-7B,GSM8K,376,3,5,16,0.3125
Gemma-7B,GSM8K,377,3,4,16,0.25
Gemma-7B,GSM8K,378,1,7,16,0.4375
Gemma-7B,GSM8K,379,1,12,16,0.75
Gemma-7B,GSM8K,380,2,2,16,0.125
Gemma-7B,GSM8K,381,1,7,16,0.4375
Gemma-7B,GSM8K,382,2,4,16,0.25
Gemma-7B,GSM8K,384,2,3,16,0.1875
Gemma-7B,GSM8K,385,1,5,16,0.3125
Gemma-7B,GSM8K,386,1,5,16,0.3125
Gemma-7B,GSM8K,388,1,8,16,0.5
Gemma-7B,GSM8K,389,1,4,16,0.25
Gemma-7B,GSM8K,391,2,5,16,0.3125
Gemma-7B,GSM8K,392,2,1,16,0.0625
Gemma-7B,GSM8K,394,1,3,16,0.1875
Gemma-7B,GSM8K,395,2,5,16,0.3125
Gemma-7B,GSM8K,396,2,6,16,0.375
Gemma-7B,GSM8K,397,2,10,16,0.625
Gemma-7B,GSM8K,398,3,7,16,0.4375
Gemma-7B,GSM8K,401,1,7,16,0.4375
Gemma-7B,GSM8K,403,1,2,16,0.125
Gemma-7B,GSM8K,404,1,1,16,0.0625
Gemma-7B,GSM8K,405,1,5,16,0.3125
Gemma-7B,GSM8K,406,2,1,16,0.0625
Gemma-7B,GSM8K,407,2,5,16,0.3125
Gemma-7B,GSM8K,408,1,5,16,0.3125
Gemma-7B,GSM8K,409,5,2,16,0.125
Gemma-7B,GSM8K,413,1,1,16,0.0625
Gemma-7B,GSM8K,415,7,1,16,0.0625
Gemma-7B,GSM8K,416,1,2,16,0.125
Gemma-7B,GSM8K,417,1,6,16,0.375
Gemma-7B,GSM8K,419,2,7,16,0.4375
Gemma-7B,GSM8K,420,2,4,16,0.25
Gemma-7B,GSM8K,422,1,0,16,0.0
Gemma-7B,GSM8K,423,2,0,16,0.0
Gemma-7B,GSM8K,424,1,9,16,0.5625
Gemma-7B,GSM8K,425,1,2,16,0.125
Gemma-7B,GSM8K,426,1,6,16,0.375
Gemma-7B,GSM8K,427,4,1,16,0.0625
Gemma-7B,GSM8K,429,2,4,16,0.25
Gemma-7B,GSM8K,430,2,5,16,0.3125
Gemma-7B,GSM8K,431,1,9,16,0.5625
Gemma-7B,GSM8K,432,3,8,16,0.5
Gemma-7B,GSM8K,433,2,6,16,0.375
Gemma-7B,GSM8K,434,3,1,16,0.0625
Gemma-7B,GSM8K,435,2,11,16,0.6875
Gemma-7B,GSM8K,437,1,2,16,0.125
Gemma-7B,GSM8K,438,1,2,16,0.125
Gemma-7B,GSM8K,439,2,0,16,0.0
Gemma-7B,GSM8K,440,1,8,16,0.5
Gemma-7B,GSM8K,441,5,6,16,0.375
Gemma-7B,GSM8K,442,2,2,16,0.125
Gemma-7B,GSM8K,443,2,0,16,0.0
Gemma-7B,GSM8K,444,2,4,16,0.25
Gemma-7B,GSM8K,446,1,9,16,0.5625
Gemma-7B,GSM8K,447,1,11,16,0.6875
Gemma-7B,GSM8K,448,1,6,16,0.375
Gemma-7B,GSM8K,449,2,12,16,0.75
Gemma-7B,GSM8K,450,2,2,16,0.125
Gemma-7B,GSM8K,451,3,6,16,0.375
Gemma-7B,GSM8K,452,5,13,16,0.8125
Gemma-7B,GSM8K,453,1,3,16,0.1875
Gemma-7B,GSM8K,454,2,0,16,0.0
Gemma-7B,GSM8K,455,3,8,16,0.5
Gemma-7B,GSM8K,456,1,6,16,0.375
Gemma-7B,GSM8K,457,1,6,16,0.375
Gemma-7B,GSM8K,458,1,5,16,0.3125
Gemma-7B,GSM8K,460,3,5,16,0.3125
Gemma-7B,GSM8K,461,2,8,16,0.5
Gemma-7B,GSM8K,462,1,10,16,0.625
Gemma-7B,GSM8K,463,1,5,16,0.3125
Gemma-7B,GSM8K,464,1,11,16,0.6875
Gemma-7B,GSM8K,465,2,9,16,0.5625
Gemma-7B,GSM8K,466,4,7,16,0.4375
Gemma-7B,GSM8K,468,5,3,16,0.1875
Gemma-7B,GSM8K,470,1,6,16,0.375
Gemma-7B,GSM8K,471,4,7,16,0.4375
Gemma-7B,GSM8K,472,1,7,16,0.4375
Gemma-7B,GSM8K,473,4,6,16,0.375
Gemma-7B,GSM8K,474,3,9,16,0.5625
Gemma-7B,GSM8K,475,1,0,16,0.0
Gemma-7B,GSM8K,477,1,3,16,0.1875
Gemma-7B,GSM8K,478,2,10,16,0.625
Gemma-7B,GSM8K,479,2,5,16,0.3125
Gemma-7B,GSM8K,480,5,6,16,0.375
Gemma-7B,GSM8K,481,4,8,16,0.5
Gemma-7B,GSM8K,483,1,4,16,0.25
Gemma-7B,GSM8K,484,1,9,16,0.5625
Gemma-7B,GSM8K,485,1,8,16,0.5
Gemma-7B,GSM8K,486,4,8,16,0.5
Gemma-7B,GSM8K,488,2,11,16,0.6875
Gemma-7B,GSM8K,490,1,7,16,0.4375
Gemma-7B,GSM8K,491,3,3,16,0.1875
Gemma-7B,GSM8K,493,1,2,16,0.125
Gemma-7B,GSM8K,494,2,0,16,0.0
Gemma-7B,GSM8K,495,2,7,16,0.4375
Gemma-7B,GSM8K,496,2,1,16,0.0625
Gemma-7B,GSM8K,498,2,7,16,0.4375
Gemma-7B,GSM8K,499,2,4,16,0.25
Gemma-7B,GSM8K,500,4,3,16,0.1875
Gemma-7B,GSM8K,501,2,8,16,0.5
Gemma-7B,GSM8K,502,1,5,16,0.3125
Gemma-7B,GSM8K,503,1,7,16,0.4375
Gemma-7B,GSM8K,504,3,1,16,0.0625
Gemma-7B,GSM8K,505,3,3,16,0.1875
Gemma-7B,GSM8K,506,1,5,16,0.3125
Gemma-7B,GSM8K,508,3,3,16,0.1875
Gemma-7B,GSM8K,509,5,2,16,0.125
Gemma-7B,GSM8K,510,2,0,16,0.0
Gemma-7B,GSM8K,511,1,10,16,0.625
Gemma-7B,GSM8K,512,1,9,16,0.5625
Gemma-7B,GSM8K,513,3,11,16,0.6875
Gemma-7B,GSM8K,514,4,9,16,0.5625
Gemma-7B,GSM8K,515,2,4,16,0.25
Gemma-7B,GSM8K,517,1,8,16,0.5
Gemma-7B,GSM8K,518,3,6,16,0.375
Gemma-7B,GSM8K,519,1,4,16,0.25
Gemma-7B,GSM8K,520,1,3,16,0.1875
Gemma-7B,GSM8K,521,3,6,16,0.375
Gemma-7B,GSM8K,522,6,6,16,0.375
Gemma-7B,GSM8K,525,2,2,16,0.125
Gemma-7B,GSM8K,526,1,5,16,0.3125
Gemma-7B,GSM8K,527,3,2,16,0.125
Gemma-7B,GSM8K,528,5,0,16,0.0
Gemma-7B,GSM8K,530,1,1,16,0.0625
Gemma-7B,GSM8K,531,1,0,16,0.0
Gemma-7B,GSM8K,533,5,5,16,0.3125
Gemma-7B,GSM8K,534,1,3,16,0.1875
Gemma-7B,GSM8K,537,6,7,16,0.4375
Gemma-7B,GSM8K,539,2,3,16,0.1875
Gemma-7B,GSM8K,540,1,10,16,0.625
Gemma-7B,GSM8K,541,1,1,16,0.0625
Gemma-7B,GSM8K,542,3,7,16,0.4375
Gemma-7B,GSM8K,543,3,4,16,0.25
Gemma-7B,GSM8K,544,2,10,16,0.625
Gemma-7B,GSM8K,545,1,6,16,0.375
Gemma-7B,GSM8K,546,1,2,16,0.125
Gemma-7B,GSM8K,547,2,15,16,0.9375
Gemma-7B,GSM8K,548,1,10,16,0.625
Gemma-7B,GSM8K,551,3,10,16,0.625
Gemma-7B,GSM8K,553,2,8,16,0.5
Gemma-7B,GSM8K,554,1,2,16,0.125
Gemma-7B,GSM8K,555,2,9,16,0.5625
Gemma-7B,GSM8K,556,3,3,16,0.1875
Gemma-7B,GSM8K,558,6,10,16,0.625
Gemma-7B,GSM8K,561,4,7,16,0.4375
Gemma-7B,GSM8K,563,1,5,16,0.3125
Gemma-7B,GSM8K,564,1,3,16,0.1875
Gemma-7B,GSM8K,565,1,6,16,0.375
Gemma-7B,GSM8K,566,1,2,16,0.125
Gemma-7B,GSM8K,567,2,4,16,0.25
Gemma-7B,GSM8K,568,3,8,16,0.5
Gemma-7B,GSM8K,569,3,6,16,0.375
Gemma-7B,GSM8K,570,1,0,16,0.0
Gemma-7B,GSM8K,571,3,4,16,0.25
Gemma-7B,GSM8K,573,1,6,16,0.375
Gemma-7B,GSM8K,574,2,2,16,0.125
Gemma-7B,GSM8K,575,1,6,16,0.375
Gemma-7B,GSM8K,576,6,3,16,0.1875
Gemma-7B,GSM8K,577,2,0,16,0.0
Gemma-7B,GSM8K,578,1,6,16,0.375
Gemma-7B,GSM8K,579,1,11,16,0.6875
Gemma-7B,GSM8K,580,1,1,16,0.0625
Gemma-7B,GSM8K,582,1,9,16,0.5625
Gemma-7B,GSM8K,583,4,3,16,0.1875
Gemma-7B,GSM8K,584,3,2,16,0.125
Gemma-7B,GSM8K,585,1,3,16,0.1875
Gemma-7B,GSM8K,586,2,7,16,0.4375
Gemma-7B,GSM8K,587,3,1,16,0.0625
Gemma-7B,GSM8K,588,1,6,16,0.375
Gemma-7B,GSM8K,589,5,1,16,0.0625
Gemma-7B,GSM8K,590,1,0,16,0.0
Gemma-7B,GSM8K,591,2,9,16,0.5625
Gemma-7B,GSM8K,593,7,4,16,0.25
Gemma-7B,GSM8K,595,2,5,16,0.3125
Gemma-7B,GSM8K,596,3,5,16,0.3125
Gemma-7B,GSM8K,597,2,9,16,0.5625
Gemma-7B,GSM8K,598,1,4,16,0.25
Gemma-7B,GSM8K,599,1,9,16,0.5625
Gemma-7B,GSM8K,600,1,8,16,0.5
Gemma-7B,GSM8K,601,1,2,16,0.125
Gemma-7B,GSM8K,602,2,6,16,0.375
Gemma-7B,GSM8K,603,3,1,16,0.0625
Gemma-7B,GSM8K,604,2,10,16,0.625
Gemma-7B,GSM8K,605,1,6,16,0.375
Gemma-7B,GSM8K,606,1,2,16,0.125
Gemma-7B,GSM8K,607,1,2,16,0.125
Gemma-7B,GSM8K,608,2,4,16,0.25
Gemma-7B,GSM8K,609,2,2,16,0.125
Gemma-7B,GSM8K,610,1,0,16,0.0
Gemma-7B,GSM8K,611,5,0,16,0.0
Gemma-7B,GSM8K,612,2,3,16,0.1875
Gemma-7B,GSM8K,614,4,6,16,0.375
Gemma-7B,GSM8K,615,2,6,16,0.375
Gemma-7B,GSM8K,616,4,5,16,0.3125
Gemma-7B,GSM8K,617,1,8,16,0.5
Gemma-7B,GSM8K,618,5,4,16,0.25
Gemma-7B,GSM8K,619,1,6,16,0.375
Gemma-7B,GSM8K,620,1,9,16,0.5625
Gemma-7B,GSM8K,621,1,8,16,0.5
Gemma-7B,GSM8K,622,2,5,16,0.3125
Gemma-7B,GSM8K,624,2,12,16,0.75
Gemma-7B,GSM8K,626,1,3,16,0.1875
Gemma-7B,GSM8K,627,2,2,16,0.125
Gemma-7B,GSM8K,628,2,4,16,0.25
Gemma-7B,GSM8K,629,1,8,16,0.5
Gemma-7B,GSM8K,630,1,5,16,0.3125
Gemma-7B,GSM8K,631,4,5,16,0.3125
Gemma-7B,GSM8K,632,1,8,16,0.5
Gemma-7B,GSM8K,633,2,3,16,0.1875
Gemma-7B,GSM8K,634,1,8,16,0.5
Gemma-7B,GSM8K,635,1,2,16,0.125
Gemma-7B,GSM8K,638,3,6,16,0.375
Gemma-7B,GSM8K,639,3,4,16,0.25
Gemma-7B,GSM8K,640,1,4,16,0.25
Gemma-7B,GSM8K,642,3,4,16,0.25
Gemma-7B,GSM8K,643,2,10,16,0.625
Gemma-7B,GSM8K,644,4,5,16,0.3125
Gemma-7B,GSM8K,645,2,6,16,0.375
Gemma-7B,GSM8K,646,1,10,16,0.625
Gemma-7B,GSM8K,647,1,6,16,0.375
Gemma-7B,GSM8K,648,3,1,16,0.0625
Gemma-7B,GSM8K,649,2,1,16,0.0625
Gemma-7B,GSM8K,650,3,9,16,0.5625
Gemma-7B,GSM8K,651,1,1,16,0.0625
Gemma-7B,GSM8K,652,2,1,16,0.0625
Gemma-7B,GSM8K,653,1,5,16,0.3125
Gemma-7B,GSM8K,654,1,3,16,0.1875
Gemma-7B,GSM8K,656,2,3,16,0.1875
Gemma-7B,GSM8K,657,3,3,16,0.1875
Gemma-7B,GSM8K,658,5,1,16,0.0625
Gemma-7B,GSM8K,659,5,10,16,0.625
Gemma-7B,GSM8K,662,3,6,16,0.375
Gemma-7B,GSM8K,663,2,7,16,0.4375
Gemma-7B,GSM8K,664,1,8,16,0.5
Gemma-7B,GSM8K,665,1,10,16,0.625
Gemma-7B,GSM8K,666,2,3,16,0.1875
Gemma-7B,GSM8K,669,1,5,16,0.3125
Gemma-7B,GSM8K,670,1,10,16,0.625
Gemma-7B,GSM8K,672,2,1,16,0.0625
Gemma-7B,GSM8K,675,1,0,16,0.0
Gemma-7B,GSM8K,676,2,3,16,0.1875
Gemma-7B,GSM8K,677,2,4,16,0.25
Gemma-7B,GSM8K,678,2,7,16,0.4375
Gemma-7B,GSM8K,679,1,7,16,0.4375
Gemma-7B,GSM8K,681,4,0,16,0.0
Gemma-7B,GSM8K,683,3,2,16,0.125
Gemma-7B,GSM8K,684,3,11,16,0.6875
Gemma-7B,GSM8K,685,2,7,16,0.4375
Gemma-7B,GSM8K,686,2,11,16,0.6875
Gemma-7B,GSM8K,688,2,8,16,0.5
Gemma-7B,GSM8K,689,4,3,16,0.1875
Gemma-7B,GSM8K,690,3,0,16,0.0
Gemma-7B,GSM8K,691,2,2,16,0.125
Gemma-7B,GSM8K,692,1,2,16,0.125
Gemma-7B,GSM8K,693,6,6,16,0.375
Gemma-7B,GSM8K,695,2,9,16,0.5625
Gemma-7B,GSM8K,696,1,3,16,0.1875
Gemma-7B,GSM8K,697,1,7,16,0.4375
Gemma-7B,GSM8K,698,3,5,16,0.3125
Gemma-7B,GSM8K,700,3,10,16,0.625
Gemma-7B,GSM8K,701,1,3,16,0.1875
Gemma-7B,GSM8K,702,5,5,16,0.3125
Gemma-7B,GSM8K,703,2,1,16,0.0625
Gemma-7B,GSM8K,704,2,7,16,0.4375
Gemma-7B,GSM8K,705,1,8,16,0.5
Gemma-7B,GSM8K,709,3,3,16,0.1875
Gemma-7B,GSM8K,710,6,5,16,0.3125
Gemma-7B,GSM8K,711,1,1,16,0.0625
Gemma-7B,GSM8K,712,2,6,16,0.375
Gemma-7B,GSM8K,713,2,4,16,0.25
Gemma-7B,GSM8K,716,1,6,16,0.375
Gemma-7B,GSM8K,717,2,9,16,0.5625
Gemma-7B,GSM8K,718,1,15,16,0.9375
Gemma-7B,GSM8K,720,5,7,16,0.4375
Gemma-7B,GSM8K,721,1,1,16,0.0625
Gemma-7B,GSM8K,722,2,6,16,0.375
Gemma-7B,GSM8K,723,3,6,16,0.375
Gemma-7B,GSM8K,725,1,1,16,0.0625
Gemma-7B,GSM8K,726,2,8,16,0.5
Gemma-7B,GSM8K,727,3,5,16,0.3125
Gemma-7B,GSM8K,728,2,12,16,0.75
Gemma-7B,GSM8K,729,1,6,16,0.375
Gemma-7B,GSM8K,730,2,3,16,0.1875
Gemma-7B,GSM8K,732,1,5,16,0.3125
Gemma-7B,GSM8K,733,1,9,16,0.5625
Gemma-7B,GSM8K,734,4,1,16,0.0625
Gemma-7B,GSM8K,737,2,9,16,0.5625
Gemma-7B,GSM8K,738,5,8,16,0.5
Gemma-7B,GSM8K,739,4,6,16,0.375
Gemma-7B,GSM8K,740,1,3,16,0.1875
Gemma-7B,GSM8K,741,1,7,16,0.4375
Gemma-7B,GSM8K,743,2,14,16,0.875
Gemma-7B,GSM8K,744,2,10,16,0.625
Gemma-7B,GSM8K,746,2,5,16,0.3125
Gemma-7B,GSM8K,747,1,9,16,0.5625
Gemma-7B,GSM8K,748,1,5,16,0.3125
Gemma-7B,GSM8K,749,1,3,16,0.1875
Gemma-7B,GSM8K,750,1,2,16,0.125
Gemma-7B,GSM8K,752,3,0,16,0.0
Gemma-7B,GSM8K,753,1,2,16,0.125
Gemma-7B,GSM8K,754,2,0,16,0.0
Gemma-7B,GSM8K,755,1,6,16,0.375
Gemma-7B,GSM8K,756,1,10,16,0.625
Gemma-7B,GSM8K,757,4,4,16,0.25
Gemma-7B,GSM8K,759,1,7,16,0.4375
Gemma-7B,GSM8K,760,4,6,16,0.375
Gemma-7B,GSM8K,762,1,7,16,0.4375
Gemma-7B,GSM8K,763,4,2,16,0.125
Gemma-7B,GSM8K,764,1,9,16,0.5625
Gemma-7B,GSM8K,767,2,11,16,0.6875
Gemma-7B,GSM8K,768,3,1,16,0.0625
Gemma-7B,GSM8K,769,1,4,16,0.25
Gemma-7B,GSM8K,770,1,5,16,0.3125
Gemma-7B,GSM8K,771,1,7,16,0.4375
Gemma-7B,GSM8K,772,2,3,16,0.1875
Gemma-7B,GSM8K,773,2,7,16,0.4375
Gemma-7B,GSM8K,774,2,5,16,0.3125
Gemma-7B,GSM8K,775,1,12,16,0.75
Gemma-7B,GSM8K,776,1,11,16,0.6875
Gemma-7B,GSM8K,777,5,3,16,0.1875
Gemma-7B,GSM8K,778,2,8,16,0.5
Gemma-7B,GSM8K,779,2,0,16,0.0
Gemma-7B,GSM8K,780,3,0,16,0.0
Gemma-7B,GSM8K,782,2,0,16,0.0
Gemma-7B,GSM8K,783,1,1,16,0.0625
Gemma-7B,GSM8K,785,2,3,16,0.1875
Gemma-7B,GSM8K,787,2,4,16,0.25
Gemma-7B,GSM8K,788,1,1,16,0.0625
Gemma-7B,GSM8K,789,1,3,16,0.1875
Gemma-7B,GSM8K,790,1,4,16,0.25
Gemma-7B,GSM8K,791,1,7,16,0.4375
Gemma-7B,GSM8K,792,1,9,16,0.5625
Gemma-7B,GSM8K,793,2,5,16,0.3125
Gemma-7B,GSM8K,794,1,6,16,0.375
Gemma-7B,GSM8K,796,4,0,16,0.0
Gemma-7B,GSM8K,797,1,6,16,0.375
Gemma-7B,GSM8K,798,5,3,16,0.1875
Gemma-7B,GSM8K,799,2,11,16,0.6875
Gemma-7B,GSM8K,800,5,3,16,0.1875
Gemma-7B,GSM8K,801,5,10,16,0.625
Gemma-7B,GSM8K,802,1,1,16,0.0625
Gemma-7B,GSM8K,803,3,5,16,0.3125
Gemma-7B,GSM8K,804,2,4,16,0.25
Gemma-7B,GSM8K,805,1,10,16,0.625
Gemma-7B,GSM8K,806,1,0,16,0.0
Gemma-7B,GSM8K,808,1,3,16,0.1875
Gemma-7B,GSM8K,810,5,6,16,0.375
Gemma-7B,GSM8K,812,1,0,16,0.0
Gemma-7B,GSM8K,814,2,0,16,0.0
Gemma-7B,GSM8K,815,3,3,16,0.1875
Gemma-7B,GSM8K,816,3,9,16,0.5625
Gemma-7B,GSM8K,817,1,7,16,0.4375
Gemma-7B,GSM8K,818,6,2,16,0.125
Gemma-7B,GSM8K,821,1,4,16,0.25
Gemma-7B,GSM8K,822,1,9,16,0.5625
Gemma-7B,GSM8K,823,3,0,16,0.0
Gemma-7B,GSM8K,824,3,10,16,0.625
Gemma-7B,GSM8K,825,3,0,16,0.0
Gemma-7B,GSM8K,826,1,6,16,0.375
Gemma-7B,GSM8K,829,4,3,16,0.1875
Gemma-7B,GSM8K,830,4,1,16,0.0625
Gemma-7B,GSM8K,831,1,0,16,0.0
Gemma-7B,GSM8K,833,1,3,16,0.1875
Gemma-7B,GSM8K,834,1,11,16,0.6875
Gemma-7B,GSM8K,835,4,0,16,0.0
Gemma-7B,GSM8K,836,2,6,16,0.375
Gemma-7B,GSM8K,837,3,1,16,0.0625
Gemma-7B,GSM8K,838,1,10,16,0.625
Gemma-7B,GSM8K,839,1,2,16,0.125
Gemma-7B,GSM8K,840,2,5,16,0.3125
Gemma-7B,GSM8K,841,1,10,16,0.625
Gemma-7B,GSM8K,843,1,8,16,0.5
Gemma-7B,GSM8K,844,3,1,16,0.0625
Gemma-7B,GSM8K,845,4,4,16,0.25
Gemma-7B,GSM8K,846,1,5,16,0.3125
Gemma-7B,GSM8K,847,1,5,16,0.3125
Gemma-7B,GSM8K,848,3,7,16,0.4375
Gemma-7B,GSM8K,850,3,8,16,0.5
Gemma-7B,GSM8K,852,2,3,16,0.1875
Gemma-7B,GSM8K,853,4,2,16,0.125
Gemma-7B,GSM8K,855,2,1,16,0.0625
Gemma-7B,GSM8K,857,6,4,16,0.25
Gemma-7B,GSM8K,858,2,0,16,0.0
Gemma-7B,GSM8K,859,1,4,16,0.25
Gemma-7B,GSM8K,861,2,5,16,0.3125
Gemma-7B,GSM8K,863,2,6,16,0.375
Gemma-7B,GSM8K,864,3,10,16,0.625
Gemma-7B,GSM8K,865,2,3,16,0.1875
Gemma-7B,GSM8K,866,4,3,16,0.1875
Gemma-7B,GSM8K,867,3,10,16,0.625
Gemma-7B,GSM8K,869,1,10,16,0.625
Gemma-7B,GSM8K,870,1,5,16,0.3125
Gemma-7B,GSM8K,872,3,8,16,0.5
Gemma-7B,GSM8K,873,1,13,16,0.8125
Gemma-7B,GSM8K,874,1,10,16,0.625
Gemma-7B,GSM8K,875,1,10,16,0.625
Gemma-7B,GSM8K,876,1,3,16,0.1875
Gemma-7B,GSM8K,877,1,1,16,0.0625
Gemma-7B,GSM8K,879,3,5,16,0.3125
Gemma-7B,GSM8K,880,2,8,16,0.5
Gemma-7B,GSM8K,882,5,4,16,0.25
Gemma-7B,GSM8K,883,1,8,16,0.5
Gemma-7B,GSM8K,884,8,10,16,0.625
Gemma-7B,GSM8K,885,1,0,16,0.0
Gemma-7B,GSM8K,886,3,7,16,0.4375
Gemma-7B,GSM8K,887,1,9,16,0.5625
Gemma-7B,GSM8K,889,2,12,16,0.75
Gemma-7B,GSM8K,890,5,4,16,0.25
Gemma-7B,GSM8K,891,3,0,16,0.0
Gemma-7B,GSM8K,892,2,2,16,0.125
Gemma-7B,GSM8K,894,3,0,16,0.0
Gemma-7B,GSM8K,895,1,10,16,0.625
Gemma-7B,GSM8K,896,1,7,16,0.4375
Gemma-7B,GSM8K,897,2,1,16,0.0625
Gemma-7B,GSM8K,898,1,0,16,0.0
Gemma-7B,GSM8K,900,1,2,16,0.125
Gemma-7B,GSM8K,901,2,0,16,0.0
Gemma-7B,GSM8K,903,4,4,16,0.25
Gemma-7B,GSM8K,904,1,5,16,0.3125
Gemma-7B,GSM8K,905,3,5,16,0.3125
Gemma-7B,GSM8K,906,1,4,16,0.25
Gemma-7B,GSM8K,907,2,9,16,0.5625
Gemma-7B,GSM8K,908,2,9,16,0.5625
Gemma-7B,GSM8K,909,1,0,16,0.0
Gemma-7B,GSM8K,910,4,10,16,0.625
Gemma-7B,GSM8K,914,2,4,16,0.25
Gemma-7B,GSM8K,915,1,11,16,0.6875
Gemma-7B,GSM8K,916,2,1,16,0.0625
Gemma-7B,GSM8K,918,1,8,16,0.5
Gemma-7B,GSM8K,919,2,7,16,0.4375
Gemma-7B,GSM8K,920,4,4,16,0.25
Gemma-7B,GSM8K,925,2,4,16,0.25
Gemma-7B,GSM8K,926,1,0,16,0.0
Gemma-7B,GSM8K,927,2,3,16,0.1875
Gemma-7B,GSM8K,929,4,12,16,0.75
Gemma-7B,GSM8K,931,3,2,16,0.125
Gemma-7B,GSM8K,933,1,10,16,0.625
Gemma-7B,GSM8K,935,8,7,16,0.4375
Gemma-7B,GSM8K,936,2,1,16,0.0625
Gemma-7B,GSM8K,937,1,4,16,0.25
Gemma-7B,GSM8K,938,1,6,16,0.375
Gemma-7B,GSM8K,940,1,5,16,0.3125
Gemma-7B,GSM8K,942,1,0,16,0.0
Gemma-7B,GSM8K,943,1,1,16,0.0625
Gemma-7B,GSM8K,945,2,4,16,0.25
Gemma-7B,GSM8K,946,4,3,16,0.1875
Gemma-7B,GSM8K,947,2,9,16,0.5625
Gemma-7B,GSM8K,948,3,3,16,0.1875
Gemma-7B,GSM8K,949,1,4,16,0.25
Gemma-7B,GSM8K,951,1,5,16,0.3125
Gemma-7B,GSM8K,952,1,2,16,0.125
Gemma-7B,GSM8K,954,3,1,16,0.0625
Gemma-7B,GSM8K,955,2,2,16,0.125
Gemma-7B,GSM8K,956,2,4,16,0.25
Gemma-7B,GSM8K,958,2,1,16,0.0625
Gemma-7B,GSM8K,959,1,2,16,0.125
Gemma-7B,GSM8K,960,1,1,16,0.0625
Gemma-7B,GSM8K,961,1,3,16,0.1875
Gemma-7B,GSM8K,963,3,0,16,0.0
Gemma-7B,GSM8K,965,2,0,16,0.0
Gemma-7B,GSM8K,966,2,3,16,0.1875
Gemma-7B,GSM8K,968,1,2,16,0.125
Gemma-7B,GSM8K,969,4,3,16,0.1875
Gemma-7B,GSM8K,970,2,9,16,0.5625
Gemma-7B,GSM8K,971,2,1,16,0.0625
Gemma-7B,GSM8K,972,1,2,16,0.125
Gemma-7B,GSM8K,973,1,1,16,0.0625
Gemma-7B,GSM8K,976,4,0,16,0.0
Gemma-7B,GSM8K,977,1,7,16,0.4375
Gemma-7B,GSM8K,978,1,8,16,0.5
Gemma-7B,GSM8K,979,3,0,16,0.0
Gemma-7B,GSM8K,980,1,11,16,0.6875
Gemma-7B,GSM8K,981,2,2,16,0.125
Gemma-7B,GSM8K,984,1,2,16,0.125
Gemma-7B,GSM8K,986,3,4,16,0.25
Gemma-7B,GSM8K,988,1,9,16,0.5625
Gemma-7B,GSM8K,989,2,2,16,0.125
Gemma-7B,GSM8K,991,2,2,16,0.125
Gemma-7B,GSM8K,993,4,1,16,0.0625
Gemma-7B,GSM8K,994,1,8,16,0.5
Gemma-7B,GSM8K,996,2,8,16,0.5
Gemma-7B,GSM8K,997,2,1,16,0.0625
Gemma-7B,GSM8K,998,1,13,16,0.8125
Gemma-7B,GSM8K,999,1,0,16,0.0
Gemma-7B,GSM8K,1000,1,5,16,0.3125
Gemma-7B,GSM8K,1001,1,1,16,0.0625
Gemma-7B,GSM8K,1002,3,8,16,0.5
Gemma-7B,GSM8K,1003,1,1,16,0.0625
Gemma-7B,GSM8K,1004,3,8,16,0.5
Gemma-7B,GSM8K,1005,3,6,16,0.375
Gemma-7B,GSM8K,1006,2,4,16,0.25
Gemma-7B,GSM8K,1007,3,4,16,0.25
Gemma-7B,GSM8K,1008,2,11,16,0.6875
Gemma-7B,GSM8K,1009,2,2,16,0.125
Gemma-7B,GSM8K,1010,5,7,16,0.4375
Gemma-7B,GSM8K,1011,5,3,16,0.1875
Gemma-7B,GSM8K,1012,4,1,16,0.0625
Gemma-7B,GSM8K,1013,1,8,16,0.5
Gemma-7B,GSM8K,1014,3,3,16,0.1875
Gemma-7B,GSM8K,1016,2,1,16,0.0625
Gemma-7B,GSM8K,1019,3,4,16,0.25
Gemma-7B,GSM8K,1021,3,5,16,0.3125
Gemma-7B,GSM8K,1022,3,2,16,0.125
Gemma-7B,GSM8K,1023,4,12,16,0.75
Gemma-7B,GSM8K,1024,3,6,16,0.375
Gemma-7B,GSM8K,1025,1,5,16,0.3125
Gemma-7B,GSM8K,1026,3,4,16,0.25
Gemma-7B,GSM8K,1027,2,5,16,0.3125
Gemma-7B,GSM8K,1028,3,8,16,0.5
Gemma-7B,GSM8K,1029,2,3,16,0.1875
Gemma-7B,GSM8K,1030,1,0,16,0.0
Gemma-7B,GSM8K,1032,1,5,16,0.3125
Gemma-7B,GSM8K,1034,5,8,16,0.5
Gemma-7B,GSM8K,1035,1,0,16,0.0
Gemma-7B,GSM8K,1037,2,11,16,0.6875
Gemma-7B,GSM8K,1039,4,5,16,0.3125
Gemma-7B,GSM8K,1040,4,2,16,0.125
Gemma-7B,GSM8K,1042,2,0,16,0.0
Gemma-7B,GSM8K,1043,1,8,16,0.5
Gemma-7B,GSM8K,1044,2,10,16,0.625
Gemma-7B,GSM8K,1046,2,2,16,0.125
Gemma-7B,GSM8K,1047,2,3,16,0.1875
Gemma-7B,GSM8K,1048,3,0,16,0.0
Gemma-7B,GSM8K,1052,2,6,16,0.375
Gemma-7B,GSM8K,1053,3,10,16,0.625
Gemma-7B,GSM8K,1055,1,5,16,0.3125
Gemma-7B,GSM8K,1056,1,3,16,0.1875
Gemma-7B,GSM8K,1057,1,4,16,0.25
Gemma-7B,GSM8K,1058,1,1,16,0.0625
Gemma-7B,GSM8K,1059,1,1,16,0.0625
Gemma-7B,GSM8K,1060,1,2,16,0.125
Gemma-7B,GSM8K,1061,2,9,16,0.5625
Gemma-7B,GSM8K,1062,3,9,16,0.5625
Gemma-7B,GSM8K,1063,1,12,16,0.75
Gemma-7B,GSM8K,1064,3,5,16,0.3125
Gemma-7B,GSM8K,1066,2,4,16,0.25
Gemma-7B,GSM8K,1067,3,6,16,0.375
Gemma-7B,GSM8K,1071,1,1,16,0.0625
Gemma-7B,GSM8K,1073,5,1,16,0.0625
Gemma-7B,GSM8K,1075,2,0,16,0.0
Gemma-7B,GSM8K,1076,1,12,16,0.75
Gemma-7B,GSM8K,1077,4,0,16,0.0
Gemma-7B,GSM8K,1078,2,5,16,0.3125
Gemma-7B,GSM8K,1079,1,10,16,0.625
Gemma-7B,GSM8K,1080,2,6,16,0.375
Gemma-7B,GSM8K,1081,2,8,16,0.5
Gemma-7B,GSM8K,1083,1,7,16,0.4375
Gemma-7B,GSM8K,1085,2,11,16,0.6875
Gemma-7B,GSM8K,1086,3,4,16,0.25
Gemma-7B,GSM8K,1089,3,4,16,0.25
Gemma-7B,GSM8K,1090,3,10,16,0.625
Gemma-7B,GSM8K,1091,1,11,16,0.6875
Gemma-7B,GSM8K,1092,2,2,16,0.125
Gemma-7B,GSM8K,1093,2,3,16,0.1875
Gemma-7B,GSM8K,1094,1,1,16,0.0625
Gemma-7B,GSM8K,1096,2,0,16,0.0
Gemma-7B,GSM8K,1098,2,9,16,0.5625
Gemma-7B,GSM8K,1100,1,2,16,0.125
Gemma-7B,GSM8K,1101,1,5,16,0.3125
Gemma-7B,GSM8K,1103,2,2,16,0.125
Gemma-7B,GSM8K,1104,2,7,16,0.4375
Gemma-7B,GSM8K,1105,6,2,16,0.125
Gemma-7B,GSM8K,1106,1,10,16,0.625
Gemma-7B,GSM8K,1107,4,4,16,0.25
Gemma-7B,GSM8K,1108,1,11,16,0.6875
Gemma-7B,GSM8K,1110,1,5,16,0.3125
Gemma-7B,GSM8K,1111,2,7,16,0.4375
Gemma-7B,GSM8K,1112,1,4,16,0.25
Gemma-7B,GSM8K,1113,2,7,16,0.4375
Gemma-7B,GSM8K,1114,2,7,16,0.4375
Gemma-7B,GSM8K,1115,2,4,16,0.25
Gemma-7B,GSM8K,1116,3,10,16,0.625
Gemma-7B,GSM8K,1117,3,4,16,0.25
Gemma-7B,GSM8K,1118,1,2,16,0.125
Gemma-7B,GSM8K,1119,2,4,16,0.25
Gemma-7B,GSM8K,1121,1,8,16,0.5
Gemma-7B,GSM8K,1122,1,0,16,0.0
Gemma-7B,GSM8K,1123,1,7,16,0.4375
Gemma-7B,GSM8K,1124,3,0,16,0.0
Gemma-7B,GSM8K,1126,3,9,16,0.5625
Gemma-7B,GSM8K,1127,5,8,16,0.5
Gemma-7B,GSM8K,1128,1,2,16,0.125
Gemma-7B,GSM8K,1129,3,2,16,0.125
Gemma-7B,GSM8K,1130,3,4,16,0.25
Gemma-7B,GSM8K,1131,1,7,16,0.4375
Gemma-7B,GSM8K,1132,1,3,16,0.1875
Gemma-7B,GSM8K,1134,3,5,16,0.3125
Gemma-7B,GSM8K,1135,1,12,16,0.75
Gemma-7B,GSM8K,1136,2,6,16,0.375
Gemma-7B,GSM8K,1138,7,1,16,0.0625
Gemma-7B,GSM8K,1140,4,0,16,0.0
Gemma-7B,GSM8K,1141,1,9,16,0.5625
Gemma-7B,GSM8K,1142,3,9,16,0.5625
Gemma-7B,GSM8K,1144,1,4,16,0.25
Gemma-7B,GSM8K,1145,2,0,16,0.0
Gemma-7B,GSM8K,1147,5,6,16,0.375
Gemma-7B,GSM8K,1148,3,9,16,0.5625
Gemma-7B,GSM8K,1151,1,11,16,0.6875
Gemma-7B,GSM8K,1152,1,10,16,0.625
Gemma-7B,GSM8K,1153,4,2,16,0.125
Gemma-7B,GSM8K,1154,2,8,16,0.5
Gemma-7B,GSM8K,1156,2,4,16,0.25
Gemma-7B,GSM8K,1157,3,4,16,0.25
Gemma-7B,GSM8K,1158,3,1,16,0.0625
Gemma-7B,GSM8K,1159,2,1,16,0.0625
Gemma-7B,GSM8K,1160,2,5,16,0.3125
Gemma-7B,GSM8K,1161,2,1,16,0.0625
Gemma-7B,GSM8K,1164,2,2,16,0.125
Gemma-7B,GSM8K,1166,1,1,16,0.0625
Gemma-7B,GSM8K,1167,1,8,16,0.5
Gemma-7B,GSM8K,1168,4,5,16,0.3125
Gemma-7B,GSM8K,1169,1,0,16,0.0
Gemma-7B,GSM8K,1170,4,2,16,0.125
Gemma-7B,GSM8K,1172,3,12,16,0.75
Gemma-7B,GSM8K,1174,2,0,16,0.0
Gemma-7B,GSM8K,1175,5,3,16,0.1875
Gemma-7B,GSM8K,1176,3,1,16,0.0625
Gemma-7B,GSM8K,1177,5,9,16,0.5625
Gemma-7B,GSM8K,1178,1,4,16,0.25
Gemma-7B,GSM8K,1180,1,4,16,0.25
Gemma-7B,GSM8K,1181,2,2,16,0.125
Gemma-7B,GSM8K,1183,5,3,16,0.1875
Gemma-7B,GSM8K,1185,1,7,16,0.4375
Gemma-7B,GSM8K,1186,1,6,16,0.375
Gemma-7B,GSM8K,1187,5,0,16,0.0
Gemma-7B,GSM8K,1189,3,10,16,0.625
Gemma-7B,GSM8K,1190,2,0,16,0.0
Gemma-7B,GSM8K,1193,1,5,16,0.3125
Gemma-7B,GSM8K,1195,4,1,16,0.0625
Gemma-7B,GSM8K,1197,3,4,16,0.25
Gemma-7B,GSM8K,1198,2,1,16,0.0625
Gemma-7B,GSM8K,1199,2,3,16,0.1875
Gemma-7B,GSM8K,1200,2,6,16,0.375
Gemma-7B,GSM8K,1201,4,6,16,0.375
Gemma-7B,GSM8K,1203,2,3,16,0.1875
Gemma-7B,GSM8K,1204,1,3,16,0.1875
Gemma-7B,GSM8K,1206,1,12,16,0.75
Gemma-7B,GSM8K,1207,2,6,16,0.375
Gemma-7B,GSM8K,1208,2,4,16,0.25
Gemma-7B,GSM8K,1209,3,6,16,0.375
Gemma-7B,GSM8K,1211,2,5,16,0.3125
Gemma-7B,GSM8K,1212,1,9,16,0.5625
Gemma-7B,GSM8K,1213,2,1,16,0.0625
Gemma-7B,GSM8K,1215,2,1,16,0.0625
Gemma-7B,GSM8K,1216,5,4,16,0.25
Gemma-7B,GSM8K,1217,3,0,16,0.0
Gemma-7B,GSM8K,1218,2,2,16,0.125
Gemma-7B,GSM8K,1220,1,9,16,0.5625
Gemma-7B,GSM8K,1223,2,8,16,0.5
Gemma-7B,GSM8K,1227,2,3,16,0.1875
Gemma-7B,GSM8K,1228,3,0,16,0.0
Gemma-7B,GSM8K,1229,1,12,16,0.75
Gemma-7B,GSM8K,1230,1,7,16,0.4375
Gemma-7B,GSM8K,1231,2,5,16,0.3125
Gemma-7B,GSM8K,1237,1,8,16,0.5
Gemma-7B,GSM8K,1238,2,6,16,0.375
Gemma-7B,GSM8K,1244,3,3,16,0.1875
Gemma-7B,GSM8K,1245,3,9,16,0.5625
Gemma-7B,GSM8K,1247,1,4,16,0.25
Gemma-7B,GSM8K,1248,3,2,16,0.125
Gemma-7B,GSM8K,1249,3,0,16,0.0
Gemma-7B,GSM8K,1250,1,14,16,0.875
Gemma-7B,GSM8K,1252,4,2,16,0.125
Gemma-7B,GSM8K,1254,1,8,16,0.5
Gemma-7B,GSM8K,1256,3,5,16,0.3125
Gemma-7B,GSM8K,1257,1,12,16,0.75
Gemma-7B,GSM8K,1258,1,1,16,0.0625
Gemma-7B,GSM8K,1260,1,4,16,0.25
Gemma-7B,GSM8K,1261,4,4,16,0.25
Gemma-7B,GSM8K,1262,1,3,16,0.1875
Gemma-7B,GSM8K,1264,1,1,16,0.0625
Gemma-7B,GSM8K,1265,5,2,16,0.125
Gemma-7B,GSM8K,1267,1,4,16,0.25
Gemma-7B,GSM8K,1268,3,6,16,0.375
Gemma-7B,GSM8K,1270,2,10,16,0.625
Gemma-7B,GSM8K,1271,2,1,16,0.0625
Gemma-7B,GSM8K,1272,3,4,16,0.25
Gemma-7B,GSM8K,1275,2,7,16,0.4375
Gemma-7B,GSM8K,1277,2,8,16,0.5
Gemma-7B,GSM8K,1278,1,5,16,0.3125
Gemma-7B,GSM8K,1280,1,5,16,0.3125
Gemma-7B,GSM8K,1281,1,10,16,0.625
Gemma-7B,GSM8K,1284,4,1,16,0.0625
Gemma-7B,GSM8K,1285,1,7,16,0.4375
Gemma-7B,GSM8K,1287,3,2,16,0.125
Gemma-7B,GSM8K,1288,1,1,16,0.0625
Gemma-7B,GSM8K,1289,1,7,16,0.4375
Gemma-7B,GSM8K,1290,2,6,16,0.375
Gemma-7B,GSM8K,1291,3,10,16,0.625
Gemma-7B,GSM8K,1293,2,7,16,0.4375
Gemma-7B,GSM8K,1294,2,4,16,0.25
Gemma-7B,GSM8K,1296,2,7,16,0.4375
Gemma-7B,GSM8K,1297,4,2,16,0.125
Gemma-7B,GSM8K,1298,8,5,16,0.3125
Gemma-7B,GSM8K,1299,1,8,16,0.5
Gemma-7B,GSM8K,1300,1,1,16,0.0625
Gemma-7B,GSM8K,1301,3,2,16,0.125
Gemma-7B,GSM8K,1303,3,2,16,0.125
Gemma-7B,GSM8K,1304,4,9,16,0.5625
Gemma-7B,GSM8K,1305,2,8,16,0.5
Gemma-7B,GSM8K,1306,2,2,16,0.125
Gemma-7B,GSM8K,1309,3,0,16,0.0
Gemma-7B,GSM8K,1311,1,6,16,0.375
Gemma-7B,GSM8K,1312,2,1,16,0.0625
Gemma-7B,GSM8K,1314,6,0,16,0.0
Gemma-7B,GSM8K,1315,1,6,16,0.375
Gemma-7B,GSM8K,1317,1,5,16,0.3125
Gemma-7B,MATH500,0,1,8,16,0.5
Gemma-7B,MATH500,1,1,0,16,0.0
Gemma-7B,MATH500,2,3,4,16,0.25
Gemma-7B,MATH500,3,2,0,16,0.0
Gemma-7B,MATH500,4,2,2,16,0.125
Gemma-7B,MATH500,6,7,1,16,0.0625
Gemma-7B,MATH500,7,1,2,16,0.125
Gemma-7B,MATH500,9,2,2,16,0.125
Gemma-7B,MATH500,10,3,0,16,0.0
Gemma-7B,MATH500,11,3,0,16,0.0
Gemma-7B,MATH500,12,3,1,16,0.0625
Gemma-7B,MATH500,13,1,11,16,0.6875
Gemma-7B,MATH500,15,2,0,16,0.0
Gemma-7B,MATH500,16,2,1,16,0.0625
Gemma-7B,MATH500,17,3,1,16,0.0625
Gemma-7B,MATH500,18,2,1,16,0.0625
Gemma-7B,MATH500,19,2,0,16,0.0
Gemma-7B,MATH500,20,2,8,16,0.5
Gemma-7B,MATH500,21,1,0,16,0.0
Gemma-7B,MATH500,22,1,0,16,0.0
Gemma-7B,MATH500,24,1,0,16,0.0
Gemma-7B,MATH500,25,7,0,16,0.0
Gemma-7B,MATH500,26,2,0,16,0.0
Gemma-7B,MATH500,27,1,0,16,0.0
Gemma-7B,MATH500,29,1,4,16,0.25
Gemma-7B,MATH500,31,2,4,16,0.25
Gemma-7B,MATH500,32,1,0,16,0.0
Gemma-7B,MATH500,34,1,0,16,0.0
Gemma-7B,MATH500,35,3,0,16,0.0
Gemma-7B,MATH500,36,1,0,16,0.0
Gemma-7B,MATH500,38,1,9,16,0.5625
Gemma-7B,MATH500,39,1,1,16,0.0625
Gemma-7B,MATH500,40,1,4,16,0.25
Gemma-7B,MATH500,41,4,0,16,0.0
Gemma-7B,MATH500,46,1,1,16,0.0625
Gemma-7B,MATH500,48,2,3,16,0.1875
Gemma-7B,MATH500,49,1,9,16,0.5625
Gemma-7B,MATH500,50,2,0,16,0.0
Gemma-7B,MATH500,51,5,4,16,0.25
Gemma-7B,MATH500,54,1,9,16,0.5625
Gemma-7B,MATH500,55,1,6,16,0.375
Gemma-7B,MATH500,56,3,6,16,0.375
Gemma-7B,MATH500,57,2,1,16,0.0625
Gemma-7B,MATH500,58,1,5,16,0.3125
Gemma-7B,MATH500,60,1,0,16,0.0
Gemma-7B,MATH500,61,7,0,16,0.0
Gemma-7B,MATH500,62,2,0,16,0.0
Gemma-7B,MATH500,63,1,0,16,0.0
Gemma-7B,MATH500,64,3,0,16,0.0
Gemma-7B,MATH500,65,6,8,16,0.5
Gemma-7B,MATH500,68,1,0,16,0.0
Gemma-7B,MATH500,69,2,2,16,0.125
Gemma-7B,MATH500,70,1,1,16,0.0625
Gemma-7B,MATH500,71,3,0,16,0.0
Gemma-7B,MATH500,73,1,9,16,0.5625
Gemma-7B,MATH500,74,1,0,16,0.0
Gemma-7B,MATH500,75,2,0,16,0.0
Gemma-7B,MATH500,76,2,7,16,0.4375
Gemma-7B,MATH500,77,1,8,16,0.5
Gemma-7B,MATH500,78,4,0,16,0.0
Gemma-7B,MATH500,80,4,0,16,0.0
Gemma-7B,MATH500,81,1,2,16,0.125
Gemma-7B,MATH500,82,4,1,16,0.0625
Gemma-7B,MATH500,83,1,3,16,0.1875
Gemma-7B,MATH500,84,4,1,16,0.0625
Gemma-7B,MATH500,85,3,3,16,0.1875
Gemma-7B,MATH500,87,2,8,16,0.5
Gemma-7B,MATH500,88,2,2,16,0.125
Gemma-7B,MATH500,89,1,1,16,0.0625
Gemma-7B,MATH500,90,1,4,16,0.25
Gemma-7B,MATH500,91,3,3,16,0.1875
Gemma-7B,MATH500,95,2,0,16,0.0
Gemma-7B,MATH500,96,4,0,16,0.0
Gemma-7B,MATH500,97,4,16,16,1.0
Gemma-7B,MATH500,99,1,0,16,0.0
Gemma-7B,MATH500,100,1,1,16,0.0625
Gemma-7B,MATH500,101,2,0,16,0.0
Gemma-7B,MATH500,103,2,0,16,0.0
Gemma-7B,MATH500,104,1,0,16,0.0
Gemma-7B,MATH500,105,7,0,16,0.0
Gemma-7B,MATH500,106,1,8,16,0.5
Gemma-7B,MATH500,107,2,2,16,0.125
Gemma-7B,MATH500,109,8,0,16,0.0
Gemma-7B,MATH500,110,1,0,16,0.0
Gemma-7B,MATH500,112,1,0,16,0.0
Gemma-7B,MATH500,113,1,7,16,0.4375
Gemma-7B,MATH500,114,2,1,16,0.0625
Gemma-7B,MATH500,118,4,0,16,0.0
Gemma-7B,MATH500,119,4,0,16,0.0
Gemma-7B,MATH500,120,6,0,16,0.0
Gemma-7B,MATH500,124,1,4,16,0.25
Gemma-7B,MATH500,125,1,6,16,0.375
Gemma-7B,MATH500,126,9,0,16,0.0
Gemma-7B,MATH500,127,1,0,16,0.0
Gemma-7B,MATH500,128,3,1,16,0.0625
Gemma-7B,MATH500,129,1,0,16,0.0
Gemma-7B,MATH500,130,5,0,16,0.0
Gemma-7B,MATH500,131,3,1,16,0.0625
Gemma-7B,MATH500,132,1,6,16,0.375
Gemma-7B,MATH500,135,1,1,16,0.0625
Gemma-7B,MATH500,136,3,0,16,0.0
Gemma-7B,MATH500,137,3,1,16,0.0625
Gemma-7B,MATH500,138,1,0,16,0.0
Gemma-7B,MATH500,141,3,1,16,0.0625
Gemma-7B,MATH500,142,1,1,16,0.0625
Gemma-7B,MATH500,144,1,1,16,0.0625
Gemma-7B,MATH500,145,3,0,16,0.0
Gemma-7B,MATH500,147,3,0,16,0.0
Gemma-7B,MATH500,148,2,8,16,0.5
Gemma-7B,MATH500,149,1,0,16,0.0
Gemma-7B,MATH500,150,9,3,16,0.1875
Gemma-7B,MATH500,151,7,0,16,0.0
Gemma-7B,MATH500,152,4,0,16,0.0
Gemma-7B,MATH500,153,1,0,16,0.0
Gemma-7B,MATH500,156,1,1,16,0.0625
Gemma-7B,MATH500,157,3,0,16,0.0
Gemma-7B,MATH500,158,4,0,16,0.0
Gemma-7B,MATH500,159,2,1,16,0.0625
Gemma-7B,MATH500,161,1,7,16,0.4375
Gemma-7B,MATH500,162,2,2,16,0.125
Gemma-7B,MATH500,163,1,1,16,0.0625
Gemma-7B,MATH500,164,3,0,16,0.0
Gemma-7B,MATH500,166,1,0,16,0.0
Gemma-7B,MATH500,168,3,0,16,0.0
Gemma-7B,MATH500,170,1,0,16,0.0
Gemma-7B,MATH500,173,1,1,16,0.0625
Gemma-7B,MATH500,175,5,0,16,0.0
Gemma-7B,MATH500,176,2,0,16,0.0
Gemma-7B,MATH500,177,2,0,16,0.0
Gemma-7B,MATH500,178,2,9,16,0.5625
Gemma-7B,MATH500,179,1,0,16,0.0
Gemma-7B,MATH500,180,1,3,16,0.1875
Gemma-7B,MATH500,183,1,0,16,0.0
Gemma-7B,MATH500,184,2,0,16,0.0
Gemma-7B,MATH500,185,1,11,16,0.6875
Gemma-7B,MATH500,186,3,0,16,0.0
Gemma-7B,MATH500,188,3,1,16,0.0625
Gemma-7B,MATH500,189,1,0,16,0.0
Gemma-7B,MATH500,190,1,0,16,0.0
Gemma-7B,MATH500,191,1,10,16,0.625
Gemma-7B,MATH500,192,2,0,16,0.0
Gemma-7B,MATH500,193,2,2,16,0.125
Gemma-7B,MATH500,194,1,1,16,0.0625
Gemma-7B,MATH500,196,4,1,16,0.0625
Gemma-7B,MATH500,197,2,0,16,0.0
Gemma-7B,MATH500,199,1,9,16,0.5625
Gemma-7B,MATH500,201,2,0,16,0.0
Gemma-7B,MATH500,202,2,0,16,0.0
Gemma-7B,MATH500,203,4,0,16,0.0
Gemma-7B,MATH500,204,3,1,16,0.0625
Gemma-7B,MATH500,205,2,0,16,0.0
Gemma-7B,MATH500,206,1,1,16,0.0625
Gemma-7B,MATH500,208,4,2,16,0.125
Gemma-7B,MATH500,209,3,0,16,0.0
Gemma-7B,MATH500,210,2,0,16,0.0
Gemma-7B,MATH500,211,2,3,16,0.1875
Gemma-7B,MATH500,212,1,3,16,0.1875
Gemma-7B,MATH500,213,1,1,16,0.0625
Gemma-7B,MATH500,214,1,0,16,0.0
Gemma-7B,MATH500,215,2,1,16,0.0625
Gemma-7B,MATH500,217,2,0,16,0.0
Gemma-7B,MATH500,218,1,10,16,0.625
Gemma-7B,MATH500,219,1,1,16,0.0625
Gemma-7B,MATH500,221,1,0,16,0.0
Gemma-7B,MATH500,222,1,0,16,0.0
Gemma-7B,MATH500,223,3,0,16,0.0
Gemma-7B,MATH500,224,6,0,16,0.0
Gemma-7B,MATH500,225,3,0,16,0.0
Gemma-7B,MATH500,226,2,0,16,0.0
Gemma-7B,MATH500,227,4,3,16,0.1875
Gemma-7B,MATH500,228,2,0,16,0.0
Gemma-7B,MATH500,229,2,3,16,0.1875
Gemma-7B,MATH500,230,5,0,16,0.0
Gemma-7B,MATH500,231,1,0,16,0.0
Gemma-7B,MATH500,232,2,0,16,0.0
Gemma-7B,MATH500,233,2,0,16,0.0
Gemma-7B,MATH500,234,1,0,16,0.0
Gemma-7B,MATH500,235,1,5,16,0.3125
Gemma-7B,MATH500,236,6,0,16,0.0
Gemma-7B,MATH500,237,3,3,16,0.1875
Gemma-7B,MATH500,239,2,0,16,0.0
Gemma-7B,MATH500,241,2,0,16,0.0
Gemma-7B,MATH500,242,3,0,16,0.0
Gemma-7B,MATH500,244,1,3,16,0.1875
Gemma-7B,MATH500,245,1,0,16,0.0
Gemma-7B,MATH500,246,3,1,16,0.0625
Gemma-7B,MATH500,247,2,0,16,0.0
Gemma-7B,MATH500,248,5,0,16,0.0
Gemma-7B,MATH500,249,1,0,16,0.0
Gemma-7B,MATH500,250,1,3,16,0.1875
Gemma-7B,MATH500,251,1,0,16,0.0
Gemma-7B,MATH500,253,1,4,16,0.25
Gemma-7B,MATH500,254,1,0,16,0.0
Gemma-7B,MATH500,255,1,3,16,0.1875
Gemma-7B,MATH500,258,1,0,16,0.0
Gemma-7B,MATH500,259,1,8,16,0.5
Gemma-7B,MATH500,260,1,0,16,0.0
Gemma-7B,MATH500,261,1,0,16,0.0
Gemma-7B,MATH500,262,1,10,16,0.625
Gemma-7B,MATH500,264,1,0,16,0.0
Gemma-7B,MATH500,265,3,2,16,0.125
Gemma-7B,MATH500,266,1,7,16,0.4375
Gemma-7B,MATH500,268,3,7,16,0.4375
Gemma-7B,MATH500,269,3,2,16,0.125
Gemma-7B,MATH500,270,1,8,16,0.5
Gemma-7B,MATH500,271,3,0,16,0.0
Gemma-7B,MATH500,272,3,0,16,0.0
Gemma-7B,MATH500,275,1,4,16,0.25
Gemma-7B,MATH500,276,3,0,16,0.0
Gemma-7B,MATH500,277,2,1,16,0.0625
Gemma-7B,MATH500,278,2,4,16,0.25
Gemma-7B,MATH500,280,3,2,16,0.125
Gemma-7B,MATH500,282,1,0,16,0.0
Gemma-7B,MATH500,283,1,3,16,0.1875
Gemma-7B,MATH500,285,2,0,16,0.0
Gemma-7B,MATH500,286,1,0,16,0.0
Gemma-7B,MATH500,287,2,0,16,0.0
Gemma-7B,MATH500,288,1,0,16,0.0
Gemma-7B,MATH500,289,3,5,16,0.3125
Gemma-7B,MATH500,290,2,0,16,0.0
Gemma-7B,MATH500,291,2,0,16,0.0
Gemma-7B,MATH500,292,9,0,16,0.0
Gemma-7B,MATH500,293,1,1,16,0.0625
Gemma-7B,MATH500,294,1,0,16,0.0
Gemma-7B,MATH500,295,2,0,16,0.0
Gemma-7B,MATH500,296,1,1,16,0.0625
Gemma-7B,MATH500,297,2,0,16,0.0
Gemma-7B,MATH500,298,2,0,16,0.0
Gemma-7B,MATH500,299,2,0,16,0.0
Gemma-7B,MATH500,300,1,0,16,0.0
Gemma-7B,MATH500,301,1,0,16,0.0
Gemma-7B,MATH500,302,4,1,16,0.0625
Gemma-7B,MATH500,305,1,5,16,0.3125
Gemma-7B,MATH500,309,3,0,16,0.0
Gemma-7B,MATH500,311,3,0,16,0.0
Gemma-7B,MATH500,315,1,0,16,0.0
Gemma-7B,MATH500,316,1,1,16,0.0625
Gemma-7B,MATH500,317,3,1,16,0.0625
Gemma-7B,MATH500,318,1,2,16,0.125
Gemma-7B,MATH500,320,1,0,16,0.0
Gemma-7B,MATH500,321,2,1,16,0.0625
Gemma-7B,MATH500,324,1,1,16,0.0625
Gemma-7B,MATH500,326,1,1,16,0.0625
Gemma-7B,MATH500,327,2,0,16,0.0
Gemma-7B,MATH500,328,2,4,16,0.25
Gemma-7B,MATH500,331,6,0,16,0.0
Gemma-7B,MATH500,332,1,1,16,0.0625
Gemma-7B,MATH500,333,5,2,16,0.125
Gemma-7B,MATH500,334,2,2,16,0.125
Gemma-7B,MATH500,335,9,1,16,0.0625
Gemma-7B,MATH500,336,1,4,16,0.25
Gemma-7B,MATH500,337,1,0,16,0.0
Gemma-7B,MATH500,339,2,2,16,0.125
Gemma-7B,MATH500,340,1,0,16,0.0
Gemma-7B,MATH500,342,3,3,16,0.1875
Gemma-7B,MATH500,344,2,4,16,0.25
Gemma-7B,MATH500,346,2,2,16,0.125
Gemma-7B,MATH500,348,2,0,16,0.0
Gemma-7B,MATH500,349,1,0,16,0.0
Gemma-7B,MATH500,350,1,2,16,0.125
Gemma-7B,MATH500,351,7,0,16,0.0
Gemma-7B,MATH500,354,1,1,16,0.0625
Gemma-7B,MATH500,355,4,0,16,0.0
Gemma-7B,MATH500,356,4,1,16,0.0625
Gemma-7B,MATH500,357,2,1,16,0.0625
Gemma-7B,MATH500,358,2,0,16,0.0
Gemma-7B,MATH500,359,3,0,16,0.0
Gemma-7B,MATH500,360,2,0,16,0.0
Gemma-7B,MATH500,362,1,12,16,0.75
Gemma-7B,MATH500,363,1,4,16,0.25
Gemma-7B,MATH500,364,3,0,16,0.0
Gemma-7B,MATH500,365,4,0,16,0.0
Gemma-7B,MATH500,366,3,1,16,0.0625
Gemma-7B,MATH500,368,1,1,16,0.0625
Gemma-7B,MATH500,370,1,8,16,0.5
Gemma-7B,MATH500,373,1,1,16,0.0625
Gemma-7B,MATH500,374,1,11,16,0.6875
Gemma-7B,MATH500,376,1,0,16,0.0
Gemma-7B,MATH500,377,5,3,16,0.1875
Gemma-7B,MATH500,378,4,1,16,0.0625
Gemma-7B,MATH500,379,2,0,16,0.0
Gemma-7B,MATH500,380,2,0,16,0.0
Gemma-7B,MATH500,381,1,0,16,0.0
Gemma-7B,MATH500,386,1,6,16,0.375
Gemma-7B,MATH500,388,1,10,16,0.625
Gemma-7B,MATH500,391,1,2,16,0.125
Gemma-7B,MATH500,392,1,0,16,0.0
Gemma-7B,MATH500,393,1,1,16,0.0625
Gemma-7B,MATH500,396,2,2,16,0.125
Gemma-7B,MATH500,399,1,10,16,0.625
Gemma-7B,MATH500,400,1,0,16,0.0
Gemma-7B,MATH500,402,1,0,16,0.0
Gemma-7B,MATH500,406,7,0,16,0.0
Gemma-7B,MATH500,408,2,0,16,0.0
Gemma-7B,MATH500,409,1,0,16,0.0
Gemma-7B,MATH500,410,3,4,16,0.25
Gemma-7B,MATH500,411,2,2,16,0.125
Gemma-7B,MATH500,412,3,0,16,0.0
Gemma-7B,MATH500,413,1,4,16,0.25
Gemma-7B,MATH500,414,2,4,16,0.25
Gemma-7B,MATH500,415,2,0,16,0.0
Gemma-7B,MATH500,416,2,0,16,0.0
Gemma-7B,MATH500,417,1,0,16,0.0
Gemma-7B,MATH500,418,1,2,16,0.125
Gemma-7B,MATH500,419,2,0,16,0.0
Gemma-7B,MATH500,420,3,1,16,0.0625
Gemma-7B,MATH500,421,1,0,16,0.0
Gemma-7B,MATH500,422,5,0,16,0.0
Gemma-7B,MATH500,423,1,0,16,0.0
Gemma-7B,MATH500,424,1,1,16,0.0625
Gemma-7B,MATH500,425,1,0,16,0.0
Gemma-7B,MATH500,427,1,5,16,0.3125
Gemma-7B,MATH500,428,4,0,16,0.0
Gemma-7B,MATH500,429,2,0,16,0.0
Gemma-7B,MATH500,430,1,10,16,0.625
Gemma-7B,MATH500,432,5,0,16,0.0
Gemma-7B,MATH500,433,3,7,16,0.4375
Gemma-7B,MATH500,434,1,0,16,0.0
Gemma-7B,MATH500,436,1,0,16,0.0
Gemma-7B,MATH500,437,1,2,16,0.125
Gemma-7B,MATH500,438,2,6,16,0.375
Gemma-7B,MATH500,439,4,6,16,0.375
Gemma-7B,MATH500,443,1,1,16,0.0625
Gemma-7B,MATH500,445,2,0,16,0.0
Gemma-7B,MATH500,447,1,4,16,0.25
Gemma-7B,MATH500,448,1,0,16,0.0
Gemma-7B,MATH500,449,3,7,16,0.4375
Gemma-7B,MATH500,450,2,0,16,0.0
Gemma-7B,MATH500,452,1,3,16,0.1875
Gemma-7B,MATH500,453,2,0,16,0.0
Gemma-7B,MATH500,454,2,1,16,0.0625
Gemma-7B,MATH500,455,1,2,16,0.125
Gemma-7B,MATH500,456,4,1,16,0.0625
Gemma-7B,MATH500,458,2,0,16,0.0
Gemma-7B,MATH500,462,1,0,16,0.0
Gemma-7B,MATH500,463,1,7,16,0.4375
Gemma-7B,MATH500,464,1,0,16,0.0
Gemma-7B,MATH500,465,6,0,16,0.0
Gemma-7B,MATH500,466,5,0,16,0.0
Gemma-7B,MATH500,470,1,0,16,0.0
Gemma-7B,MATH500,473,2,1,16,0.0625
Gemma-7B,MATH500,474,6,2,16,0.125
Gemma-7B,MATH500,475,2,0,16,0.0
Gemma-7B,MATH500,476,1,9,16,0.5625
Gemma-7B,MATH500,477,2,3,16,0.1875
Gemma-7B,MATH500,478,3,1,16,0.0625
Gemma-7B,MATH500,479,4,0,16,0.0
Gemma-7B,MATH500,480,1,6,16,0.375
Gemma-7B,MATH500,481,3,0,16,0.0
Gemma-7B,MATH500,482,5,0,16,0.0
Gemma-7B,MATH500,483,1,0,16,0.0
Gemma-7B,MATH500,484,5,0,16,0.0
Gemma-7B,MATH500,485,1,2,16,0.125
Gemma-7B,MATH500,486,1,1,16,0.0625
Gemma-7B,MATH500,488,1,8,16,0.5
Gemma-7B,MATH500,489,1,3,16,0.1875
Gemma-7B,MATH500,490,3,0,16,0.0
Gemma-7B,MATH500,493,3,2,16,0.125
Gemma-7B,MATH500,494,1,0,16,0.0
Gemma-7B,MATH500,496,2,3,16,0.1875
Gemma-7B,MATH500,497,1,0,16,0.0
Gemma-7B,MATH500,498,4,0,16,0.0
Gemma-7B,MATH500,499,1,3,16,0.1875
Gemma-7B,SVAMP,1,3,10,16,0.625
Gemma-7B,SVAMP,2,1,12,16,0.75
Gemma-7B,SVAMP,4,1,9,16,0.5625
Gemma-7B,SVAMP,6,5,4,16,0.25
Gemma-7B,SVAMP,7,2,7,16,0.4375
Gemma-7B,SVAMP,8,1,7,16,0.4375
Gemma-7B,SVAMP,9,1,14,16,0.875
Gemma-7B,SVAMP,10,1,5,16,0.3125
Gemma-7B,SVAMP,11,3,5,16,0.3125
Gemma-7B,SVAMP,14,2,13,16,0.8125
Gemma-7B,SVAMP,15,1,9,16,0.5625
Gemma-7B,SVAMP,17,3,0,16,0.0
Gemma-7B,SVAMP,18,2,7,16,0.4375
Gemma-7B,SVAMP,19,1,9,16,0.5625
Gemma-7B,SVAMP,20,1,11,16,0.6875
Gemma-7B,SVAMP,21,2,4,16,0.25
Gemma-7B,SVAMP,23,1,9,16,0.5625
Gemma-7B,SVAMP,25,1,8,16,0.5
Gemma-7B,SVAMP,29,2,3,16,0.1875
Gemma-7B,SVAMP,30,3,2,16,0.125
Gemma-7B,SVAMP,32,1,11,16,0.6875
Gemma-7B,SVAMP,33,2,2,16,0.125
Gemma-7B,SVAMP,34,2,9,16,0.5625
Gemma-7B,SVAMP,35,1,0,16,0.0
Gemma-7B,SVAMP,39,1,2,16,0.125
Gemma-7B,SVAMP,40,4,3,16,0.1875
Gemma-7B,SVAMP,41,1,5,16,0.3125
Gemma-7B,SVAMP,42,1,7,16,0.4375
Gemma-7B,SVAMP,43,1,16,16,1.0
Gemma-7B,SVAMP,45,3,7,16,0.4375
Gemma-7B,SVAMP,46,3,4,16,0.25
Gemma-7B,SVAMP,47,1,12,16,0.75
Gemma-7B,SVAMP,48,3,3,16,0.1875
Gemma-7B,SVAMP,49,2,7,16,0.4375
Gemma-7B,SVAMP,50,1,7,16,0.4375
Gemma-7B,SVAMP,51,3,5,16,0.3125
Gemma-7B,SVAMP,52,2,4,16,0.25
Gemma-7B,SVAMP,53,2,11,16,0.6875
Gemma-7B,SVAMP,54,3,2,16,0.125
Gemma-7B,SVAMP,55,3,6,16,0.375
Gemma-7B,SVAMP,56,1,4,16,0.25
Gemma-7B,SVAMP,57,3,4,16,0.25
Gemma-7B,SVAMP,58,4,5,16,0.3125
Gemma-7B,SVAMP,59,2,9,16,0.5625
Gemma-7B,SVAMP,60,3,4,16,0.25
Gemma-7B,SVAMP,61,4,10,16,0.625
Gemma-7B,SVAMP,62,2,8,16,0.5
Gemma-7B,SVAMP,63,1,3,16,0.1875
Gemma-7B,SVAMP,64,1,5,16,0.3125
Gemma-7B,SVAMP,66,2,6,16,0.375
Gemma-7B,SVAMP,67,3,6,16,0.375
Gemma-7B,SVAMP,69,2,8,16,0.5
Gemma-7B,SVAMP,70,2,7,16,0.4375
Gemma-7B,SVAMP,71,2,6,16,0.375
Gemma-7B,SVAMP,72,3,7,16,0.4375
Gemma-7B,SVAMP,73,1,7,16,0.4375
Gemma-7B,SVAMP,74,5,6,16,0.375
Gemma-7B,SVAMP,75,2,0,16,0.0
Gemma-7B,SVAMP,76,1,11,16,0.6875
Gemma-7B,SVAMP,77,2,5,16,0.3125
Gemma-7B,SVAMP,79,3,2,16,0.125
Gemma-7B,SVAMP,80,5,10,16,0.625
Gemma-7B,SVAMP,82,3,3,16,0.1875
Gemma-7B,SVAMP,83,3,2,16,0.125
Gemma-7B,SVAMP,84,3,8,16,0.5
Gemma-7B,SVAMP,85,2,3,16,0.1875
Gemma-7B,SVAMP,86,4,7,16,0.4375
Gemma-7B,SVAMP,87,4,7,16,0.4375
Gemma-7B,SVAMP,88,2,12,16,0.75
Gemma-7B,SVAMP,90,1,5,16,0.3125
Gemma-7B,SVAMP,91,1,0,16,0.0
Gemma-7B,SVAMP,92,2,3,16,0.1875
Gemma-7B,SVAMP,93,2,11,16,0.6875
Gemma-7B,SVAMP,94,1,6,16,0.375
Gemma-7B,SVAMP,95,1,8,16,0.5
Gemma-7B,SVAMP,99,1,5,16,0.3125
Gemma-7B,SVAMP,101,2,7,16,0.4375
Gemma-7B,SVAMP,102,3,4,16,0.25
Gemma-7B,SVAMP,103,1,12,16,0.75
Gemma-7B,SVAMP,104,3,2,16,0.125
Gemma-7B,SVAMP,106,3,2,16,0.125
Gemma-7B,SVAMP,107,2,9,16,0.5625
Gemma-7B,SVAMP,108,5,7,16,0.4375
Gemma-7B,SVAMP,109,2,13,16,0.8125
Gemma-7B,SVAMP,110,1,9,16,0.5625
Gemma-7B,SVAMP,112,1,11,16,0.6875
Gemma-7B,SVAMP,113,1,9,16,0.5625
Gemma-7B,SVAMP,114,3,9,16,0.5625
Gemma-7B,SVAMP,115,2,9,16,0.5625
Gemma-7B,SVAMP,117,4,10,16,0.625
Gemma-7B,SVAMP,118,3,7,16,0.4375
Gemma-7B,SVAMP,119,2,13,16,0.8125
Gemma-7B,SVAMP,120,2,7,16,0.4375
Gemma-7B,SVAMP,121,3,6,16,0.375
Gemma-7B,SVAMP,122,2,7,16,0.4375
Gemma-7B,SVAMP,124,3,3,16,0.1875
Gemma-7B,SVAMP,127,1,11,16,0.6875
Gemma-7B,SVAMP,129,1,11,16,0.6875
Gemma-7B,SVAMP,130,1,9,16,0.5625
Gemma-7B,SVAMP,132,3,4,16,0.25
Gemma-7B,SVAMP,133,3,1,16,0.0625
Gemma-7B,SVAMP,135,2,11,16,0.6875
Gemma-7B,SVAMP,136,1,8,16,0.5
Gemma-7B,SVAMP,137,1,3,16,0.1875
Gemma-7B,SVAMP,139,2,7,16,0.4375
Gemma-7B,SVAMP,141,2,4,16,0.25
Gemma-7B,SVAMP,144,3,1,16,0.0625
Gemma-7B,SVAMP,145,1,12,16,0.75
Gemma-7B,SVAMP,146,3,3,16,0.1875
Gemma-7B,SVAMP,148,1,7,16,0.4375
Gemma-7B,SVAMP,149,1,9,16,0.5625
Gemma-7B,SVAMP,150,2,8,16,0.5
Gemma-7B,SVAMP,151,2,7,16,0.4375
Gemma-7B,SVAMP,152,3,2,16,0.125
Gemma-7B,SVAMP,153,1,10,16,0.625
Gemma-7B,SVAMP,155,2,9,16,0.5625
Gemma-7B,SVAMP,156,1,3,16,0.1875
Gemma-7B,SVAMP,157,3,0,16,0.0
Gemma-7B,SVAMP,158,1,5,16,0.3125
Gemma-7B,SVAMP,159,2,13,16,0.8125
Gemma-7B,SVAMP,161,5,3,16,0.1875
Gemma-7B,SVAMP,162,1,8,16,0.5
Gemma-7B,SVAMP,163,2,1,16,0.0625
Gemma-7B,SVAMP,164,1,11,16,0.6875
Gemma-7B,SVAMP,165,4,3,16,0.1875
Gemma-7B,SVAMP,166,2,13,16,0.8125
Gemma-7B,SVAMP,168,2,2,16,0.125
Gemma-7B,SVAMP,169,2,10,16,0.625
Gemma-7B,SVAMP,171,1,13,16,0.8125
Gemma-7B,SVAMP,174,1,9,16,0.5625
Gemma-7B,SVAMP,175,1,10,16,0.625
Gemma-7B,SVAMP,176,2,1,16,0.0625
Gemma-7B,SVAMP,177,3,5,16,0.3125
Gemma-7B,SVAMP,178,2,3,16,0.1875
Gemma-7B,SVAMP,179,2,0,16,0.0
Gemma-7B,SVAMP,180,2,7,16,0.4375
Gemma-7B,SVAMP,181,2,3,16,0.1875
Gemma-7B,SVAMP,182,2,1,16,0.0625
Gemma-7B,SVAMP,183,2,2,16,0.125
Gemma-7B,SVAMP,185,2,5,16,0.3125
Gemma-7B,SVAMP,186,1,11,16,0.6875
Gemma-7B,SVAMP,187,1,0,16,0.0
Gemma-7B,SVAMP,188,5,8,16,0.5
Gemma-7B,SVAMP,189,2,4,16,0.25
Gemma-7B,SVAMP,190,1,9,16,0.5625
Gemma-7B,SVAMP,191,2,1,16,0.0625
Gemma-7B,SVAMP,192,4,9,16,0.5625
Gemma-7B,SVAMP,193,1,2,16,0.125
Gemma-7B,SVAMP,194,1,6,16,0.375
Gemma-7B,SVAMP,195,1,9,16,0.5625
Gemma-7B,SVAMP,196,7,10,16,0.625
Gemma-7B,SVAMP,197,2,11,16,0.6875
Gemma-7B,SVAMP,198,2,13,16,0.8125
Gemma-7B,SVAMP,200,1,3,16,0.1875
Gemma-7B,SVAMP,201,1,9,16,0.5625
Gemma-7B,SVAMP,202,2,10,16,0.625
Gemma-7B,SVAMP,204,7,2,16,0.125
Gemma-7B,SVAMP,205,1,11,16,0.6875
Gemma-7B,SVAMP,206,3,10,16,0.625
Gemma-7B,SVAMP,207,2,5,16,0.3125
Gemma-7B,SVAMP,208,1,4,16,0.25
Gemma-7B,SVAMP,209,3,5,16,0.3125
Gemma-7B,SVAMP,210,1,4,16,0.25
Gemma-7B,SVAMP,212,6,2,16,0.125
Gemma-7B,SVAMP,213,1,13,16,0.8125
Gemma-7B,SVAMP,215,4,1,16,0.0625
Gemma-7B,SVAMP,216,2,9,16,0.5625
Gemma-7B,SVAMP,219,2,3,16,0.1875
Gemma-7B,SVAMP,222,1,8,16,0.5
Gemma-7B,SVAMP,223,1,6,16,0.375
Gemma-7B,SVAMP,224,3,2,16,0.125
Gemma-7B,SVAMP,225,1,2,16,0.125
Gemma-7B,SVAMP,226,2,2,16,0.125
Gemma-7B,SVAMP,227,2,2,16,0.125
Gemma-7B,SVAMP,229,5,5,16,0.3125
Gemma-7B,SVAMP,231,1,10,16,0.625
Gemma-7B,SVAMP,232,4,8,16,0.5
Gemma-7B,SVAMP,234,1,3,16,0.1875
Gemma-7B,SVAMP,235,2,8,16,0.5
Gemma-7B,SVAMP,236,2,7,16,0.4375
Gemma-7B,SVAMP,237,2,3,16,0.1875
Gemma-7B,SVAMP,238,3,4,16,0.25
Gemma-7B,SVAMP,239,1,4,16,0.25
Gemma-7B,SVAMP,240,2,0,16,0.0
Gemma-7B,SVAMP,241,1,4,16,0.25
Gemma-7B,SVAMP,242,1,6,16,0.375
Gemma-7B,SVAMP,245,1,11,16,0.6875
Gemma-7B,SVAMP,246,1,3,16,0.1875
Gemma-7B,SVAMP,247,3,2,16,0.125
Gemma-7B,SVAMP,248,1,7,16,0.4375
Gemma-7B,SVAMP,249,2,3,16,0.1875
Gemma-7B,SVAMP,250,1,3,16,0.1875
Gemma-7B,SVAMP,251,1,6,16,0.375
Gemma-7B,SVAMP,252,1,6,16,0.375
Gemma-7B,SVAMP,255,4,2,16,0.125
Gemma-7B,SVAMP,256,4,6,16,0.375
Gemma-7B,SVAMP,257,1,6,16,0.375
Gemma-7B,SVAMP,258,4,0,16,0.0
Gemma-7B,SVAMP,259,2,2,16,0.125
Gemma-7B,SVAMP,260,1,3,16,0.1875
Gemma-7B,SVAMP,261,1,6,16,0.375
Gemma-7B,SVAMP,263,2,1,16,0.0625
Gemma-7B,SVAMP,264,2,10,16,0.625
Gemma-7B,SVAMP,265,2,10,16,0.625
Gemma-7B,SVAMP,266,1,7,16,0.4375
Gemma-7B,SVAMP,267,2,4,16,0.25
Gemma-7B,SVAMP,268,2,14,16,0.875
Gemma-7B,SVAMP,269,3,1,16,0.0625
Gemma-7B,SVAMP,270,2,7,16,0.4375
Gemma-7B,SVAMP,272,1,12,16,0.75
Gemma-7B,SVAMP,273,1,16,16,1.0
Gemma-7B,SVAMP,274,1,10,16,0.625
Gemma-7B,SVAMP,276,1,6,16,0.375
Gemma-7B,SVAMP,277,2,14,16,0.875
Gemma-7B,SVAMP,278,1,2,16,0.125
Gemma-7B,SVAMP,279,3,3,16,0.1875
Gemma-7B,SVAMP,280,1,7,16,0.4375
Gemma-7B,SVAMP,281,1,13,16,0.8125
Gemma-7B,SVAMP,282,1,6,16,0.375
Gemma-7B,SVAMP,283,1,9,16,0.5625
Gemma-7B,SVAMP,284,2,9,16,0.5625
Gemma-7B,SVAMP,285,1,7,16,0.4375
Gemma-7B,SVAMP,286,4,1,16,0.0625
Gemma-7B,SVAMP,289,2,4,16,0.25
Gemma-7B,SVAMP,291,1,11,16,0.6875
Gemma-7B,SVAMP,292,2,11,16,0.6875
Gemma-7B,SVAMP,293,1,3,16,0.1875
Gemma-7B,SVAMP,294,2,5,16,0.3125
Gemma-7B,SVAMP,295,1,11,16,0.6875
Gemma-7B,SVAMP,296,2,0,16,0.0
Gemma-7B,SVAMP,297,2,2,16,0.125
Gemma-7B,SVAMP,298,1,4,16,0.25
Gemma-7B,SVAMP,300,1,3,16,0.1875
Gemma-7B,SVAMP,301,1,8,16,0.5
Gemma-7B,SVAMP,303,1,12,16,0.75
Gemma-7B,SVAMP,304,2,7,16,0.4375
Gemma-7B,SVAMP,305,1,5,16,0.3125
Gemma-7B,SVAMP,307,2,9,16,0.5625
Gemma-7B,SVAMP,308,2,9,16,0.5625
Gemma-7B,SVAMP,309,2,9,16,0.5625
Gemma-7B,SVAMP,310,4,2,16,0.125
Gemma-7B,SVAMP,311,1,11,16,0.6875
Gemma-7B,SVAMP,313,1,15,16,0.9375
Gemma-7B,SVAMP,314,2,0,16,0.0
Gemma-7B,SVAMP,315,2,10,16,0.625
Gemma-7B,SVAMP,316,1,8,16,0.5
Gemma-7B,SVAMP,317,1,4,16,0.25
Gemma-7B,SVAMP,318,3,7,16,0.4375
Gemma-7B,SVAMP,319,3,4,16,0.25
Gemma-7B,SVAMP,320,2,11,16,0.6875
Gemma-7B,SVAMP,321,3,4,16,0.25
Gemma-7B,SVAMP,322,4,14,16,0.875
Gemma-7B,SVAMP,323,1,2,16,0.125
Gemma-7B,SVAMP,324,3,6,16,0.375
Gemma-7B,SVAMP,325,2,6,16,0.375
Gemma-7B,SVAMP,326,1,3,16,0.1875
Gemma-7B,SVAMP,327,2,9,16,0.5625
Gemma-7B,SVAMP,328,1,7,16,0.4375
Gemma-7B,SVAMP,329,1,4,16,0.25
Gemma-7B,SVAMP,331,1,8,16,0.5
Gemma-7B,SVAMP,333,3,4,16,0.25
Gemma-7B,SVAMP,334,2,12,16,0.75
Gemma-7B,SVAMP,335,3,12,16,0.75
Gemma-7B,SVAMP,336,3,3,16,0.1875
Gemma-7B,SVAMP,337,1,7,16,0.4375
Gemma-7B,SVAMP,338,1,9,16,0.5625
Gemma-7B,SVAMP,341,2,5,16,0.3125
Gemma-7B,SVAMP,342,1,1,16,0.0625
Gemma-7B,SVAMP,344,3,10,16,0.625
Gemma-7B,SVAMP,345,2,3,16,0.1875
Gemma-7B,SVAMP,346,2,7,16,0.4375
Gemma-7B,SVAMP,347,3,3,16,0.1875
Gemma-7B,SVAMP,349,3,11,16,0.6875
Gemma-7B,SVAMP,350,3,0,16,0.0
Gemma-7B,SVAMP,352,3,4,16,0.25
Gemma-7B,SVAMP,353,1,1,16,0.0625
Gemma-7B,SVAMP,354,1,7,16,0.4375
Gemma-7B,SVAMP,356,2,9,16,0.5625
Gemma-7B,SVAMP,357,2,12,16,0.75
Gemma-7B,SVAMP,359,1,3,16,0.1875
Gemma-7B,SVAMP,360,2,7,16,0.4375
Gemma-7B,SVAMP,361,2,11,16,0.6875
Gemma-7B,SVAMP,362,1,7,16,0.4375
Gemma-7B,SVAMP,363,1,3,16,0.1875
Gemma-7B,SVAMP,364,1,5,16,0.3125
Gemma-7B,SVAMP,365,1,5,16,0.3125
Gemma-7B,SVAMP,366,1,10,16,0.625
Gemma-7B,SVAMP,367,3,6,16,0.375
Gemma-7B,SVAMP,368,2,7,16,0.4375
Gemma-7B,SVAMP,369,4,5,16,0.3125
Gemma-7B,SVAMP,370,2,12,16,0.75
Gemma-7B,SVAMP,374,4,4,16,0.25
Gemma-7B,SVAMP,375,2,5,16,0.3125
Gemma-7B,SVAMP,376,2,10,16,0.625
Gemma-7B,SVAMP,377,1,7,16,0.4375
Gemma-7B,SVAMP,378,1,11,16,0.6875
Gemma-7B,SVAMP,379,1,7,16,0.4375
Gemma-7B,SVAMP,380,2,2,16,0.125
Gemma-7B,SVAMP,381,2,11,16,0.6875
Gemma-7B,SVAMP,383,2,12,16,0.75
Gemma-7B,SVAMP,384,3,5,16,0.3125
Gemma-7B,SVAMP,385,2,7,16,0.4375
Gemma-7B,SVAMP,386,1,3,16,0.1875
Gemma-7B,SVAMP,387,1,5,16,0.3125
Gemma-7B,SVAMP,388,2,12,16,0.75
Gemma-7B,SVAMP,389,2,12,16,0.75
Gemma-7B,SVAMP,390,2,6,16,0.375
Gemma-7B,SVAMP,391,2,10,16,0.625
Gemma-7B,SVAMP,392,1,7,16,0.4375
Gemma-7B,SVAMP,393,3,4,16,0.25
Gemma-7B,SVAMP,395,3,0,16,0.0
Gemma-7B,SVAMP,397,1,4,16,0.25
Gemma-7B,SVAMP,398,2,1,16,0.0625
Gemma-7B,SVAMP,399,3,0,16,0.0
Gemma-7B,SVAMP,400,1,13,16,0.8125
Gemma-7B,SVAMP,402,2,6,16,0.375
Gemma-7B,SVAMP,403,2,9,16,0.5625
Gemma-7B,SVAMP,404,2,4,16,0.25
Gemma-7B,SVAMP,406,2,4,16,0.25
Gemma-7B,SVAMP,408,3,0,16,0.0
Gemma-7B,SVAMP,409,4,2,16,0.125
Gemma-7B,SVAMP,410,3,11,16,0.6875
Gemma-7B,SVAMP,411,5,0,16,0.0
Gemma-7B,SVAMP,412,1,7,16,0.4375
Gemma-7B,SVAMP,413,2,10,16,0.625
Gemma-7B,SVAMP,414,4,4,16,0.25
Gemma-7B,SVAMP,416,1,8,16,0.5
Gemma-7B,SVAMP,417,2,9,16,0.5625
Gemma-7B,SVAMP,419,3,9,16,0.5625
Gemma-7B,SVAMP,420,3,7,16,0.4375
Gemma-7B,SVAMP,421,1,3,16,0.1875
Gemma-7B,SVAMP,424,2,7,16,0.4375
Gemma-7B,SVAMP,426,1,13,16,0.8125
Gemma-7B,SVAMP,428,1,11,16,0.6875
Gemma-7B,SVAMP,429,2,3,16,0.1875
Gemma-7B,SVAMP,430,1,5,16,0.3125
Gemma-7B,SVAMP,431,1,2,16,0.125
Gemma-7B,SVAMP,433,1,9,16,0.5625
Gemma-7B,SVAMP,435,1,12,16,0.75
Gemma-7B,SVAMP,437,2,1,16,0.0625
Gemma-7B,SVAMP,438,2,3,16,0.1875
Gemma-7B,SVAMP,440,1,13,16,0.8125
Gemma-7B,SVAMP,441,2,5,16,0.3125
Gemma-7B,SVAMP,442,1,2,16,0.125
Gemma-7B,SVAMP,443,1,7,16,0.4375
Gemma-7B,SVAMP,444,2,9,16,0.5625
Gemma-7B,SVAMP,445,1,12,16,0.75
Gemma-7B,SVAMP,446,3,3,16,0.1875
Gemma-7B,SVAMP,447,3,1,16,0.0625
Gemma-7B,SVAMP,448,1,6,16,0.375
Gemma-7B,SVAMP,449,1,6,16,0.375
Gemma-7B,SVAMP,450,3,10,16,0.625
Gemma-7B,SVAMP,451,2,7,16,0.4375
Gemma-7B,SVAMP,452,1,1,16,0.0625
Gemma-7B,SVAMP,453,1,2,16,0.125
Gemma-7B,SVAMP,454,3,3,16,0.1875
Gemma-7B,SVAMP,456,1,5,16,0.3125
Gemma-7B,SVAMP,457,1,7,16,0.4375
Gemma-7B,SVAMP,459,1,9,16,0.5625
Gemma-7B,SVAMP,460,2,4,16,0.25
Gemma-7B,SVAMP,461,1,11,16,0.6875
Gemma-7B,SVAMP,462,3,2,16,0.125
Gemma-7B,SVAMP,463,3,9,16,0.5625
Gemma-7B,SVAMP,464,4,7,16,0.4375
Gemma-7B,SVAMP,465,2,7,16,0.4375
Gemma-7B,SVAMP,466,1,12,16,0.75
Gemma-7B,SVAMP,467,1,14,16,0.875
Gemma-7B,SVAMP,468,1,13,16,0.8125
Gemma-7B,SVAMP,469,2,13,16,0.8125
Gemma-7B,SVAMP,470,1,7,16,0.4375
Gemma-7B,SVAMP,472,3,1,16,0.0625
Gemma-7B,SVAMP,473,2,8,16,0.5
Gemma-7B,SVAMP,474,3,5,16,0.3125
Gemma-7B,SVAMP,475,3,2,16,0.125
Gemma-7B,SVAMP,476,2,6,16,0.375
Gemma-7B,SVAMP,477,2,7,16,0.4375
Gemma-7B,SVAMP,478,4,4,16,0.25
Gemma-7B,SVAMP,479,1,3,16,0.1875
Gemma-7B,SVAMP,480,3,6,16,0.375
Gemma-7B,SVAMP,482,4,2,16,0.125
Gemma-7B,SVAMP,483,2,7,16,0.4375
Gemma-7B,SVAMP,484,2,7,16,0.4375
Gemma-7B,SVAMP,485,2,1,16,0.0625
Gemma-7B,SVAMP,486,1,2,16,0.125
Gemma-7B,SVAMP,487,4,1,16,0.0625
Gemma-7B,SVAMP,488,3,12,16,0.75
Gemma-7B,SVAMP,489,2,10,16,0.625
Gemma-7B,SVAMP,491,2,8,16,0.5
Gemma-7B,SVAMP,493,1,6,16,0.375
Gemma-7B,SVAMP,494,5,5,16,0.3125
Gemma-7B,SVAMP,495,2,0,16,0.0
Gemma-7B,SVAMP,496,1,12,16,0.75
Gemma-7B,SVAMP,497,4,7,16,0.4375
Gemma-7B,SVAMP,498,1,8,16,0.5
Gemma-7B,SVAMP,499,2,0,16,0.0
Gemma-7B,SVAMP,500,1,3,16,0.1875
Gemma-7B,SVAMP,501,1,7,16,0.4375
Gemma-7B,SVAMP,502,2,3,16,0.1875
Gemma-7B,SVAMP,503,1,9,16,0.5625
Gemma-7B,SVAMP,505,1,5,16,0.3125
Gemma-7B,SVAMP,506,3,7,16,0.4375
Gemma-7B,SVAMP,507,1,8,16,0.5
Gemma-7B,SVAMP,509,2,5,16,0.3125
Gemma-7B,SVAMP,510,1,12,16,0.75
Gemma-7B,SVAMP,511,4,5,16,0.3125
Gemma-7B,SVAMP,513,4,7,16,0.4375
Gemma-7B,SVAMP,514,2,9,16,0.5625
Gemma-7B,SVAMP,516,3,6,16,0.375
Gemma-7B,SVAMP,517,2,7,16,0.4375
Gemma-7B,SVAMP,519,2,3,16,0.1875
Gemma-7B,SVAMP,521,3,5,16,0.3125
Gemma-7B,SVAMP,522,3,5,16,0.3125
Gemma-7B,SVAMP,523,2,6,16,0.375
Gemma-7B,SVAMP,524,2,10,16,0.625
Gemma-7B,SVAMP,525,1,11,16,0.6875
Gemma-7B,SVAMP,526,2,0,16,0.0
Gemma-7B,SVAMP,527,2,5,16,0.3125
Gemma-7B,SVAMP,528,3,11,16,0.6875
Gemma-7B,SVAMP,529,4,3,16,0.1875
Gemma-7B,SVAMP,531,2,4,16,0.25
Gemma-7B,SVAMP,532,1,12,16,0.75
Gemma-7B,SVAMP,533,1,6,16,0.375
Gemma-7B,SVAMP,534,2,8,16,0.5
Gemma-7B,SVAMP,535,2,7,16,0.4375
Gemma-7B,SVAMP,536,3,4,16,0.25
Gemma-7B,SVAMP,537,1,14,16,0.875
Gemma-7B,SVAMP,538,3,11,16,0.6875
Gemma-7B,SVAMP,540,2,5,16,0.3125
Gemma-7B,SVAMP,541,2,0,16,0.0
Gemma-7B,SVAMP,542,2,6,16,0.375
Gemma-7B,SVAMP,543,1,1,16,0.0625
Gemma-7B,SVAMP,544,1,0,16,0.0
Gemma-7B,SVAMP,545,1,9,16,0.5625
Gemma-7B,SVAMP,546,2,0,16,0.0
Gemma-7B,SVAMP,548,3,3,16,0.1875
Gemma-7B,SVAMP,549,1,4,16,0.25
Gemma-7B,SVAMP,550,3,0,16,0.0
Gemma-7B,SVAMP,551,3,6,16,0.375
Gemma-7B,SVAMP,552,2,2,16,0.125
Gemma-7B,SVAMP,553,2,6,16,0.375
Gemma-7B,SVAMP,554,1,14,16,0.875
Gemma-7B,SVAMP,555,6,7,16,0.4375
Gemma-7B,SVAMP,556,1,4,16,0.25
Gemma-7B,SVAMP,557,1,11,16,0.6875
Gemma-7B,SVAMP,558,1,2,16,0.125
Gemma-7B,SVAMP,560,2,2,16,0.125
Gemma-7B,SVAMP,564,4,6,16,0.375
Gemma-7B,SVAMP,565,1,5,16,0.3125
Gemma-7B,SVAMP,567,1,4,16,0.25
Gemma-7B,SVAMP,569,4,4,16,0.25
Gemma-7B,SVAMP,570,3,6,16,0.375
Gemma-7B,SVAMP,571,4,3,16,0.1875
Gemma-7B,SVAMP,572,3,4,16,0.25
Gemma-7B,SVAMP,573,2,8,16,0.5
Gemma-7B,SVAMP,574,1,14,16,0.875
Gemma-7B,SVAMP,575,1,10,16,0.625
Gemma-7B,SVAMP,576,2,9,16,0.5625
Gemma-7B,SVAMP,577,2,10,16,0.625
Gemma-7B,SVAMP,578,3,11,16,0.6875
Gemma-7B,SVAMP,579,1,5,16,0.3125
Gemma-7B,SVAMP,580,3,9,16,0.5625
Gemma-7B,SVAMP,581,2,8,16,0.5
Gemma-7B,SVAMP,582,1,13,16,0.8125
Gemma-7B,SVAMP,583,1,11,16,0.6875
Gemma-7B,SVAMP,584,2,10,16,0.625
Gemma-7B,SVAMP,585,2,10,16,0.625
Gemma-7B,SVAMP,587,1,4,16,0.25
Gemma-7B,SVAMP,588,5,5,16,0.3125
Gemma-7B,SVAMP,589,3,8,16,0.5
Gemma-7B,SVAMP,592,4,8,16,0.5
Gemma-7B,SVAMP,593,1,6,16,0.375
Gemma-7B,SVAMP,595,3,0,16,0.0
Gemma-7B,SVAMP,596,2,8,16,0.5
Gemma-7B,SVAMP,597,1,6,16,0.375
Gemma-7B,SVAMP,601,1,12,16,0.75
Gemma-7B,SVAMP,602,2,0,16,0.0
Gemma-7B,SVAMP,603,3,3,16,0.1875
Gemma-7B,SVAMP,604,2,12,16,0.75
Gemma-7B,SVAMP,605,2,4,16,0.25
Gemma-7B,SVAMP,606,3,11,16,0.6875
Gemma-7B,SVAMP,607,1,5,16,0.3125
Gemma-7B,SVAMP,609,1,8,16,0.5
Gemma-7B,SVAMP,610,3,9,16,0.5625
Gemma-7B,SVAMP,611,2,10,16,0.625
Gemma-7B,SVAMP,612,3,3,16,0.1875
Gemma-7B,SVAMP,613,1,5,16,0.3125
Gemma-7B,SVAMP,615,2,13,16,0.8125
Gemma-7B,SVAMP,616,2,5,16,0.3125
Gemma-7B,SVAMP,617,1,12,16,0.75
Gemma-7B,SVAMP,619,2,6,16,0.375
Gemma-7B,SVAMP,621,1,11,16,0.6875
Gemma-7B,SVAMP,622,3,6,16,0.375
Gemma-7B,SVAMP,623,4,9,16,0.5625
Gemma-7B,SVAMP,624,2,6,16,0.375
Gemma-7B,SVAMP,625,1,5,16,0.3125
Gemma-7B,SVAMP,626,5,3,16,0.1875
Gemma-7B,SVAMP,627,1,9,16,0.5625
Gemma-7B,SVAMP,629,2,5,16,0.3125
Gemma-7B,SVAMP,630,2,3,16,0.1875
Gemma-7B,SVAMP,631,1,15,16,0.9375
Gemma-7B,SVAMP,632,2,4,16,0.25
Gemma-7B,SVAMP,633,4,4,16,0.25
Gemma-7B,SVAMP,634,2,11,16,0.6875
Gemma-7B,SVAMP,635,3,9,16,0.5625
Gemma-7B,SVAMP,636,1,3,16,0.1875
Gemma-7B,SVAMP,637,1,3,16,0.1875
Gemma-7B,SVAMP,638,2,3,16,0.1875
Gemma-7B,SVAMP,639,1,11,16,0.6875
Gemma-7B,SVAMP,641,3,3,16,0.1875
Gemma-7B,SVAMP,642,1,7,16,0.4375
Gemma-7B,SVAMP,643,2,11,16,0.6875
Gemma-7B,SVAMP,644,1,12,16,0.75
Gemma-7B,SVAMP,645,1,4,16,0.25
Gemma-7B,SVAMP,646,3,5,16,0.3125
Gemma-7B,SVAMP,647,1,1,16,0.0625
Gemma-7B,SVAMP,648,3,13,16,0.8125
Gemma-7B,SVAMP,649,2,8,16,0.5
Gemma-7B,SVAMP,650,2,2,16,0.125
Gemma-7B,SVAMP,652,2,1,16,0.0625
Gemma-7B,SVAMP,654,1,12,16,0.75
Gemma-7B,SVAMP,655,1,0,16,0.0
Gemma-7B,SVAMP,656,2,2,16,0.125
Gemma-7B,SVAMP,657,2,7,16,0.4375
Gemma-7B,SVAMP,658,1,3,16,0.1875
Gemma-7B,SVAMP,661,2,3,16,0.1875
Gemma-7B,SVAMP,662,1,13,16,0.8125
Gemma-7B,SVAMP,665,1,8,16,0.5
Gemma-7B,SVAMP,667,1,9,16,0.5625
Gemma-7B,SVAMP,669,1,7,16,0.4375
Gemma-7B,SVAMP,671,1,3,16,0.1875
Gemma-7B,SVAMP,673,3,9,16,0.5625
Gemma-7B,SVAMP,674,3,9,16,0.5625
Gemma-7B,SVAMP,675,2,4,16,0.25
Gemma-7B,SVAMP,676,1,4,16,0.25
Gemma-7B,SVAMP,678,2,3,16,0.1875
Gemma-7B,SVAMP,679,2,3,16,0.1875
Gemma-7B,SVAMP,680,4,2,16,0.125
Gemma-7B,SVAMP,681,3,8,16,0.5
Gemma-7B,SVAMP,683,1,2,16,0.125
Gemma-7B,SVAMP,684,1,7,16,0.4375
Gemma-7B,SVAMP,685,1,7,16,0.4375
Gemma-7B,SVAMP,686,2,10,16,0.625
Gemma-7B,SVAMP,688,3,1,16,0.0625
Gemma-7B,SVAMP,689,2,8,16,0.5
Gemma-7B,SVAMP,691,2,8,16,0.5
Gemma-7B,SVAMP,692,1,6,16,0.375
Gemma-7B,SVAMP,693,3,0,16,0.0
Gemma-7B,SVAMP,695,2,9,16,0.5625
Gemma-7B,SVAMP,696,1,5,16,0.3125
Gemma-7B,SVAMP,698,1,11,16,0.6875
Gemma-7B,SVAMP,700,5,7,16,0.4375
Gemma-7B,SVAMP,701,1,4,16,0.25
Gemma-7B,SVAMP,702,1,12,16,0.75
Gemma-7B,SVAMP,703,2,5,16,0.3125
Gemma-7B,SVAMP,704,1,6,16,0.375
Gemma-7B,SVAMP,705,2,4,16,0.25
Gemma-7B,SVAMP,706,2,0,16,0.0
Gemma-7B,SVAMP,708,1,10,16,0.625
Gemma-7B,SVAMP,709,1,11,16,0.6875
Gemma-7B,SVAMP,712,2,0,16,0.0
Gemma-7B,SVAMP,713,2,8,16,0.5
Gemma-7B,SVAMP,714,1,6,16,0.375
Gemma-7B,SVAMP,715,2,12,16,0.75
Gemma-7B,SVAMP,716,1,1,16,0.0625
Gemma-7B,SVAMP,718,2,10,16,0.625
Gemma-7B,SVAMP,719,1,11,16,0.6875
Gemma-7B,SVAMP,720,1,6,16,0.375
Gemma-7B,SVAMP,721,1,10,16,0.625
Gemma-7B,SVAMP,722,2,1,16,0.0625
Gemma-7B,SVAMP,723,2,8,16,0.5
Gemma-7B,SVAMP,725,1,7,16,0.4375
Gemma-7B,SVAMP,726,1,2,16,0.125
Gemma-7B,SVAMP,727,2,0,16,0.0
Gemma-7B,SVAMP,728,3,7,16,0.4375
Gemma-7B,SVAMP,729,2,11,16,0.6875
Gemma-7B,SVAMP,730,3,6,16,0.375
Gemma-7B,SVAMP,732,2,12,16,0.75
Gemma-7B,SVAMP,733,1,3,16,0.1875
Gemma-7B,SVAMP,734,1,2,16,0.125
Gemma-7B,SVAMP,735,1,12,16,0.75
Gemma-7B,SVAMP,736,1,1,16,0.0625
Gemma-7B,SVAMP,738,1,3,16,0.1875
Gemma-7B,SVAMP,739,1,3,16,0.1875
Gemma-7B,SVAMP,740,1,3,16,0.1875
Gemma-7B,SVAMP,741,2,2,16,0.125
Gemma-7B,SVAMP,742,2,5,16,0.3125
Gemma-7B,SVAMP,743,3,0,16,0.0
Gemma-7B,SVAMP,744,1,8,16,0.5
Gemma-7B,SVAMP,745,2,11,16,0.6875
Gemma-7B,SVAMP,746,2,5,16,0.3125
Gemma-7B,SVAMP,747,2,2,16,0.125
Gemma-7B,SVAMP,748,1,8,16,0.5
Gemma-7B,SVAMP,750,2,5,16,0.3125
Gemma-7B,SVAMP,751,2,11,16,0.6875
Gemma-7B,SVAMP,753,7,1,16,0.0625
Gemma-7B,SVAMP,755,1,14,16,0.875
Gemma-7B,SVAMP,756,1,9,16,0.5625
Gemma-7B,SVAMP,758,1,11,16,0.6875
Gemma-7B,SVAMP,759,3,12,16,0.75
Gemma-7B,SVAMP,761,1,7,16,0.4375
Gemma-7B,SVAMP,762,1,2,16,0.125
Gemma-7B,SVAMP,763,2,8,16,0.5
Gemma-7B,SVAMP,764,3,7,16,0.4375
Gemma-7B,SVAMP,765,4,3,16,0.1875
Gemma-7B,SVAMP,766,1,0,16,0.0
Gemma-7B,SVAMP,768,1,9,16,0.5625
Gemma-7B,SVAMP,770,2,5,16,0.3125
Gemma-7B,SVAMP,771,1,9,16,0.5625
Gemma-7B,SVAMP,773,2,8,16,0.5
Gemma-7B,SVAMP,775,1,12,16,0.75
Gemma-7B,SVAMP,776,2,7,16,0.4375
Gemma-7B,SVAMP,778,2,2,16,0.125
Gemma-7B,SVAMP,779,1,1,16,0.0625
Gemma-7B,SVAMP,780,1,11,16,0.6875
Gemma-7B,SVAMP,781,2,1,16,0.0625
Gemma-7B,SVAMP,782,1,9,16,0.5625
Gemma-7B,SVAMP,783,4,9,16,0.5625
Gemma-7B,SVAMP,784,1,8,16,0.5
Gemma-7B,SVAMP,785,1,12,16,0.75
Gemma-7B,SVAMP,786,1,3,16,0.1875
Gemma-7B,SVAMP,787,4,3,16,0.1875
Gemma-7B,SVAMP,788,3,10,16,0.625
Gemma-7B,SVAMP,789,2,2,16,0.125
Gemma-7B,SVAMP,791,2,7,16,0.4375
Gemma-7B,SVAMP,793,5,7,16,0.4375
Gemma-7B,SVAMP,794,3,1,16,0.0625
Gemma-7B,SVAMP,795,1,8,16,0.5
Gemma-7B,SVAMP,796,3,8,16,0.5
Gemma-7B,SVAMP,797,1,11,16,0.6875
Gemma-7B,SVAMP,798,1,5,16,0.3125
Gemma-7B,SVAMP,799,4,1,16,0.0625
Gemma-7B,SVAMP,800,1,9,16,0.5625
Gemma-7B,SVAMP,801,1,3,16,0.1875
Gemma-7B,SVAMP,802,1,7,16,0.4375
Gemma-7B,SVAMP,803,4,12,16,0.75
Gemma-7B,SVAMP,804,2,12,16,0.75
Gemma-7B,SVAMP,805,3,7,16,0.4375
Gemma-7B,SVAMP,806,2,2,16,0.125
Gemma-7B,SVAMP,809,1,12,16,0.75
Gemma-7B,SVAMP,810,2,9,16,0.5625
Gemma-7B,SVAMP,812,2,8,16,0.5
Gemma-7B,SVAMP,813,2,4,16,0.25
Gemma-7B,SVAMP,814,1,4,16,0.25
Gemma-7B,SVAMP,816,2,8,16,0.5
Gemma-7B,SVAMP,818,1,10,16,0.625
Gemma-7B,SVAMP,821,1,3,16,0.1875
Gemma-7B,SVAMP,822,3,10,16,0.625
Gemma-7B,SVAMP,824,3,6,16,0.375
Gemma-7B,SVAMP,826,4,9,16,0.5625
Gemma-7B,SVAMP,827,2,5,16,0.3125
Gemma-7B,SVAMP,828,3,12,16,0.75
Gemma-7B,SVAMP,830,3,4,16,0.25
Gemma-7B,SVAMP,832,4,8,16,0.5
Gemma-7B,SVAMP,833,1,10,16,0.625
Gemma-7B,SVAMP,834,2,4,16,0.25
Gemma-7B,SVAMP,835,5,4,16,0.25
Gemma-7B,SVAMP,837,3,6,16,0.375
Gemma-7B,SVAMP,838,3,5,16,0.3125
Gemma-7B,SVAMP,839,1,0,16,0.0
Gemma-7B,SVAMP,842,1,10,16,0.625
Gemma-7B,SVAMP,843,3,6,16,0.375
Gemma-7B,SVAMP,844,2,10,16,0.625
Gemma-7B,SVAMP,845,1,5,16,0.3125
Gemma-7B,SVAMP,846,2,6,16,0.375
Gemma-7B,SVAMP,847,4,3,16,0.1875
Gemma-7B,SVAMP,848,1,6,16,0.375
Gemma-7B,SVAMP,849,4,4,16,0.25
Gemma-7B,SVAMP,850,1,10,16,0.625
Gemma-7B,SVAMP,852,2,13,16,0.8125
Gemma-7B,SVAMP,853,2,9,16,0.5625
Gemma-7B,SVAMP,854,2,11,16,0.6875
Gemma-7B,SVAMP,856,3,8,16,0.5
Gemma-7B,SVAMP,857,6,3,16,0.1875
Gemma-7B,SVAMP,858,2,9,16,0.5625
Gemma-7B,SVAMP,859,4,2,16,0.125
Gemma-7B,SVAMP,860,2,5,16,0.3125
Gemma-7B,SVAMP,861,4,3,16,0.1875
Gemma-7B,SVAMP,863,5,4,16,0.25
Gemma-7B,SVAMP,864,2,5,16,0.3125
Gemma-7B,SVAMP,865,1,8,16,0.5
Gemma-7B,SVAMP,866,1,14,16,0.875
Gemma-7B,SVAMP,867,1,5,16,0.3125
Gemma-7B,SVAMP,868,2,3,16,0.1875
Gemma-7B,SVAMP,869,1,7,16,0.4375
Gemma-7B,SVAMP,871,1,7,16,0.4375
Gemma-7B,SVAMP,872,1,8,16,0.5
Gemma-7B,SVAMP,874,2,10,16,0.625
Gemma-7B,SVAMP,875,1,5,16,0.3125
Gemma-7B,SVAMP,876,2,7,16,0.4375
Gemma-7B,SVAMP,877,1,10,16,0.625
Gemma-7B,SVAMP,878,2,3,16,0.1875
Gemma-7B,SVAMP,879,1,0,16,0.0
Gemma-7B,SVAMP,880,4,5,16,0.3125
Gemma-7B,SVAMP,881,2,2,16,0.125
Gemma-7B,SVAMP,882,1,5,16,0.3125
Gemma-7B,SVAMP,883,2,9,16,0.5625
Gemma-7B,SVAMP,884,1,6,16,0.375
Gemma-7B,SVAMP,885,2,11,16,0.6875
Gemma-7B,SVAMP,886,1,11,16,0.6875
Gemma-7B,SVAMP,887,3,4,16,0.25
Gemma-7B,SVAMP,889,2,2,16,0.125
Gemma-7B,SVAMP,890,4,2,16,0.125
Gemma-7B,SVAMP,892,4,10,16,0.625
Gemma-7B,SVAMP,893,2,6,16,0.375
Gemma-7B,SVAMP,894,2,8,16,0.5
Gemma-7B,SVAMP,895,4,7,16,0.4375
Gemma-7B,SVAMP,896,1,11,16,0.6875
Gemma-7B,SVAMP,897,2,10,16,0.625
Gemma-7B,SVAMP,898,1,8,16,0.5
Gemma-7B,SVAMP,899,4,2,16,0.125
Gemma-7B,SVAMP,900,1,0,16,0.0
Gemma-7B,SVAMP,902,1,4,16,0.25
Gemma-7B,SVAMP,903,5,8,16,0.5
Gemma-7B,SVAMP,905,2,10,16,0.625
Gemma-7B,SVAMP,906,2,8,16,0.5
Gemma-7B,SVAMP,907,2,5,16,0.3125
Gemma-7B,SVAMP,908,2,3,16,0.1875
Gemma-7B,SVAMP,909,2,9,16,0.5625
Gemma-7B,SVAMP,910,2,13,16,0.8125
Gemma-7B,SVAMP,913,5,2,16,0.125
Gemma-7B,SVAMP,916,3,11,16,0.6875
Gemma-7B,SVAMP,918,2,9,16,0.5625
Gemma-7B,SVAMP,919,2,3,16,0.1875
Gemma-7B,SVAMP,920,2,6,16,0.375
Gemma-7B,SVAMP,922,2,13,16,0.8125
Gemma-7B,SVAMP,923,1,4,16,0.25
Gemma-7B,SVAMP,925,3,9,16,0.5625
Gemma-7B,SVAMP,926,3,5,16,0.3125
Gemma-7B,SVAMP,927,1,6,16,0.375
Gemma-7B,SVAMP,928,4,4,16,0.25
Gemma-7B,SVAMP,929,2,5,16,0.3125
Gemma-7B,SVAMP,930,2,7,16,0.4375
Gemma-7B,SVAMP,932,1,0,16,0.0
Gemma-7B,SVAMP,933,2,0,16,0.0
Gemma-7B,SVAMP,934,3,13,16,0.8125
Gemma-7B,SVAMP,935,2,10,16,0.625
Gemma-7B,SVAMP,936,1,3,16,0.1875
Gemma-7B,SVAMP,937,5,2,16,0.125
Gemma-7B,SVAMP,938,2,4,16,0.25
Gemma-7B,SVAMP,939,2,4,16,0.25
Gemma-7B,SVAMP,940,1,9,16,0.5625
Gemma-7B,SVAMP,941,2,9,16,0.5625
Gemma-7B,SVAMP,942,1,13,16,0.8125
Gemma-7B,SVAMP,943,1,8,16,0.5
Gemma-7B,SVAMP,944,2,11,16,0.6875
Gemma-7B,SVAMP,945,2,6,16,0.375
Gemma-7B,SVAMP,946,1,12,16,0.75
Gemma-7B,SVAMP,947,1,2,16,0.125
Gemma-7B,SVAMP,948,3,2,16,0.125
Gemma-7B,SVAMP,949,1,10,16,0.625
Gemma-7B,SVAMP,951,1,4,16,0.25
Gemma-7B,SVAMP,952,1,7,16,0.4375
Gemma-7B,SVAMP,954,1,3,16,0.1875
Gemma-7B,SVAMP,955,4,5,16,0.3125
Gemma-7B,SVAMP,956,1,6,16,0.375
Gemma-7B,SVAMP,957,2,6,16,0.375
Gemma-7B,SVAMP,958,3,3,16,0.1875
Gemma-7B,SVAMP,959,2,7,16,0.4375
Gemma-7B,SVAMP,960,1,6,16,0.375
Gemma-7B,SVAMP,961,3,11,16,0.6875
Gemma-7B,SVAMP,963,6,3,16,0.1875
Gemma-7B,SVAMP,964,1,11,16,0.6875
Gemma-7B,SVAMP,965,3,3,16,0.1875
Gemma-7B,SVAMP,966,2,5,16,0.3125
Gemma-7B,SVAMP,967,2,8,16,0.5
Gemma-7B,SVAMP,969,1,10,16,0.625
Gemma-7B,SVAMP,970,1,9,16,0.5625
Gemma-7B,SVAMP,971,2,6,16,0.375
Gemma-7B,SVAMP,973,1,0,16,0.0
Gemma-7B,SVAMP,974,3,4,16,0.25
Gemma-7B,SVAMP,975,2,1,16,0.0625
Gemma-7B,SVAMP,976,2,10,16,0.625
Gemma-7B,SVAMP,978,1,4,16,0.25
Gemma-7B,SVAMP,979,1,10,16,0.625
Gemma-7B,SVAMP,980,2,8,16,0.5
Gemma-7B,SVAMP,981,2,3,16,0.1875
Gemma-7B,SVAMP,982,2,8,16,0.5
Gemma-7B,SVAMP,983,3,0,16,0.0
Gemma-7B,SVAMP,984,2,1,16,0.0625
Gemma-7B,SVAMP,985,2,8,16,0.5
Gemma-7B,SVAMP,988,3,7,16,0.4375
Gemma-7B,SVAMP,989,1,0,16,0.0
Gemma-7B,SVAMP,990,3,10,16,0.625
Gemma-7B,SVAMP,991,2,8,16,0.5
Gemma-7B,SVAMP,992,2,11,16,0.6875
Gemma-7B,SVAMP,994,2,5,16,0.3125
Gemma-7B,SVAMP,996,3,9,16,0.5625
Gemma-7B,SVAMP,997,3,1,16,0.0625
Gemma-7B,SVAMP,998,2,1,16,0.0625
Gemma-7B,SVAMP,999,1,9,16,0.5625
LLaMA-3.1-8B,AQuA,1,3,11,16,0.6875
LLaMA-3.1-8B,AQuA,2,8,10,16,0.625
LLaMA-3.1-8B,AQuA,3,1,4,16,0.25
LLaMA-3.1-8B,AQuA,4,2,15,16,0.9375
LLaMA-3.1-8B,AQuA,7,1,4,16,0.25
LLaMA-3.1-8B,AQuA,9,1,12,16,0.75
LLaMA-3.1-8B,AQuA,11,3,10,16,0.625
LLaMA-3.1-8B,AQuA,12,1,1,16,0.0625
LLaMA-3.1-8B,AQuA,13,1,7,16,0.4375
LLaMA-3.1-8B,AQuA,14,2,9,16,0.5625
LLaMA-3.1-8B,AQuA,15,4,16,16,1.0
LLaMA-3.1-8B,AQuA,16,1,4,16,0.25
LLaMA-3.1-8B,AQuA,17,3,4,16,0.25
LLaMA-3.1-8B,AQuA,20,1,4,16,0.25
LLaMA-3.1-8B,AQuA,24,1,12,16,0.75
LLaMA-3.1-8B,AQuA,25,4,6,16,0.375
LLaMA-3.1-8B,AQuA,26,3,14,16,0.875
LLaMA-3.1-8B,AQuA,27,2,6,16,0.375
LLaMA-3.1-8B,AQuA,28,2,5,16,0.3125
LLaMA-3.1-8B,AQuA,29,1,12,16,0.75
LLaMA-3.1-8B,AQuA,30,1,10,16,0.625
LLaMA-3.1-8B,AQuA,31,4,13,16,0.8125
LLaMA-3.1-8B,AQuA,33,2,9,16,0.5625
LLaMA-3.1-8B,AQuA,36,2,11,16,0.6875
LLaMA-3.1-8B,AQuA,37,1,7,16,0.4375
LLaMA-3.1-8B,AQuA,38,3,10,16,0.625
LLaMA-3.1-8B,AQuA,41,1,4,16,0.25
LLaMA-3.1-8B,AQuA,42,6,11,16,0.6875
LLaMA-3.1-8B,AQuA,44,1,6,16,0.375
LLaMA-3.1-8B,AQuA,45,1,8,16,0.5
LLaMA-3.1-8B,AQuA,46,3,10,16,0.625
LLaMA-3.1-8B,AQuA,47,3,13,16,0.8125
LLaMA-3.1-8B,AQuA,48,2,9,16,0.5625
LLaMA-3.1-8B,AQuA,49,4,10,16,0.625
LLaMA-3.1-8B,AQuA,50,1,7,16,0.4375
LLaMA-3.1-8B,AQuA,51,5,7,16,0.4375
LLaMA-3.1-8B,AQuA,52,3,9,16,0.5625
LLaMA-3.1-8B,AQuA,53,1,9,16,0.5625
LLaMA-3.1-8B,AQuA,55,4,15,16,0.9375
LLaMA-3.1-8B,AQuA,62,2,8,16,0.5
LLaMA-3.1-8B,AQuA,63,1,0,16,0.0
LLaMA-3.1-8B,AQuA,64,1,3,16,0.1875
LLaMA-3.1-8B,AQuA,68,3,7,16,0.4375
LLaMA-3.1-8B,AQuA,69,1,1,16,0.0625
LLaMA-3.1-8B,AQuA,70,4,7,16,0.4375
LLaMA-3.1-8B,AQuA,72,1,13,16,0.8125
LLaMA-3.1-8B,AQuA,73,2,14,16,0.875
LLaMA-3.1-8B,AQuA,74,1,1,16,0.0625
LLaMA-3.1-8B,AQuA,77,1,5,16,0.3125
LLaMA-3.1-8B,AQuA,78,6,5,16,0.3125
LLaMA-3.1-8B,AQuA,79,1,0,16,0.0
LLaMA-3.1-8B,AQuA,81,4,15,16,0.9375
LLaMA-3.1-8B,AQuA,84,4,11,16,0.6875
LLaMA-3.1-8B,AQuA,87,3,9,16,0.5625
LLaMA-3.1-8B,AQuA,88,1,7,16,0.4375
LLaMA-3.1-8B,AQuA,91,1,10,16,0.625
LLaMA-3.1-8B,AQuA,92,2,11,16,0.6875
LLaMA-3.1-8B,AQuA,93,1,5,16,0.3125
LLaMA-3.1-8B,AQuA,95,1,6,16,0.375
LLaMA-3.1-8B,AQuA,96,2,8,16,0.5
LLaMA-3.1-8B,AQuA,97,2,8,16,0.5
LLaMA-3.1-8B,AQuA,98,5,12,16,0.75
LLaMA-3.1-8B,AQuA,99,3,2,16,0.125
LLaMA-3.1-8B,AQuA,100,3,14,16,0.875
LLaMA-3.1-8B,AQuA,102,2,2,16,0.125
LLaMA-3.1-8B,AQuA,103,2,6,16,0.375
LLaMA-3.1-8B,AQuA,107,2,2,16,0.125
LLaMA-3.1-8B,AQuA,111,3,9,16,0.5625
LLaMA-3.1-8B,AQuA,113,2,9,16,0.5625
LLaMA-3.1-8B,AQuA,115,2,3,16,0.1875
LLaMA-3.1-8B,AQuA,118,4,6,16,0.375
LLaMA-3.1-8B,AQuA,119,2,5,16,0.3125
LLaMA-3.1-8B,AQuA,121,3,15,16,0.9375
LLaMA-3.1-8B,AQuA,123,3,16,16,1.0
LLaMA-3.1-8B,AQuA,124,3,1,16,0.0625
LLaMA-3.1-8B,AQuA,126,1,1,16,0.0625
LLaMA-3.1-8B,AQuA,127,1,8,16,0.5
LLaMA-3.1-8B,AQuA,128,2,12,16,0.75
LLaMA-3.1-8B,AQuA,130,3,10,16,0.625
LLaMA-3.1-8B,AQuA,131,3,10,16,0.625
LLaMA-3.1-8B,AQuA,133,4,10,16,0.625
LLaMA-3.1-8B,AQuA,135,1,3,16,0.1875
LLaMA-3.1-8B,AQuA,138,6,14,16,0.875
LLaMA-3.1-8B,AQuA,139,1,3,16,0.1875
LLaMA-3.1-8B,AQuA,140,5,3,16,0.1875
LLaMA-3.1-8B,AQuA,141,2,10,16,0.625
LLaMA-3.1-8B,AQuA,142,3,13,16,0.8125
LLaMA-3.1-8B,AQuA,144,3,12,16,0.75
LLaMA-3.1-8B,AQuA,145,3,3,16,0.1875
LLaMA-3.1-8B,AQuA,146,3,5,16,0.3125
LLaMA-3.1-8B,AQuA,147,4,13,16,0.8125
LLaMA-3.1-8B,AQuA,148,3,15,16,0.9375
LLaMA-3.1-8B,AQuA,151,4,5,16,0.3125
LLaMA-3.1-8B,AQuA,152,5,2,16,0.125
LLaMA-3.1-8B,AQuA,153,2,13,16,0.8125
LLaMA-3.1-8B,AQuA,155,1,3,16,0.1875
LLaMA-3.1-8B,AQuA,156,3,9,16,0.5625
LLaMA-3.1-8B,AQuA,157,1,13,16,0.8125
LLaMA-3.1-8B,AQuA,159,1,4,16,0.25
LLaMA-3.1-8B,AQuA,160,1,2,16,0.125
LLaMA-3.1-8B,AQuA,162,1,9,16,0.5625
LLaMA-3.1-8B,AQuA,164,6,1,16,0.0625
LLaMA-3.1-8B,AQuA,166,6,10,16,0.625
LLaMA-3.1-8B,AQuA,167,1,12,16,0.75
LLaMA-3.1-8B,AQuA,168,7,10,16,0.625
LLaMA-3.1-8B,AQuA,169,3,3,16,0.1875
LLaMA-3.1-8B,AQuA,170,1,13,16,0.8125
LLaMA-3.1-8B,AQuA,171,1,5,16,0.3125
LLaMA-3.1-8B,AQuA,173,2,7,16,0.4375
LLaMA-3.1-8B,AQuA,174,5,13,16,0.8125
LLaMA-3.1-8B,AQuA,177,2,11,16,0.6875
LLaMA-3.1-8B,AQuA,179,2,10,16,0.625
LLaMA-3.1-8B,AQuA,180,3,10,16,0.625
LLaMA-3.1-8B,AQuA,181,3,8,16,0.5
LLaMA-3.1-8B,AQuA,182,3,1,16,0.0625
LLaMA-3.1-8B,AQuA,183,3,10,16,0.625
LLaMA-3.1-8B,AQuA,184,2,3,16,0.1875
LLaMA-3.1-8B,AQuA,185,2,9,16,0.5625
LLaMA-3.1-8B,AQuA,186,1,8,16,0.5
LLaMA-3.1-8B,AQuA,189,2,8,16,0.5
LLaMA-3.1-8B,AQuA,191,3,3,16,0.1875
LLaMA-3.1-8B,AQuA,192,2,13,16,0.8125
LLaMA-3.1-8B,AQuA,194,4,8,16,0.5
LLaMA-3.1-8B,AQuA,195,5,16,16,1.0
LLaMA-3.1-8B,AQuA,197,1,4,16,0.25
LLaMA-3.1-8B,AQuA,198,1,6,16,0.375
LLaMA-3.1-8B,AQuA,199,2,2,16,0.125
LLaMA-3.1-8B,AQuA,202,3,3,16,0.1875
LLaMA-3.1-8B,AQuA,203,4,13,16,0.8125
LLaMA-3.1-8B,AQuA,205,1,6,16,0.375
LLaMA-3.1-8B,AQuA,206,5,8,16,0.5
LLaMA-3.1-8B,AQuA,207,1,5,16,0.3125
LLaMA-3.1-8B,AQuA,208,6,11,16,0.6875
LLaMA-3.1-8B,AQuA,209,2,5,16,0.3125
LLaMA-3.1-8B,AQuA,210,2,5,16,0.3125
LLaMA-3.1-8B,AQuA,212,1,11,16,0.6875
LLaMA-3.1-8B,AQuA,214,1,7,16,0.4375
LLaMA-3.1-8B,AQuA,215,3,10,16,0.625
LLaMA-3.1-8B,AQuA,216,1,5,16,0.3125
LLaMA-3.1-8B,AQuA,217,2,4,16,0.25
LLaMA-3.1-8B,AQuA,219,1,11,16,0.6875
LLaMA-3.1-8B,AQuA,220,3,9,16,0.5625
LLaMA-3.1-8B,AQuA,221,2,10,16,0.625
LLaMA-3.1-8B,AQuA,222,4,9,16,0.5625
LLaMA-3.1-8B,AQuA,223,1,11,16,0.6875
LLaMA-3.1-8B,AQuA,224,2,7,16,0.4375
LLaMA-3.1-8B,AQuA,225,3,5,16,0.3125
LLaMA-3.1-8B,AQuA,226,1,11,16,0.6875
LLaMA-3.1-8B,AQuA,229,3,10,16,0.625
LLaMA-3.1-8B,AQuA,230,1,8,16,0.5
LLaMA-3.1-8B,AQuA,231,6,13,16,0.8125
LLaMA-3.1-8B,AQuA,233,3,12,16,0.75
LLaMA-3.1-8B,AQuA,234,3,12,16,0.75
LLaMA-3.1-8B,AQuA,237,1,3,16,0.1875
LLaMA-3.1-8B,AQuA,239,1,8,16,0.5
LLaMA-3.1-8B,AQuA,241,1,4,16,0.25
LLaMA-3.1-8B,AQuA,242,3,13,16,0.8125
LLaMA-3.1-8B,AQuA,244,3,12,16,0.75
LLaMA-3.1-8B,AQuA,245,1,2,16,0.125
LLaMA-3.1-8B,AQuA,246,1,9,16,0.5625
LLaMA-3.1-8B,AQuA,247,2,6,16,0.375
LLaMA-3.1-8B,AQuA,249,3,8,16,0.5
LLaMA-3.1-8B,AQuA,250,4,0,16,0.0
LLaMA-3.1-8B,AQuA,251,1,9,16,0.5625
LLaMA-3.1-8B,AQuA,252,1,5,16,0.3125
LLaMA-3.1-8B,AQuA,253,3,14,16,0.875
LLaMA-3.1-8B,CSQA,0,1,7,16,0.4375
LLaMA-3.1-8B,CSQA,1,1,14,16,0.875
LLaMA-3.1-8B,CSQA,2,2,16,16,1.0
LLaMA-3.1-8B,CSQA,3,3,16,16,1.0
LLaMA-3.1-8B,CSQA,4,1,3,16,0.1875
LLaMA-3.1-8B,CSQA,5,3,13,16,0.8125
LLaMA-3.1-8B,CSQA,6,3,15,16,0.9375
LLaMA-3.1-8B,CSQA,7,3,14,16,0.875
LLaMA-3.1-8B,CSQA,8,3,15,16,0.9375
LLaMA-3.1-8B,CSQA,9,3,1,16,0.0625
LLaMA-3.1-8B,CSQA,10,2,0,16,0.0
LLaMA-3.1-8B,CSQA,11,4,16,16,1.0
LLaMA-3.1-8B,CSQA,12,1,12,16,0.75
LLaMA-3.1-8B,CSQA,17,3,10,16,0.625
LLaMA-3.1-8B,CSQA,19,1,6,16,0.375
LLaMA-3.1-8B,CSQA,21,1,14,16,0.875
LLaMA-3.1-8B,CSQA,22,2,1,16,0.0625
LLaMA-3.1-8B,CSQA,23,1,6,16,0.375
LLaMA-3.1-8B,CSQA,25,2,13,16,0.8125
LLaMA-3.1-8B,CSQA,26,3,14,16,0.875
LLaMA-3.1-8B,CSQA,27,3,12,16,0.75
LLaMA-3.1-8B,CSQA,28,2,10,16,0.625
LLaMA-3.1-8B,CSQA,29,2,16,16,1.0
LLaMA-3.1-8B,CSQA,30,4,14,16,0.875
LLaMA-3.1-8B,CSQA,31,1,10,16,0.625
LLaMA-3.1-8B,CSQA,32,2,10,16,0.625
LLaMA-3.1-8B,CSQA,33,1,11,16,0.6875
LLaMA-3.1-8B,CSQA,34,1,7,16,0.4375
LLaMA-3.1-8B,CSQA,35,2,16,16,1.0
LLaMA-3.1-8B,CSQA,37,2,16,16,1.0
LLaMA-3.1-8B,CSQA,38,2,13,16,0.8125
LLaMA-3.1-8B,CSQA,39,2,12,16,0.75
LLaMA-3.1-8B,CSQA,40,1,15,16,0.9375
LLaMA-3.1-8B,CSQA,41,3,16,16,1.0
LLaMA-3.1-8B,CSQA,42,2,7,16,0.4375
LLaMA-3.1-8B,CSQA,43,3,9,16,0.5625
LLaMA-3.1-8B,CSQA,45,5,10,16,0.625
LLaMA-3.1-8B,CSQA,46,1,3,16,0.1875
LLaMA-3.1-8B,CSQA,47,1,12,16,0.75
LLaMA-3.1-8B,CSQA,48,2,5,16,0.3125
LLaMA-3.1-8B,CSQA,50,2,15,16,0.9375
LLaMA-3.1-8B,CSQA,51,2,16,16,1.0
LLaMA-3.1-8B,CSQA,53,3,14,16,0.875
LLaMA-3.1-8B,CSQA,54,1,13,16,0.8125
LLaMA-3.1-8B,CSQA,55,3,12,16,0.75
LLaMA-3.1-8B,CSQA,56,5,14,16,0.875
LLaMA-3.1-8B,CSQA,58,2,10,16,0.625
LLaMA-3.1-8B,CSQA,60,3,14,16,0.875
LLaMA-3.1-8B,CSQA,61,2,13,16,0.8125
LLaMA-3.1-8B,CSQA,63,2,13,16,0.8125
LLaMA-3.1-8B,CSQA,64,1,16,16,1.0
LLaMA-3.1-8B,CSQA,66,2,2,16,0.125
LLaMA-3.1-8B,CSQA,67,3,3,16,0.1875
LLaMA-3.1-8B,CSQA,68,3,3,16,0.1875
LLaMA-3.1-8B,CSQA,69,1,16,16,1.0
LLaMA-3.1-8B,CSQA,70,2,13,16,0.8125
LLaMA-3.1-8B,CSQA,72,1,12,16,0.75
LLaMA-3.1-8B,CSQA,74,1,5,16,0.3125
LLaMA-3.1-8B,CSQA,76,2,7,16,0.4375
LLaMA-3.1-8B,CSQA,77,3,14,16,0.875
LLaMA-3.1-8B,CSQA,78,2,10,16,0.625
LLaMA-3.1-8B,CSQA,79,1,0,16,0.0
LLaMA-3.1-8B,CSQA,80,2,15,16,0.9375
LLaMA-3.1-8B,CSQA,81,1,12,16,0.75
LLaMA-3.1-8B,CSQA,82,5,14,16,0.875
LLaMA-3.1-8B,CSQA,83,1,13,16,0.8125
LLaMA-3.1-8B,CSQA,84,1,9,16,0.5625
LLaMA-3.1-8B,CSQA,85,3,14,16,0.875
LLaMA-3.1-8B,CSQA,86,4,15,16,0.9375
LLaMA-3.1-8B,CSQA,87,3,2,16,0.125
LLaMA-3.1-8B,CSQA,88,1,10,16,0.625
LLaMA-3.1-8B,CSQA,89,1,16,16,1.0
LLaMA-3.1-8B,CSQA,92,2,12,16,0.75
LLaMA-3.1-8B,CSQA,93,1,1,16,0.0625
LLaMA-3.1-8B,CSQA,95,3,0,16,0.0
LLaMA-3.1-8B,CSQA,96,1,11,16,0.6875
LLaMA-3.1-8B,CSQA,98,2,10,16,0.625
LLaMA-3.1-8B,CSQA,99,2,7,16,0.4375
LLaMA-3.1-8B,CSQA,100,2,7,16,0.4375
LLaMA-3.1-8B,CSQA,101,2,16,16,1.0
LLaMA-3.1-8B,CSQA,102,2,13,16,0.8125
LLaMA-3.1-8B,CSQA,103,1,9,16,0.5625
LLaMA-3.1-8B,CSQA,104,3,16,16,1.0
LLaMA-3.1-8B,CSQA,105,2,12,16,0.75
LLaMA-3.1-8B,CSQA,106,1,10,16,0.625
LLaMA-3.1-8B,CSQA,109,1,10,16,0.625
LLaMA-3.1-8B,CSQA,110,4,16,16,1.0
LLaMA-3.1-8B,CSQA,113,3,9,16,0.5625
LLaMA-3.1-8B,CSQA,114,1,13,16,0.8125
LLaMA-3.1-8B,CSQA,115,2,9,16,0.5625
LLaMA-3.1-8B,CSQA,116,1,15,16,0.9375
LLaMA-3.1-8B,CSQA,117,3,2,16,0.125
LLaMA-3.1-8B,CSQA,118,1,11,16,0.6875
LLaMA-3.1-8B,CSQA,119,3,13,16,0.8125
LLaMA-3.1-8B,CSQA,120,1,13,16,0.8125
LLaMA-3.1-8B,CSQA,121,1,11,16,0.6875
LLaMA-3.1-8B,CSQA,122,2,13,16,0.8125
LLaMA-3.1-8B,CSQA,123,1,13,16,0.8125
LLaMA-3.1-8B,CSQA,124,3,11,16,0.6875
LLaMA-3.1-8B,CSQA,125,2,14,16,0.875
LLaMA-3.1-8B,CSQA,126,1,13,16,0.8125
LLaMA-3.1-8B,CSQA,128,1,12,16,0.75
LLaMA-3.1-8B,CSQA,129,4,14,16,0.875
LLaMA-3.1-8B,CSQA,130,2,15,16,0.9375
LLaMA-3.1-8B,CSQA,131,2,13,16,0.8125
LLaMA-3.1-8B,CSQA,132,1,14,16,0.875
LLaMA-3.1-8B,CSQA,133,3,13,16,0.8125
LLaMA-3.1-8B,CSQA,134,4,12,16,0.75
LLaMA-3.1-8B,CSQA,135,1,16,16,1.0
LLaMA-3.1-8B,CSQA,136,3,16,16,1.0
LLaMA-3.1-8B,CSQA,137,2,9,16,0.5625
LLaMA-3.1-8B,CSQA,138,3,14,16,0.875
LLaMA-3.1-8B,CSQA,139,1,9,16,0.5625
LLaMA-3.1-8B,CSQA,140,1,16,16,1.0
LLaMA-3.1-8B,CSQA,141,2,13,16,0.8125
LLaMA-3.1-8B,CSQA,142,4,0,16,0.0
LLaMA-3.1-8B,CSQA,144,1,1,16,0.0625
LLaMA-3.1-8B,CSQA,145,1,4,16,0.25
LLaMA-3.1-8B,CSQA,146,4,11,16,0.6875
LLaMA-3.1-8B,CSQA,147,2,12,16,0.75
LLaMA-3.1-8B,CSQA,148,2,16,16,1.0
LLaMA-3.1-8B,CSQA,149,2,11,16,0.6875
LLaMA-3.1-8B,CSQA,150,2,13,16,0.8125
LLaMA-3.1-8B,CSQA,151,1,15,16,0.9375
LLaMA-3.1-8B,CSQA,156,2,13,16,0.8125
LLaMA-3.1-8B,CSQA,157,1,4,16,0.25
LLaMA-3.1-8B,CSQA,158,2,9,16,0.5625
LLaMA-3.1-8B,CSQA,159,1,2,16,0.125
LLaMA-3.1-8B,CSQA,160,2,15,16,0.9375
LLaMA-3.1-8B,CSQA,161,3,14,16,0.875
LLaMA-3.1-8B,CSQA,162,4,12,16,0.75
LLaMA-3.1-8B,CSQA,164,1,15,16,0.9375
LLaMA-3.1-8B,CSQA,166,1,14,16,0.875
LLaMA-3.1-8B,CSQA,167,4,15,16,0.9375
LLaMA-3.1-8B,CSQA,168,1,15,16,0.9375
LLaMA-3.1-8B,CSQA,169,2,14,16,0.875
LLaMA-3.1-8B,CSQA,170,3,14,16,0.875
LLaMA-3.1-8B,CSQA,173,1,11,16,0.6875
LLaMA-3.1-8B,CSQA,174,5,0,16,0.0
LLaMA-3.1-8B,CSQA,177,3,0,16,0.0
LLaMA-3.1-8B,CSQA,178,1,10,16,0.625
LLaMA-3.1-8B,CSQA,179,1,3,16,0.1875
LLaMA-3.1-8B,CSQA,180,1,6,16,0.375
LLaMA-3.1-8B,CSQA,181,1,11,16,0.6875
LLaMA-3.1-8B,CSQA,183,1,11,16,0.6875
LLaMA-3.1-8B,CSQA,184,1,11,16,0.6875
LLaMA-3.1-8B,CSQA,185,1,8,16,0.5
LLaMA-3.1-8B,CSQA,186,1,14,16,0.875
LLaMA-3.1-8B,CSQA,187,2,10,16,0.625
LLaMA-3.1-8B,CSQA,188,2,14,16,0.875
LLaMA-3.1-8B,CSQA,189,1,16,16,1.0
LLaMA-3.1-8B,CSQA,190,2,16,16,1.0
LLaMA-3.1-8B,CSQA,191,1,7,16,0.4375
LLaMA-3.1-8B,CSQA,192,3,12,16,0.75
LLaMA-3.1-8B,CSQA,193,1,6,16,0.375
LLaMA-3.1-8B,CSQA,194,1,14,16,0.875
LLaMA-3.1-8B,CSQA,195,2,14,16,0.875
LLaMA-3.1-8B,CSQA,196,3,15,16,0.9375
LLaMA-3.1-8B,CSQA,197,5,15,16,0.9375
LLaMA-3.1-8B,CSQA,199,1,13,16,0.8125
LLaMA-3.1-8B,CSQA,200,2,11,16,0.6875
LLaMA-3.1-8B,CSQA,202,1,8,16,0.5
LLaMA-3.1-8B,CSQA,203,1,16,16,1.0
LLaMA-3.1-8B,CSQA,207,1,0,16,0.0
LLaMA-3.1-8B,CSQA,208,3,15,16,0.9375
LLaMA-3.1-8B,CSQA,209,6,10,16,0.625
LLaMA-3.1-8B,CSQA,210,7,13,16,0.8125
LLaMA-3.1-8B,CSQA,212,3,10,16,0.625
LLaMA-3.1-8B,CSQA,213,2,8,16,0.5
LLaMA-3.1-8B,CSQA,214,2,10,16,0.625
LLaMA-3.1-8B,CSQA,215,2,11,16,0.6875
LLaMA-3.1-8B,CSQA,216,1,0,16,0.0
LLaMA-3.1-8B,CSQA,217,5,16,16,1.0
LLaMA-3.1-8B,CSQA,218,1,1,16,0.0625
LLaMA-3.1-8B,CSQA,219,2,10,16,0.625
LLaMA-3.1-8B,CSQA,221,1,3,16,0.1875
LLaMA-3.1-8B,CSQA,222,4,12,16,0.75
LLaMA-3.1-8B,CSQA,223,1,9,16,0.5625
LLaMA-3.1-8B,CSQA,224,2,13,16,0.8125
LLaMA-3.1-8B,CSQA,225,2,15,16,0.9375
LLaMA-3.1-8B,CSQA,226,1,10,16,0.625
LLaMA-3.1-8B,CSQA,227,1,14,16,0.875
LLaMA-3.1-8B,CSQA,228,4,13,16,0.8125
LLaMA-3.1-8B,CSQA,231,3,10,16,0.625
LLaMA-3.1-8B,CSQA,232,1,7,16,0.4375
LLaMA-3.1-8B,CSQA,233,1,15,16,0.9375
LLaMA-3.1-8B,CSQA,234,1,7,16,0.4375
LLaMA-3.1-8B,CSQA,235,3,9,16,0.5625
LLaMA-3.1-8B,CSQA,236,2,12,16,0.75
LLaMA-3.1-8B,CSQA,237,1,7,16,0.4375
LLaMA-3.1-8B,CSQA,238,3,14,16,0.875
LLaMA-3.1-8B,CSQA,239,2,14,16,0.875
LLaMA-3.1-8B,CSQA,240,3,13,16,0.8125
LLaMA-3.1-8B,CSQA,241,2,16,16,1.0
LLaMA-3.1-8B,CSQA,242,4,15,16,0.9375
LLaMA-3.1-8B,CSQA,243,1,15,16,0.9375
LLaMA-3.1-8B,CSQA,244,2,16,16,1.0
LLaMA-3.1-8B,CSQA,245,1,12,16,0.75
LLaMA-3.1-8B,CSQA,246,2,12,16,0.75
LLaMA-3.1-8B,CSQA,247,1,15,16,0.9375
LLaMA-3.1-8B,CSQA,248,1,1,16,0.0625
LLaMA-3.1-8B,CSQA,249,1,6,16,0.375
LLaMA-3.1-8B,CSQA,250,2,15,16,0.9375
LLaMA-3.1-8B,CSQA,252,1,2,16,0.125
LLaMA-3.1-8B,CSQA,253,4,13,16,0.8125
LLaMA-3.1-8B,CSQA,254,3,10,16,0.625
LLaMA-3.1-8B,CSQA,255,1,12,16,0.75
LLaMA-3.1-8B,CSQA,256,1,5,16,0.3125
LLaMA-3.1-8B,CSQA,257,2,15,16,0.9375
LLaMA-3.1-8B,CSQA,258,2,12,16,0.75
LLaMA-3.1-8B,CSQA,259,5,15,16,0.9375
LLaMA-3.1-8B,CSQA,261,1,3,16,0.1875
LLaMA-3.1-8B,CSQA,262,2,11,16,0.6875
LLaMA-3.1-8B,CSQA,264,4,15,16,0.9375
LLaMA-3.1-8B,CSQA,265,2,15,16,0.9375
LLaMA-3.1-8B,CSQA,267,2,9,16,0.5625
LLaMA-3.1-8B,CSQA,269,1,13,16,0.8125
LLaMA-3.1-8B,CSQA,271,5,11,16,0.6875
LLaMA-3.1-8B,CSQA,272,1,15,16,0.9375
LLaMA-3.1-8B,CSQA,274,2,12,16,0.75
LLaMA-3.1-8B,CSQA,275,1,11,16,0.6875
LLaMA-3.1-8B,CSQA,276,3,15,16,0.9375
LLaMA-3.1-8B,CSQA,278,4,15,16,0.9375
LLaMA-3.1-8B,CSQA,279,1,14,16,0.875
LLaMA-3.1-8B,CSQA,280,1,7,16,0.4375
LLaMA-3.1-8B,CSQA,281,1,11,16,0.6875
LLaMA-3.1-8B,CSQA,282,3,14,16,0.875
LLaMA-3.1-8B,CSQA,283,1,15,16,0.9375
LLaMA-3.1-8B,CSQA,284,2,13,16,0.8125
LLaMA-3.1-8B,CSQA,285,1,16,16,1.0
LLaMA-3.1-8B,CSQA,286,3,14,16,0.875
LLaMA-3.1-8B,CSQA,287,1,0,16,0.0
LLaMA-3.1-8B,CSQA,288,5,13,16,0.8125
LLaMA-3.1-8B,CSQA,289,2,10,16,0.625
LLaMA-3.1-8B,CSQA,290,2,13,16,0.8125
LLaMA-3.1-8B,CSQA,291,1,0,16,0.0
LLaMA-3.1-8B,CSQA,292,2,10,16,0.625
LLaMA-3.1-8B,CSQA,294,2,9,16,0.5625
LLaMA-3.1-8B,CSQA,295,5,15,16,0.9375
LLaMA-3.1-8B,CSQA,296,1,9,16,0.5625
LLaMA-3.1-8B,CSQA,297,2,15,16,0.9375
LLaMA-3.1-8B,CSQA,298,2,12,16,0.75
LLaMA-3.1-8B,CSQA,299,1,13,16,0.8125
LLaMA-3.1-8B,CSQA,300,2,12,16,0.75
LLaMA-3.1-8B,CSQA,301,3,14,16,0.875
LLaMA-3.1-8B,CSQA,303,3,16,16,1.0
LLaMA-3.1-8B,CSQA,304,3,15,16,0.9375
LLaMA-3.1-8B,CSQA,305,1,1,16,0.0625
LLaMA-3.1-8B,CSQA,306,1,8,16,0.5
LLaMA-3.1-8B,CSQA,309,5,11,16,0.6875
LLaMA-3.1-8B,CSQA,310,2,12,16,0.75
LLaMA-3.1-8B,CSQA,311,2,12,16,0.75
LLaMA-3.1-8B,CSQA,312,1,2,16,0.125
LLaMA-3.1-8B,CSQA,316,1,2,16,0.125
LLaMA-3.1-8B,CSQA,317,1,16,16,1.0
LLaMA-3.1-8B,CSQA,319,1,13,16,0.8125
LLaMA-3.1-8B,CSQA,320,2,14,16,0.875
LLaMA-3.1-8B,CSQA,321,1,9,16,0.5625
LLaMA-3.1-8B,CSQA,322,1,1,16,0.0625
LLaMA-3.1-8B,CSQA,323,1,3,16,0.1875
LLaMA-3.1-8B,CSQA,324,2,8,16,0.5
LLaMA-3.1-8B,CSQA,325,1,4,16,0.25
LLaMA-3.1-8B,CSQA,326,1,16,16,1.0
LLaMA-3.1-8B,CSQA,327,2,10,16,0.625
LLaMA-3.1-8B,CSQA,328,3,10,16,0.625
LLaMA-3.1-8B,CSQA,329,1,7,16,0.4375
LLaMA-3.1-8B,CSQA,330,4,15,16,0.9375
LLaMA-3.1-8B,CSQA,331,4,16,16,1.0
LLaMA-3.1-8B,CSQA,332,3,14,16,0.875
LLaMA-3.1-8B,CSQA,333,2,10,16,0.625
LLaMA-3.1-8B,CSQA,334,1,14,16,0.875
LLaMA-3.1-8B,CSQA,335,3,15,16,0.9375
LLaMA-3.1-8B,CSQA,336,2,15,16,0.9375
LLaMA-3.1-8B,CSQA,337,2,14,16,0.875
LLaMA-3.1-8B,CSQA,338,3,15,16,0.9375
LLaMA-3.1-8B,CSQA,340,2,15,16,0.9375
LLaMA-3.1-8B,CSQA,341,1,9,16,0.5625
LLaMA-3.1-8B,CSQA,343,2,3,16,0.1875
LLaMA-3.1-8B,CSQA,344,1,12,16,0.75
LLaMA-3.1-8B,CSQA,345,3,9,16,0.5625
LLaMA-3.1-8B,CSQA,346,1,2,16,0.125
LLaMA-3.1-8B,CSQA,348,1,4,16,0.25
LLaMA-3.1-8B,CSQA,349,2,9,16,0.5625
LLaMA-3.1-8B,CSQA,350,1,16,16,1.0
LLaMA-3.1-8B,CSQA,351,1,15,16,0.9375
LLaMA-3.1-8B,CSQA,352,4,14,16,0.875
LLaMA-3.1-8B,CSQA,353,1,5,16,0.3125
LLaMA-3.1-8B,CSQA,354,2,12,16,0.75
LLaMA-3.1-8B,CSQA,359,2,13,16,0.8125
LLaMA-3.1-8B,CSQA,360,1,11,16,0.6875
LLaMA-3.1-8B,CSQA,361,2,15,16,0.9375
LLaMA-3.1-8B,CSQA,362,1,2,16,0.125
LLaMA-3.1-8B,CSQA,363,2,13,16,0.8125
LLaMA-3.1-8B,CSQA,365,2,10,16,0.625
LLaMA-3.1-8B,CSQA,366,1,7,16,0.4375
LLaMA-3.1-8B,CSQA,367,2,15,16,0.9375
LLaMA-3.1-8B,CSQA,368,1,13,16,0.8125
LLaMA-3.1-8B,CSQA,369,2,16,16,1.0
LLaMA-3.1-8B,CSQA,370,3,11,16,0.6875
LLaMA-3.1-8B,CSQA,371,4,1,16,0.0625
LLaMA-3.1-8B,CSQA,372,2,10,16,0.625
LLaMA-3.1-8B,CSQA,374,1,14,16,0.875
LLaMA-3.1-8B,CSQA,376,3,15,16,0.9375
LLaMA-3.1-8B,CSQA,377,3,9,16,0.5625
LLaMA-3.1-8B,CSQA,378,1,8,16,0.5
LLaMA-3.1-8B,CSQA,379,2,4,16,0.25
LLaMA-3.1-8B,CSQA,380,1,16,16,1.0
LLaMA-3.1-8B,CSQA,381,3,12,16,0.75
LLaMA-3.1-8B,CSQA,384,2,16,16,1.0
LLaMA-3.1-8B,CSQA,385,1,8,16,0.5
LLaMA-3.1-8B,CSQA,386,3,13,16,0.8125
LLaMA-3.1-8B,CSQA,388,2,9,16,0.5625
LLaMA-3.1-8B,CSQA,389,2,16,16,1.0
LLaMA-3.1-8B,CSQA,390,1,1,16,0.0625
LLaMA-3.1-8B,CSQA,392,1,11,16,0.6875
LLaMA-3.1-8B,CSQA,393,1,12,16,0.75
LLaMA-3.1-8B,CSQA,394,1,15,16,0.9375
LLaMA-3.1-8B,CSQA,395,3,13,16,0.8125
LLaMA-3.1-8B,CSQA,396,1,6,16,0.375
LLaMA-3.1-8B,CSQA,397,3,8,16,0.5
LLaMA-3.1-8B,CSQA,398,2,6,16,0.375
LLaMA-3.1-8B,CSQA,399,1,10,16,0.625
LLaMA-3.1-8B,CSQA,400,1,13,16,0.8125
LLaMA-3.1-8B,CSQA,401,1,9,16,0.5625
LLaMA-3.1-8B,CSQA,402,2,13,16,0.8125
LLaMA-3.1-8B,CSQA,403,1,12,16,0.75
LLaMA-3.1-8B,CSQA,405,2,6,16,0.375
LLaMA-3.1-8B,CSQA,408,3,11,16,0.6875
LLaMA-3.1-8B,CSQA,409,1,12,16,0.75
LLaMA-3.1-8B,CSQA,410,2,2,16,0.125
LLaMA-3.1-8B,CSQA,412,1,7,16,0.4375
LLaMA-3.1-8B,CSQA,413,2,6,16,0.375
LLaMA-3.1-8B,CSQA,414,2,11,16,0.6875
LLaMA-3.1-8B,CSQA,415,1,15,16,0.9375
LLaMA-3.1-8B,CSQA,416,1,15,16,0.9375
LLaMA-3.1-8B,CSQA,417,1,13,16,0.8125
LLaMA-3.1-8B,CSQA,419,2,9,16,0.5625
LLaMA-3.1-8B,CSQA,420,1,13,16,0.8125
LLaMA-3.1-8B,CSQA,421,1,14,16,0.875
LLaMA-3.1-8B,CSQA,422,1,4,16,0.25
LLaMA-3.1-8B,CSQA,424,1,8,16,0.5
LLaMA-3.1-8B,CSQA,425,2,9,16,0.5625
LLaMA-3.1-8B,CSQA,426,3,13,16,0.8125
LLaMA-3.1-8B,CSQA,427,1,14,16,0.875
LLaMA-3.1-8B,CSQA,429,7,13,16,0.8125
LLaMA-3.1-8B,CSQA,430,3,10,16,0.625
LLaMA-3.1-8B,CSQA,432,2,14,16,0.875
LLaMA-3.1-8B,CSQA,433,3,15,16,0.9375
LLaMA-3.1-8B,CSQA,436,2,2,16,0.125
LLaMA-3.1-8B,CSQA,438,2,1,16,0.0625
LLaMA-3.1-8B,CSQA,439,2,12,16,0.75
LLaMA-3.1-8B,CSQA,441,1,4,16,0.25
LLaMA-3.1-8B,CSQA,442,2,16,16,1.0
LLaMA-3.1-8B,CSQA,443,3,13,16,0.8125
LLaMA-3.1-8B,CSQA,445,1,9,16,0.5625
LLaMA-3.1-8B,CSQA,446,3,5,16,0.3125
LLaMA-3.1-8B,CSQA,447,1,14,16,0.875
LLaMA-3.1-8B,CSQA,448,1,1,16,0.0625
LLaMA-3.1-8B,CSQA,449,3,13,16,0.8125
LLaMA-3.1-8B,CSQA,450,2,1,16,0.0625
LLaMA-3.1-8B,CSQA,451,1,12,16,0.75
LLaMA-3.1-8B,CSQA,454,1,3,16,0.1875
LLaMA-3.1-8B,CSQA,455,2,16,16,1.0
LLaMA-3.1-8B,CSQA,456,1,11,16,0.6875
LLaMA-3.1-8B,CSQA,457,1,15,16,0.9375
LLaMA-3.1-8B,CSQA,458,4,15,16,0.9375
LLaMA-3.1-8B,CSQA,459,2,14,16,0.875
LLaMA-3.1-8B,CSQA,460,1,13,16,0.8125
LLaMA-3.1-8B,CSQA,461,2,15,16,0.9375
LLaMA-3.1-8B,CSQA,463,3,16,16,1.0
LLaMA-3.1-8B,CSQA,465,3,8,16,0.5
LLaMA-3.1-8B,CSQA,466,1,15,16,0.9375
LLaMA-3.1-8B,CSQA,467,1,16,16,1.0
LLaMA-3.1-8B,CSQA,468,1,2,16,0.125
LLaMA-3.1-8B,CSQA,469,1,12,16,0.75
LLaMA-3.1-8B,CSQA,471,1,16,16,1.0
LLaMA-3.1-8B,CSQA,472,2,16,16,1.0
LLaMA-3.1-8B,CSQA,474,1,14,16,0.875
LLaMA-3.1-8B,CSQA,475,2,12,16,0.75
LLaMA-3.1-8B,CSQA,477,2,13,16,0.8125
LLaMA-3.1-8B,CSQA,478,4,16,16,1.0
LLaMA-3.1-8B,CSQA,479,1,12,16,0.75
LLaMA-3.1-8B,CSQA,480,1,1,16,0.0625
LLaMA-3.1-8B,CSQA,481,2,16,16,1.0
LLaMA-3.1-8B,CSQA,482,1,0,16,0.0
LLaMA-3.1-8B,CSQA,483,4,15,16,0.9375
LLaMA-3.1-8B,CSQA,486,5,14,16,0.875
LLaMA-3.1-8B,CSQA,487,2,7,16,0.4375
LLaMA-3.1-8B,CSQA,490,1,16,16,1.0
LLaMA-3.1-8B,CSQA,491,3,16,16,1.0
LLaMA-3.1-8B,CSQA,492,2,12,16,0.75
LLaMA-3.1-8B,CSQA,494,2,6,16,0.375
LLaMA-3.1-8B,CSQA,495,5,15,16,0.9375
LLaMA-3.1-8B,CSQA,496,3,15,16,0.9375
LLaMA-3.1-8B,CSQA,498,1,6,16,0.375
LLaMA-3.1-8B,CSQA,499,2,14,16,0.875
LLaMA-3.1-8B,CSQA,500,1,6,16,0.375
LLaMA-3.1-8B,CSQA,501,1,1,16,0.0625
LLaMA-3.1-8B,CSQA,502,3,16,16,1.0
LLaMA-3.1-8B,CSQA,503,3,6,16,0.375
LLaMA-3.1-8B,CSQA,504,2,13,16,0.8125
LLaMA-3.1-8B,CSQA,505,1,2,16,0.125
LLaMA-3.1-8B,CSQA,507,1,14,16,0.875
LLaMA-3.1-8B,CSQA,508,2,14,16,0.875
LLaMA-3.1-8B,CSQA,509,2,15,16,0.9375
LLaMA-3.1-8B,CSQA,510,2,11,16,0.6875
LLaMA-3.1-8B,CSQA,512,2,14,16,0.875
LLaMA-3.1-8B,CSQA,513,3,7,16,0.4375
LLaMA-3.1-8B,CSQA,514,3,11,16,0.6875
LLaMA-3.1-8B,CSQA,515,3,13,16,0.8125
LLaMA-3.1-8B,CSQA,516,1,2,16,0.125
LLaMA-3.1-8B,CSQA,518,2,16,16,1.0
LLaMA-3.1-8B,CSQA,519,1,13,16,0.8125
LLaMA-3.1-8B,CSQA,520,2,1,16,0.0625
LLaMA-3.1-8B,CSQA,521,3,16,16,1.0
LLaMA-3.1-8B,CSQA,523,1,13,16,0.8125
LLaMA-3.1-8B,CSQA,524,5,13,16,0.8125
LLaMA-3.1-8B,CSQA,525,3,8,16,0.5
LLaMA-3.1-8B,CSQA,526,1,15,16,0.9375
LLaMA-3.1-8B,CSQA,527,1,14,16,0.875
LLaMA-3.1-8B,CSQA,529,2,8,16,0.5
LLaMA-3.1-8B,CSQA,530,4,14,16,0.875
LLaMA-3.1-8B,CSQA,531,4,16,16,1.0
LLaMA-3.1-8B,CSQA,532,3,13,16,0.8125
LLaMA-3.1-8B,CSQA,533,3,16,16,1.0
LLaMA-3.1-8B,CSQA,537,3,15,16,0.9375
LLaMA-3.1-8B,CSQA,538,4,13,16,0.8125
LLaMA-3.1-8B,CSQA,539,2,16,16,1.0
LLaMA-3.1-8B,CSQA,540,3,16,16,1.0
LLaMA-3.1-8B,CSQA,541,1,11,16,0.6875
LLaMA-3.1-8B,CSQA,542,1,8,16,0.5
LLaMA-3.1-8B,CSQA,544,3,15,16,0.9375
LLaMA-3.1-8B,CSQA,545,2,15,16,0.9375
LLaMA-3.1-8B,CSQA,546,1,11,16,0.6875
LLaMA-3.1-8B,CSQA,547,2,4,16,0.25
LLaMA-3.1-8B,CSQA,548,2,14,16,0.875
LLaMA-3.1-8B,CSQA,549,2,10,16,0.625
LLaMA-3.1-8B,CSQA,550,1,14,16,0.875
LLaMA-3.1-8B,CSQA,551,3,12,16,0.75
LLaMA-3.1-8B,CSQA,552,1,1,16,0.0625
LLaMA-3.1-8B,CSQA,553,2,8,16,0.5
LLaMA-3.1-8B,CSQA,554,3,11,16,0.6875
LLaMA-3.1-8B,CSQA,555,3,6,16,0.375
LLaMA-3.1-8B,CSQA,556,1,12,16,0.75
LLaMA-3.1-8B,CSQA,557,1,15,16,0.9375
LLaMA-3.1-8B,CSQA,558,5,11,16,0.6875
LLaMA-3.1-8B,CSQA,559,2,13,16,0.8125
LLaMA-3.1-8B,CSQA,560,1,3,16,0.1875
LLaMA-3.1-8B,CSQA,561,2,15,16,0.9375
LLaMA-3.1-8B,CSQA,563,2,9,16,0.5625
LLaMA-3.1-8B,CSQA,564,2,15,16,0.9375
LLaMA-3.1-8B,CSQA,565,1,13,16,0.8125
LLaMA-3.1-8B,CSQA,566,1,13,16,0.8125
LLaMA-3.1-8B,CSQA,567,1,0,16,0.0
LLaMA-3.1-8B,CSQA,568,1,16,16,1.0
LLaMA-3.1-8B,CSQA,569,2,10,16,0.625
LLaMA-3.1-8B,CSQA,570,2,14,16,0.875
LLaMA-3.1-8B,CSQA,571,3,14,16,0.875
LLaMA-3.1-8B,CSQA,572,3,13,16,0.8125
LLaMA-3.1-8B,CSQA,573,1,11,16,0.6875
LLaMA-3.1-8B,CSQA,574,2,1,16,0.0625
LLaMA-3.1-8B,CSQA,575,2,5,16,0.3125
LLaMA-3.1-8B,CSQA,577,3,15,16,0.9375
LLaMA-3.1-8B,CSQA,578,1,14,16,0.875
LLaMA-3.1-8B,CSQA,580,2,2,16,0.125
LLaMA-3.1-8B,CSQA,581,2,2,16,0.125
LLaMA-3.1-8B,CSQA,582,2,5,16,0.3125
LLaMA-3.1-8B,CSQA,583,2,11,16,0.6875
LLaMA-3.1-8B,CSQA,584,1,12,16,0.75
LLaMA-3.1-8B,CSQA,588,1,9,16,0.5625
LLaMA-3.1-8B,CSQA,589,1,9,16,0.5625
LLaMA-3.1-8B,CSQA,590,2,8,16,0.5
LLaMA-3.1-8B,CSQA,592,1,16,16,1.0
LLaMA-3.1-8B,CSQA,593,3,14,16,0.875
LLaMA-3.1-8B,CSQA,594,3,13,16,0.8125
LLaMA-3.1-8B,CSQA,596,1,14,16,0.875
LLaMA-3.1-8B,CSQA,597,1,15,16,0.9375
LLaMA-3.1-8B,CSQA,598,1,14,16,0.875
LLaMA-3.1-8B,CSQA,599,3,13,16,0.8125
LLaMA-3.1-8B,CSQA,600,4,16,16,1.0
LLaMA-3.1-8B,CSQA,601,1,3,16,0.1875
LLaMA-3.1-8B,CSQA,602,2,1,16,0.0625
LLaMA-3.1-8B,CSQA,603,2,1,16,0.0625
LLaMA-3.1-8B,CSQA,604,1,7,16,0.4375
LLaMA-3.1-8B,CSQA,607,1,3,16,0.1875
LLaMA-3.1-8B,CSQA,608,1,7,16,0.4375
LLaMA-3.1-8B,CSQA,609,1,12,16,0.75
LLaMA-3.1-8B,CSQA,610,1,13,16,0.8125
LLaMA-3.1-8B,CSQA,611,1,14,16,0.875
LLaMA-3.1-8B,CSQA,612,1,12,16,0.75
LLaMA-3.1-8B,CSQA,613,3,16,16,1.0
LLaMA-3.1-8B,CSQA,614,2,8,16,0.5
LLaMA-3.1-8B,CSQA,616,1,2,16,0.125
LLaMA-3.1-8B,CSQA,617,4,11,16,0.6875
LLaMA-3.1-8B,CSQA,618,4,12,16,0.75
LLaMA-3.1-8B,CSQA,619,1,11,16,0.6875
LLaMA-3.1-8B,CSQA,620,4,16,16,1.0
LLaMA-3.1-8B,CSQA,621,1,15,16,0.9375
LLaMA-3.1-8B,CSQA,622,4,5,16,0.3125
LLaMA-3.1-8B,CSQA,623,1,10,16,0.625
LLaMA-3.1-8B,CSQA,624,1,11,16,0.6875
LLaMA-3.1-8B,CSQA,626,2,14,16,0.875
LLaMA-3.1-8B,CSQA,627,2,15,16,0.9375
LLaMA-3.1-8B,CSQA,628,1,8,16,0.5
LLaMA-3.1-8B,CSQA,629,1,10,16,0.625
LLaMA-3.1-8B,CSQA,630,1,8,16,0.5
LLaMA-3.1-8B,CSQA,631,3,14,16,0.875
LLaMA-3.1-8B,CSQA,632,5,14,16,0.875
LLaMA-3.1-8B,CSQA,633,1,6,16,0.375
LLaMA-3.1-8B,CSQA,634,1,1,16,0.0625
LLaMA-3.1-8B,CSQA,637,1,1,16,0.0625
LLaMA-3.1-8B,CSQA,639,4,15,16,0.9375
LLaMA-3.1-8B,CSQA,640,2,0,16,0.0
LLaMA-3.1-8B,CSQA,641,2,11,16,0.6875
LLaMA-3.1-8B,CSQA,644,1,14,16,0.875
LLaMA-3.1-8B,CSQA,645,1,2,16,0.125
LLaMA-3.1-8B,CSQA,646,1,14,16,0.875
LLaMA-3.1-8B,CSQA,649,2,16,16,1.0
LLaMA-3.1-8B,CSQA,650,2,12,16,0.75
LLaMA-3.1-8B,CSQA,651,2,12,16,0.75
LLaMA-3.1-8B,CSQA,652,1,15,16,0.9375
LLaMA-3.1-8B,CSQA,653,3,9,16,0.5625
LLaMA-3.1-8B,CSQA,654,1,12,16,0.75
LLaMA-3.1-8B,CSQA,655,1,8,16,0.5
LLaMA-3.1-8B,CSQA,656,3,12,16,0.75
LLaMA-3.1-8B,CSQA,657,2,13,16,0.8125
LLaMA-3.1-8B,CSQA,659,2,12,16,0.75
LLaMA-3.1-8B,CSQA,660,5,13,16,0.8125
LLaMA-3.1-8B,CSQA,661,1,8,16,0.5
LLaMA-3.1-8B,CSQA,662,3,15,16,0.9375
LLaMA-3.1-8B,CSQA,664,2,14,16,0.875
LLaMA-3.1-8B,CSQA,665,1,9,16,0.5625
LLaMA-3.1-8B,CSQA,666,1,8,16,0.5
LLaMA-3.1-8B,CSQA,668,1,12,16,0.75
LLaMA-3.1-8B,CSQA,669,1,10,16,0.625
LLaMA-3.1-8B,CSQA,672,2,5,16,0.3125
LLaMA-3.1-8B,CSQA,673,3,15,16,0.9375
LLaMA-3.1-8B,CSQA,675,3,14,16,0.875
LLaMA-3.1-8B,CSQA,676,1,13,16,0.8125
LLaMA-3.1-8B,CSQA,678,1,14,16,0.875
LLaMA-3.1-8B,CSQA,681,1,9,16,0.5625
LLaMA-3.1-8B,CSQA,682,1,15,16,0.9375
LLaMA-3.1-8B,CSQA,683,3,15,16,0.9375
LLaMA-3.1-8B,CSQA,684,2,5,16,0.3125
LLaMA-3.1-8B,CSQA,686,2,14,16,0.875
LLaMA-3.1-8B,CSQA,687,1,9,16,0.5625
LLaMA-3.1-8B,CSQA,689,1,13,16,0.8125
LLaMA-3.1-8B,CSQA,690,1,2,16,0.125
LLaMA-3.1-8B,CSQA,691,4,14,16,0.875
LLaMA-3.1-8B,CSQA,692,2,12,16,0.75
LLaMA-3.1-8B,CSQA,693,2,14,16,0.875
LLaMA-3.1-8B,CSQA,694,1,3,16,0.1875
LLaMA-3.1-8B,CSQA,695,2,0,16,0.0
LLaMA-3.1-8B,CSQA,696,5,13,16,0.8125
LLaMA-3.1-8B,CSQA,698,3,4,16,0.25
LLaMA-3.1-8B,CSQA,700,3,13,16,0.8125
LLaMA-3.1-8B,CSQA,701,3,12,16,0.75
LLaMA-3.1-8B,CSQA,702,1,11,16,0.6875
LLaMA-3.1-8B,CSQA,703,1,9,16,0.5625
LLaMA-3.1-8B,CSQA,706,3,13,16,0.8125
LLaMA-3.1-8B,CSQA,707,1,9,16,0.5625
LLaMA-3.1-8B,CSQA,708,1,6,16,0.375
LLaMA-3.1-8B,CSQA,709,4,16,16,1.0
LLaMA-3.1-8B,CSQA,710,1,12,16,0.75
LLaMA-3.1-8B,CSQA,711,1,13,16,0.8125
LLaMA-3.1-8B,CSQA,712,2,12,16,0.75
LLaMA-3.1-8B,CSQA,713,4,16,16,1.0
LLaMA-3.1-8B,CSQA,714,2,2,16,0.125
LLaMA-3.1-8B,CSQA,716,3,10,16,0.625
LLaMA-3.1-8B,CSQA,717,2,4,16,0.25
LLaMA-3.1-8B,CSQA,718,4,16,16,1.0
LLaMA-3.1-8B,CSQA,719,2,15,16,0.9375
LLaMA-3.1-8B,CSQA,720,1,14,16,0.875
LLaMA-3.1-8B,CSQA,721,4,13,16,0.8125
LLaMA-3.1-8B,CSQA,723,1,12,16,0.75
LLaMA-3.1-8B,CSQA,725,4,12,16,0.75
LLaMA-3.1-8B,CSQA,727,3,9,16,0.5625
LLaMA-3.1-8B,CSQA,728,2,0,16,0.0
LLaMA-3.1-8B,CSQA,729,1,14,16,0.875
LLaMA-3.1-8B,CSQA,730,3,10,16,0.625
LLaMA-3.1-8B,CSQA,731,3,15,16,0.9375
LLaMA-3.1-8B,CSQA,732,2,16,16,1.0
LLaMA-3.1-8B,CSQA,734,2,2,16,0.125
LLaMA-3.1-8B,CSQA,736,2,16,16,1.0
LLaMA-3.1-8B,CSQA,737,2,16,16,1.0
LLaMA-3.1-8B,CSQA,738,1,15,16,0.9375
LLaMA-3.1-8B,CSQA,740,2,12,16,0.75
LLaMA-3.1-8B,CSQA,741,4,16,16,1.0
LLaMA-3.1-8B,CSQA,742,3,11,16,0.6875
LLaMA-3.1-8B,CSQA,746,2,16,16,1.0
LLaMA-3.1-8B,CSQA,747,1,4,16,0.25
LLaMA-3.1-8B,CSQA,748,3,11,16,0.6875
LLaMA-3.1-8B,CSQA,749,5,16,16,1.0
LLaMA-3.1-8B,CSQA,750,2,14,16,0.875
LLaMA-3.1-8B,CSQA,751,1,2,16,0.125
LLaMA-3.1-8B,CSQA,755,2,8,16,0.5
LLaMA-3.1-8B,CSQA,756,1,10,16,0.625
LLaMA-3.1-8B,CSQA,757,5,9,16,0.5625
LLaMA-3.1-8B,CSQA,759,2,16,16,1.0
LLaMA-3.1-8B,CSQA,760,2,10,16,0.625
LLaMA-3.1-8B,CSQA,762,4,11,16,0.6875
LLaMA-3.1-8B,CSQA,763,1,12,16,0.75
LLaMA-3.1-8B,CSQA,765,1,15,16,0.9375
LLaMA-3.1-8B,CSQA,766,3,4,16,0.25
LLaMA-3.1-8B,CSQA,772,2,13,16,0.8125
LLaMA-3.1-8B,CSQA,773,4,4,16,0.25
LLaMA-3.1-8B,CSQA,774,1,16,16,1.0
LLaMA-3.1-8B,CSQA,776,1,7,16,0.4375
LLaMA-3.1-8B,CSQA,778,3,16,16,1.0
LLaMA-3.1-8B,CSQA,779,1,2,16,0.125
LLaMA-3.1-8B,CSQA,780,6,16,16,1.0
LLaMA-3.1-8B,CSQA,781,1,16,16,1.0
LLaMA-3.1-8B,CSQA,782,3,15,16,0.9375
LLaMA-3.1-8B,CSQA,783,1,3,16,0.1875
LLaMA-3.1-8B,CSQA,784,6,16,16,1.0
LLaMA-3.1-8B,CSQA,785,2,16,16,1.0
LLaMA-3.1-8B,CSQA,786,1,8,16,0.5
LLaMA-3.1-8B,CSQA,787,1,10,16,0.625
LLaMA-3.1-8B,CSQA,788,1,13,16,0.8125
LLaMA-3.1-8B,CSQA,789,2,0,16,0.0
LLaMA-3.1-8B,CSQA,791,2,1,16,0.0625
LLaMA-3.1-8B,CSQA,792,2,16,16,1.0
LLaMA-3.1-8B,CSQA,793,2,13,16,0.8125
LLaMA-3.1-8B,CSQA,794,3,6,16,0.375
LLaMA-3.1-8B,CSQA,796,4,11,16,0.6875
LLaMA-3.1-8B,CSQA,798,1,15,16,0.9375
LLaMA-3.1-8B,CSQA,800,1,4,16,0.25
LLaMA-3.1-8B,CSQA,802,2,13,16,0.8125
LLaMA-3.1-8B,CSQA,804,1,2,16,0.125
LLaMA-3.1-8B,CSQA,806,1,2,16,0.125
LLaMA-3.1-8B,CSQA,807,2,2,16,0.125
LLaMA-3.1-8B,CSQA,811,3,7,16,0.4375
LLaMA-3.1-8B,CSQA,812,1,14,16,0.875
LLaMA-3.1-8B,CSQA,813,4,14,16,0.875
LLaMA-3.1-8B,CSQA,814,2,14,16,0.875
LLaMA-3.1-8B,CSQA,815,6,10,16,0.625
LLaMA-3.1-8B,CSQA,816,2,7,16,0.4375
LLaMA-3.1-8B,CSQA,817,5,16,16,1.0
LLaMA-3.1-8B,CSQA,818,2,2,16,0.125
LLaMA-3.1-8B,CSQA,820,3,15,16,0.9375
LLaMA-3.1-8B,CSQA,822,2,3,16,0.1875
LLaMA-3.1-8B,CSQA,823,2,12,16,0.75
LLaMA-3.1-8B,CSQA,825,5,13,16,0.8125
LLaMA-3.1-8B,CSQA,826,2,13,16,0.8125
LLaMA-3.1-8B,CSQA,827,4,16,16,1.0
LLaMA-3.1-8B,CSQA,829,3,10,16,0.625
LLaMA-3.1-8B,CSQA,830,2,11,16,0.6875
LLaMA-3.1-8B,CSQA,831,5,14,16,0.875
LLaMA-3.1-8B,CSQA,832,1,14,16,0.875
LLaMA-3.1-8B,CSQA,833,3,9,16,0.5625
LLaMA-3.1-8B,CSQA,834,4,1,16,0.0625
LLaMA-3.1-8B,CSQA,835,2,16,16,1.0
LLaMA-3.1-8B,CSQA,836,2,7,16,0.4375
LLaMA-3.1-8B,CSQA,837,5,13,16,0.8125
LLaMA-3.1-8B,CSQA,838,2,16,16,1.0
LLaMA-3.1-8B,CSQA,839,5,14,16,0.875
LLaMA-3.1-8B,CSQA,841,1,14,16,0.875
LLaMA-3.1-8B,CSQA,842,1,5,16,0.3125
LLaMA-3.1-8B,CSQA,845,2,15,16,0.9375
LLaMA-3.1-8B,CSQA,847,4,5,16,0.3125
LLaMA-3.1-8B,CSQA,848,1,13,16,0.8125
LLaMA-3.1-8B,CSQA,849,1,16,16,1.0
LLaMA-3.1-8B,CSQA,851,1,15,16,0.9375
LLaMA-3.1-8B,CSQA,852,1,11,16,0.6875
LLaMA-3.1-8B,CSQA,853,2,10,16,0.625
LLaMA-3.1-8B,CSQA,854,4,10,16,0.625
LLaMA-3.1-8B,CSQA,856,2,14,16,0.875
LLaMA-3.1-8B,CSQA,857,3,16,16,1.0
LLaMA-3.1-8B,CSQA,858,1,12,16,0.75
LLaMA-3.1-8B,CSQA,860,1,13,16,0.8125
LLaMA-3.1-8B,CSQA,861,3,8,16,0.5
LLaMA-3.1-8B,CSQA,862,1,2,16,0.125
LLaMA-3.1-8B,CSQA,863,1,14,16,0.875
LLaMA-3.1-8B,CSQA,864,2,9,16,0.5625
LLaMA-3.1-8B,CSQA,865,4,14,16,0.875
LLaMA-3.1-8B,CSQA,867,1,15,16,0.9375
LLaMA-3.1-8B,CSQA,868,3,9,16,0.5625
LLaMA-3.1-8B,CSQA,869,1,16,16,1.0
LLaMA-3.1-8B,CSQA,870,3,13,16,0.8125
LLaMA-3.1-8B,CSQA,871,1,15,16,0.9375
LLaMA-3.1-8B,CSQA,873,1,16,16,1.0
LLaMA-3.1-8B,CSQA,874,1,8,16,0.5
LLaMA-3.1-8B,CSQA,875,1,1,16,0.0625
LLaMA-3.1-8B,CSQA,877,2,13,16,0.8125
LLaMA-3.1-8B,CSQA,878,3,11,16,0.6875
LLaMA-3.1-8B,CSQA,879,3,15,16,0.9375
LLaMA-3.1-8B,CSQA,880,2,6,16,0.375
LLaMA-3.1-8B,CSQA,882,4,15,16,0.9375
LLaMA-3.1-8B,CSQA,885,1,13,16,0.8125
LLaMA-3.1-8B,CSQA,886,1,6,16,0.375
LLaMA-3.1-8B,CSQA,887,4,14,16,0.875
LLaMA-3.1-8B,CSQA,888,5,14,16,0.875
LLaMA-3.1-8B,CSQA,889,1,14,16,0.875
LLaMA-3.1-8B,CSQA,890,3,4,16,0.25
LLaMA-3.1-8B,CSQA,891,1,7,16,0.4375
LLaMA-3.1-8B,CSQA,893,1,13,16,0.8125
LLaMA-3.1-8B,CSQA,894,2,15,16,0.9375
LLaMA-3.1-8B,CSQA,895,3,14,16,0.875
LLaMA-3.1-8B,CSQA,896,2,16,16,1.0
LLaMA-3.1-8B,CSQA,897,5,12,16,0.75
LLaMA-3.1-8B,CSQA,898,1,2,16,0.125
LLaMA-3.1-8B,CSQA,899,2,11,16,0.6875
LLaMA-3.1-8B,CSQA,902,1,11,16,0.6875
LLaMA-3.1-8B,CSQA,903,1,11,16,0.6875
LLaMA-3.1-8B,CSQA,904,2,10,16,0.625
LLaMA-3.1-8B,CSQA,905,2,0,16,0.0
LLaMA-3.1-8B,CSQA,906,4,15,16,0.9375
LLaMA-3.1-8B,CSQA,907,2,12,16,0.75
LLaMA-3.1-8B,CSQA,909,1,13,16,0.8125
LLaMA-3.1-8B,CSQA,910,4,15,16,0.9375
LLaMA-3.1-8B,CSQA,911,2,12,16,0.75
LLaMA-3.1-8B,CSQA,912,3,11,16,0.6875
LLaMA-3.1-8B,CSQA,913,2,1,16,0.0625
LLaMA-3.1-8B,CSQA,914,3,2,16,0.125
LLaMA-3.1-8B,CSQA,915,6,1,16,0.0625
LLaMA-3.1-8B,CSQA,917,1,7,16,0.4375
LLaMA-3.1-8B,CSQA,918,3,16,16,1.0
LLaMA-3.1-8B,CSQA,919,3,15,16,0.9375
LLaMA-3.1-8B,CSQA,920,4,14,16,0.875
LLaMA-3.1-8B,CSQA,921,1,12,16,0.75
LLaMA-3.1-8B,CSQA,922,3,15,16,0.9375
LLaMA-3.1-8B,CSQA,923,2,10,16,0.625
LLaMA-3.1-8B,CSQA,924,2,4,16,0.25
LLaMA-3.1-8B,CSQA,927,5,7,16,0.4375
LLaMA-3.1-8B,CSQA,928,1,13,16,0.8125
LLaMA-3.1-8B,CSQA,929,2,16,16,1.0
LLaMA-3.1-8B,CSQA,930,1,12,16,0.75
LLaMA-3.1-8B,CSQA,932,1,15,16,0.9375
LLaMA-3.1-8B,CSQA,933,3,12,16,0.75
LLaMA-3.1-8B,CSQA,935,1,12,16,0.75
LLaMA-3.1-8B,CSQA,937,2,11,16,0.6875
LLaMA-3.1-8B,CSQA,938,1,4,16,0.25
LLaMA-3.1-8B,CSQA,939,1,1,16,0.0625
LLaMA-3.1-8B,CSQA,940,2,14,16,0.875
LLaMA-3.1-8B,CSQA,941,1,11,16,0.6875
LLaMA-3.1-8B,CSQA,942,4,15,16,0.9375
LLaMA-3.1-8B,CSQA,943,2,9,16,0.5625
LLaMA-3.1-8B,CSQA,944,3,16,16,1.0
LLaMA-3.1-8B,CSQA,945,1,16,16,1.0
LLaMA-3.1-8B,CSQA,946,3,14,16,0.875
LLaMA-3.1-8B,CSQA,947,1,13,16,0.8125
LLaMA-3.1-8B,CSQA,948,1,8,16,0.5
LLaMA-3.1-8B,CSQA,949,9,15,16,0.9375
LLaMA-3.1-8B,CSQA,950,1,14,16,0.875
LLaMA-3.1-8B,CSQA,951,1,7,16,0.4375
LLaMA-3.1-8B,CSQA,952,2,14,16,0.875
LLaMA-3.1-8B,CSQA,953,4,15,16,0.9375
LLaMA-3.1-8B,CSQA,954,1,12,16,0.75
LLaMA-3.1-8B,CSQA,956,1,10,16,0.625
LLaMA-3.1-8B,CSQA,957,2,14,16,0.875
LLaMA-3.1-8B,CSQA,958,2,10,16,0.625
LLaMA-3.1-8B,CSQA,959,1,12,16,0.75
LLaMA-3.1-8B,CSQA,960,1,13,16,0.8125
LLaMA-3.1-8B,CSQA,961,1,4,16,0.25
LLaMA-3.1-8B,CSQA,963,2,13,16,0.8125
LLaMA-3.1-8B,CSQA,964,2,15,16,0.9375
LLaMA-3.1-8B,CSQA,965,2,11,16,0.6875
LLaMA-3.1-8B,CSQA,966,1,1,16,0.0625
LLaMA-3.1-8B,CSQA,967,2,13,16,0.8125
LLaMA-3.1-8B,CSQA,969,1,13,16,0.8125
LLaMA-3.1-8B,CSQA,971,1,12,16,0.75
LLaMA-3.1-8B,CSQA,972,6,16,16,1.0
LLaMA-3.1-8B,CSQA,973,2,13,16,0.8125
LLaMA-3.1-8B,CSQA,974,2,8,16,0.5
LLaMA-3.1-8B,CSQA,975,1,16,16,1.0
LLaMA-3.1-8B,CSQA,976,2,5,16,0.3125
LLaMA-3.1-8B,CSQA,977,3,14,16,0.875
LLaMA-3.1-8B,CSQA,978,1,10,16,0.625
LLaMA-3.1-8B,CSQA,979,3,7,16,0.4375
LLaMA-3.1-8B,CSQA,980,3,1,16,0.0625
LLaMA-3.1-8B,CSQA,981,2,15,16,0.9375
LLaMA-3.1-8B,CSQA,982,1,15,16,0.9375
LLaMA-3.1-8B,CSQA,985,2,4,16,0.25
LLaMA-3.1-8B,CSQA,986,1,16,16,1.0
LLaMA-3.1-8B,CSQA,987,3,15,16,0.9375
LLaMA-3.1-8B,CSQA,989,1,10,16,0.625
LLaMA-3.1-8B,CSQA,990,1,1,16,0.0625
LLaMA-3.1-8B,CSQA,991,4,8,16,0.5
LLaMA-3.1-8B,CSQA,992,1,2,16,0.125
LLaMA-3.1-8B,CSQA,993,4,14,16,0.875
LLaMA-3.1-8B,CSQA,994,1,10,16,0.625
LLaMA-3.1-8B,CSQA,995,1,14,16,0.875
LLaMA-3.1-8B,CSQA,996,1,10,16,0.625
LLaMA-3.1-8B,CSQA,998,2,11,16,0.6875
LLaMA-3.1-8B,CSQA,999,1,16,16,1.0
LLaMA-3.1-8B,CSQA,1000,2,14,16,0.875
LLaMA-3.1-8B,CSQA,1002,1,14,16,0.875
LLaMA-3.1-8B,CSQA,1003,1,1,16,0.0625
LLaMA-3.1-8B,CSQA,1004,4,1,16,0.0625
LLaMA-3.1-8B,CSQA,1005,2,0,16,0.0
LLaMA-3.1-8B,CSQA,1006,2,6,16,0.375
LLaMA-3.1-8B,CSQA,1007,3,12,16,0.75
LLaMA-3.1-8B,CSQA,1008,2,7,16,0.4375
LLaMA-3.1-8B,CSQA,1009,1,7,16,0.4375
LLaMA-3.1-8B,CSQA,1011,1,13,16,0.8125
LLaMA-3.1-8B,CSQA,1014,4,3,16,0.1875
LLaMA-3.1-8B,CSQA,1015,2,7,16,0.4375
LLaMA-3.1-8B,CSQA,1017,2,12,16,0.75
LLaMA-3.1-8B,CSQA,1018,2,15,16,0.9375
LLaMA-3.1-8B,CSQA,1019,2,9,16,0.5625
LLaMA-3.1-8B,CSQA,1021,1,5,16,0.3125
LLaMA-3.1-8B,CSQA,1023,2,9,16,0.5625
LLaMA-3.1-8B,CSQA,1024,1,14,16,0.875
LLaMA-3.1-8B,CSQA,1029,1,11,16,0.6875
LLaMA-3.1-8B,CSQA,1030,2,11,16,0.6875
LLaMA-3.1-8B,CSQA,1032,1,7,16,0.4375
LLaMA-3.1-8B,CSQA,1033,1,13,16,0.8125
LLaMA-3.1-8B,CSQA,1034,2,12,16,0.75
LLaMA-3.1-8B,CSQA,1036,6,15,16,0.9375
LLaMA-3.1-8B,CSQA,1038,1,15,16,0.9375
LLaMA-3.1-8B,CSQA,1039,1,2,16,0.125
LLaMA-3.1-8B,CSQA,1040,1,11,16,0.6875
LLaMA-3.1-8B,CSQA,1041,2,9,16,0.5625
LLaMA-3.1-8B,CSQA,1042,4,10,16,0.625
LLaMA-3.1-8B,CSQA,1043,5,12,16,0.75
LLaMA-3.1-8B,CSQA,1044,1,15,16,0.9375
LLaMA-3.1-8B,CSQA,1045,3,11,16,0.6875
LLaMA-3.1-8B,CSQA,1046,1,15,16,0.9375
LLaMA-3.1-8B,CSQA,1048,1,3,16,0.1875
LLaMA-3.1-8B,CSQA,1049,1,15,16,0.9375
LLaMA-3.1-8B,CSQA,1050,4,14,16,0.875
LLaMA-3.1-8B,CSQA,1052,5,14,16,0.875
LLaMA-3.1-8B,CSQA,1053,1,16,16,1.0
LLaMA-3.1-8B,CSQA,1057,1,3,16,0.1875
LLaMA-3.1-8B,CSQA,1058,2,14,16,0.875
LLaMA-3.1-8B,CSQA,1062,3,10,16,0.625
LLaMA-3.1-8B,CSQA,1063,4,3,16,0.1875
LLaMA-3.1-8B,CSQA,1066,4,15,16,0.9375
LLaMA-3.1-8B,CSQA,1067,3,8,16,0.5
LLaMA-3.1-8B,CSQA,1068,2,9,16,0.5625
LLaMA-3.1-8B,CSQA,1069,2,9,16,0.5625
LLaMA-3.1-8B,CSQA,1070,4,13,16,0.8125
LLaMA-3.1-8B,CSQA,1071,4,12,16,0.75
LLaMA-3.1-8B,CSQA,1072,1,14,16,0.875
LLaMA-3.1-8B,CSQA,1074,3,5,16,0.3125
LLaMA-3.1-8B,CSQA,1075,2,0,16,0.0
LLaMA-3.1-8B,CSQA,1076,1,10,16,0.625
LLaMA-3.1-8B,CSQA,1077,1,13,16,0.8125
LLaMA-3.1-8B,CSQA,1079,3,15,16,0.9375
LLaMA-3.1-8B,CSQA,1080,2,14,16,0.875
LLaMA-3.1-8B,CSQA,1081,1,11,16,0.6875
LLaMA-3.1-8B,CSQA,1082,4,15,16,0.9375
LLaMA-3.1-8B,CSQA,1083,1,13,16,0.8125
LLaMA-3.1-8B,CSQA,1084,6,16,16,1.0
LLaMA-3.1-8B,CSQA,1085,4,16,16,1.0
LLaMA-3.1-8B,CSQA,1086,2,5,16,0.3125
LLaMA-3.1-8B,CSQA,1087,2,12,16,0.75
LLaMA-3.1-8B,CSQA,1088,1,8,16,0.5
LLaMA-3.1-8B,CSQA,1089,3,15,16,0.9375
LLaMA-3.1-8B,CSQA,1090,3,16,16,1.0
LLaMA-3.1-8B,CSQA,1091,1,15,16,0.9375
LLaMA-3.1-8B,CSQA,1092,1,8,16,0.5
LLaMA-3.1-8B,CSQA,1093,2,0,16,0.0
LLaMA-3.1-8B,CSQA,1095,5,12,16,0.75
LLaMA-3.1-8B,CSQA,1097,3,12,16,0.75
LLaMA-3.1-8B,CSQA,1100,4,13,16,0.8125
LLaMA-3.1-8B,CSQA,1101,5,15,16,0.9375
LLaMA-3.1-8B,CSQA,1102,1,15,16,0.9375
LLaMA-3.1-8B,CSQA,1103,1,10,16,0.625
LLaMA-3.1-8B,CSQA,1104,1,12,16,0.75
LLaMA-3.1-8B,CSQA,1106,3,9,16,0.5625
LLaMA-3.1-8B,CSQA,1108,2,12,16,0.75
LLaMA-3.1-8B,CSQA,1110,1,5,16,0.3125
LLaMA-3.1-8B,CSQA,1112,2,6,16,0.375
LLaMA-3.1-8B,CSQA,1113,1,4,16,0.25
LLaMA-3.1-8B,CSQA,1114,1,15,16,0.9375
LLaMA-3.1-8B,CSQA,1115,1,8,16,0.5
LLaMA-3.1-8B,CSQA,1116,1,3,16,0.1875
LLaMA-3.1-8B,CSQA,1117,5,15,16,0.9375
LLaMA-3.1-8B,CSQA,1118,4,13,16,0.8125
LLaMA-3.1-8B,CSQA,1119,1,14,16,0.875
LLaMA-3.1-8B,CSQA,1120,5,16,16,1.0
LLaMA-3.1-8B,CSQA,1121,2,16,16,1.0
LLaMA-3.1-8B,CSQA,1122,2,12,16,0.75
LLaMA-3.1-8B,CSQA,1123,2,0,16,0.0
LLaMA-3.1-8B,CSQA,1126,1,3,16,0.1875
LLaMA-3.1-8B,CSQA,1127,2,14,16,0.875
LLaMA-3.1-8B,CSQA,1128,3,15,16,0.9375
LLaMA-3.1-8B,CSQA,1129,1,14,16,0.875
LLaMA-3.1-8B,CSQA,1131,1,1,16,0.0625
LLaMA-3.1-8B,CSQA,1132,2,10,16,0.625
LLaMA-3.1-8B,CSQA,1133,1,2,16,0.125
LLaMA-3.1-8B,CSQA,1134,3,11,16,0.6875
LLaMA-3.1-8B,CSQA,1135,1,12,16,0.75
LLaMA-3.1-8B,CSQA,1136,3,14,16,0.875
LLaMA-3.1-8B,CSQA,1138,1,5,16,0.3125
LLaMA-3.1-8B,CSQA,1139,2,0,16,0.0
LLaMA-3.1-8B,CSQA,1140,1,15,16,0.9375
LLaMA-3.1-8B,CSQA,1141,1,9,16,0.5625
LLaMA-3.1-8B,CSQA,1143,2,3,16,0.1875
LLaMA-3.1-8B,CSQA,1144,2,13,16,0.8125
LLaMA-3.1-8B,CSQA,1146,2,14,16,0.875
LLaMA-3.1-8B,CSQA,1148,3,7,16,0.4375
LLaMA-3.1-8B,CSQA,1149,1,14,16,0.875
LLaMA-3.1-8B,CSQA,1150,2,12,16,0.75
LLaMA-3.1-8B,CSQA,1152,2,0,16,0.0
LLaMA-3.1-8B,CSQA,1153,1,1,16,0.0625
LLaMA-3.1-8B,CSQA,1156,1,16,16,1.0
LLaMA-3.1-8B,CSQA,1157,1,15,16,0.9375
LLaMA-3.1-8B,CSQA,1159,1,11,16,0.6875
LLaMA-3.1-8B,CSQA,1160,3,12,16,0.75
LLaMA-3.1-8B,CSQA,1163,1,15,16,0.9375
LLaMA-3.1-8B,CSQA,1166,2,12,16,0.75
LLaMA-3.1-8B,CSQA,1168,4,14,16,0.875
LLaMA-3.1-8B,CSQA,1170,2,4,16,0.25
LLaMA-3.1-8B,CSQA,1172,3,6,16,0.375
LLaMA-3.1-8B,CSQA,1174,1,13,16,0.8125
LLaMA-3.1-8B,CSQA,1175,1,12,16,0.75
LLaMA-3.1-8B,CSQA,1176,2,15,16,0.9375
LLaMA-3.1-8B,CSQA,1178,3,11,16,0.6875
LLaMA-3.1-8B,CSQA,1179,1,12,16,0.75
LLaMA-3.1-8B,CSQA,1180,3,7,16,0.4375
LLaMA-3.1-8B,CSQA,1181,1,14,16,0.875
LLaMA-3.1-8B,CSQA,1182,1,14,16,0.875
LLaMA-3.1-8B,CSQA,1183,3,12,16,0.75
LLaMA-3.1-8B,CSQA,1184,1,4,16,0.25
LLaMA-3.1-8B,CSQA,1185,2,15,16,0.9375
LLaMA-3.1-8B,CSQA,1187,1,4,16,0.25
LLaMA-3.1-8B,CSQA,1189,1,10,16,0.625
LLaMA-3.1-8B,CSQA,1190,2,16,16,1.0
LLaMA-3.1-8B,CSQA,1191,1,11,16,0.6875
LLaMA-3.1-8B,CSQA,1193,1,14,16,0.875
LLaMA-3.1-8B,CSQA,1195,2,12,16,0.75
LLaMA-3.1-8B,CSQA,1198,4,13,16,0.8125
LLaMA-3.1-8B,CSQA,1200,3,9,16,0.5625
LLaMA-3.1-8B,CSQA,1201,1,15,16,0.9375
LLaMA-3.1-8B,CSQA,1202,4,12,16,0.75
LLaMA-3.1-8B,CSQA,1203,1,3,16,0.1875
LLaMA-3.1-8B,CSQA,1205,2,14,16,0.875
LLaMA-3.1-8B,CSQA,1206,1,10,16,0.625
LLaMA-3.1-8B,CSQA,1207,1,0,16,0.0
LLaMA-3.1-8B,CSQA,1209,2,16,16,1.0
LLaMA-3.1-8B,CSQA,1210,2,1,16,0.0625
LLaMA-3.1-8B,CSQA,1211,1,1,16,0.0625
LLaMA-3.1-8B,CSQA,1212,3,1,16,0.0625
LLaMA-3.1-8B,CSQA,1213,1,14,16,0.875
LLaMA-3.1-8B,CSQA,1215,3,13,16,0.8125
LLaMA-3.1-8B,CSQA,1216,3,15,16,0.9375
LLaMA-3.1-8B,CSQA,1217,1,15,16,0.9375
LLaMA-3.1-8B,CSQA,1218,2,5,16,0.3125
LLaMA-3.1-8B,CSQA,1219,2,16,16,1.0
LLaMA-3.1-8B,CSQA,1220,3,14,16,0.875
LLaMA-3.1-8B,GPQA,0,1,3,16,0.1875
LLaMA-3.1-8B,GPQA,1,1,6,16,0.375
LLaMA-3.1-8B,GPQA,2,2,3,16,0.1875
LLaMA-3.1-8B,GPQA,3,1,4,16,0.25
LLaMA-3.1-8B,GPQA,4,1,7,16,0.4375
LLaMA-3.1-8B,GPQA,5,1,5,16,0.3125
LLaMA-3.1-8B,GPQA,6,2,3,16,0.1875
LLaMA-3.1-8B,GPQA,7,4,5,16,0.3125
LLaMA-3.1-8B,GPQA,8,2,2,16,0.125
LLaMA-3.1-8B,GPQA,9,1,6,16,0.375
LLaMA-3.1-8B,GPQA,10,7,2,16,0.125
LLaMA-3.1-8B,GPQA,12,1,12,16,0.75
LLaMA-3.1-8B,GPQA,13,1,6,16,0.375
LLaMA-3.1-8B,GPQA,15,3,6,16,0.375
LLaMA-3.1-8B,GPQA,19,8,11,16,0.6875
LLaMA-3.1-8B,GPQA,21,2,9,16,0.5625
LLaMA-3.1-8B,GPQA,23,1,2,16,0.125
LLaMA-3.1-8B,GPQA,27,1,7,16,0.4375
LLaMA-3.1-8B,GPQA,28,3,14,16,0.875
LLaMA-3.1-8B,GPQA,29,5,4,16,0.25
LLaMA-3.1-8B,GPQA,31,8,12,16,0.75
LLaMA-3.1-8B,GPQA,32,1,8,16,0.5
LLaMA-3.1-8B,GPQA,34,2,12,16,0.75
LLaMA-3.1-8B,GPQA,35,1,13,16,0.8125
LLaMA-3.1-8B,GPQA,36,1,1,16,0.0625
LLaMA-3.1-8B,GPQA,37,2,2,16,0.125
LLaMA-3.1-8B,GPQA,39,3,1,16,0.0625
LLaMA-3.1-8B,GPQA,40,4,0,16,0.0
LLaMA-3.1-8B,GPQA,41,2,2,16,0.125
LLaMA-3.1-8B,GPQA,42,2,12,16,0.75
LLaMA-3.1-8B,GPQA,43,3,15,16,0.9375
LLaMA-3.1-8B,GPQA,44,1,10,16,0.625
LLaMA-3.1-8B,GPQA,45,1,9,16,0.5625
LLaMA-3.1-8B,GPQA,46,3,6,16,0.375
LLaMA-3.1-8B,GPQA,47,2,1,16,0.0625
LLaMA-3.1-8B,GPQA,48,1,4,16,0.25
LLaMA-3.1-8B,GPQA,49,3,5,16,0.3125
LLaMA-3.1-8B,GPQA,50,2,10,16,0.625
LLaMA-3.1-8B,GPQA,51,6,14,16,0.875
LLaMA-3.1-8B,GPQA,52,3,9,16,0.5625
LLaMA-3.1-8B,GPQA,53,4,2,16,0.125
LLaMA-3.1-8B,GPQA,54,2,7,16,0.4375
LLaMA-3.1-8B,GPQA,55,1,9,16,0.5625
LLaMA-3.1-8B,GPQA,56,3,7,16,0.4375
LLaMA-3.1-8B,GPQA,57,1,2,16,0.125
LLaMA-3.1-8B,GPQA,60,5,3,16,0.1875
LLaMA-3.1-8B,GPQA,62,1,14,16,0.875
LLaMA-3.1-8B,GPQA,63,2,12,16,0.75
LLaMA-3.1-8B,GPQA,64,2,7,16,0.4375
LLaMA-3.1-8B,GPQA,65,1,7,16,0.4375
LLaMA-3.1-8B,GPQA,66,1,3,16,0.1875
LLaMA-3.1-8B,GPQA,67,3,13,16,0.8125
LLaMA-3.1-8B,GPQA,69,1,4,16,0.25
LLaMA-3.1-8B,GPQA,71,3,12,16,0.75
LLaMA-3.1-8B,GPQA,76,1,5,16,0.3125
LLaMA-3.1-8B,GPQA,77,1,6,16,0.375
LLaMA-3.1-8B,GPQA,80,2,6,16,0.375
LLaMA-3.1-8B,GPQA,81,1,7,16,0.4375
LLaMA-3.1-8B,GPQA,82,2,11,16,0.6875
LLaMA-3.1-8B,GPQA,84,3,3,16,0.1875
LLaMA-3.1-8B,GPQA,86,2,4,16,0.25
LLaMA-3.1-8B,GPQA,87,7,11,16,0.6875
LLaMA-3.1-8B,GPQA,88,5,6,16,0.375
LLaMA-3.1-8B,GPQA,90,1,2,16,0.125
LLaMA-3.1-8B,GPQA,91,2,2,16,0.125
LLaMA-3.1-8B,GPQA,92,1,6,16,0.375
LLaMA-3.1-8B,GPQA,93,1,1,16,0.0625
LLaMA-3.1-8B,GPQA,94,1,0,16,0.0
LLaMA-3.1-8B,GPQA,95,4,10,16,0.625
LLaMA-3.1-8B,GPQA,97,3,7,16,0.4375
LLaMA-3.1-8B,GPQA,98,1,1,16,0.0625
LLaMA-3.1-8B,GPQA,99,2,4,16,0.25
LLaMA-3.1-8B,GPQA,100,3,11,16,0.6875
LLaMA-3.1-8B,GPQA,101,1,11,16,0.6875
LLaMA-3.1-8B,GPQA,102,3,2,16,0.125
LLaMA-3.1-8B,GPQA,103,3,4,16,0.25
LLaMA-3.1-8B,GPQA,104,1,8,16,0.5
LLaMA-3.1-8B,GPQA,105,1,1,16,0.0625
LLaMA-3.1-8B,GPQA,106,1,11,16,0.6875
LLaMA-3.1-8B,GPQA,107,1,6,16,0.375
LLaMA-3.1-8B,GPQA,108,1,9,16,0.5625
LLaMA-3.1-8B,GPQA,110,1,9,16,0.5625
LLaMA-3.1-8B,GPQA,112,5,4,16,0.25
LLaMA-3.1-8B,GPQA,113,2,0,16,0.0
LLaMA-3.1-8B,GPQA,116,1,5,16,0.3125
LLaMA-3.1-8B,GPQA,117,3,9,16,0.5625
LLaMA-3.1-8B,GPQA,118,1,5,16,0.3125
LLaMA-3.1-8B,GPQA,119,3,3,16,0.1875
LLaMA-3.1-8B,GPQA,120,2,5,16,0.3125
LLaMA-3.1-8B,GPQA,123,1,8,16,0.5
LLaMA-3.1-8B,GPQA,126,1,1,16,0.0625
LLaMA-3.1-8B,GPQA,127,1,7,16,0.4375
LLaMA-3.1-8B,GPQA,128,1,8,16,0.5
LLaMA-3.1-8B,GPQA,129,1,9,16,0.5625
LLaMA-3.1-8B,GPQA,130,1,0,16,0.0
LLaMA-3.1-8B,GPQA,132,2,2,16,0.125
LLaMA-3.1-8B,GPQA,133,1,6,16,0.375
LLaMA-3.1-8B,GPQA,134,1,6,16,0.375
LLaMA-3.1-8B,GPQA,135,4,6,16,0.375
LLaMA-3.1-8B,GPQA,138,3,3,16,0.1875
LLaMA-3.1-8B,GPQA,139,3,7,16,0.4375
LLaMA-3.1-8B,GPQA,140,3,4,16,0.25
LLaMA-3.1-8B,GPQA,141,3,2,16,0.125
LLaMA-3.1-8B,GPQA,142,3,0,16,0.0
LLaMA-3.1-8B,GPQA,143,3,11,16,0.6875
LLaMA-3.1-8B,GPQA,144,1,4,16,0.25
LLaMA-3.1-8B,GPQA,145,2,6,16,0.375
LLaMA-3.1-8B,GPQA,147,5,10,16,0.625
LLaMA-3.1-8B,GPQA,148,2,1,16,0.0625
LLaMA-3.1-8B,GPQA,149,3,10,16,0.625
LLaMA-3.1-8B,GPQA,150,3,2,16,0.125
LLaMA-3.1-8B,GPQA,152,2,4,16,0.25
LLaMA-3.1-8B,GPQA,153,1,4,16,0.25
LLaMA-3.1-8B,GPQA,154,1,11,16,0.6875
LLaMA-3.1-8B,GPQA,155,4,4,16,0.25
LLaMA-3.1-8B,GPQA,156,1,0,16,0.0
LLaMA-3.1-8B,GPQA,157,2,11,16,0.6875
LLaMA-3.1-8B,GPQA,158,1,6,16,0.375
LLaMA-3.1-8B,GPQA,159,1,2,16,0.125
LLaMA-3.1-8B,GPQA,160,2,0,16,0.0
LLaMA-3.1-8B,GPQA,162,3,2,16,0.125
LLaMA-3.1-8B,GPQA,163,2,9,16,0.5625
LLaMA-3.1-8B,GPQA,164,4,7,16,0.4375
LLaMA-3.1-8B,GPQA,165,1,4,16,0.25
LLaMA-3.1-8B,GPQA,166,3,11,16,0.6875
LLaMA-3.1-8B,GPQA,167,1,9,16,0.5625
LLaMA-3.1-8B,GPQA,169,2,8,16,0.5
LLaMA-3.1-8B,GPQA,170,1,3,16,0.1875
LLaMA-3.1-8B,GPQA,171,1,6,16,0.375
LLaMA-3.1-8B,GPQA,172,3,6,16,0.375
LLaMA-3.1-8B,GPQA,173,1,11,16,0.6875
LLaMA-3.1-8B,GPQA,174,1,9,16,0.5625
LLaMA-3.1-8B,GPQA,175,1,6,16,0.375
LLaMA-3.1-8B,GPQA,177,2,7,16,0.4375
LLaMA-3.1-8B,GPQA,178,1,4,16,0.25
LLaMA-3.1-8B,GPQA,180,2,8,16,0.5
LLaMA-3.1-8B,GPQA,181,2,6,16,0.375
LLaMA-3.1-8B,GPQA,182,3,7,16,0.4375
LLaMA-3.1-8B,GPQA,183,2,2,16,0.125
LLaMA-3.1-8B,GPQA,185,1,1,16,0.0625
LLaMA-3.1-8B,GPQA,186,1,2,16,0.125
LLaMA-3.1-8B,GPQA,189,4,10,16,0.625
LLaMA-3.1-8B,GPQA,192,2,8,16,0.5
LLaMA-3.1-8B,GPQA,193,3,13,16,0.8125
LLaMA-3.1-8B,GPQA,194,4,13,16,0.8125
LLaMA-3.1-8B,GPQA,197,1,2,16,0.125
LLaMA-3.1-8B,GPQA,198,1,5,16,0.3125
LLaMA-3.1-8B,GPQA,199,1,13,16,0.8125
LLaMA-3.1-8B,GPQA,200,4,6,16,0.375
LLaMA-3.1-8B,GPQA,201,3,2,16,0.125
LLaMA-3.1-8B,GPQA,202,1,2,16,0.125
LLaMA-3.1-8B,GPQA,204,1,1,16,0.0625
LLaMA-3.1-8B,GPQA,205,5,7,16,0.4375
LLaMA-3.1-8B,GPQA,206,1,6,16,0.375
LLaMA-3.1-8B,GPQA,207,1,5,16,0.3125
LLaMA-3.1-8B,GPQA,209,2,8,16,0.5
LLaMA-3.1-8B,GPQA,210,4,5,16,0.3125
LLaMA-3.1-8B,GPQA,211,3,7,16,0.4375
LLaMA-3.1-8B,GPQA,214,1,3,16,0.1875
LLaMA-3.1-8B,GPQA,215,5,9,16,0.5625
LLaMA-3.1-8B,GPQA,216,4,0,16,0.0
LLaMA-3.1-8B,GPQA,218,1,9,16,0.5625
LLaMA-3.1-8B,GPQA,220,3,1,16,0.0625
LLaMA-3.1-8B,GPQA,221,1,1,16,0.0625
LLaMA-3.1-8B,GPQA,222,7,2,16,0.125
LLaMA-3.1-8B,GPQA,224,5,6,16,0.375
LLaMA-3.1-8B,GPQA,227,2,5,16,0.3125
LLaMA-3.1-8B,GPQA,229,2,4,16,0.25
LLaMA-3.1-8B,GPQA,230,1,3,16,0.1875
LLaMA-3.1-8B,GPQA,231,4,4,16,0.25
LLaMA-3.1-8B,GPQA,232,1,5,16,0.3125
LLaMA-3.1-8B,GPQA,234,1,2,16,0.125
LLaMA-3.1-8B,GPQA,235,5,2,16,0.125
LLaMA-3.1-8B,GPQA,237,3,12,16,0.75
LLaMA-3.1-8B,GPQA,239,2,9,16,0.5625
LLaMA-3.1-8B,GPQA,240,1,6,16,0.375
LLaMA-3.1-8B,GPQA,241,2,0,16,0.0
LLaMA-3.1-8B,GPQA,243,1,13,16,0.8125
LLaMA-3.1-8B,GPQA,244,3,9,16,0.5625
LLaMA-3.1-8B,GPQA,245,4,3,16,0.1875
LLaMA-3.1-8B,GPQA,246,3,6,16,0.375
LLaMA-3.1-8B,GPQA,247,1,7,16,0.4375
LLaMA-3.1-8B,GPQA,248,1,6,16,0.375
LLaMA-3.1-8B,GPQA,250,5,2,16,0.125
LLaMA-3.1-8B,GPQA,251,4,12,16,0.75
LLaMA-3.1-8B,GPQA,252,2,8,16,0.5
LLaMA-3.1-8B,GPQA,254,4,10,16,0.625
LLaMA-3.1-8B,GPQA,255,1,6,16,0.375
LLaMA-3.1-8B,GPQA,256,2,3,16,0.1875
LLaMA-3.1-8B,GPQA,260,2,7,16,0.4375
LLaMA-3.1-8B,GPQA,262,2,4,16,0.25
LLaMA-3.1-8B,GPQA,263,1,4,16,0.25
LLaMA-3.1-8B,GPQA,264,1,7,16,0.4375
LLaMA-3.1-8B,GPQA,265,3,3,16,0.1875
LLaMA-3.1-8B,GPQA,266,1,8,16,0.5
LLaMA-3.1-8B,GPQA,267,4,5,16,0.3125
LLaMA-3.1-8B,GPQA,268,3,9,16,0.5625
LLaMA-3.1-8B,GPQA,269,1,7,16,0.4375
LLaMA-3.1-8B,GPQA,272,1,3,16,0.1875
LLaMA-3.1-8B,GPQA,273,3,13,16,0.8125
LLaMA-3.1-8B,GPQA,274,2,13,16,0.8125
LLaMA-3.1-8B,GPQA,275,1,8,16,0.5
LLaMA-3.1-8B,GPQA,276,1,1,16,0.0625
LLaMA-3.1-8B,GPQA,277,1,9,16,0.5625
LLaMA-3.1-8B,GPQA,278,1,9,16,0.5625
LLaMA-3.1-8B,GPQA,281,1,7,16,0.4375
LLaMA-3.1-8B,GPQA,282,1,4,16,0.25
LLaMA-3.1-8B,GPQA,284,1,0,16,0.0
LLaMA-3.1-8B,GPQA,285,2,3,16,0.1875
LLaMA-3.1-8B,GPQA,286,5,13,16,0.8125
LLaMA-3.1-8B,GPQA,287,2,13,16,0.8125
LLaMA-3.1-8B,GPQA,289,1,0,16,0.0
LLaMA-3.1-8B,GPQA,292,4,3,16,0.1875
LLaMA-3.1-8B,GPQA,293,2,5,16,0.3125
LLaMA-3.1-8B,GPQA,295,2,13,16,0.8125
LLaMA-3.1-8B,GPQA,296,2,0,16,0.0
LLaMA-3.1-8B,GPQA,297,3,4,16,0.25
LLaMA-3.1-8B,GPQA,298,2,7,16,0.4375
LLaMA-3.1-8B,GPQA,299,2,13,16,0.8125
LLaMA-3.1-8B,GPQA,301,3,3,16,0.1875
LLaMA-3.1-8B,GPQA,302,2,9,16,0.5625
LLaMA-3.1-8B,GPQA,303,1,6,16,0.375
LLaMA-3.1-8B,GPQA,305,1,0,16,0.0
LLaMA-3.1-8B,GPQA,306,5,5,16,0.3125
LLaMA-3.1-8B,GPQA,309,1,7,16,0.4375
LLaMA-3.1-8B,GPQA,311,1,5,16,0.3125
LLaMA-3.1-8B,GPQA,313,2,0,16,0.0
LLaMA-3.1-8B,GPQA,315,2,5,16,0.3125
LLaMA-3.1-8B,GPQA,316,1,3,16,0.1875
LLaMA-3.1-8B,GPQA,317,1,2,16,0.125
LLaMA-3.1-8B,GPQA,318,2,6,16,0.375
LLaMA-3.1-8B,GPQA,319,3,3,16,0.1875
LLaMA-3.1-8B,GPQA,320,3,3,16,0.1875
LLaMA-3.1-8B,GPQA,322,1,6,16,0.375
LLaMA-3.1-8B,GPQA,323,1,2,16,0.125
LLaMA-3.1-8B,GPQA,324,4,6,16,0.375
LLaMA-3.1-8B,GPQA,325,2,6,16,0.375
LLaMA-3.1-8B,GPQA,326,4,2,16,0.125
LLaMA-3.1-8B,GPQA,327,3,8,16,0.5
LLaMA-3.1-8B,GPQA,328,3,11,16,0.6875
LLaMA-3.1-8B,GPQA,329,1,2,16,0.125
LLaMA-3.1-8B,GPQA,331,2,12,16,0.75
LLaMA-3.1-8B,GPQA,332,2,5,16,0.3125
LLaMA-3.1-8B,GPQA,333,3,15,16,0.9375
LLaMA-3.1-8B,GPQA,334,3,1,16,0.0625
LLaMA-3.1-8B,GPQA,335,1,4,16,0.25
LLaMA-3.1-8B,GPQA,337,1,9,16,0.5625
LLaMA-3.1-8B,GPQA,338,2,3,16,0.1875
LLaMA-3.1-8B,GPQA,339,4,2,16,0.125
LLaMA-3.1-8B,GPQA,340,3,2,16,0.125
LLaMA-3.1-8B,GPQA,341,2,5,16,0.3125
LLaMA-3.1-8B,GPQA,342,1,4,16,0.25
LLaMA-3.1-8B,GPQA,343,2,2,16,0.125
LLaMA-3.1-8B,GPQA,344,3,3,16,0.1875
LLaMA-3.1-8B,GPQA,345,2,6,16,0.375
LLaMA-3.1-8B,GPQA,346,1,2,16,0.125
LLaMA-3.1-8B,GPQA,347,3,4,16,0.25
LLaMA-3.1-8B,GPQA,348,2,9,16,0.5625
LLaMA-3.1-8B,GPQA,349,1,3,16,0.1875
LLaMA-3.1-8B,GPQA,350,2,2,16,0.125
LLaMA-3.1-8B,GPQA,351,1,4,16,0.25
LLaMA-3.1-8B,GPQA,352,2,3,16,0.1875
LLaMA-3.1-8B,GPQA,353,1,5,16,0.3125
LLaMA-3.1-8B,GPQA,354,3,5,16,0.3125
LLaMA-3.1-8B,GPQA,355,1,10,16,0.625
LLaMA-3.1-8B,GPQA,356,1,2,16,0.125
LLaMA-3.1-8B,GPQA,358,3,1,16,0.0625
LLaMA-3.1-8B,GPQA,360,1,13,16,0.8125
LLaMA-3.1-8B,GPQA,361,1,4,16,0.25
LLaMA-3.1-8B,GPQA,362,2,7,16,0.4375
LLaMA-3.1-8B,GPQA,363,1,11,16,0.6875
LLaMA-3.1-8B,GPQA,364,2,6,16,0.375
LLaMA-3.1-8B,GPQA,365,1,8,16,0.5
LLaMA-3.1-8B,GPQA,367,4,4,16,0.25
LLaMA-3.1-8B,GPQA,368,2,5,16,0.3125
LLaMA-3.1-8B,GPQA,369,1,0,16,0.0
LLaMA-3.1-8B,GPQA,370,2,11,16,0.6875
LLaMA-3.1-8B,GPQA,371,3,4,16,0.25
LLaMA-3.1-8B,GPQA,372,3,9,16,0.5625
LLaMA-3.1-8B,GPQA,373,2,3,16,0.1875
LLaMA-3.1-8B,GPQA,374,1,9,16,0.5625
LLaMA-3.1-8B,GPQA,375,1,6,16,0.375
LLaMA-3.1-8B,GPQA,377,3,1,16,0.0625
LLaMA-3.1-8B,GPQA,379,4,4,16,0.25
LLaMA-3.1-8B,GPQA,380,2,4,16,0.25
LLaMA-3.1-8B,GPQA,381,1,2,16,0.125
LLaMA-3.1-8B,GPQA,382,2,2,16,0.125
LLaMA-3.1-8B,GPQA,385,3,1,16,0.0625
LLaMA-3.1-8B,GPQA,386,4,9,16,0.5625
LLaMA-3.1-8B,GPQA,388,1,8,16,0.5
LLaMA-3.1-8B,GPQA,389,2,5,16,0.3125
LLaMA-3.1-8B,GPQA,390,5,11,16,0.6875
LLaMA-3.1-8B,GPQA,391,1,2,16,0.125
LLaMA-3.1-8B,GPQA,392,1,5,16,0.3125
LLaMA-3.1-8B,GPQA,394,1,3,16,0.1875
LLaMA-3.1-8B,GPQA,395,4,6,16,0.375
LLaMA-3.1-8B,GPQA,396,2,2,16,0.125
LLaMA-3.1-8B,GPQA,397,5,1,16,0.0625
LLaMA-3.1-8B,GPQA,401,1,3,16,0.1875
LLaMA-3.1-8B,GPQA,402,2,1,16,0.0625
LLaMA-3.1-8B,GPQA,403,3,8,16,0.5
LLaMA-3.1-8B,GPQA,404,2,11,16,0.6875
LLaMA-3.1-8B,GPQA,405,3,13,16,0.8125
LLaMA-3.1-8B,GPQA,406,1,0,16,0.0
LLaMA-3.1-8B,GPQA,407,5,1,16,0.0625
LLaMA-3.1-8B,GPQA,412,3,2,16,0.125
LLaMA-3.1-8B,GPQA,414,2,1,16,0.0625
LLaMA-3.1-8B,GPQA,415,2,1,16,0.0625
LLaMA-3.1-8B,GPQA,416,2,11,16,0.6875
LLaMA-3.1-8B,GPQA,418,4,9,16,0.5625
LLaMA-3.1-8B,GPQA,419,3,4,16,0.25
LLaMA-3.1-8B,GPQA,420,1,2,16,0.125
LLaMA-3.1-8B,GPQA,422,1,8,16,0.5
LLaMA-3.1-8B,GPQA,424,1,8,16,0.5
LLaMA-3.1-8B,GPQA,426,3,2,16,0.125
LLaMA-3.1-8B,GPQA,427,1,9,16,0.5625
LLaMA-3.1-8B,GPQA,429,2,2,16,0.125
LLaMA-3.1-8B,GPQA,430,2,0,16,0.0
LLaMA-3.1-8B,GPQA,431,1,1,16,0.0625
LLaMA-3.1-8B,GPQA,433,3,10,16,0.625
LLaMA-3.1-8B,GPQA,434,1,9,16,0.5625
LLaMA-3.1-8B,GPQA,435,3,4,16,0.25
LLaMA-3.1-8B,GPQA,436,1,5,16,0.3125
LLaMA-3.1-8B,GPQA,437,2,7,16,0.4375
LLaMA-3.1-8B,GPQA,440,2,6,16,0.375
LLaMA-3.1-8B,GPQA,441,1,4,16,0.25
LLaMA-3.1-8B,GPQA,442,1,8,16,0.5
LLaMA-3.1-8B,GPQA,444,3,9,16,0.5625
LLaMA-3.1-8B,GPQA,445,1,3,16,0.1875
LLaMA-3.1-8B,GPQA,446,1,1,16,0.0625
LLaMA-3.1-8B,GPQA,447,2,3,16,0.1875
LLaMA-3.1-8B,GSM8K,0,2,14,16,0.875
LLaMA-3.1-8B,GSM8K,1,6,15,16,0.9375
LLaMA-3.1-8B,GSM8K,2,1,4,16,0.25
LLaMA-3.1-8B,GSM8K,3,1,15,16,0.9375
LLaMA-3.1-8B,GSM8K,6,6,15,16,0.9375
LLaMA-3.1-8B,GSM8K,7,1,0,16,0.0
LLaMA-3.1-8B,GSM8K,9,1,16,16,1.0
LLaMA-3.1-8B,GSM8K,10,3,16,16,1.0
LLaMA-3.1-8B,GSM8K,11,1,15,16,0.9375
LLaMA-3.1-8B,GSM8K,13,1,7,16,0.4375
LLaMA-3.1-8B,GSM8K,15,1,6,16,0.375
LLaMA-3.1-8B,GSM8K,18,2,15,16,0.9375
LLaMA-3.1-8B,GSM8K,20,1,3,16,0.1875
LLaMA-3.1-8B,GSM8K,21,2,3,16,0.1875
LLaMA-3.1-8B,GSM8K,23,3,16,16,1.0
LLaMA-3.1-8B,GSM8K,24,2,14,16,0.875
LLaMA-3.1-8B,GSM8K,26,2,16,16,1.0
LLaMA-3.1-8B,GSM8K,28,1,11,16,0.6875
LLaMA-3.1-8B,GSM8K,29,2,11,16,0.6875
LLaMA-3.1-8B,GSM8K,30,1,15,16,0.9375
LLaMA-3.1-8B,GSM8K,31,3,14,16,0.875
LLaMA-3.1-8B,GSM8K,32,3,15,16,0.9375
LLaMA-3.1-8B,GSM8K,33,3,16,16,1.0
LLaMA-3.1-8B,GSM8K,35,2,10,16,0.625
LLaMA-3.1-8B,GSM8K,36,5,14,16,0.875
LLaMA-3.1-8B,GSM8K,37,1,1,16,0.0625
LLaMA-3.1-8B,GSM8K,38,1,5,16,0.3125
LLaMA-3.1-8B,GSM8K,39,1,9,16,0.5625
LLaMA-3.1-8B,GSM8K,40,3,15,16,0.9375
LLaMA-3.1-8B,GSM8K,44,2,6,16,0.375
LLaMA-3.1-8B,GSM8K,45,1,15,16,0.9375
LLaMA-3.1-8B,GSM8K,46,1,6,16,0.375
LLaMA-3.1-8B,GSM8K,48,4,16,16,1.0
LLaMA-3.1-8B,GSM8K,49,2,15,16,0.9375
LLaMA-3.1-8B,GSM8K,50,2,14,16,0.875
LLaMA-3.1-8B,GSM8K,51,1,11,16,0.6875
LLaMA-3.1-8B,GSM8K,53,3,15,16,0.9375
LLaMA-3.1-8B,GSM8K,54,2,13,16,0.8125
LLaMA-3.1-8B,GSM8K,55,3,15,16,0.9375
LLaMA-3.1-8B,GSM8K,56,3,16,16,1.0
LLaMA-3.1-8B,GSM8K,57,1,14,16,0.875
LLaMA-3.1-8B,GSM8K,59,1,16,16,1.0
LLaMA-3.1-8B,GSM8K,61,2,16,16,1.0
LLaMA-3.1-8B,GSM8K,62,1,0,16,0.0
LLaMA-3.1-8B,GSM8K,63,1,15,16,0.9375
LLaMA-3.1-8B,GSM8K,65,2,11,16,0.6875
LLaMA-3.1-8B,GSM8K,66,4,11,16,0.6875
LLaMA-3.1-8B,GSM8K,68,1,16,16,1.0
LLaMA-3.1-8B,GSM8K,69,1,15,16,0.9375
LLaMA-3.1-8B,GSM8K,70,1,11,16,0.6875
LLaMA-3.1-8B,GSM8K,71,1,16,16,1.0
LLaMA-3.1-8B,GSM8K,72,2,16,16,1.0
LLaMA-3.1-8B,GSM8K,73,1,7,16,0.4375
LLaMA-3.1-8B,GSM8K,74,1,12,16,0.75
LLaMA-3.1-8B,GSM8K,75,2,2,16,0.125
LLaMA-3.1-8B,GSM8K,76,2,12,16,0.75
LLaMA-3.1-8B,GSM8K,77,2,14,16,0.875
LLaMA-3.1-8B,GSM8K,78,2,10,16,0.625
LLaMA-3.1-8B,GSM8K,79,2,15,16,0.9375
LLaMA-3.1-8B,GSM8K,80,3,16,16,1.0
LLaMA-3.1-8B,GSM8K,81,1,15,16,0.9375
LLaMA-3.1-8B,GSM8K,82,1,16,16,1.0
LLaMA-3.1-8B,GSM8K,83,3,14,16,0.875
LLaMA-3.1-8B,GSM8K,84,3,15,16,0.9375
LLaMA-3.1-8B,GSM8K,85,2,15,16,0.9375
LLaMA-3.1-8B,GSM8K,86,2,13,16,0.8125
LLaMA-3.1-8B,GSM8K,88,4,14,16,0.875
LLaMA-3.1-8B,GSM8K,90,7,14,16,0.875
LLaMA-3.1-8B,GSM8K,91,5,16,16,1.0
LLaMA-3.1-8B,GSM8K,95,1,15,16,0.9375
LLaMA-3.1-8B,GSM8K,97,1,12,16,0.75
LLaMA-3.1-8B,GSM8K,98,3,16,16,1.0
LLaMA-3.1-8B,GSM8K,99,2,15,16,0.9375
LLaMA-3.1-8B,GSM8K,100,2,13,16,0.8125
LLaMA-3.1-8B,GSM8K,101,3,12,16,0.75
LLaMA-3.1-8B,GSM8K,102,1,1,16,0.0625
LLaMA-3.1-8B,GSM8K,103,2,15,16,0.9375
LLaMA-3.1-8B,GSM8K,104,4,15,16,0.9375
LLaMA-3.1-8B,GSM8K,105,4,16,16,1.0
LLaMA-3.1-8B,GSM8K,106,1,5,16,0.3125
LLaMA-3.1-8B,GSM8K,108,1,15,16,0.9375
LLaMA-3.1-8B,GSM8K,109,1,16,16,1.0
LLaMA-3.1-8B,GSM8K,110,1,15,16,0.9375
LLaMA-3.1-8B,GSM8K,112,1,15,16,0.9375
LLaMA-3.1-8B,GSM8K,113,2,14,16,0.875
LLaMA-3.1-8B,GSM8K,114,3,16,16,1.0
LLaMA-3.1-8B,GSM8K,115,1,8,16,0.5
LLaMA-3.1-8B,GSM8K,116,1,14,16,0.875
LLaMA-3.1-8B,GSM8K,117,3,15,16,0.9375
LLaMA-3.1-8B,GSM8K,118,1,15,16,0.9375
LLaMA-3.1-8B,GSM8K,119,1,1,16,0.0625
LLaMA-3.1-8B,GSM8K,120,1,14,16,0.875
LLaMA-3.1-8B,GSM8K,121,2,15,16,0.9375
LLaMA-3.1-8B,GSM8K,122,1,5,16,0.3125
LLaMA-3.1-8B,GSM8K,126,1,16,16,1.0
LLaMA-3.1-8B,GSM8K,127,2,12,16,0.75
LLaMA-3.1-8B,GSM8K,128,1,15,16,0.9375
LLaMA-3.1-8B,GSM8K,129,1,10,16,0.625
LLaMA-3.1-8B,GSM8K,130,1,15,16,0.9375
LLaMA-3.1-8B,GSM8K,131,1,16,16,1.0
LLaMA-3.1-8B,GSM8K,132,1,14,16,0.875
LLaMA-3.1-8B,GSM8K,133,2,15,16,0.9375
LLaMA-3.1-8B,GSM8K,135,1,13,16,0.8125
LLaMA-3.1-8B,GSM8K,136,1,15,16,0.9375
LLaMA-3.1-8B,GSM8K,138,4,12,16,0.75
LLaMA-3.1-8B,GSM8K,139,4,16,16,1.0
LLaMA-3.1-8B,GSM8K,141,1,11,16,0.6875
LLaMA-3.1-8B,GSM8K,142,2,15,16,0.9375
LLaMA-3.1-8B,GSM8K,143,1,10,16,0.625
LLaMA-3.1-8B,GSM8K,144,1,13,16,0.8125
LLaMA-3.1-8B,GSM8K,145,3,11,16,0.6875
LLaMA-3.1-8B,GSM8K,146,4,15,16,0.9375
LLaMA-3.1-8B,GSM8K,147,2,3,16,0.1875
LLaMA-3.1-8B,GSM8K,148,2,13,16,0.8125
LLaMA-3.1-8B,GSM8K,149,1,16,16,1.0
LLaMA-3.1-8B,GSM8K,150,1,8,16,0.5
LLaMA-3.1-8B,GSM8K,152,1,15,16,0.9375
LLaMA-3.1-8B,GSM8K,154,2,8,16,0.5
LLaMA-3.1-8B,GSM8K,155,3,11,16,0.6875
LLaMA-3.1-8B,GSM8K,156,2,15,16,0.9375
LLaMA-3.1-8B,GSM8K,157,1,0,16,0.0
LLaMA-3.1-8B,GSM8K,158,2,16,16,1.0
LLaMA-3.1-8B,GSM8K,160,2,14,16,0.875
LLaMA-3.1-8B,GSM8K,161,2,14,16,0.875
LLaMA-3.1-8B,GSM8K,162,1,3,16,0.1875
LLaMA-3.1-8B,GSM8K,164,1,12,16,0.75
LLaMA-3.1-8B,GSM8K,165,4,15,16,0.9375
LLaMA-3.1-8B,GSM8K,167,2,15,16,0.9375
LLaMA-3.1-8B,GSM8K,168,3,16,16,1.0
LLaMA-3.1-8B,GSM8K,169,3,16,16,1.0
LLaMA-3.1-8B,GSM8K,170,5,15,16,0.9375
LLaMA-3.1-8B,GSM8K,171,1,16,16,1.0
LLaMA-3.1-8B,GSM8K,174,1,13,16,0.8125
LLaMA-3.1-8B,GSM8K,176,5,15,16,0.9375
LLaMA-3.1-8B,GSM8K,177,3,10,16,0.625
LLaMA-3.1-8B,GSM8K,178,1,16,16,1.0
LLaMA-3.1-8B,GSM8K,179,3,14,16,0.875
LLaMA-3.1-8B,GSM8K,180,2,16,16,1.0
LLaMA-3.1-8B,GSM8K,181,1,14,16,0.875
LLaMA-3.1-8B,GSM8K,185,2,16,16,1.0
LLaMA-3.1-8B,GSM8K,187,1,4,16,0.25
LLaMA-3.1-8B,GSM8K,190,2,15,16,0.9375
LLaMA-3.1-8B,GSM8K,191,3,14,16,0.875
LLaMA-3.1-8B,GSM8K,192,2,11,16,0.6875
LLaMA-3.1-8B,GSM8K,193,4,10,16,0.625
LLaMA-3.1-8B,GSM8K,194,1,12,16,0.75
LLaMA-3.1-8B,GSM8K,195,1,16,16,1.0
LLaMA-3.1-8B,GSM8K,196,4,16,16,1.0
LLaMA-3.1-8B,GSM8K,199,1,14,16,0.875
LLaMA-3.1-8B,GSM8K,200,2,16,16,1.0
LLaMA-3.1-8B,GSM8K,201,2,10,16,0.625
LLaMA-3.1-8B,GSM8K,202,4,15,16,0.9375
LLaMA-3.1-8B,GSM8K,203,2,13,16,0.8125
LLaMA-3.1-8B,GSM8K,204,2,13,16,0.8125
LLaMA-3.1-8B,GSM8K,207,3,16,16,1.0
LLaMA-3.1-8B,GSM8K,208,2,16,16,1.0
LLaMA-3.1-8B,GSM8K,211,4,15,16,0.9375
LLaMA-3.1-8B,GSM8K,212,2,14,16,0.875
LLaMA-3.1-8B,GSM8K,213,1,10,16,0.625
LLaMA-3.1-8B,GSM8K,215,7,14,16,0.875
LLaMA-3.1-8B,GSM8K,216,1,11,16,0.6875
LLaMA-3.1-8B,GSM8K,217,1,15,16,0.9375
LLaMA-3.1-8B,GSM8K,218,2,12,16,0.75
LLaMA-3.1-8B,GSM8K,220,3,15,16,0.9375
LLaMA-3.1-8B,GSM8K,222,4,15,16,0.9375
LLaMA-3.1-8B,GSM8K,223,3,14,16,0.875
LLaMA-3.1-8B,GSM8K,224,2,16,16,1.0
LLaMA-3.1-8B,GSM8K,225,5,12,16,0.75
LLaMA-3.1-8B,GSM8K,226,4,9,16,0.5625
LLaMA-3.1-8B,GSM8K,227,1,13,16,0.8125
LLaMA-3.1-8B,GSM8K,228,2,15,16,0.9375
LLaMA-3.1-8B,GSM8K,229,1,14,16,0.875
LLaMA-3.1-8B,GSM8K,231,4,15,16,0.9375
LLaMA-3.1-8B,GSM8K,232,4,16,16,1.0
LLaMA-3.1-8B,GSM8K,234,2,11,16,0.6875
LLaMA-3.1-8B,GSM8K,235,2,15,16,0.9375
LLaMA-3.1-8B,GSM8K,236,3,0,16,0.0
LLaMA-3.1-8B,GSM8K,237,1,16,16,1.0
LLaMA-3.1-8B,GSM8K,238,1,15,16,0.9375
LLaMA-3.1-8B,GSM8K,239,3,15,16,0.9375
LLaMA-3.1-8B,GSM8K,240,1,14,16,0.875
LLaMA-3.1-8B,GSM8K,241,2,8,16,0.5
LLaMA-3.1-8B,GSM8K,243,2,14,16,0.875
LLaMA-3.1-8B,GSM8K,245,1,3,16,0.1875
LLaMA-3.1-8B,GSM8K,246,1,16,16,1.0
LLaMA-3.1-8B,GSM8K,247,1,16,16,1.0
LLaMA-3.1-8B,GSM8K,248,6,14,16,0.875
LLaMA-3.1-8B,GSM8K,249,3,9,16,0.5625
LLaMA-3.1-8B,GSM8K,251,3,14,16,0.875
LLaMA-3.1-8B,GSM8K,252,1,6,16,0.375
LLaMA-3.1-8B,GSM8K,253,2,15,16,0.9375
LLaMA-3.1-8B,GSM8K,254,3,16,16,1.0
LLaMA-3.1-8B,GSM8K,256,4,16,16,1.0
LLaMA-3.1-8B,GSM8K,257,2,13,16,0.8125
LLaMA-3.1-8B,GSM8K,258,1,14,16,0.875
LLaMA-3.1-8B,GSM8K,259,2,7,16,0.4375
LLaMA-3.1-8B,GSM8K,261,2,11,16,0.6875
LLaMA-3.1-8B,GSM8K,263,2,15,16,0.9375
LLaMA-3.1-8B,GSM8K,264,3,13,16,0.8125
LLaMA-3.1-8B,GSM8K,265,5,14,16,0.875
LLaMA-3.1-8B,GSM8K,266,4,14,16,0.875
LLaMA-3.1-8B,GSM8K,268,1,16,16,1.0
LLaMA-3.1-8B,GSM8K,270,1,15,16,0.9375
LLaMA-3.1-8B,GSM8K,271,1,13,16,0.8125
LLaMA-3.1-8B,GSM8K,272,3,8,16,0.5
LLaMA-3.1-8B,GSM8K,273,1,5,16,0.3125
LLaMA-3.1-8B,GSM8K,274,2,16,16,1.0
LLaMA-3.1-8B,GSM8K,276,1,15,16,0.9375
LLaMA-3.1-8B,GSM8K,278,2,15,16,0.9375
LLaMA-3.1-8B,GSM8K,279,1,16,16,1.0
LLaMA-3.1-8B,GSM8K,280,2,15,16,0.9375
LLaMA-3.1-8B,GSM8K,281,2,15,16,0.9375
LLaMA-3.1-8B,GSM8K,282,1,13,16,0.8125
LLaMA-3.1-8B,GSM8K,284,2,14,16,0.875
LLaMA-3.1-8B,GSM8K,287,2,14,16,0.875
LLaMA-3.1-8B,GSM8K,288,1,14,16,0.875
LLaMA-3.1-8B,GSM8K,289,3,15,16,0.9375
LLaMA-3.1-8B,GSM8K,290,3,10,16,0.625
LLaMA-3.1-8B,GSM8K,291,1,13,16,0.8125
LLaMA-3.1-8B,GSM8K,292,2,8,16,0.5
LLaMA-3.1-8B,GSM8K,293,2,7,16,0.4375
LLaMA-3.1-8B,GSM8K,294,1,16,16,1.0
LLaMA-3.1-8B,GSM8K,295,3,15,16,0.9375
LLaMA-3.1-8B,GSM8K,296,1,11,16,0.6875
LLaMA-3.1-8B,GSM8K,297,1,11,16,0.6875
LLaMA-3.1-8B,GSM8K,298,2,3,16,0.1875
LLaMA-3.1-8B,GSM8K,300,3,15,16,0.9375
LLaMA-3.1-8B,GSM8K,301,2,1,16,0.0625
LLaMA-3.1-8B,GSM8K,302,1,16,16,1.0
LLaMA-3.1-8B,GSM8K,304,2,12,16,0.75
LLaMA-3.1-8B,GSM8K,305,2,13,16,0.8125
LLaMA-3.1-8B,GSM8K,306,1,12,16,0.75
LLaMA-3.1-8B,GSM8K,307,4,5,16,0.3125
LLaMA-3.1-8B,GSM8K,308,4,13,16,0.8125
LLaMA-3.1-8B,GSM8K,309,2,15,16,0.9375
LLaMA-3.1-8B,GSM8K,312,6,16,16,1.0
LLaMA-3.1-8B,GSM8K,313,1,14,16,0.875
LLaMA-3.1-8B,GSM8K,314,1,11,16,0.6875
LLaMA-3.1-8B,GSM8K,315,2,12,16,0.75
LLaMA-3.1-8B,GSM8K,316,3,14,16,0.875
LLaMA-3.1-8B,GSM8K,317,4,15,16,0.9375
LLaMA-3.1-8B,GSM8K,318,1,16,16,1.0
LLaMA-3.1-8B,GSM8K,319,1,15,16,0.9375
LLaMA-3.1-8B,GSM8K,320,1,10,16,0.625
LLaMA-3.1-8B,GSM8K,321,2,15,16,0.9375
LLaMA-3.1-8B,GSM8K,323,2,11,16,0.6875
LLaMA-3.1-8B,GSM8K,324,1,9,16,0.5625
LLaMA-3.1-8B,GSM8K,325,2,11,16,0.6875
LLaMA-3.1-8B,GSM8K,326,1,12,16,0.75
LLaMA-3.1-8B,GSM8K,327,1,16,16,1.0
LLaMA-3.1-8B,GSM8K,328,3,14,16,0.875
LLaMA-3.1-8B,GSM8K,329,3,16,16,1.0
LLaMA-3.1-8B,GSM8K,331,1,10,16,0.625
LLaMA-3.1-8B,GSM8K,332,2,16,16,1.0
LLaMA-3.1-8B,GSM8K,333,3,13,16,0.8125
LLaMA-3.1-8B,GSM8K,334,4,16,16,1.0
LLaMA-3.1-8B,GSM8K,335,2,15,16,0.9375
LLaMA-3.1-8B,GSM8K,336,2,13,16,0.8125
LLaMA-3.1-8B,GSM8K,337,3,14,16,0.875
LLaMA-3.1-8B,GSM8K,338,3,12,16,0.75
LLaMA-3.1-8B,GSM8K,339,2,13,16,0.8125
LLaMA-3.1-8B,GSM8K,340,2,3,16,0.1875
LLaMA-3.1-8B,GSM8K,341,2,5,16,0.3125
LLaMA-3.1-8B,GSM8K,342,2,16,16,1.0
LLaMA-3.1-8B,GSM8K,343,1,14,16,0.875
LLaMA-3.1-8B,GSM8K,344,3,16,16,1.0
LLaMA-3.1-8B,GSM8K,346,2,15,16,0.9375
LLaMA-3.1-8B,GSM8K,347,1,16,16,1.0
LLaMA-3.1-8B,GSM8K,348,1,14,16,0.875
LLaMA-3.1-8B,GSM8K,350,2,13,16,0.8125
LLaMA-3.1-8B,GSM8K,354,2,14,16,0.875
LLaMA-3.1-8B,GSM8K,355,1,16,16,1.0
LLaMA-3.1-8B,GSM8K,357,1,2,16,0.125
LLaMA-3.1-8B,GSM8K,359,1,6,16,0.375
LLaMA-3.1-8B,GSM8K,361,3,12,16,0.75
LLaMA-3.1-8B,GSM8K,362,3,14,16,0.875
LLaMA-3.1-8B,GSM8K,363,1,9,16,0.5625
LLaMA-3.1-8B,GSM8K,364,1,13,16,0.8125
LLaMA-3.1-8B,GSM8K,365,1,16,16,1.0
LLaMA-3.1-8B,GSM8K,366,2,15,16,0.9375
LLaMA-3.1-8B,GSM8K,368,3,1,16,0.0625
LLaMA-3.1-8B,GSM8K,370,1,10,16,0.625
LLaMA-3.1-8B,GSM8K,371,3,11,16,0.6875
LLaMA-3.1-8B,GSM8K,372,2,15,16,0.9375
LLaMA-3.1-8B,GSM8K,373,3,13,16,0.8125
LLaMA-3.1-8B,GSM8K,374,3,16,16,1.0
LLaMA-3.1-8B,GSM8K,375,4,16,16,1.0
LLaMA-3.1-8B,GSM8K,377,3,15,16,0.9375
LLaMA-3.1-8B,GSM8K,378,3,16,16,1.0
LLaMA-3.1-8B,GSM8K,379,4,15,16,0.9375
LLaMA-3.1-8B,GSM8K,380,1,1,16,0.0625
LLaMA-3.1-8B,GSM8K,381,3,16,16,1.0
LLaMA-3.1-8B,GSM8K,382,2,14,16,0.875
LLaMA-3.1-8B,GSM8K,383,1,2,16,0.125
LLaMA-3.1-8B,GSM8K,384,1,14,16,0.875
LLaMA-3.1-8B,GSM8K,385,2,14,16,0.875
LLaMA-3.1-8B,GSM8K,386,2,16,16,1.0
LLaMA-3.1-8B,GSM8K,387,4,16,16,1.0
LLaMA-3.1-8B,GSM8K,388,1,15,16,0.9375
LLaMA-3.1-8B,GSM8K,390,3,16,16,1.0
LLaMA-3.1-8B,GSM8K,391,5,16,16,1.0
LLaMA-3.1-8B,GSM8K,393,1,13,16,0.8125
LLaMA-3.1-8B,GSM8K,394,3,13,16,0.8125
LLaMA-3.1-8B,GSM8K,395,1,12,16,0.75
LLaMA-3.1-8B,GSM8K,396,1,15,16,0.9375
LLaMA-3.1-8B,GSM8K,397,1,13,16,0.8125
LLaMA-3.1-8B,GSM8K,399,1,16,16,1.0
LLaMA-3.1-8B,GSM8K,400,2,15,16,0.9375
LLaMA-3.1-8B,GSM8K,401,5,12,16,0.75
LLaMA-3.1-8B,GSM8K,402,1,15,16,0.9375
LLaMA-3.1-8B,GSM8K,404,1,11,16,0.6875
LLaMA-3.1-8B,GSM8K,406,1,4,16,0.25
LLaMA-3.1-8B,GSM8K,407,2,8,16,0.5
LLaMA-3.1-8B,GSM8K,408,4,13,16,0.8125
LLaMA-3.1-8B,GSM8K,412,1,13,16,0.8125
LLaMA-3.1-8B,GSM8K,414,2,15,16,0.9375
LLaMA-3.1-8B,GSM8K,416,1,11,16,0.6875
LLaMA-3.1-8B,GSM8K,417,3,9,16,0.5625
LLaMA-3.1-8B,GSM8K,418,2,11,16,0.6875
LLaMA-3.1-8B,GSM8K,419,2,7,16,0.4375
LLaMA-3.1-8B,GSM8K,420,4,10,16,0.625
LLaMA-3.1-8B,GSM8K,422,4,3,16,0.1875
LLaMA-3.1-8B,GSM8K,424,1,16,16,1.0
LLaMA-3.1-8B,GSM8K,426,4,13,16,0.8125
LLaMA-3.1-8B,GSM8K,429,3,16,16,1.0
LLaMA-3.1-8B,GSM8K,430,1,13,16,0.8125
LLaMA-3.1-8B,GSM8K,431,5,16,16,1.0
LLaMA-3.1-8B,GSM8K,432,4,15,16,0.9375
LLaMA-3.1-8B,GSM8K,433,1,16,16,1.0
LLaMA-3.1-8B,GSM8K,435,5,15,16,0.9375
LLaMA-3.1-8B,GSM8K,438,2,13,16,0.8125
LLaMA-3.1-8B,GSM8K,439,3,3,16,0.1875
LLaMA-3.1-8B,GSM8K,440,1,16,16,1.0
LLaMA-3.1-8B,GSM8K,441,2,10,16,0.625
LLaMA-3.1-8B,GSM8K,442,1,12,16,0.75
LLaMA-3.1-8B,GSM8K,444,4,16,16,1.0
LLaMA-3.1-8B,GSM8K,446,1,14,16,0.875
LLaMA-3.1-8B,GSM8K,447,2,15,16,0.9375
LLaMA-3.1-8B,GSM8K,448,1,16,16,1.0
LLaMA-3.1-8B,GSM8K,449,1,16,16,1.0
LLaMA-3.1-8B,GSM8K,452,1,16,16,1.0
LLaMA-3.1-8B,GSM8K,453,1,12,16,0.75
LLaMA-3.1-8B,GSM8K,455,1,16,16,1.0
LLaMA-3.1-8B,GSM8K,456,3,16,16,1.0
LLaMA-3.1-8B,GSM8K,457,1,12,16,0.75
LLaMA-3.1-8B,GSM8K,459,3,15,16,0.9375
LLaMA-3.1-8B,GSM8K,460,1,14,16,0.875
LLaMA-3.1-8B,GSM8K,461,1,13,16,0.8125
LLaMA-3.1-8B,GSM8K,462,1,15,16,0.9375
LLaMA-3.1-8B,GSM8K,463,2,16,16,1.0
LLaMA-3.1-8B,GSM8K,464,4,13,16,0.8125
LLaMA-3.1-8B,GSM8K,465,1,16,16,1.0
LLaMA-3.1-8B,GSM8K,466,1,12,16,0.75
LLaMA-3.1-8B,GSM8K,468,2,15,16,0.9375
LLaMA-3.1-8B,GSM8K,469,2,13,16,0.8125
LLaMA-3.1-8B,GSM8K,470,3,15,16,0.9375
LLaMA-3.1-8B,GSM8K,471,2,14,16,0.875
LLaMA-3.1-8B,GSM8K,472,3,15,16,0.9375
LLaMA-3.1-8B,GSM8K,473,2,16,16,1.0
LLaMA-3.1-8B,GSM8K,474,1,16,16,1.0
LLaMA-3.1-8B,GSM8K,475,2,2,16,0.125
LLaMA-3.1-8B,GSM8K,476,4,16,16,1.0
LLaMA-3.1-8B,GSM8K,477,1,12,16,0.75
LLaMA-3.1-8B,GSM8K,478,1,15,16,0.9375
LLaMA-3.1-8B,GSM8K,480,6,16,16,1.0
LLaMA-3.1-8B,GSM8K,481,4,14,16,0.875
LLaMA-3.1-8B,GSM8K,482,2,16,16,1.0
LLaMA-3.1-8B,GSM8K,483,1,13,16,0.8125
LLaMA-3.1-8B,GSM8K,484,1,15,16,0.9375
LLaMA-3.1-8B,GSM8K,485,4,15,16,0.9375
LLaMA-3.1-8B,GSM8K,486,1,16,16,1.0
LLaMA-3.1-8B,GSM8K,488,4,16,16,1.0
LLaMA-3.1-8B,GSM8K,489,2,16,16,1.0
LLaMA-3.1-8B,GSM8K,491,1,16,16,1.0
LLaMA-3.1-8B,GSM8K,492,6,15,16,0.9375
LLaMA-3.1-8B,GSM8K,495,1,15,16,0.9375
LLaMA-3.1-8B,GSM8K,496,3,12,16,0.75
LLaMA-3.1-8B,GSM8K,497,1,12,16,0.75
LLaMA-3.1-8B,GSM8K,498,1,15,16,0.9375
LLaMA-3.1-8B,GSM8K,499,2,16,16,1.0
LLaMA-3.1-8B,GSM8K,500,3,5,16,0.3125
LLaMA-3.1-8B,GSM8K,502,1,14,16,0.875
LLaMA-3.1-8B,GSM8K,503,1,16,16,1.0
LLaMA-3.1-8B,GSM8K,505,1,7,16,0.4375
LLaMA-3.1-8B,GSM8K,507,1,15,16,0.9375
LLaMA-3.1-8B,GSM8K,508,1,15,16,0.9375
LLaMA-3.1-8B,GSM8K,509,2,13,16,0.8125
LLaMA-3.1-8B,GSM8K,510,1,0,16,0.0
LLaMA-3.1-8B,GSM8K,511,2,15,16,0.9375
LLaMA-3.1-8B,GSM8K,512,5,15,16,0.9375
LLaMA-3.1-8B,GSM8K,513,2,15,16,0.9375
LLaMA-3.1-8B,GSM8K,514,1,16,16,1.0
LLaMA-3.1-8B,GSM8K,515,1,5,16,0.3125
LLaMA-3.1-8B,GSM8K,517,4,16,16,1.0
LLaMA-3.1-8B,GSM8K,519,1,14,16,0.875
LLaMA-3.1-8B,GSM8K,520,1,14,16,0.875
LLaMA-3.1-8B,GSM8K,521,1,14,16,0.875
LLaMA-3.1-8B,GSM8K,522,4,16,16,1.0
LLaMA-3.1-8B,GSM8K,523,5,12,16,0.75
LLaMA-3.1-8B,GSM8K,524,2,14,16,0.875
LLaMA-3.1-8B,GSM8K,526,1,14,16,0.875
LLaMA-3.1-8B,GSM8K,527,4,12,16,0.75
LLaMA-3.1-8B,GSM8K,528,2,11,16,0.6875
LLaMA-3.1-8B,GSM8K,529,1,6,16,0.375
LLaMA-3.1-8B,GSM8K,530,3,1,16,0.0625
LLaMA-3.1-8B,GSM8K,531,1,7,16,0.4375
LLaMA-3.1-8B,GSM8K,534,4,10,16,0.625
LLaMA-3.1-8B,GSM8K,536,2,15,16,0.9375
LLaMA-3.1-8B,GSM8K,537,2,16,16,1.0
LLaMA-3.1-8B,GSM8K,538,5,15,16,0.9375
LLaMA-3.1-8B,GSM8K,539,2,0,16,0.0
LLaMA-3.1-8B,GSM8K,542,4,16,16,1.0
LLaMA-3.1-8B,GSM8K,543,1,16,16,1.0
LLaMA-3.1-8B,GSM8K,544,2,16,16,1.0
LLaMA-3.1-8B,GSM8K,545,1,12,16,0.75
LLaMA-3.1-8B,GSM8K,546,2,11,16,0.6875
LLaMA-3.1-8B,GSM8K,547,2,11,16,0.6875
LLaMA-3.1-8B,GSM8K,550,1,14,16,0.875
LLaMA-3.1-8B,GSM8K,551,2,15,16,0.9375
LLaMA-3.1-8B,GSM8K,552,1,12,16,0.75
LLaMA-3.1-8B,GSM8K,553,1,15,16,0.9375
LLaMA-3.1-8B,GSM8K,554,3,9,16,0.5625
LLaMA-3.1-8B,GSM8K,556,3,15,16,0.9375
LLaMA-3.1-8B,GSM8K,557,4,15,16,0.9375
LLaMA-3.1-8B,GSM8K,558,4,14,16,0.875
LLaMA-3.1-8B,GSM8K,559,1,7,16,0.4375
LLaMA-3.1-8B,GSM8K,560,1,14,16,0.875
LLaMA-3.1-8B,GSM8K,561,5,15,16,0.9375
LLaMA-3.1-8B,GSM8K,562,2,14,16,0.875
LLaMA-3.1-8B,GSM8K,563,1,8,16,0.5
LLaMA-3.1-8B,GSM8K,569,1,14,16,0.875
LLaMA-3.1-8B,GSM8K,571,2,16,16,1.0
LLaMA-3.1-8B,GSM8K,572,4,15,16,0.9375
LLaMA-3.1-8B,GSM8K,573,1,15,16,0.9375
LLaMA-3.1-8B,GSM8K,577,1,8,16,0.5
LLaMA-3.1-8B,GSM8K,578,1,6,16,0.375
LLaMA-3.1-8B,GSM8K,579,4,14,16,0.875
LLaMA-3.1-8B,GSM8K,581,2,15,16,0.9375
LLaMA-3.1-8B,GSM8K,583,1,8,16,0.5
LLaMA-3.1-8B,GSM8K,584,1,5,16,0.3125
LLaMA-3.1-8B,GSM8K,585,3,14,16,0.875
LLaMA-3.1-8B,GSM8K,587,1,6,16,0.375
LLaMA-3.1-8B,GSM8K,588,1,16,16,1.0
LLaMA-3.1-8B,GSM8K,589,3,4,16,0.25
LLaMA-3.1-8B,GSM8K,590,2,1,16,0.0625
LLaMA-3.1-8B,GSM8K,591,3,13,16,0.8125
LLaMA-3.1-8B,GSM8K,592,3,14,16,0.875
LLaMA-3.1-8B,GSM8K,594,2,15,16,0.9375
LLaMA-3.1-8B,GSM8K,595,4,14,16,0.875
LLaMA-3.1-8B,GSM8K,596,1,13,16,0.8125
LLaMA-3.1-8B,GSM8K,598,1,10,16,0.625
LLaMA-3.1-8B,GSM8K,599,1,15,16,0.9375
LLaMA-3.1-8B,GSM8K,600,3,15,16,0.9375
LLaMA-3.1-8B,GSM8K,601,1,2,16,0.125
LLaMA-3.1-8B,GSM8K,602,2,12,16,0.75
LLaMA-3.1-8B,GSM8K,604,4,15,16,0.9375
LLaMA-3.1-8B,GSM8K,605,5,13,16,0.8125
LLaMA-3.1-8B,GSM8K,608,2,11,16,0.6875
LLaMA-3.1-8B,GSM8K,610,2,9,16,0.5625
LLaMA-3.1-8B,GSM8K,612,2,15,16,0.9375
LLaMA-3.1-8B,GSM8K,614,4,15,16,0.9375
LLaMA-3.1-8B,GSM8K,615,1,14,16,0.875
LLaMA-3.1-8B,GSM8K,616,2,15,16,0.9375
LLaMA-3.1-8B,GSM8K,617,3,14,16,0.875
LLaMA-3.1-8B,GSM8K,618,4,15,16,0.9375
LLaMA-3.1-8B,GSM8K,619,1,15,16,0.9375
LLaMA-3.1-8B,GSM8K,620,2,15,16,0.9375
LLaMA-3.1-8B,GSM8K,622,1,13,16,0.8125
LLaMA-3.1-8B,GSM8K,623,5,13,16,0.8125
LLaMA-3.1-8B,GSM8K,624,5,16,16,1.0
LLaMA-3.1-8B,GSM8K,625,2,16,16,1.0
LLaMA-3.1-8B,GSM8K,627,3,13,16,0.8125
LLaMA-3.1-8B,GSM8K,628,2,12,16,0.75
LLaMA-3.1-8B,GSM8K,629,3,10,16,0.625
LLaMA-3.1-8B,GSM8K,630,2,15,16,0.9375
LLaMA-3.1-8B,GSM8K,631,3,15,16,0.9375
LLaMA-3.1-8B,GSM8K,633,1,12,16,0.75
LLaMA-3.1-8B,GSM8K,634,3,15,16,0.9375
LLaMA-3.1-8B,GSM8K,636,3,14,16,0.875
LLaMA-3.1-8B,GSM8K,637,2,11,16,0.6875
LLaMA-3.1-8B,GSM8K,638,2,15,16,0.9375
LLaMA-3.1-8B,GSM8K,639,5,15,16,0.9375
LLaMA-3.1-8B,GSM8K,640,1,10,16,0.625
LLaMA-3.1-8B,GSM8K,641,1,0,16,0.0
LLaMA-3.1-8B,GSM8K,642,2,14,16,0.875
LLaMA-3.1-8B,GSM8K,643,2,14,16,0.875
LLaMA-3.1-8B,GSM8K,644,1,16,16,1.0
LLaMA-3.1-8B,GSM8K,646,2,15,16,0.9375
LLaMA-3.1-8B,GSM8K,647,3,11,16,0.6875
LLaMA-3.1-8B,GSM8K,648,1,10,16,0.625
LLaMA-3.1-8B,GSM8K,650,1,11,16,0.6875
LLaMA-3.1-8B,GSM8K,652,1,3,16,0.1875
LLaMA-3.1-8B,GSM8K,653,2,11,16,0.6875
LLaMA-3.1-8B,GSM8K,654,3,12,16,0.75
LLaMA-3.1-8B,GSM8K,655,7,15,16,0.9375
LLaMA-3.1-8B,GSM8K,656,2,9,16,0.5625
LLaMA-3.1-8B,GSM8K,657,2,12,16,0.75
LLaMA-3.1-8B,GSM8K,658,1,15,16,0.9375
LLaMA-3.1-8B,GSM8K,659,2,15,16,0.9375
LLaMA-3.1-8B,GSM8K,661,1,15,16,0.9375
LLaMA-3.1-8B,GSM8K,662,1,13,16,0.8125
LLaMA-3.1-8B,GSM8K,664,1,15,16,0.9375
LLaMA-3.1-8B,GSM8K,665,2,16,16,1.0
LLaMA-3.1-8B,GSM8K,668,5,15,16,0.9375
LLaMA-3.1-8B,GSM8K,669,1,16,16,1.0
LLaMA-3.1-8B,GSM8K,670,3,16,16,1.0
LLaMA-3.1-8B,GSM8K,671,2,16,16,1.0
LLaMA-3.1-8B,GSM8K,672,1,0,16,0.0
LLaMA-3.1-8B,GSM8K,673,2,12,16,0.75
LLaMA-3.1-8B,GSM8K,674,1,10,16,0.625
LLaMA-3.1-8B,GSM8K,677,1,12,16,0.75
LLaMA-3.1-8B,GSM8K,678,1,16,16,1.0
LLaMA-3.1-8B,GSM8K,679,3,14,16,0.875
LLaMA-3.1-8B,GSM8K,680,2,12,16,0.75
LLaMA-3.1-8B,GSM8K,681,3,12,16,0.75
LLaMA-3.1-8B,GSM8K,682,2,14,16,0.875
LLaMA-3.1-8B,GSM8K,683,5,9,16,0.5625
LLaMA-3.1-8B,GSM8K,684,3,15,16,0.9375
LLaMA-3.1-8B,GSM8K,685,2,15,16,0.9375
LLaMA-3.1-8B,GSM8K,686,3,16,16,1.0
LLaMA-3.1-8B,GSM8K,690,1,14,16,0.875
LLaMA-3.1-8B,GSM8K,692,3,13,16,0.8125
LLaMA-3.1-8B,GSM8K,693,2,15,16,0.9375
LLaMA-3.1-8B,GSM8K,694,3,12,16,0.75
LLaMA-3.1-8B,GSM8K,695,3,16,16,1.0
LLaMA-3.1-8B,GSM8K,696,2,11,16,0.6875
LLaMA-3.1-8B,GSM8K,698,7,16,16,1.0
LLaMA-3.1-8B,GSM8K,699,5,14,16,0.875
LLaMA-3.1-8B,GSM8K,700,1,16,16,1.0
LLaMA-3.1-8B,GSM8K,703,1,12,16,0.75
LLaMA-3.1-8B,GSM8K,704,3,16,16,1.0
LLaMA-3.1-8B,GSM8K,705,3,16,16,1.0
LLaMA-3.1-8B,GSM8K,708,3,16,16,1.0
LLaMA-3.1-8B,GSM8K,709,2,16,16,1.0
LLaMA-3.1-8B,GSM8K,710,1,14,16,0.875
LLaMA-3.1-8B,GSM8K,711,1,1,16,0.0625
LLaMA-3.1-8B,GSM8K,712,4,14,16,0.875
LLaMA-3.1-8B,GSM8K,713,1,15,16,0.9375
LLaMA-3.1-8B,GSM8K,714,1,14,16,0.875
LLaMA-3.1-8B,GSM8K,715,1,16,16,1.0
LLaMA-3.1-8B,GSM8K,716,1,15,16,0.9375
LLaMA-3.1-8B,GSM8K,717,2,16,16,1.0
LLaMA-3.1-8B,GSM8K,718,3,16,16,1.0
LLaMA-3.1-8B,GSM8K,720,3,16,16,1.0
LLaMA-3.1-8B,GSM8K,721,4,7,16,0.4375
LLaMA-3.1-8B,GSM8K,722,5,11,16,0.6875
LLaMA-3.1-8B,GSM8K,724,2,3,16,0.1875
LLaMA-3.1-8B,GSM8K,725,1,13,16,0.8125
LLaMA-3.1-8B,GSM8K,726,1,12,16,0.75
LLaMA-3.1-8B,GSM8K,727,4,16,16,1.0
LLaMA-3.1-8B,GSM8K,729,1,14,16,0.875
LLaMA-3.1-8B,GSM8K,731,1,12,16,0.75
LLaMA-3.1-8B,GSM8K,732,2,14,16,0.875
LLaMA-3.1-8B,GSM8K,733,2,14,16,0.875
LLaMA-3.1-8B,GSM8K,734,4,11,16,0.6875
LLaMA-3.1-8B,GSM8K,735,6,15,16,0.9375
LLaMA-3.1-8B,GSM8K,736,5,4,16,0.25
LLaMA-3.1-8B,GSM8K,737,2,15,16,0.9375
LLaMA-3.1-8B,GSM8K,738,2,16,16,1.0
LLaMA-3.1-8B,GSM8K,739,2,16,16,1.0
LLaMA-3.1-8B,GSM8K,740,1,9,16,0.5625
LLaMA-3.1-8B,GSM8K,741,2,16,16,1.0
LLaMA-3.1-8B,GSM8K,743,1,15,16,0.9375
LLaMA-3.1-8B,GSM8K,744,2,16,16,1.0
LLaMA-3.1-8B,GSM8K,745,2,10,16,0.625
LLaMA-3.1-8B,GSM8K,746,3,15,16,0.9375
LLaMA-3.1-8B,GSM8K,748,2,15,16,0.9375
LLaMA-3.1-8B,GSM8K,749,1,1,16,0.0625
LLaMA-3.1-8B,GSM8K,751,1,13,16,0.8125
LLaMA-3.1-8B,GSM8K,752,2,0,16,0.0
LLaMA-3.1-8B,GSM8K,756,1,15,16,0.9375
LLaMA-3.1-8B,GSM8K,757,3,13,16,0.8125
LLaMA-3.1-8B,GSM8K,758,2,16,16,1.0
LLaMA-3.1-8B,GSM8K,759,1,16,16,1.0
LLaMA-3.1-8B,GSM8K,761,5,12,16,0.75
LLaMA-3.1-8B,GSM8K,762,1,16,16,1.0
LLaMA-3.1-8B,GSM8K,763,1,8,16,0.5
LLaMA-3.1-8B,GSM8K,764,3,16,16,1.0
LLaMA-3.1-8B,GSM8K,765,1,13,16,0.8125
LLaMA-3.1-8B,GSM8K,766,3,15,16,0.9375
LLaMA-3.1-8B,GSM8K,767,2,16,16,1.0
LLaMA-3.1-8B,GSM8K,768,1,1,16,0.0625
LLaMA-3.1-8B,GSM8K,769,1,9,16,0.5625
LLaMA-3.1-8B,GSM8K,770,2,14,16,0.875
LLaMA-3.1-8B,GSM8K,771,3,16,16,1.0
LLaMA-3.1-8B,GSM8K,772,2,11,16,0.6875
LLaMA-3.1-8B,GSM8K,774,1,12,16,0.75
LLaMA-3.1-8B,GSM8K,775,3,14,16,0.875
LLaMA-3.1-8B,GSM8K,776,3,16,16,1.0
LLaMA-3.1-8B,GSM8K,778,3,16,16,1.0
LLaMA-3.1-8B,GSM8K,779,1,5,16,0.3125
LLaMA-3.1-8B,GSM8K,781,2,9,16,0.5625
LLaMA-3.1-8B,GSM8K,782,5,0,16,0.0
LLaMA-3.1-8B,GSM8K,784,1,10,16,0.625
LLaMA-3.1-8B,GSM8K,785,1,12,16,0.75
LLaMA-3.1-8B,GSM8K,786,4,16,16,1.0
LLaMA-3.1-8B,GSM8K,787,2,15,16,0.9375
LLaMA-3.1-8B,GSM8K,791,1,15,16,0.9375
LLaMA-3.1-8B,GSM8K,792,2,16,16,1.0
LLaMA-3.1-8B,GSM8K,793,1,11,16,0.6875
LLaMA-3.1-8B,GSM8K,794,2,16,16,1.0
LLaMA-3.1-8B,GSM8K,796,2,1,16,0.0625
LLaMA-3.1-8B,GSM8K,797,1,16,16,1.0
LLaMA-3.1-8B,GSM8K,799,4,16,16,1.0
LLaMA-3.1-8B,GSM8K,800,3,16,16,1.0
LLaMA-3.1-8B,GSM8K,801,1,14,16,0.875
LLaMA-3.1-8B,GSM8K,803,2,12,16,0.75
LLaMA-3.1-8B,GSM8K,804,1,15,16,0.9375
LLaMA-3.1-8B,GSM8K,805,4,14,16,0.875
LLaMA-3.1-8B,GSM8K,808,3,15,16,0.9375
LLaMA-3.1-8B,GSM8K,809,2,8,16,0.5
LLaMA-3.1-8B,GSM8K,810,3,14,16,0.875
LLaMA-3.1-8B,GSM8K,812,1,5,16,0.3125
LLaMA-3.1-8B,GSM8K,813,1,15,16,0.9375
LLaMA-3.1-8B,GSM8K,816,2,16,16,1.0
LLaMA-3.1-8B,GSM8K,817,3,16,16,1.0
LLaMA-3.1-8B,GSM8K,818,2,16,16,1.0
LLaMA-3.1-8B,GSM8K,820,4,15,16,0.9375
LLaMA-3.1-8B,GSM8K,821,3,12,16,0.75
LLaMA-3.1-8B,GSM8K,823,2,0,16,0.0
LLaMA-3.1-8B,GSM8K,824,2,15,16,0.9375
LLaMA-3.1-8B,GSM8K,825,1,11,16,0.6875
LLaMA-3.1-8B,GSM8K,826,1,14,16,0.875
LLaMA-3.1-8B,GSM8K,827,1,2,16,0.125
LLaMA-3.1-8B,GSM8K,829,2,11,16,0.6875
LLaMA-3.1-8B,GSM8K,830,2,5,16,0.3125
LLaMA-3.1-8B,GSM8K,832,3,14,16,0.875
LLaMA-3.1-8B,GSM8K,833,1,16,16,1.0
LLaMA-3.1-8B,GSM8K,834,3,16,16,1.0
LLaMA-3.1-8B,GSM8K,835,1,3,16,0.1875
LLaMA-3.1-8B,GSM8K,836,3,15,16,0.9375
LLaMA-3.1-8B,GSM8K,837,2,5,16,0.3125
LLaMA-3.1-8B,GSM8K,838,2,15,16,0.9375
LLaMA-3.1-8B,GSM8K,839,3,14,16,0.875
LLaMA-3.1-8B,GSM8K,840,1,11,16,0.6875
LLaMA-3.1-8B,GSM8K,841,1,14,16,0.875
LLaMA-3.1-8B,GSM8K,842,1,16,16,1.0
LLaMA-3.1-8B,GSM8K,843,3,16,16,1.0
LLaMA-3.1-8B,GSM8K,844,1,8,16,0.5
LLaMA-3.1-8B,GSM8K,846,2,11,16,0.6875
LLaMA-3.1-8B,GSM8K,847,2,5,16,0.3125
LLaMA-3.1-8B,GSM8K,848,3,16,16,1.0
LLaMA-3.1-8B,GSM8K,849,2,16,16,1.0
LLaMA-3.1-8B,GSM8K,850,4,15,16,0.9375
LLaMA-3.1-8B,GSM8K,851,3,13,16,0.8125
LLaMA-3.1-8B,GSM8K,852,2,14,16,0.875
LLaMA-3.1-8B,GSM8K,853,5,15,16,0.9375
LLaMA-3.1-8B,GSM8K,854,4,11,16,0.6875
LLaMA-3.1-8B,GSM8K,856,1,15,16,0.9375
LLaMA-3.1-8B,GSM8K,857,3,13,16,0.8125
LLaMA-3.1-8B,GSM8K,858,2,9,16,0.5625
LLaMA-3.1-8B,GSM8K,860,1,16,16,1.0
LLaMA-3.1-8B,GSM8K,861,2,16,16,1.0
LLaMA-3.1-8B,GSM8K,862,1,15,16,0.9375
LLaMA-3.1-8B,GSM8K,863,1,16,16,1.0
LLaMA-3.1-8B,GSM8K,864,4,15,16,0.9375
LLaMA-3.1-8B,GSM8K,865,2,16,16,1.0
LLaMA-3.1-8B,GSM8K,867,2,16,16,1.0
LLaMA-3.1-8B,GSM8K,868,1,13,16,0.8125
LLaMA-3.1-8B,GSM8K,869,2,15,16,0.9375
LLaMA-3.1-8B,GSM8K,870,2,14,16,0.875
LLaMA-3.1-8B,GSM8K,873,2,16,16,1.0
LLaMA-3.1-8B,GSM8K,875,1,16,16,1.0
LLaMA-3.1-8B,GSM8K,876,2,15,16,0.9375
LLaMA-3.1-8B,GSM8K,878,3,12,16,0.75
LLaMA-3.1-8B,GSM8K,879,1,15,16,0.9375
LLaMA-3.1-8B,GSM8K,881,1,10,16,0.625
LLaMA-3.1-8B,GSM8K,882,1,5,16,0.3125
LLaMA-3.1-8B,GSM8K,883,2,15,16,0.9375
LLaMA-3.1-8B,GSM8K,884,5,14,16,0.875
LLaMA-3.1-8B,GSM8K,885,2,9,16,0.5625
LLaMA-3.1-8B,GSM8K,886,2,13,16,0.8125
LLaMA-3.1-8B,GSM8K,887,5,16,16,1.0
LLaMA-3.1-8B,GSM8K,888,2,16,16,1.0
LLaMA-3.1-8B,GSM8K,889,7,15,16,0.9375
LLaMA-3.1-8B,GSM8K,890,1,13,16,0.8125
LLaMA-3.1-8B,GSM8K,891,1,13,16,0.8125
LLaMA-3.1-8B,GSM8K,892,1,12,16,0.75
LLaMA-3.1-8B,GSM8K,893,2,16,16,1.0
LLaMA-3.1-8B,GSM8K,895,5,15,16,0.9375
LLaMA-3.1-8B,GSM8K,896,1,14,16,0.875
LLaMA-3.1-8B,GSM8K,897,4,14,16,0.875
LLaMA-3.1-8B,GSM8K,898,3,14,16,0.875
LLaMA-3.1-8B,GSM8K,900,2,10,16,0.625
LLaMA-3.1-8B,GSM8K,901,2,2,16,0.125
LLaMA-3.1-8B,GSM8K,902,3,15,16,0.9375
LLaMA-3.1-8B,GSM8K,903,2,11,16,0.6875
LLaMA-3.1-8B,GSM8K,904,2,15,16,0.9375
LLaMA-3.1-8B,GSM8K,905,1,9,16,0.5625
LLaMA-3.1-8B,GSM8K,907,2,15,16,0.9375
LLaMA-3.1-8B,GSM8K,909,1,10,16,0.625
LLaMA-3.1-8B,GSM8K,910,1,16,16,1.0
LLaMA-3.1-8B,GSM8K,911,4,13,16,0.8125
LLaMA-3.1-8B,GSM8K,912,3,8,16,0.5
LLaMA-3.1-8B,GSM8K,913,2,15,16,0.9375
LLaMA-3.1-8B,GSM8K,914,3,16,16,1.0
LLaMA-3.1-8B,GSM8K,915,3,15,16,0.9375
LLaMA-3.1-8B,GSM8K,917,3,16,16,1.0
LLaMA-3.1-8B,GSM8K,918,1,15,16,0.9375
LLaMA-3.1-8B,GSM8K,919,1,15,16,0.9375
LLaMA-3.1-8B,GSM8K,920,2,13,16,0.8125
LLaMA-3.1-8B,GSM8K,921,1,16,16,1.0
LLaMA-3.1-8B,GSM8K,922,5,13,16,0.8125
LLaMA-3.1-8B,GSM8K,925,3,11,16,0.6875
LLaMA-3.1-8B,GSM8K,927,2,16,16,1.0
LLaMA-3.1-8B,GSM8K,928,2,14,16,0.875
LLaMA-3.1-8B,GSM8K,929,2,16,16,1.0
LLaMA-3.1-8B,GSM8K,930,1,15,16,0.9375
LLaMA-3.1-8B,GSM8K,933,3,13,16,0.8125
LLaMA-3.1-8B,GSM8K,934,4,6,16,0.375
LLaMA-3.1-8B,GSM8K,935,1,12,16,0.75
LLaMA-3.1-8B,GSM8K,936,1,11,16,0.6875
LLaMA-3.1-8B,GSM8K,937,1,16,16,1.0
LLaMA-3.1-8B,GSM8K,938,2,9,16,0.5625
LLaMA-3.1-8B,GSM8K,939,1,14,16,0.875
LLaMA-3.1-8B,GSM8K,940,3,13,16,0.8125
LLaMA-3.1-8B,GSM8K,941,2,15,16,0.9375
LLaMA-3.1-8B,GSM8K,942,2,0,16,0.0
LLaMA-3.1-8B,GSM8K,944,2,16,16,1.0
LLaMA-3.1-8B,GSM8K,946,1,16,16,1.0
LLaMA-3.1-8B,GSM8K,947,2,15,16,0.9375
LLaMA-3.1-8B,GSM8K,948,2,15,16,0.9375
LLaMA-3.1-8B,GSM8K,949,2,16,16,1.0
LLaMA-3.1-8B,GSM8K,951,2,5,16,0.3125
LLaMA-3.1-8B,GSM8K,952,2,2,16,0.125
LLaMA-3.1-8B,GSM8K,954,1,14,16,0.875
LLaMA-3.1-8B,GSM8K,956,1,11,16,0.6875
LLaMA-3.1-8B,GSM8K,957,5,15,16,0.9375
LLaMA-3.1-8B,GSM8K,958,2,11,16,0.6875
LLaMA-3.1-8B,GSM8K,959,1,11,16,0.6875
LLaMA-3.1-8B,GSM8K,960,1,10,16,0.625
LLaMA-3.1-8B,GSM8K,962,2,0,16,0.0
LLaMA-3.1-8B,GSM8K,966,1,14,16,0.875
LLaMA-3.1-8B,GSM8K,967,2,16,16,1.0
LLaMA-3.1-8B,GSM8K,969,1,15,16,0.9375
LLaMA-3.1-8B,GSM8K,971,1,11,16,0.6875
LLaMA-3.1-8B,GSM8K,972,2,12,16,0.75
LLaMA-3.1-8B,GSM8K,973,3,12,16,0.75
LLaMA-3.1-8B,GSM8K,976,1,8,16,0.5
LLaMA-3.1-8B,GSM8K,977,2,14,16,0.875
LLaMA-3.1-8B,GSM8K,978,2,15,16,0.9375
LLaMA-3.1-8B,GSM8K,979,4,2,16,0.125
LLaMA-3.1-8B,GSM8K,980,4,16,16,1.0
LLaMA-3.1-8B,GSM8K,981,2,12,16,0.75
LLaMA-3.1-8B,GSM8K,983,2,15,16,0.9375
LLaMA-3.1-8B,GSM8K,984,1,2,16,0.125
LLaMA-3.1-8B,GSM8K,985,5,15,16,0.9375
LLaMA-3.1-8B,GSM8K,986,2,14,16,0.875
LLaMA-3.1-8B,GSM8K,987,1,14,16,0.875
LLaMA-3.1-8B,GSM8K,988,1,15,16,0.9375
LLaMA-3.1-8B,GSM8K,989,2,9,16,0.5625
LLaMA-3.1-8B,GSM8K,992,2,10,16,0.625
LLaMA-3.1-8B,GSM8K,994,1,15,16,0.9375
LLaMA-3.1-8B,GSM8K,995,1,13,16,0.8125
LLaMA-3.1-8B,GSM8K,998,1,16,16,1.0
LLaMA-3.1-8B,GSM8K,999,1,4,16,0.25
LLaMA-3.1-8B,GSM8K,1000,1,12,16,0.75
LLaMA-3.1-8B,GSM8K,1002,2,16,16,1.0
LLaMA-3.1-8B,GSM8K,1003,1,11,16,0.6875
LLaMA-3.1-8B,GSM8K,1004,4,14,16,0.875
LLaMA-3.1-8B,GSM8K,1006,2,5,16,0.3125
LLaMA-3.1-8B,GSM8K,1007,3,16,16,1.0
LLaMA-3.1-8B,GSM8K,1008,1,16,16,1.0
LLaMA-3.1-8B,GSM8K,1009,1,14,16,0.875
LLaMA-3.1-8B,GSM8K,1010,4,15,16,0.9375
LLaMA-3.1-8B,GSM8K,1011,3,12,16,0.75
LLaMA-3.1-8B,GSM8K,1012,1,2,16,0.125
LLaMA-3.1-8B,GSM8K,1014,1,15,16,0.9375
LLaMA-3.1-8B,GSM8K,1015,1,12,16,0.75
LLaMA-3.1-8B,GSM8K,1016,2,0,16,0.0
LLaMA-3.1-8B,GSM8K,1017,1,11,16,0.6875
LLaMA-3.1-8B,GSM8K,1018,2,14,16,0.875
LLaMA-3.1-8B,GSM8K,1019,2,8,16,0.5
LLaMA-3.1-8B,GSM8K,1020,2,15,16,0.9375
LLaMA-3.1-8B,GSM8K,1021,3,13,16,0.8125
LLaMA-3.1-8B,GSM8K,1023,1,15,16,0.9375
LLaMA-3.1-8B,GSM8K,1024,4,14,16,0.875
LLaMA-3.1-8B,GSM8K,1025,1,14,16,0.875
LLaMA-3.1-8B,GSM8K,1026,1,13,16,0.8125
LLaMA-3.1-8B,GSM8K,1027,2,14,16,0.875
LLaMA-3.1-8B,GSM8K,1029,1,3,16,0.1875
LLaMA-3.1-8B,GSM8K,1032,2,10,16,0.625
LLaMA-3.1-8B,GSM8K,1033,1,13,16,0.8125
LLaMA-3.1-8B,GSM8K,1034,1,16,16,1.0
LLaMA-3.1-8B,GSM8K,1035,2,2,16,0.125
LLaMA-3.1-8B,GSM8K,1036,2,16,16,1.0
LLaMA-3.1-8B,GSM8K,1037,2,16,16,1.0
LLaMA-3.1-8B,GSM8K,1040,1,13,16,0.8125
LLaMA-3.1-8B,GSM8K,1041,1,16,16,1.0
LLaMA-3.1-8B,GSM8K,1043,4,15,16,0.9375
LLaMA-3.1-8B,GSM8K,1044,3,15,16,0.9375
LLaMA-3.1-8B,GSM8K,1045,4,13,16,0.8125
LLaMA-3.1-8B,GSM8K,1046,2,6,16,0.375
LLaMA-3.1-8B,GSM8K,1048,2,1,16,0.0625
LLaMA-3.1-8B,GSM8K,1049,2,15,16,0.9375
LLaMA-3.1-8B,GSM8K,1051,2,16,16,1.0
LLaMA-3.1-8B,GSM8K,1052,1,15,16,0.9375
LLaMA-3.1-8B,GSM8K,1053,2,14,16,0.875
LLaMA-3.1-8B,GSM8K,1055,2,16,16,1.0
LLaMA-3.1-8B,GSM8K,1057,2,16,16,1.0
LLaMA-3.1-8B,GSM8K,1058,1,12,16,0.75
LLaMA-3.1-8B,GSM8K,1060,2,14,16,0.875
LLaMA-3.1-8B,GSM8K,1061,4,15,16,0.9375
LLaMA-3.1-8B,GSM8K,1062,1,10,16,0.625
LLaMA-3.1-8B,GSM8K,1063,1,14,16,0.875
LLaMA-3.1-8B,GSM8K,1064,3,14,16,0.875
LLaMA-3.1-8B,GSM8K,1065,1,16,16,1.0
LLaMA-3.1-8B,GSM8K,1066,1,15,16,0.9375
LLaMA-3.1-8B,GSM8K,1067,1,10,16,0.625
LLaMA-3.1-8B,GSM8K,1069,1,14,16,0.875
LLaMA-3.1-8B,GSM8K,1071,2,13,16,0.8125
LLaMA-3.1-8B,GSM8K,1072,2,12,16,0.75
LLaMA-3.1-8B,GSM8K,1073,1,6,16,0.375
LLaMA-3.1-8B,GSM8K,1074,2,15,16,0.9375
LLaMA-3.1-8B,GSM8K,1076,2,16,16,1.0
LLaMA-3.1-8B,GSM8K,1078,2,14,16,0.875
LLaMA-3.1-8B,GSM8K,1080,2,12,16,0.75
LLaMA-3.1-8B,GSM8K,1081,1,16,16,1.0
LLaMA-3.1-8B,GSM8K,1082,1,6,16,0.375
LLaMA-3.1-8B,GSM8K,1083,2,15,16,0.9375
LLaMA-3.1-8B,GSM8K,1084,1,8,16,0.5
LLaMA-3.1-8B,GSM8K,1085,2,16,16,1.0
LLaMA-3.1-8B,GSM8K,1087,1,10,16,0.625
LLaMA-3.1-8B,GSM8K,1089,1,10,16,0.625
LLaMA-3.1-8B,GSM8K,1095,2,15,16,0.9375
LLaMA-3.1-8B,GSM8K,1096,2,12,16,0.75
LLaMA-3.1-8B,GSM8K,1097,1,11,16,0.6875
LLaMA-3.1-8B,GSM8K,1099,3,16,16,1.0
LLaMA-3.1-8B,GSM8K,1100,3,14,16,0.875
LLaMA-3.1-8B,GSM8K,1101,1,15,16,0.9375
LLaMA-3.1-8B,GSM8K,1104,4,16,16,1.0
LLaMA-3.1-8B,GSM8K,1106,5,14,16,0.875
LLaMA-3.1-8B,GSM8K,1107,1,15,16,0.9375
LLaMA-3.1-8B,GSM8K,1111,1,14,16,0.875
LLaMA-3.1-8B,GSM8K,1113,3,16,16,1.0
LLaMA-3.1-8B,GSM8K,1114,3,16,16,1.0
LLaMA-3.1-8B,GSM8K,1115,1,11,16,0.6875
LLaMA-3.1-8B,GSM8K,1116,4,14,16,0.875
LLaMA-3.1-8B,GSM8K,1119,2,14,16,0.875
LLaMA-3.1-8B,GSM8K,1121,3,16,16,1.0
LLaMA-3.1-8B,GSM8K,1122,1,3,16,0.1875
LLaMA-3.1-8B,GSM8K,1123,2,15,16,0.9375
LLaMA-3.1-8B,GSM8K,1124,1,5,16,0.3125
LLaMA-3.1-8B,GSM8K,1125,3,15,16,0.9375
LLaMA-3.1-8B,GSM8K,1126,4,15,16,0.9375
LLaMA-3.1-8B,GSM8K,1127,3,16,16,1.0
LLaMA-3.1-8B,GSM8K,1128,1,15,16,0.9375
LLaMA-3.1-8B,GSM8K,1131,3,14,16,0.875
LLaMA-3.1-8B,GSM8K,1132,1,10,16,0.625
LLaMA-3.1-8B,GSM8K,1133,2,6,16,0.375
LLaMA-3.1-8B,GSM8K,1134,1,14,16,0.875
LLaMA-3.1-8B,GSM8K,1135,2,16,16,1.0
LLaMA-3.1-8B,GSM8K,1138,2,12,16,0.75
LLaMA-3.1-8B,GSM8K,1139,1,15,16,0.9375
LLaMA-3.1-8B,GSM8K,1140,1,3,16,0.1875
LLaMA-3.1-8B,GSM8K,1141,2,16,16,1.0
LLaMA-3.1-8B,GSM8K,1142,4,15,16,0.9375
LLaMA-3.1-8B,GSM8K,1143,3,15,16,0.9375
LLaMA-3.1-8B,GSM8K,1144,3,12,16,0.75
LLaMA-3.1-8B,GSM8K,1145,1,1,16,0.0625
LLaMA-3.1-8B,GSM8K,1146,2,10,16,0.625
LLaMA-3.1-8B,GSM8K,1147,1,1,16,0.0625
LLaMA-3.1-8B,GSM8K,1148,2,15,16,0.9375
LLaMA-3.1-8B,GSM8K,1150,2,16,16,1.0
LLaMA-3.1-8B,GSM8K,1151,1,14,16,0.875
LLaMA-3.1-8B,GSM8K,1152,2,15,16,0.9375
LLaMA-3.1-8B,GSM8K,1153,3,13,16,0.8125
LLaMA-3.1-8B,GSM8K,1154,2,16,16,1.0
LLaMA-3.1-8B,GSM8K,1155,4,13,16,0.8125
LLaMA-3.1-8B,GSM8K,1157,2,15,16,0.9375
LLaMA-3.1-8B,GSM8K,1158,1,12,16,0.75
LLaMA-3.1-8B,GSM8K,1159,3,9,16,0.5625
LLaMA-3.1-8B,GSM8K,1160,2,12,16,0.75
LLaMA-3.1-8B,GSM8K,1161,1,6,16,0.375
LLaMA-3.1-8B,GSM8K,1162,2,16,16,1.0
LLaMA-3.1-8B,GSM8K,1163,3,10,16,0.625
LLaMA-3.1-8B,GSM8K,1164,5,15,16,0.9375
LLaMA-3.1-8B,GSM8K,1166,1,13,16,0.8125
LLaMA-3.1-8B,GSM8K,1167,1,15,16,0.9375
LLaMA-3.1-8B,GSM8K,1168,2,12,16,0.75
LLaMA-3.1-8B,GSM8K,1170,1,10,16,0.625
LLaMA-3.1-8B,GSM8K,1171,2,12,16,0.75
LLaMA-3.1-8B,GSM8K,1172,4,15,16,0.9375
LLaMA-3.1-8B,GSM8K,1174,1,3,16,0.1875
LLaMA-3.1-8B,GSM8K,1175,2,12,16,0.75
LLaMA-3.1-8B,GSM8K,1177,1,15,16,0.9375
LLaMA-3.1-8B,GSM8K,1178,1,16,16,1.0
LLaMA-3.1-8B,GSM8K,1179,1,14,16,0.875
LLaMA-3.1-8B,GSM8K,1182,1,13,16,0.8125
LLaMA-3.1-8B,GSM8K,1184,1,16,16,1.0
LLaMA-3.1-8B,GSM8K,1185,1,5,16,0.3125
LLaMA-3.1-8B,GSM8K,1186,3,15,16,0.9375
LLaMA-3.1-8B,GSM8K,1187,2,5,16,0.3125
LLaMA-3.1-8B,GSM8K,1188,1,7,16,0.4375
LLaMA-3.1-8B,GSM8K,1189,5,15,16,0.9375
LLaMA-3.1-8B,GSM8K,1190,1,4,16,0.25
LLaMA-3.1-8B,GSM8K,1193,1,1,16,0.0625
LLaMA-3.1-8B,GSM8K,1194,4,15,16,0.9375
LLaMA-3.1-8B,GSM8K,1195,1,14,16,0.875
LLaMA-3.1-8B,GSM8K,1196,3,14,16,0.875
LLaMA-3.1-8B,GSM8K,1197,1,15,16,0.9375
LLaMA-3.1-8B,GSM8K,1198,2,10,16,0.625
LLaMA-3.1-8B,GSM8K,1200,1,15,16,0.9375
LLaMA-3.1-8B,GSM8K,1202,1,10,16,0.625
LLaMA-3.1-8B,GSM8K,1203,3,7,16,0.4375
LLaMA-3.1-8B,GSM8K,1204,3,14,16,0.875
LLaMA-3.1-8B,GSM8K,1206,3,15,16,0.9375
LLaMA-3.1-8B,GSM8K,1207,4,16,16,1.0
LLaMA-3.1-8B,GSM8K,1208,3,15,16,0.9375
LLaMA-3.1-8B,GSM8K,1209,3,14,16,0.875
LLaMA-3.1-8B,GSM8K,1210,3,16,16,1.0
LLaMA-3.1-8B,GSM8K,1211,1,15,16,0.9375
LLaMA-3.1-8B,GSM8K,1212,3,16,16,1.0
LLaMA-3.1-8B,GSM8K,1214,1,15,16,0.9375
LLaMA-3.1-8B,GSM8K,1216,1,15,16,0.9375
LLaMA-3.1-8B,GSM8K,1218,1,14,16,0.875
LLaMA-3.1-8B,GSM8K,1219,2,16,16,1.0
LLaMA-3.1-8B,GSM8K,1220,1,15,16,0.9375
LLaMA-3.1-8B,GSM8K,1221,3,16,16,1.0
LLaMA-3.1-8B,GSM8K,1222,1,14,16,0.875
LLaMA-3.1-8B,GSM8K,1223,2,16,16,1.0
LLaMA-3.1-8B,GSM8K,1224,2,16,16,1.0
LLaMA-3.1-8B,GSM8K,1225,2,15,16,0.9375
LLaMA-3.1-8B,GSM8K,1226,1,14,16,0.875
LLaMA-3.1-8B,GSM8K,1227,1,13,16,0.8125
LLaMA-3.1-8B,GSM8K,1228,1,14,16,0.875
LLaMA-3.1-8B,GSM8K,1229,2,16,16,1.0
LLaMA-3.1-8B,GSM8K,1232,6,15,16,0.9375
LLaMA-3.1-8B,GSM8K,1234,3,14,16,0.875
LLaMA-3.1-8B,GSM8K,1235,1,15,16,0.9375
LLaMA-3.1-8B,GSM8K,1237,2,15,16,0.9375
LLaMA-3.1-8B,GSM8K,1238,3,13,16,0.8125
LLaMA-3.1-8B,GSM8K,1240,2,5,16,0.3125
LLaMA-3.1-8B,GSM8K,1243,1,14,16,0.875
LLaMA-3.1-8B,GSM8K,1245,3,12,16,0.75
LLaMA-3.1-8B,GSM8K,1246,2,15,16,0.9375
LLaMA-3.1-8B,GSM8K,1247,3,12,16,0.75
LLaMA-3.1-8B,GSM8K,1251,4,12,16,0.75
LLaMA-3.1-8B,GSM8K,1252,2,11,16,0.6875
LLaMA-3.1-8B,GSM8K,1254,2,16,16,1.0
LLaMA-3.1-8B,GSM8K,1255,1,12,16,0.75
LLaMA-3.1-8B,GSM8K,1256,1,14,16,0.875
LLaMA-3.1-8B,GSM8K,1257,1,16,16,1.0
LLaMA-3.1-8B,GSM8K,1258,4,7,16,0.4375
LLaMA-3.1-8B,GSM8K,1260,3,15,16,0.9375
LLaMA-3.1-8B,GSM8K,1261,2,14,16,0.875
LLaMA-3.1-8B,GSM8K,1263,2,5,16,0.3125
LLaMA-3.1-8B,GSM8K,1266,2,16,16,1.0
LLaMA-3.1-8B,GSM8K,1267,4,13,16,0.8125
LLaMA-3.1-8B,GSM8K,1268,1,15,16,0.9375
LLaMA-3.1-8B,GSM8K,1269,2,6,16,0.375
LLaMA-3.1-8B,GSM8K,1270,1,15,16,0.9375
LLaMA-3.1-8B,GSM8K,1271,3,16,16,1.0
LLaMA-3.1-8B,GSM8K,1273,2,14,16,0.875
LLaMA-3.1-8B,GSM8K,1274,3,13,16,0.8125
LLaMA-3.1-8B,GSM8K,1275,3,14,16,0.875
LLaMA-3.1-8B,GSM8K,1276,3,14,16,0.875
LLaMA-3.1-8B,GSM8K,1277,4,15,16,0.9375
LLaMA-3.1-8B,GSM8K,1278,3,16,16,1.0
LLaMA-3.1-8B,GSM8K,1279,2,13,16,0.8125
LLaMA-3.1-8B,GSM8K,1280,3,15,16,0.9375
LLaMA-3.1-8B,GSM8K,1281,3,16,16,1.0
LLaMA-3.1-8B,GSM8K,1282,1,12,16,0.75
LLaMA-3.1-8B,GSM8K,1283,2,13,16,0.8125
LLaMA-3.1-8B,GSM8K,1284,2,11,16,0.6875
LLaMA-3.1-8B,GSM8K,1285,3,16,16,1.0
LLaMA-3.1-8B,GSM8K,1286,3,15,16,0.9375
LLaMA-3.1-8B,GSM8K,1287,3,13,16,0.8125
LLaMA-3.1-8B,GSM8K,1289,1,16,16,1.0
LLaMA-3.1-8B,GSM8K,1290,2,14,16,0.875
LLaMA-3.1-8B,GSM8K,1291,4,15,16,0.9375
LLaMA-3.1-8B,GSM8K,1292,1,15,16,0.9375
LLaMA-3.1-8B,GSM8K,1293,2,15,16,0.9375
LLaMA-3.1-8B,GSM8K,1296,1,16,16,1.0
LLaMA-3.1-8B,GSM8K,1297,2,14,16,0.875
LLaMA-3.1-8B,GSM8K,1298,2,16,16,1.0
LLaMA-3.1-8B,GSM8K,1299,1,13,16,0.8125
LLaMA-3.1-8B,GSM8K,1300,3,15,16,0.9375
LLaMA-3.1-8B,GSM8K,1304,4,15,16,0.9375
LLaMA-3.1-8B,GSM8K,1305,1,15,16,0.9375
LLaMA-3.1-8B,GSM8K,1306,1,7,16,0.4375
LLaMA-3.1-8B,GSM8K,1307,2,16,16,1.0
LLaMA-3.1-8B,GSM8K,1308,3,15,16,0.9375
LLaMA-3.1-8B,GSM8K,1310,1,2,16,0.125
LLaMA-3.1-8B,GSM8K,1311,2,11,16,0.6875
LLaMA-3.1-8B,GSM8K,1312,3,10,16,0.625
LLaMA-3.1-8B,GSM8K,1313,1,14,16,0.875
LLaMA-3.1-8B,GSM8K,1314,1,4,16,0.25
LLaMA-3.1-8B,GSM8K,1315,3,15,16,0.9375
LLaMA-3.1-8B,GSM8K,1316,2,14,16,0.875
LLaMA-3.1-8B,GSM8K,1317,2,11,16,0.6875
LLaMA-3.1-8B,GSM8K,1318,4,16,16,1.0
LLaMA-3.1-8B,MATH500,0,2,11,16,0.6875
LLaMA-3.1-8B,MATH500,2,4,9,16,0.5625
LLaMA-3.1-8B,MATH500,3,1,11,16,0.6875
LLaMA-3.1-8B,MATH500,4,1,4,16,0.25
LLaMA-3.1-8B,MATH500,5,9,2,16,0.125
LLaMA-3.1-8B,MATH500,6,2,10,16,0.625
LLaMA-3.1-8B,MATH500,8,5,13,16,0.8125
LLaMA-3.1-8B,MATH500,10,3,0,16,0.0
LLaMA-3.1-8B,MATH500,12,4,13,16,0.8125
LLaMA-3.1-8B,MATH500,13,6,12,16,0.75
LLaMA-3.1-8B,MATH500,14,3,2,16,0.125
LLaMA-3.1-8B,MATH500,16,2,14,16,0.875
LLaMA-3.1-8B,MATH500,20,4,10,16,0.625
LLaMA-3.1-8B,MATH500,23,1,6,16,0.375
LLaMA-3.1-8B,MATH500,28,3,11,16,0.6875
LLaMA-3.1-8B,MATH500,30,1,8,16,0.5
LLaMA-3.1-8B,MATH500,31,1,11,16,0.6875
LLaMA-3.1-8B,MATH500,32,2,2,16,0.125
LLaMA-3.1-8B,MATH500,33,1,1,16,0.0625
LLaMA-3.1-8B,MATH500,34,1,2,16,0.125
LLaMA-3.1-8B,MATH500,37,3,2,16,0.125
LLaMA-3.1-8B,MATH500,38,7,14,16,0.875
LLaMA-3.1-8B,MATH500,39,6,13,16,0.8125
LLaMA-3.1-8B,MATH500,42,3,13,16,0.8125
LLaMA-3.1-8B,MATH500,44,1,3,16,0.1875
LLaMA-3.1-8B,MATH500,46,2,1,16,0.0625
LLaMA-3.1-8B,MATH500,47,1,10,16,0.625
LLaMA-3.1-8B,MATH500,48,4,10,16,0.625
LLaMA-3.1-8B,MATH500,49,3,13,16,0.8125
LLaMA-3.1-8B,MATH500,50,1,1,16,0.0625
LLaMA-3.1-8B,MATH500,51,2,8,16,0.5
LLaMA-3.1-8B,MATH500,52,5,8,16,0.5
LLaMA-3.1-8B,MATH500,53,5,11,16,0.6875
LLaMA-3.1-8B,MATH500,54,2,12,16,0.75
LLaMA-3.1-8B,MATH500,55,2,5,16,0.3125
LLaMA-3.1-8B,MATH500,56,4,11,16,0.6875
LLaMA-3.1-8B,MATH500,57,2,13,16,0.8125
LLaMA-3.1-8B,MATH500,59,2,15,16,0.9375
LLaMA-3.1-8B,MATH500,61,1,11,16,0.6875
LLaMA-3.1-8B,MATH500,63,1,3,16,0.1875
LLaMA-3.1-8B,MATH500,64,1,0,16,0.0
LLaMA-3.1-8B,MATH500,65,2,13,16,0.8125
LLaMA-3.1-8B,MATH500,66,2,5,16,0.3125
LLaMA-3.1-8B,MATH500,67,4,7,16,0.4375
LLaMA-3.1-8B,MATH500,69,1,2,16,0.125
LLaMA-3.1-8B,MATH500,70,2,12,16,0.75
LLaMA-3.1-8B,MATH500,71,2,0,16,0.0
LLaMA-3.1-8B,MATH500,72,4,12,16,0.75
LLaMA-3.1-8B,MATH500,73,2,10,16,0.625
LLaMA-3.1-8B,MATH500,74,1,4,16,0.25
LLaMA-3.1-8B,MATH500,75,1,5,16,0.3125
LLaMA-3.1-8B,MATH500,76,1,13,16,0.8125
LLaMA-3.1-8B,MATH500,77,5,13,16,0.8125
LLaMA-3.1-8B,MATH500,78,1,0,16,0.0
LLaMA-3.1-8B,MATH500,79,2,6,16,0.375
LLaMA-3.1-8B,MATH500,80,1,1,16,0.0625
LLaMA-3.1-8B,MATH500,81,1,8,16,0.5
LLaMA-3.1-8B,MATH500,85,2,6,16,0.375
LLaMA-3.1-8B,MATH500,86,6,15,16,0.9375
LLaMA-3.1-8B,MATH500,87,1,13,16,0.8125
LLaMA-3.1-8B,MATH500,88,1,3,16,0.1875
LLaMA-3.1-8B,MATH500,90,1,5,16,0.3125
LLaMA-3.1-8B,MATH500,91,2,0,16,0.0
LLaMA-3.1-8B,MATH500,93,1,13,16,0.8125
LLaMA-3.1-8B,MATH500,97,1,16,16,1.0
LLaMA-3.1-8B,MATH500,98,3,11,16,0.6875
LLaMA-3.1-8B,MATH500,102,2,8,16,0.5
LLaMA-3.1-8B,MATH500,105,2,8,16,0.5
LLaMA-3.1-8B,MATH500,106,5,13,16,0.8125
LLaMA-3.1-8B,MATH500,107,9,7,16,0.4375
LLaMA-3.1-8B,MATH500,111,4,15,16,0.9375
LLaMA-3.1-8B,MATH500,112,4,8,16,0.5
LLaMA-3.1-8B,MATH500,113,3,11,16,0.6875
LLaMA-3.1-8B,MATH500,115,3,6,16,0.375
LLaMA-3.1-8B,MATH500,116,4,16,16,1.0
LLaMA-3.1-8B,MATH500,117,3,14,16,0.875
LLaMA-3.1-8B,MATH500,118,1,1,16,0.0625
LLaMA-3.1-8B,MATH500,121,6,12,16,0.75
LLaMA-3.1-8B,MATH500,122,2,12,16,0.75
LLaMA-3.1-8B,MATH500,124,2,12,16,0.75
LLaMA-3.1-8B,MATH500,125,7,13,16,0.8125
LLaMA-3.1-8B,MATH500,127,2,2,16,0.125
LLaMA-3.1-8B,MATH500,128,7,6,16,0.375
LLaMA-3.1-8B,MATH500,131,2,8,16,0.5
LLaMA-3.1-8B,MATH500,132,3,14,16,0.875
LLaMA-3.1-8B,MATH500,133,4,13,16,0.8125
LLaMA-3.1-8B,MATH500,138,2,0,16,0.0
LLaMA-3.1-8B,MATH500,141,3,4,16,0.25
LLaMA-3.1-8B,MATH500,142,1,1,16,0.0625
LLaMA-3.1-8B,MATH500,144,3,12,16,0.75
LLaMA-3.1-8B,MATH500,146,4,9,16,0.5625
LLaMA-3.1-8B,MATH500,148,6,11,16,0.6875
LLaMA-3.1-8B,MATH500,149,2,1,16,0.0625
LLaMA-3.1-8B,MATH500,150,4,2,16,0.125
LLaMA-3.1-8B,MATH500,153,2,6,16,0.375
LLaMA-3.1-8B,MATH500,155,1,1,16,0.0625
LLaMA-3.1-8B,MATH500,157,3,8,16,0.5
LLaMA-3.1-8B,MATH500,158,4,5,16,0.3125
LLaMA-3.1-8B,MATH500,159,1,11,16,0.6875
LLaMA-3.1-8B,MATH500,160,2,10,16,0.625
LLaMA-3.1-8B,MATH500,161,2,9,16,0.5625
LLaMA-3.1-8B,MATH500,162,1,9,16,0.5625
LLaMA-3.1-8B,MATH500,163,1,2,16,0.125
LLaMA-3.1-8B,MATH500,164,1,1,16,0.0625
LLaMA-3.1-8B,MATH500,165,4,13,16,0.8125
LLaMA-3.1-8B,MATH500,167,6,14,16,0.875
LLaMA-3.1-8B,MATH500,168,2,2,16,0.125
LLaMA-3.1-8B,MATH500,169,3,4,16,0.25
LLaMA-3.1-8B,MATH500,171,5,13,16,0.8125
LLaMA-3.1-8B,MATH500,172,2,11,16,0.6875
LLaMA-3.1-8B,MATH500,173,1,8,16,0.5
LLaMA-3.1-8B,MATH500,174,5,13,16,0.8125
LLaMA-3.1-8B,MATH500,178,3,10,16,0.625
LLaMA-3.1-8B,MATH500,180,3,4,16,0.25
LLaMA-3.1-8B,MATH500,181,3,6,16,0.375
LLaMA-3.1-8B,MATH500,182,8,7,16,0.4375
LLaMA-3.1-8B,MATH500,183,1,5,16,0.3125
LLaMA-3.1-8B,MATH500,184,1,0,16,0.0
LLaMA-3.1-8B,MATH500,185,1,14,16,0.875
LLaMA-3.1-8B,MATH500,186,1,1,16,0.0625
LLaMA-3.1-8B,MATH500,187,1,14,16,0.875
LLaMA-3.1-8B,MATH500,190,2,1,16,0.0625
LLaMA-3.1-8B,MATH500,191,4,13,16,0.8125
LLaMA-3.1-8B,MATH500,193,4,3,16,0.1875
LLaMA-3.1-8B,MATH500,194,1,2,16,0.125
LLaMA-3.1-8B,MATH500,196,3,14,16,0.875
LLaMA-3.1-8B,MATH500,198,5,6,16,0.375
LLaMA-3.1-8B,MATH500,199,2,15,16,0.9375
LLaMA-3.1-8B,MATH500,200,2,10,16,0.625
LLaMA-3.1-8B,MATH500,202,1,2,16,0.125
LLaMA-3.1-8B,MATH500,203,2,6,16,0.375
LLaMA-3.1-8B,MATH500,205,2,1,16,0.0625
LLaMA-3.1-8B,MATH500,206,1,9,16,0.5625
LLaMA-3.1-8B,MATH500,207,6,6,16,0.375
LLaMA-3.1-8B,MATH500,208,4,10,16,0.625
LLaMA-3.1-8B,MATH500,210,6,2,16,0.125
LLaMA-3.1-8B,MATH500,211,3,11,16,0.6875
LLaMA-3.1-8B,MATH500,212,4,9,16,0.5625
LLaMA-3.1-8B,MATH500,217,2,0,16,0.0
LLaMA-3.1-8B,MATH500,218,2,13,16,0.8125
LLaMA-3.1-8B,MATH500,220,2,7,16,0.4375
LLaMA-3.1-8B,MATH500,221,2,5,16,0.3125
LLaMA-3.1-8B,MATH500,224,2,0,16,0.0
LLaMA-3.1-8B,MATH500,225,2,4,16,0.25
LLaMA-3.1-8B,MATH500,226,1,3,16,0.1875
LLaMA-3.1-8B,MATH500,227,5,13,16,0.8125
LLaMA-3.1-8B,MATH500,229,1,10,16,0.625
LLaMA-3.1-8B,MATH500,234,3,7,16,0.4375
LLaMA-3.1-8B,MATH500,235,3,14,16,0.875
LLaMA-3.1-8B,MATH500,236,1,1,16,0.0625
LLaMA-3.1-8B,MATH500,237,1,8,16,0.5
LLaMA-3.1-8B,MATH500,240,2,0,16,0.0
LLaMA-3.1-8B,MATH500,243,1,7,16,0.4375
LLaMA-3.1-8B,MATH500,246,2,7,16,0.4375
LLaMA-3.1-8B,MATH500,250,2,6,16,0.375
LLaMA-3.1-8B,MATH500,251,1,0,16,0.0
LLaMA-3.1-8B,MATH500,252,1,4,16,0.25
LLaMA-3.1-8B,MATH500,253,4,10,16,0.625
LLaMA-3.1-8B,MATH500,256,2,8,16,0.5
LLaMA-3.1-8B,MATH500,257,1,0,16,0.0
LLaMA-3.1-8B,MATH500,258,2,13,16,0.8125
LLaMA-3.1-8B,MATH500,259,2,14,16,0.875
LLaMA-3.1-8B,MATH500,261,1,9,16,0.5625
LLaMA-3.1-8B,MATH500,262,2,14,16,0.875
LLaMA-3.1-8B,MATH500,263,4,11,16,0.6875
LLaMA-3.1-8B,MATH500,265,3,10,16,0.625
LLaMA-3.1-8B,MATH500,266,2,9,16,0.5625
LLaMA-3.1-8B,MATH500,268,1,11,16,0.6875
LLaMA-3.1-8B,MATH500,269,1,7,16,0.4375
LLaMA-3.1-8B,MATH500,270,4,12,16,0.75
LLaMA-3.1-8B,MATH500,271,2,4,16,0.25
LLaMA-3.1-8B,MATH500,272,3,0,16,0.0
LLaMA-3.1-8B,MATH500,273,3,9,16,0.5625
LLaMA-3.1-8B,MATH500,275,5,13,16,0.8125
LLaMA-3.1-8B,MATH500,276,1,9,16,0.5625
LLaMA-3.1-8B,MATH500,277,1,7,16,0.4375
LLaMA-3.1-8B,MATH500,278,2,11,16,0.6875
LLaMA-3.1-8B,MATH500,279,2,1,16,0.0625
LLaMA-3.1-8B,MATH500,280,1,3,16,0.1875
LLaMA-3.1-8B,MATH500,282,2,4,16,0.25
LLaMA-3.1-8B,MATH500,283,2,8,16,0.5
LLaMA-3.1-8B,MATH500,289,4,12,16,0.75
LLaMA-3.1-8B,MATH500,291,1,6,16,0.375
LLaMA-3.1-8B,MATH500,292,1,0,16,0.0
LLaMA-3.1-8B,MATH500,293,2,5,16,0.3125
LLaMA-3.1-8B,MATH500,296,1,5,16,0.3125
LLaMA-3.1-8B,MATH500,299,1,4,16,0.25
LLaMA-3.1-8B,MATH500,300,3,4,16,0.25
LLaMA-3.1-8B,MATH500,301,1,5,16,0.3125
LLaMA-3.1-8B,MATH500,302,1,3,16,0.1875
LLaMA-3.1-8B,MATH500,305,3,6,16,0.375
LLaMA-3.1-8B,MATH500,307,3,13,16,0.8125
LLaMA-3.1-8B,MATH500,309,1,11,16,0.6875
LLaMA-3.1-8B,MATH500,310,4,9,16,0.5625
LLaMA-3.1-8B,MATH500,312,2,6,16,0.375
LLaMA-3.1-8B,MATH500,313,2,7,16,0.4375
LLaMA-3.1-8B,MATH500,314,1,13,16,0.8125
LLaMA-3.1-8B,MATH500,317,3,0,16,0.0
LLaMA-3.1-8B,MATH500,318,1,13,16,0.8125
LLaMA-3.1-8B,MATH500,319,2,14,16,0.875
LLaMA-3.1-8B,MATH500,320,1,1,16,0.0625
LLaMA-3.1-8B,MATH500,321,4,6,16,0.375
LLaMA-3.1-8B,MATH500,322,3,15,16,0.9375
LLaMA-3.1-8B,MATH500,325,8,15,16,0.9375
LLaMA-3.1-8B,MATH500,329,5,9,16,0.5625
LLaMA-3.1-8B,MATH500,330,1,4,16,0.25
LLaMA-3.1-8B,MATH500,332,1,1,16,0.0625
LLaMA-3.1-8B,MATH500,334,2,4,16,0.25
LLaMA-3.1-8B,MATH500,336,4,15,16,0.9375
LLaMA-3.1-8B,MATH500,337,2,9,16,0.5625
LLaMA-3.1-8B,MATH500,338,1,0,16,0.0
LLaMA-3.1-8B,MATH500,340,3,0,16,0.0
LLaMA-3.1-8B,MATH500,341,4,6,16,0.375
LLaMA-3.1-8B,MATH500,343,4,4,16,0.25
LLaMA-3.1-8B,MATH500,344,4,10,16,0.625
LLaMA-3.1-8B,MATH500,345,3,7,16,0.4375
LLaMA-3.1-8B,MATH500,346,3,12,16,0.75
LLaMA-3.1-8B,MATH500,347,3,7,16,0.4375
LLaMA-3.1-8B,MATH500,348,1,2,16,0.125
LLaMA-3.1-8B,MATH500,349,2,3,16,0.1875
LLaMA-3.1-8B,MATH500,350,1,11,16,0.6875
LLaMA-3.1-8B,MATH500,351,3,0,16,0.0
LLaMA-3.1-8B,MATH500,353,1,4,16,0.25
LLaMA-3.1-8B,MATH500,356,1,2,16,0.125
LLaMA-3.1-8B,MATH500,357,3,3,16,0.1875
LLaMA-3.1-8B,MATH500,358,3,5,16,0.3125
LLaMA-3.1-8B,MATH500,362,3,14,16,0.875
LLaMA-3.1-8B,MATH500,363,2,11,16,0.6875
LLaMA-3.1-8B,MATH500,364,1,0,16,0.0
LLaMA-3.1-8B,MATH500,367,5,12,16,0.75
LLaMA-3.1-8B,MATH500,368,2,12,16,0.75
LLaMA-3.1-8B,MATH500,369,2,6,16,0.375
LLaMA-3.1-8B,MATH500,370,8,16,16,1.0
LLaMA-3.1-8B,MATH500,372,1,0,16,0.0
LLaMA-3.1-8B,MATH500,374,12,14,16,0.875
LLaMA-3.1-8B,MATH500,377,4,6,16,0.375
LLaMA-3.1-8B,MATH500,379,2,2,16,0.125
LLaMA-3.1-8B,MATH500,384,4,8,16,0.5
LLaMA-3.1-8B,MATH500,385,5,3,16,0.1875
LLaMA-3.1-8B,MATH500,386,4,11,16,0.6875
LLaMA-3.1-8B,MATH500,387,3,13,16,0.8125
LLaMA-3.1-8B,MATH500,388,2,12,16,0.75
LLaMA-3.1-8B,MATH500,389,2,4,16,0.25
LLaMA-3.1-8B,MATH500,391,1,1,16,0.0625
LLaMA-3.1-8B,MATH500,393,3,9,16,0.5625
LLaMA-3.1-8B,MATH500,395,5,11,16,0.6875
LLaMA-3.1-8B,MATH500,396,1,1,16,0.0625
LLaMA-3.1-8B,MATH500,397,5,13,16,0.8125
LLaMA-3.1-8B,MATH500,398,2,3,16,0.1875
LLaMA-3.1-8B,MATH500,399,4,9,16,0.5625
LLaMA-3.1-8B,MATH500,400,1,1,16,0.0625
LLaMA-3.1-8B,MATH500,403,1,1,16,0.0625
LLaMA-3.1-8B,MATH500,404,3,10,16,0.625
LLaMA-3.1-8B,MATH500,405,7,13,16,0.8125
LLaMA-3.1-8B,MATH500,406,7,11,16,0.6875
LLaMA-3.1-8B,MATH500,407,4,10,16,0.625
LLaMA-3.1-8B,MATH500,410,1,5,16,0.3125
LLaMA-3.1-8B,MATH500,411,2,10,16,0.625
LLaMA-3.1-8B,MATH500,413,3,11,16,0.6875
LLaMA-3.1-8B,MATH500,414,1,9,16,0.5625
LLaMA-3.1-8B,MATH500,415,1,1,16,0.0625
LLaMA-3.1-8B,MATH500,416,1,2,16,0.125
LLaMA-3.1-8B,MATH500,417,1,9,16,0.5625
LLaMA-3.1-8B,MATH500,423,1,0,16,0.0
LLaMA-3.1-8B,MATH500,424,3,11,16,0.6875
LLaMA-3.1-8B,MATH500,427,2,14,16,0.875
LLaMA-3.1-8B,MATH500,428,2,4,16,0.25
LLaMA-3.1-8B,MATH500,430,7,12,16,0.75
LLaMA-3.1-8B,MATH500,432,1,0,16,0.0
LLaMA-3.1-8B,MATH500,433,3,7,16,0.4375
LLaMA-3.1-8B,MATH500,435,1,11,16,0.6875
LLaMA-3.1-8B,MATH500,436,1,3,16,0.1875
LLaMA-3.1-8B,MATH500,438,3,9,16,0.5625
LLaMA-3.1-8B,MATH500,440,2,9,16,0.5625
LLaMA-3.1-8B,MATH500,441,3,10,16,0.625
LLaMA-3.1-8B,MATH500,443,1,10,16,0.625
LLaMA-3.1-8B,MATH500,447,1,10,16,0.625
LLaMA-3.1-8B,MATH500,449,5,13,16,0.8125
LLaMA-3.1-8B,MATH500,451,1,8,16,0.5
LLaMA-3.1-8B,MATH500,452,1,11,16,0.6875
LLaMA-3.1-8B,MATH500,453,1,8,16,0.5
LLaMA-3.1-8B,MATH500,455,3,12,16,0.75
LLaMA-3.1-8B,MATH500,457,5,16,16,1.0
LLaMA-3.1-8B,MATH500,460,3,2,16,0.125
LLaMA-3.1-8B,MATH500,461,1,12,16,0.75
LLaMA-3.1-8B,MATH500,462,1,2,16,0.125
LLaMA-3.1-8B,MATH500,463,4,16,16,1.0
LLaMA-3.1-8B,MATH500,465,3,12,16,0.75
LLaMA-3.1-8B,MATH500,467,2,0,16,0.0
LLaMA-3.1-8B,MATH500,468,2,9,16,0.5625
LLaMA-3.1-8B,MATH500,469,3,14,16,0.875
LLaMA-3.1-8B,MATH500,470,1,0,16,0.0
LLaMA-3.1-8B,MATH500,471,3,10,16,0.625
LLaMA-3.1-8B,MATH500,472,2,10,16,0.625
LLaMA-3.1-8B,MATH500,473,1,3,16,0.1875
LLaMA-3.1-8B,MATH500,476,5,13,16,0.8125
LLaMA-3.1-8B,MATH500,479,1,7,16,0.4375
LLaMA-3.1-8B,MATH500,480,4,9,16,0.5625
LLaMA-3.1-8B,MATH500,481,1,0,16,0.0
LLaMA-3.1-8B,MATH500,482,1,0,16,0.0
LLaMA-3.1-8B,MATH500,484,1,1,16,0.0625
LLaMA-3.1-8B,MATH500,486,2,5,16,0.3125
LLaMA-3.1-8B,MATH500,487,5,9,16,0.5625
LLaMA-3.1-8B,MATH500,488,5,14,16,0.875
LLaMA-3.1-8B,MATH500,493,1,6,16,0.375
LLaMA-3.1-8B,MATH500,495,1,0,16,0.0
LLaMA-3.1-8B,MATH500,496,1,5,16,0.3125
LLaMA-3.1-8B,MATH500,497,1,0,16,0.0
LLaMA-3.1-8B,MATH500,499,1,2,16,0.125
LLaMA-3.1-8B,SVAMP,1,1,16,16,1.0
LLaMA-3.1-8B,SVAMP,2,3,14,16,0.875
LLaMA-3.1-8B,SVAMP,3,1,16,16,1.0
LLaMA-3.1-8B,SVAMP,4,3,16,16,1.0
LLaMA-3.1-8B,SVAMP,7,1,15,16,0.9375
LLaMA-3.1-8B,SVAMP,8,2,15,16,0.9375
LLaMA-3.1-8B,SVAMP,9,1,16,16,1.0
LLaMA-3.1-8B,SVAMP,10,5,13,16,0.8125
LLaMA-3.1-8B,SVAMP,13,3,15,16,0.9375
LLaMA-3.1-8B,SVAMP,14,2,16,16,1.0
LLaMA-3.1-8B,SVAMP,15,2,16,16,1.0
LLaMA-3.1-8B,SVAMP,16,2,16,16,1.0
LLaMA-3.1-8B,SVAMP,17,2,0,16,0.0
LLaMA-3.1-8B,SVAMP,18,2,14,16,0.875
LLaMA-3.1-8B,SVAMP,19,2,15,16,0.9375
LLaMA-3.1-8B,SVAMP,20,3,16,16,1.0
LLaMA-3.1-8B,SVAMP,21,1,13,16,0.8125
LLaMA-3.1-8B,SVAMP,22,2,0,16,0.0
LLaMA-3.1-8B,SVAMP,23,4,14,16,0.875
LLaMA-3.1-8B,SVAMP,25,3,16,16,1.0
LLaMA-3.1-8B,SVAMP,29,2,16,16,1.0
LLaMA-3.1-8B,SVAMP,31,3,13,16,0.8125
LLaMA-3.1-8B,SVAMP,32,3,15,16,0.9375
LLaMA-3.1-8B,SVAMP,33,2,2,16,0.125
LLaMA-3.1-8B,SVAMP,34,3,16,16,1.0
LLaMA-3.1-8B,SVAMP,35,1,12,16,0.75
LLaMA-3.1-8B,SVAMP,37,3,15,16,0.9375
LLaMA-3.1-8B,SVAMP,38,2,16,16,1.0
LLaMA-3.1-8B,SVAMP,39,4,11,16,0.6875
LLaMA-3.1-8B,SVAMP,40,1,14,16,0.875
LLaMA-3.1-8B,SVAMP,42,2,14,16,0.875
LLaMA-3.1-8B,SVAMP,43,4,14,16,0.875
LLaMA-3.1-8B,SVAMP,44,2,15,16,0.9375
LLaMA-3.1-8B,SVAMP,46,1,12,16,0.75
LLaMA-3.1-8B,SVAMP,47,3,16,16,1.0
LLaMA-3.1-8B,SVAMP,49,3,15,16,0.9375
LLaMA-3.1-8B,SVAMP,50,2,16,16,1.0
LLaMA-3.1-8B,SVAMP,51,1,15,16,0.9375
LLaMA-3.1-8B,SVAMP,53,6,16,16,1.0
LLaMA-3.1-8B,SVAMP,54,1,3,16,0.1875
LLaMA-3.1-8B,SVAMP,55,3,12,16,0.75
LLaMA-3.1-8B,SVAMP,56,3,16,16,1.0
LLaMA-3.1-8B,SVAMP,57,2,11,16,0.6875
LLaMA-3.1-8B,SVAMP,58,2,12,16,0.75
LLaMA-3.1-8B,SVAMP,59,1,15,16,0.9375
LLaMA-3.1-8B,SVAMP,63,1,10,16,0.625
LLaMA-3.1-8B,SVAMP,64,4,15,16,0.9375
LLaMA-3.1-8B,SVAMP,65,4,16,16,1.0
LLaMA-3.1-8B,SVAMP,66,1,10,16,0.625
LLaMA-3.1-8B,SVAMP,67,2,10,16,0.625
LLaMA-3.1-8B,SVAMP,68,1,9,16,0.5625
LLaMA-3.1-8B,SVAMP,69,5,16,16,1.0
LLaMA-3.1-8B,SVAMP,74,2,16,16,1.0
LLaMA-3.1-8B,SVAMP,75,2,0,16,0.0
LLaMA-3.1-8B,SVAMP,76,3,16,16,1.0
LLaMA-3.1-8B,SVAMP,77,5,14,16,0.875
LLaMA-3.1-8B,SVAMP,78,2,16,16,1.0
LLaMA-3.1-8B,SVAMP,79,2,11,16,0.6875
LLaMA-3.1-8B,SVAMP,80,4,15,16,0.9375
LLaMA-3.1-8B,SVAMP,81,2,16,16,1.0
LLaMA-3.1-8B,SVAMP,82,1,0,16,0.0
LLaMA-3.1-8B,SVAMP,83,1,13,16,0.8125
LLaMA-3.1-8B,SVAMP,84,2,16,16,1.0
LLaMA-3.1-8B,SVAMP,85,3,15,16,0.9375
LLaMA-3.1-8B,SVAMP,86,3,16,16,1.0
LLaMA-3.1-8B,SVAMP,87,2,15,16,0.9375
LLaMA-3.1-8B,SVAMP,88,2,15,16,0.9375
LLaMA-3.1-8B,SVAMP,89,2,16,16,1.0
LLaMA-3.1-8B,SVAMP,90,2,15,16,0.9375
LLaMA-3.1-8B,SVAMP,91,2,16,16,1.0
LLaMA-3.1-8B,SVAMP,92,3,12,16,0.75
LLaMA-3.1-8B,SVAMP,93,2,16,16,1.0
LLaMA-3.1-8B,SVAMP,94,3,0,16,0.0
LLaMA-3.1-8B,SVAMP,95,1,16,16,1.0
LLaMA-3.1-8B,SVAMP,96,4,14,16,0.875
LLaMA-3.1-8B,SVAMP,98,3,16,16,1.0
LLaMA-3.1-8B,SVAMP,99,1,15,16,0.9375
LLaMA-3.1-8B,SVAMP,103,1,16,16,1.0
LLaMA-3.1-8B,SVAMP,105,1,15,16,0.9375
LLaMA-3.1-8B,SVAMP,106,1,10,16,0.625
LLaMA-3.1-8B,SVAMP,107,2,16,16,1.0
LLaMA-3.1-8B,SVAMP,108,2,15,16,0.9375
LLaMA-3.1-8B,SVAMP,111,4,15,16,0.9375
LLaMA-3.1-8B,SVAMP,112,1,15,16,0.9375
LLaMA-3.1-8B,SVAMP,113,3,15,16,0.9375
LLaMA-3.1-8B,SVAMP,114,4,14,16,0.875
LLaMA-3.1-8B,SVAMP,115,1,16,16,1.0
LLaMA-3.1-8B,SVAMP,116,2,15,16,0.9375
LLaMA-3.1-8B,SVAMP,117,1,14,16,0.875
LLaMA-3.1-8B,SVAMP,118,3,16,16,1.0
LLaMA-3.1-8B,SVAMP,119,1,15,16,0.9375
LLaMA-3.1-8B,SVAMP,120,1,14,16,0.875
LLaMA-3.1-8B,SVAMP,121,1,13,16,0.8125
LLaMA-3.1-8B,SVAMP,122,4,16,16,1.0
LLaMA-3.1-8B,SVAMP,125,3,15,16,0.9375
LLaMA-3.1-8B,SVAMP,126,6,16,16,1.0
LLaMA-3.1-8B,SVAMP,128,3,16,16,1.0
LLaMA-3.1-8B,SVAMP,129,3,14,16,0.875
LLaMA-3.1-8B,SVAMP,130,1,16,16,1.0
LLaMA-3.1-8B,SVAMP,131,1,16,16,1.0
LLaMA-3.1-8B,SVAMP,133,1,10,16,0.625
LLaMA-3.1-8B,SVAMP,134,1,15,16,0.9375
LLaMA-3.1-8B,SVAMP,135,4,16,16,1.0
LLaMA-3.1-8B,SVAMP,136,2,15,16,0.9375
LLaMA-3.1-8B,SVAMP,137,2,4,16,0.25
LLaMA-3.1-8B,SVAMP,139,4,15,16,0.9375
LLaMA-3.1-8B,SVAMP,140,1,16,16,1.0
LLaMA-3.1-8B,SVAMP,142,1,4,16,0.25
LLaMA-3.1-8B,SVAMP,143,4,16,16,1.0
LLaMA-3.1-8B,SVAMP,144,1,14,16,0.875
LLaMA-3.1-8B,SVAMP,145,2,15,16,0.9375
LLaMA-3.1-8B,SVAMP,146,3,16,16,1.0
LLaMA-3.1-8B,SVAMP,147,2,16,16,1.0
LLaMA-3.1-8B,SVAMP,148,1,15,16,0.9375
LLaMA-3.1-8B,SVAMP,149,1,16,16,1.0
LLaMA-3.1-8B,SVAMP,150,1,12,16,0.75
LLaMA-3.1-8B,SVAMP,151,1,15,16,0.9375
LLaMA-3.1-8B,SVAMP,152,1,15,16,0.9375
LLaMA-3.1-8B,SVAMP,154,2,15,16,0.9375
LLaMA-3.1-8B,SVAMP,156,1,9,16,0.5625
LLaMA-3.1-8B,SVAMP,158,2,16,16,1.0
LLaMA-3.1-8B,SVAMP,160,1,14,16,0.875
LLaMA-3.1-8B,SVAMP,161,4,13,16,0.8125
LLaMA-3.1-8B,SVAMP,162,3,16,16,1.0
LLaMA-3.1-8B,SVAMP,165,1,16,16,1.0
LLaMA-3.1-8B,SVAMP,167,3,15,16,0.9375
LLaMA-3.1-8B,SVAMP,168,2,14,16,0.875
LLaMA-3.1-8B,SVAMP,169,3,15,16,0.9375
LLaMA-3.1-8B,SVAMP,170,1,15,16,0.9375
LLaMA-3.1-8B,SVAMP,171,1,15,16,0.9375
LLaMA-3.1-8B,SVAMP,172,1,13,16,0.8125
LLaMA-3.1-8B,SVAMP,173,2,15,16,0.9375
LLaMA-3.1-8B,SVAMP,174,1,15,16,0.9375
LLaMA-3.1-8B,SVAMP,175,2,16,16,1.0
LLaMA-3.1-8B,SVAMP,180,1,16,16,1.0
LLaMA-3.1-8B,SVAMP,181,2,14,16,0.875
LLaMA-3.1-8B,SVAMP,182,2,6,16,0.375
LLaMA-3.1-8B,SVAMP,184,3,16,16,1.0
LLaMA-3.1-8B,SVAMP,185,1,10,16,0.625
LLaMA-3.1-8B,SVAMP,186,3,15,16,0.9375
LLaMA-3.1-8B,SVAMP,187,2,8,16,0.5
LLaMA-3.1-8B,SVAMP,188,4,16,16,1.0
LLaMA-3.1-8B,SVAMP,190,2,16,16,1.0
LLaMA-3.1-8B,SVAMP,191,2,1,16,0.0625
LLaMA-3.1-8B,SVAMP,192,4,15,16,0.9375
LLaMA-3.1-8B,SVAMP,193,1,7,16,0.4375
LLaMA-3.1-8B,SVAMP,194,2,9,16,0.5625
LLaMA-3.1-8B,SVAMP,195,1,12,16,0.75
LLaMA-3.1-8B,SVAMP,196,2,14,16,0.875
LLaMA-3.1-8B,SVAMP,197,2,14,16,0.875
LLaMA-3.1-8B,SVAMP,198,1,14,16,0.875
LLaMA-3.1-8B,SVAMP,199,4,16,16,1.0
LLaMA-3.1-8B,SVAMP,201,1,16,16,1.0
LLaMA-3.1-8B,SVAMP,202,1,16,16,1.0
LLaMA-3.1-8B,SVAMP,205,1,15,16,0.9375
LLaMA-3.1-8B,SVAMP,209,2,15,16,0.9375
LLaMA-3.1-8B,SVAMP,211,1,15,16,0.9375
LLaMA-3.1-8B,SVAMP,213,3,16,16,1.0
LLaMA-3.1-8B,SVAMP,214,2,16,16,1.0
LLaMA-3.1-8B,SVAMP,216,1,14,16,0.875
LLaMA-3.1-8B,SVAMP,218,4,15,16,0.9375
LLaMA-3.1-8B,SVAMP,219,2,12,16,0.75
LLaMA-3.1-8B,SVAMP,220,2,14,16,0.875
LLaMA-3.1-8B,SVAMP,221,1,10,16,0.625
LLaMA-3.1-8B,SVAMP,222,2,13,16,0.8125
LLaMA-3.1-8B,SVAMP,223,3,15,16,0.9375
LLaMA-3.1-8B,SVAMP,224,4,15,16,0.9375
LLaMA-3.1-8B,SVAMP,227,2,13,16,0.8125
LLaMA-3.1-8B,SVAMP,228,1,13,16,0.8125
LLaMA-3.1-8B,SVAMP,229,2,15,16,0.9375
LLaMA-3.1-8B,SVAMP,230,2,14,16,0.875
LLaMA-3.1-8B,SVAMP,232,4,5,16,0.3125
LLaMA-3.1-8B,SVAMP,233,2,7,16,0.4375
LLaMA-3.1-8B,SVAMP,239,1,16,16,1.0
LLaMA-3.1-8B,SVAMP,242,4,13,16,0.8125
LLaMA-3.1-8B,SVAMP,245,3,16,16,1.0
LLaMA-3.1-8B,SVAMP,246,2,13,16,0.8125
LLaMA-3.1-8B,SVAMP,247,3,16,16,1.0
LLaMA-3.1-8B,SVAMP,248,1,16,16,1.0
LLaMA-3.1-8B,SVAMP,249,1,12,16,0.75
LLaMA-3.1-8B,SVAMP,250,1,13,16,0.8125
LLaMA-3.1-8B,SVAMP,251,1,14,16,0.875
LLaMA-3.1-8B,SVAMP,254,2,16,16,1.0
LLaMA-3.1-8B,SVAMP,255,3,7,16,0.4375
LLaMA-3.1-8B,SVAMP,256,1,15,16,0.9375
LLaMA-3.1-8B,SVAMP,257,1,16,16,1.0
LLaMA-3.1-8B,SVAMP,259,1,6,16,0.375
LLaMA-3.1-8B,SVAMP,260,5,15,16,0.9375
LLaMA-3.1-8B,SVAMP,261,1,6,16,0.375
LLaMA-3.1-8B,SVAMP,262,1,3,16,0.1875
LLaMA-3.1-8B,SVAMP,263,1,0,16,0.0
LLaMA-3.1-8B,SVAMP,264,1,15,16,0.9375
LLaMA-3.1-8B,SVAMP,265,3,15,16,0.9375
LLaMA-3.1-8B,SVAMP,268,2,16,16,1.0
LLaMA-3.1-8B,SVAMP,269,1,14,16,0.875
LLaMA-3.1-8B,SVAMP,270,2,10,16,0.625
LLaMA-3.1-8B,SVAMP,271,2,16,16,1.0
LLaMA-3.1-8B,SVAMP,272,1,16,16,1.0
LLaMA-3.1-8B,SVAMP,273,3,16,16,1.0
LLaMA-3.1-8B,SVAMP,274,3,15,16,0.9375
LLaMA-3.1-8B,SVAMP,275,1,16,16,1.0
LLaMA-3.1-8B,SVAMP,276,3,14,16,0.875
LLaMA-3.1-8B,SVAMP,279,1,16,16,1.0
LLaMA-3.1-8B,SVAMP,280,1,16,16,1.0
LLaMA-3.1-8B,SVAMP,281,1,15,16,0.9375
LLaMA-3.1-8B,SVAMP,282,2,14,16,0.875
LLaMA-3.1-8B,SVAMP,283,2,16,16,1.0
LLaMA-3.1-8B,SVAMP,284,3,15,16,0.9375
LLaMA-3.1-8B,SVAMP,286,1,16,16,1.0
LLaMA-3.1-8B,SVAMP,287,3,14,16,0.875
LLaMA-3.1-8B,SVAMP,288,3,15,16,0.9375
LLaMA-3.1-8B,SVAMP,289,3,10,16,0.625
LLaMA-3.1-8B,SVAMP,290,2,16,16,1.0
LLaMA-3.1-8B,SVAMP,291,1,14,16,0.875
LLaMA-3.1-8B,SVAMP,292,2,16,16,1.0
LLaMA-3.1-8B,SVAMP,294,1,10,16,0.625
LLaMA-3.1-8B,SVAMP,295,3,15,16,0.9375
LLaMA-3.1-8B,SVAMP,296,4,8,16,0.5
LLaMA-3.1-8B,SVAMP,297,2,9,16,0.5625
LLaMA-3.1-8B,SVAMP,298,2,5,16,0.3125
LLaMA-3.1-8B,SVAMP,299,1,16,16,1.0
LLaMA-3.1-8B,SVAMP,301,4,16,16,1.0
LLaMA-3.1-8B,SVAMP,304,4,15,16,0.9375
LLaMA-3.1-8B,SVAMP,305,2,16,16,1.0
LLaMA-3.1-8B,SVAMP,308,4,15,16,0.9375
LLaMA-3.1-8B,SVAMP,309,2,16,16,1.0
LLaMA-3.1-8B,SVAMP,310,1,12,16,0.75
LLaMA-3.1-8B,SVAMP,311,5,15,16,0.9375
LLaMA-3.1-8B,SVAMP,313,2,16,16,1.0
LLaMA-3.1-8B,SVAMP,314,2,3,16,0.1875
LLaMA-3.1-8B,SVAMP,315,1,16,16,1.0
LLaMA-3.1-8B,SVAMP,316,3,16,16,1.0
LLaMA-3.1-8B,SVAMP,317,2,1,16,0.0625
LLaMA-3.1-8B,SVAMP,318,1,14,16,0.875
LLaMA-3.1-8B,SVAMP,319,1,11,16,0.6875
LLaMA-3.1-8B,SVAMP,322,4,16,16,1.0
LLaMA-3.1-8B,SVAMP,323,2,10,16,0.625
LLaMA-3.1-8B,SVAMP,324,2,15,16,0.9375
LLaMA-3.1-8B,SVAMP,325,2,15,16,0.9375
LLaMA-3.1-8B,SVAMP,327,1,15,16,0.9375
LLaMA-3.1-8B,SVAMP,330,1,16,16,1.0
LLaMA-3.1-8B,SVAMP,331,1,13,16,0.8125
LLaMA-3.1-8B,SVAMP,332,1,15,16,0.9375
LLaMA-3.1-8B,SVAMP,333,1,13,16,0.8125
LLaMA-3.1-8B,SVAMP,334,1,16,16,1.0
LLaMA-3.1-8B,SVAMP,337,1,13,16,0.8125
LLaMA-3.1-8B,SVAMP,338,5,14,16,0.875
LLaMA-3.1-8B,SVAMP,339,3,16,16,1.0
LLaMA-3.1-8B,SVAMP,340,1,16,16,1.0
LLaMA-3.1-8B,SVAMP,341,1,10,16,0.625
LLaMA-3.1-8B,SVAMP,342,1,3,16,0.1875
LLaMA-3.1-8B,SVAMP,347,2,6,16,0.375
LLaMA-3.1-8B,SVAMP,348,1,13,16,0.8125
LLaMA-3.1-8B,SVAMP,350,1,9,16,0.5625
LLaMA-3.1-8B,SVAMP,351,1,0,16,0.0
LLaMA-3.1-8B,SVAMP,352,1,11,16,0.6875
LLaMA-3.1-8B,SVAMP,354,1,16,16,1.0
LLaMA-3.1-8B,SVAMP,355,2,14,16,0.875
LLaMA-3.1-8B,SVAMP,356,1,16,16,1.0
LLaMA-3.1-8B,SVAMP,357,5,16,16,1.0
LLaMA-3.1-8B,SVAMP,360,2,16,16,1.0
LLaMA-3.1-8B,SVAMP,361,2,16,16,1.0
LLaMA-3.1-8B,SVAMP,362,1,10,16,0.625
LLaMA-3.1-8B,SVAMP,364,1,16,16,1.0
LLaMA-3.1-8B,SVAMP,365,2,16,16,1.0
LLaMA-3.1-8B,SVAMP,366,2,15,16,0.9375
LLaMA-3.1-8B,SVAMP,367,2,16,16,1.0
LLaMA-3.1-8B,SVAMP,368,1,15,16,0.9375
LLaMA-3.1-8B,SVAMP,369,2,15,16,0.9375
LLaMA-3.1-8B,SVAMP,371,2,14,16,0.875
LLaMA-3.1-8B,SVAMP,372,1,13,16,0.8125
LLaMA-3.1-8B,SVAMP,373,4,14,16,0.875
LLaMA-3.1-8B,SVAMP,375,3,15,16,0.9375
LLaMA-3.1-8B,SVAMP,376,1,14,16,0.875
LLaMA-3.1-8B,SVAMP,377,2,12,16,0.75
LLaMA-3.1-8B,SVAMP,381,2,13,16,0.8125
LLaMA-3.1-8B,SVAMP,382,1,6,16,0.375
LLaMA-3.1-8B,SVAMP,385,1,13,16,0.8125
LLaMA-3.1-8B,SVAMP,386,1,11,16,0.6875
LLaMA-3.1-8B,SVAMP,387,1,12,16,0.75
LLaMA-3.1-8B,SVAMP,388,1,16,16,1.0
LLaMA-3.1-8B,SVAMP,390,1,14,16,0.875
LLaMA-3.1-8B,SVAMP,391,2,16,16,1.0
LLaMA-3.1-8B,SVAMP,392,2,16,16,1.0
LLaMA-3.1-8B,SVAMP,393,2,16,16,1.0
LLaMA-3.1-8B,SVAMP,394,4,15,16,0.9375
LLaMA-3.1-8B,SVAMP,395,3,11,16,0.6875
LLaMA-3.1-8B,SVAMP,396,4,12,16,0.75
LLaMA-3.1-8B,SVAMP,398,1,7,16,0.4375
LLaMA-3.1-8B,SVAMP,399,1,2,16,0.125
LLaMA-3.1-8B,SVAMP,400,6,14,16,0.875
LLaMA-3.1-8B,SVAMP,401,2,16,16,1.0
LLaMA-3.1-8B,SVAMP,402,1,15,16,0.9375
LLaMA-3.1-8B,SVAMP,403,3,15,16,0.9375
LLaMA-3.1-8B,SVAMP,404,2,14,16,0.875
LLaMA-3.1-8B,SVAMP,405,6,16,16,1.0
LLaMA-3.1-8B,SVAMP,406,1,15,16,0.9375
LLaMA-3.1-8B,SVAMP,407,2,16,16,1.0
LLaMA-3.1-8B,SVAMP,408,2,6,16,0.375
LLaMA-3.1-8B,SVAMP,409,1,15,16,0.9375
LLaMA-3.1-8B,SVAMP,411,3,5,16,0.3125
LLaMA-3.1-8B,SVAMP,412,4,16,16,1.0
LLaMA-3.1-8B,SVAMP,413,2,14,16,0.875
LLaMA-3.1-8B,SVAMP,414,1,1,16,0.0625
LLaMA-3.1-8B,SVAMP,416,2,16,16,1.0
LLaMA-3.1-8B,SVAMP,417,1,14,16,0.875
LLaMA-3.1-8B,SVAMP,418,3,16,16,1.0
LLaMA-3.1-8B,SVAMP,419,3,16,16,1.0
LLaMA-3.1-8B,SVAMP,420,3,9,16,0.5625
LLaMA-3.1-8B,SVAMP,421,2,10,16,0.625
LLaMA-3.1-8B,SVAMP,422,2,16,16,1.0
LLaMA-3.1-8B,SVAMP,423,3,16,16,1.0
LLaMA-3.1-8B,SVAMP,424,2,16,16,1.0
LLaMA-3.1-8B,SVAMP,426,3,16,16,1.0
LLaMA-3.1-8B,SVAMP,427,2,16,16,1.0
LLaMA-3.1-8B,SVAMP,428,2,16,16,1.0
LLaMA-3.1-8B,SVAMP,430,1,10,16,0.625
LLaMA-3.1-8B,SVAMP,431,1,12,16,0.75
LLaMA-3.1-8B,SVAMP,432,1,16,16,1.0
LLaMA-3.1-8B,SVAMP,433,1,15,16,0.9375
LLaMA-3.1-8B,SVAMP,434,1,16,16,1.0
LLaMA-3.1-8B,SVAMP,435,2,14,16,0.875
LLaMA-3.1-8B,SVAMP,436,1,14,16,0.875
LLaMA-3.1-8B,SVAMP,437,2,0,16,0.0
LLaMA-3.1-8B,SVAMP,438,1,16,16,1.0
LLaMA-3.1-8B,SVAMP,439,4,8,16,0.5
LLaMA-3.1-8B,SVAMP,440,3,15,16,0.9375
LLaMA-3.1-8B,SVAMP,441,3,15,16,0.9375
LLaMA-3.1-8B,SVAMP,443,5,16,16,1.0
LLaMA-3.1-8B,SVAMP,444,3,15,16,0.9375
LLaMA-3.1-8B,SVAMP,445,2,15,16,0.9375
LLaMA-3.1-8B,SVAMP,448,1,15,16,0.9375
LLaMA-3.1-8B,SVAMP,449,6,16,16,1.0
LLaMA-3.1-8B,SVAMP,450,3,15,16,0.9375
LLaMA-3.1-8B,SVAMP,451,4,13,16,0.8125
LLaMA-3.1-8B,SVAMP,452,1,3,16,0.1875
LLaMA-3.1-8B,SVAMP,454,3,16,16,1.0
LLaMA-3.1-8B,SVAMP,455,4,15,16,0.9375
LLaMA-3.1-8B,SVAMP,456,4,15,16,0.9375
LLaMA-3.1-8B,SVAMP,457,1,16,16,1.0
LLaMA-3.1-8B,SVAMP,458,3,13,16,0.8125
LLaMA-3.1-8B,SVAMP,461,1,15,16,0.9375
LLaMA-3.1-8B,SVAMP,463,1,16,16,1.0
LLaMA-3.1-8B,SVAMP,464,2,15,16,0.9375
LLaMA-3.1-8B,SVAMP,465,1,16,16,1.0
LLaMA-3.1-8B,SVAMP,466,4,16,16,1.0
LLaMA-3.1-8B,SVAMP,467,1,15,16,0.9375
LLaMA-3.1-8B,SVAMP,468,2,15,16,0.9375
LLaMA-3.1-8B,SVAMP,469,5,16,16,1.0
LLaMA-3.1-8B,SVAMP,470,4,15,16,0.9375
LLaMA-3.1-8B,SVAMP,473,6,15,16,0.9375
LLaMA-3.1-8B,SVAMP,474,1,13,16,0.8125
LLaMA-3.1-8B,SVAMP,476,1,16,16,1.0
LLaMA-3.1-8B,SVAMP,477,3,16,16,1.0
LLaMA-3.1-8B,SVAMP,479,2,14,16,0.875
LLaMA-3.1-8B,SVAMP,480,4,16,16,1.0
LLaMA-3.1-8B,SVAMP,481,2,16,16,1.0
LLaMA-3.1-8B,SVAMP,483,1,14,16,0.875
LLaMA-3.1-8B,SVAMP,484,2,10,16,0.625
LLaMA-3.1-8B,SVAMP,485,4,11,16,0.6875
LLaMA-3.1-8B,SVAMP,487,1,13,16,0.8125
LLaMA-3.1-8B,SVAMP,488,3,16,16,1.0
LLaMA-3.1-8B,SVAMP,489,2,10,16,0.625
LLaMA-3.1-8B,SVAMP,490,1,8,16,0.5
LLaMA-3.1-8B,SVAMP,491,1,16,16,1.0
LLaMA-3.1-8B,SVAMP,492,1,14,16,0.875
LLaMA-3.1-8B,SVAMP,494,2,15,16,0.9375
LLaMA-3.1-8B,SVAMP,496,2,14,16,0.875
LLaMA-3.1-8B,SVAMP,498,1,15,16,0.9375
LLaMA-3.1-8B,SVAMP,499,1,4,16,0.25
LLaMA-3.1-8B,SVAMP,500,1,12,16,0.75
LLaMA-3.1-8B,SVAMP,501,2,12,16,0.75
LLaMA-3.1-8B,SVAMP,502,1,14,16,0.875
LLaMA-3.1-8B,SVAMP,503,1,16,16,1.0
LLaMA-3.1-8B,SVAMP,504,2,14,16,0.875
LLaMA-3.1-8B,SVAMP,505,1,15,16,0.9375
LLaMA-3.1-8B,SVAMP,506,3,13,16,0.8125
LLaMA-3.1-8B,SVAMP,508,4,15,16,0.9375
LLaMA-3.1-8B,SVAMP,511,1,13,16,0.8125
LLaMA-3.1-8B,SVAMP,512,3,14,16,0.875
LLaMA-3.1-8B,SVAMP,514,3,16,16,1.0
LLaMA-3.1-8B,SVAMP,515,1,5,16,0.3125
LLaMA-3.1-8B,SVAMP,517,1,11,16,0.6875
LLaMA-3.1-8B,SVAMP,519,1,14,16,0.875
LLaMA-3.1-8B,SVAMP,520,2,15,16,0.9375
LLaMA-3.1-8B,SVAMP,521,4,16,16,1.0
LLaMA-3.1-8B,SVAMP,523,1,16,16,1.0
LLaMA-3.1-8B,SVAMP,524,3,16,16,1.0
LLaMA-3.1-8B,SVAMP,525,1,11,16,0.6875
LLaMA-3.1-8B,SVAMP,527,2,16,16,1.0
LLaMA-3.1-8B,SVAMP,529,1,10,16,0.625
LLaMA-3.1-8B,SVAMP,530,4,15,16,0.9375
LLaMA-3.1-8B,SVAMP,531,2,10,16,0.625
LLaMA-3.1-8B,SVAMP,533,4,15,16,0.9375
LLaMA-3.1-8B,SVAMP,534,1,12,16,0.75
LLaMA-3.1-8B,SVAMP,535,2,14,16,0.875
LLaMA-3.1-8B,SVAMP,536,1,13,16,0.8125
LLaMA-3.1-8B,SVAMP,537,2,16,16,1.0
LLaMA-3.1-8B,SVAMP,538,1,16,16,1.0
LLaMA-3.1-8B,SVAMP,539,3,14,16,0.875
LLaMA-3.1-8B,SVAMP,540,1,12,16,0.75
LLaMA-3.1-8B,SVAMP,542,3,13,16,0.8125
LLaMA-3.1-8B,SVAMP,543,1,4,16,0.25
LLaMA-3.1-8B,SVAMP,544,1,13,16,0.8125
LLaMA-3.1-8B,SVAMP,545,1,11,16,0.6875
LLaMA-3.1-8B,SVAMP,546,3,0,16,0.0
LLaMA-3.1-8B,SVAMP,547,2,16,16,1.0
LLaMA-3.1-8B,SVAMP,548,2,12,16,0.75
LLaMA-3.1-8B,SVAMP,549,1,16,16,1.0
LLaMA-3.1-8B,SVAMP,550,1,9,16,0.5625
LLaMA-3.1-8B,SVAMP,552,1,9,16,0.5625
LLaMA-3.1-8B,SVAMP,553,2,14,16,0.875
LLaMA-3.1-8B,SVAMP,554,4,16,16,1.0
LLaMA-3.1-8B,SVAMP,555,1,15,16,0.9375
LLaMA-3.1-8B,SVAMP,556,2,14,16,0.875
LLaMA-3.1-8B,SVAMP,558,3,11,16,0.6875
LLaMA-3.1-8B,SVAMP,559,1,16,16,1.0
LLaMA-3.1-8B,SVAMP,560,1,15,16,0.9375
LLaMA-3.1-8B,SVAMP,561,2,1,16,0.0625
LLaMA-3.1-8B,SVAMP,562,2,16,16,1.0
LLaMA-3.1-8B,SVAMP,563,1,14,16,0.875
LLaMA-3.1-8B,SVAMP,564,3,12,16,0.75
LLaMA-3.1-8B,SVAMP,565,2,11,16,0.6875
LLaMA-3.1-8B,SVAMP,566,6,16,16,1.0
LLaMA-3.1-8B,SVAMP,567,1,12,16,0.75
LLaMA-3.1-8B,SVAMP,568,1,16,16,1.0
LLaMA-3.1-8B,SVAMP,570,2,15,16,0.9375
LLaMA-3.1-8B,SVAMP,571,1,11,16,0.6875
LLaMA-3.1-8B,SVAMP,572,1,15,16,0.9375
LLaMA-3.1-8B,SVAMP,574,3,16,16,1.0
LLaMA-3.1-8B,SVAMP,575,2,15,16,0.9375
LLaMA-3.1-8B,SVAMP,577,2,16,16,1.0
LLaMA-3.1-8B,SVAMP,578,2,5,16,0.3125
LLaMA-3.1-8B,SVAMP,579,2,11,16,0.6875
LLaMA-3.1-8B,SVAMP,580,2,15,16,0.9375
LLaMA-3.1-8B,SVAMP,581,3,14,16,0.875
LLaMA-3.1-8B,SVAMP,582,1,16,16,1.0
LLaMA-3.1-8B,SVAMP,583,1,16,16,1.0
LLaMA-3.1-8B,SVAMP,584,2,15,16,0.9375
LLaMA-3.1-8B,SVAMP,585,2,14,16,0.875
LLaMA-3.1-8B,SVAMP,586,1,16,16,1.0
LLaMA-3.1-8B,SVAMP,587,3,11,16,0.6875
LLaMA-3.1-8B,SVAMP,588,4,13,16,0.8125
LLaMA-3.1-8B,SVAMP,589,2,16,16,1.0
LLaMA-3.1-8B,SVAMP,590,1,16,16,1.0
LLaMA-3.1-8B,SVAMP,591,2,16,16,1.0
LLaMA-3.1-8B,SVAMP,592,1,16,16,1.0
LLaMA-3.1-8B,SVAMP,593,2,16,16,1.0
LLaMA-3.1-8B,SVAMP,594,2,16,16,1.0
LLaMA-3.1-8B,SVAMP,595,1,0,16,0.0
LLaMA-3.1-8B,SVAMP,596,1,16,16,1.0
LLaMA-3.1-8B,SVAMP,597,3,14,16,0.875
LLaMA-3.1-8B,SVAMP,598,4,15,16,0.9375
LLaMA-3.1-8B,SVAMP,599,2,15,16,0.9375
LLaMA-3.1-8B,SVAMP,600,2,15,16,0.9375
LLaMA-3.1-8B,SVAMP,601,2,16,16,1.0
LLaMA-3.1-8B,SVAMP,602,1,15,16,0.9375
LLaMA-3.1-8B,SVAMP,604,2,16,16,1.0
LLaMA-3.1-8B,SVAMP,605,2,16,16,1.0
LLaMA-3.1-8B,SVAMP,606,1,16,16,1.0
LLaMA-3.1-8B,SVAMP,607,1,16,16,1.0
LLaMA-3.1-8B,SVAMP,608,1,16,16,1.0
LLaMA-3.1-8B,SVAMP,610,2,14,16,0.875
LLaMA-3.1-8B,SVAMP,612,1,12,16,0.75
LLaMA-3.1-8B,SVAMP,613,1,12,16,0.75
LLaMA-3.1-8B,SVAMP,614,1,15,16,0.9375
LLaMA-3.1-8B,SVAMP,615,1,14,16,0.875
LLaMA-3.1-8B,SVAMP,616,1,15,16,0.9375
LLaMA-3.1-8B,SVAMP,617,4,14,16,0.875
LLaMA-3.1-8B,SVAMP,618,1,16,16,1.0
LLaMA-3.1-8B,SVAMP,619,3,13,16,0.8125
LLaMA-3.1-8B,SVAMP,620,2,16,16,1.0
LLaMA-3.1-8B,SVAMP,621,1,16,16,1.0
LLaMA-3.1-8B,SVAMP,622,3,14,16,0.875
LLaMA-3.1-8B,SVAMP,623,5,15,16,0.9375
LLaMA-3.1-8B,SVAMP,624,1,16,16,1.0
LLaMA-3.1-8B,SVAMP,625,2,11,16,0.6875
LLaMA-3.1-8B,SVAMP,626,1,12,16,0.75
LLaMA-3.1-8B,SVAMP,627,3,15,16,0.9375
LLaMA-3.1-8B,SVAMP,628,3,1,16,0.0625
LLaMA-3.1-8B,SVAMP,629,1,16,16,1.0
LLaMA-3.1-8B,SVAMP,630,2,9,16,0.5625
LLaMA-3.1-8B,SVAMP,631,1,16,16,1.0
LLaMA-3.1-8B,SVAMP,632,3,13,16,0.8125
LLaMA-3.1-8B,SVAMP,633,2,13,16,0.8125
LLaMA-3.1-8B,SVAMP,634,1,16,16,1.0
LLaMA-3.1-8B,SVAMP,635,3,16,16,1.0
LLaMA-3.1-8B,SVAMP,636,1,6,16,0.375
LLaMA-3.1-8B,SVAMP,637,2,11,16,0.6875
LLaMA-3.1-8B,SVAMP,638,1,9,16,0.5625
LLaMA-3.1-8B,SVAMP,641,3,15,16,0.9375
LLaMA-3.1-8B,SVAMP,643,3,15,16,0.9375
LLaMA-3.1-8B,SVAMP,644,3,15,16,0.9375
LLaMA-3.1-8B,SVAMP,646,3,15,16,0.9375
LLaMA-3.1-8B,SVAMP,647,1,8,16,0.5
LLaMA-3.1-8B,SVAMP,648,5,16,16,1.0
LLaMA-3.1-8B,SVAMP,649,1,16,16,1.0
LLaMA-3.1-8B,SVAMP,650,1,5,16,0.3125
LLaMA-3.1-8B,SVAMP,651,1,16,16,1.0
LLaMA-3.1-8B,SVAMP,652,2,7,16,0.4375
LLaMA-3.1-8B,SVAMP,653,2,16,16,1.0
LLaMA-3.1-8B,SVAMP,654,2,15,16,0.9375
LLaMA-3.1-8B,SVAMP,655,3,2,16,0.125
LLaMA-3.1-8B,SVAMP,656,1,14,16,0.875
LLaMA-3.1-8B,SVAMP,658,3,11,16,0.6875
LLaMA-3.1-8B,SVAMP,661,1,5,16,0.3125
LLaMA-3.1-8B,SVAMP,662,2,16,16,1.0
LLaMA-3.1-8B,SVAMP,663,2,0,16,0.0
LLaMA-3.1-8B,SVAMP,664,2,12,16,0.75
LLaMA-3.1-8B,SVAMP,665,1,13,16,0.8125
LLaMA-3.1-8B,SVAMP,667,1,16,16,1.0
LLaMA-3.1-8B,SVAMP,668,2,16,16,1.0
LLaMA-3.1-8B,SVAMP,669,1,10,16,0.625
LLaMA-3.1-8B,SVAMP,670,2,14,16,0.875
LLaMA-3.1-8B,SVAMP,672,1,15,16,0.9375
LLaMA-3.1-8B,SVAMP,673,4,13,16,0.8125
LLaMA-3.1-8B,SVAMP,674,4,16,16,1.0
LLaMA-3.1-8B,SVAMP,675,5,13,16,0.8125
LLaMA-3.1-8B,SVAMP,676,3,13,16,0.8125
LLaMA-3.1-8B,SVAMP,677,2,16,16,1.0
LLaMA-3.1-8B,SVAMP,678,3,15,16,0.9375
LLaMA-3.1-8B,SVAMP,679,3,1,16,0.0625
LLaMA-3.1-8B,SVAMP,681,7,16,16,1.0
LLaMA-3.1-8B,SVAMP,682,3,14,16,0.875
LLaMA-3.1-8B,SVAMP,683,2,7,16,0.4375
LLaMA-3.1-8B,SVAMP,684,1,14,16,0.875
LLaMA-3.1-8B,SVAMP,685,3,15,16,0.9375
LLaMA-3.1-8B,SVAMP,686,5,15,16,0.9375
LLaMA-3.1-8B,SVAMP,687,3,13,16,0.8125
LLaMA-3.1-8B,SVAMP,688,1,9,16,0.5625
LLaMA-3.1-8B,SVAMP,690,2,15,16,0.9375
LLaMA-3.1-8B,SVAMP,691,1,16,16,1.0
LLaMA-3.1-8B,SVAMP,692,4,16,16,1.0
LLaMA-3.1-8B,SVAMP,693,2,6,16,0.375
LLaMA-3.1-8B,SVAMP,695,2,14,16,0.875
LLaMA-3.1-8B,SVAMP,697,4,13,16,0.8125
LLaMA-3.1-8B,SVAMP,698,2,16,16,1.0
LLaMA-3.1-8B,SVAMP,699,1,15,16,0.9375
LLaMA-3.1-8B,SVAMP,700,4,14,16,0.875
LLaMA-3.1-8B,SVAMP,702,2,16,16,1.0
LLaMA-3.1-8B,SVAMP,703,3,14,16,0.875
LLaMA-3.1-8B,SVAMP,704,1,15,16,0.9375
LLaMA-3.1-8B,SVAMP,705,1,13,16,0.8125
LLaMA-3.1-8B,SVAMP,706,1,1,16,0.0625
LLaMA-3.1-8B,SVAMP,707,2,16,16,1.0
LLaMA-3.1-8B,SVAMP,708,3,14,16,0.875
LLaMA-3.1-8B,SVAMP,709,3,16,16,1.0
LLaMA-3.1-8B,SVAMP,710,1,0,16,0.0
LLaMA-3.1-8B,SVAMP,713,2,16,16,1.0
LLaMA-3.1-8B,SVAMP,715,1,15,16,0.9375
LLaMA-3.1-8B,SVAMP,716,3,7,16,0.4375
LLaMA-3.1-8B,SVAMP,717,1,0,16,0.0
LLaMA-3.1-8B,SVAMP,719,4,16,16,1.0
LLaMA-3.1-8B,SVAMP,721,1,16,16,1.0
LLaMA-3.1-8B,SVAMP,722,2,4,16,0.25
LLaMA-3.1-8B,SVAMP,724,3,13,16,0.8125
LLaMA-3.1-8B,SVAMP,726,2,0,16,0.0
LLaMA-3.1-8B,SVAMP,727,1,4,16,0.25
LLaMA-3.1-8B,SVAMP,728,2,15,16,0.9375
LLaMA-3.1-8B,SVAMP,729,2,14,16,0.875
LLaMA-3.1-8B,SVAMP,730,2,14,16,0.875
LLaMA-3.1-8B,SVAMP,731,3,7,16,0.4375
LLaMA-3.1-8B,SVAMP,732,2,14,16,0.875
LLaMA-3.1-8B,SVAMP,733,2,14,16,0.875
LLaMA-3.1-8B,SVAMP,734,2,8,16,0.5
LLaMA-3.1-8B,SVAMP,735,4,14,16,0.875
LLaMA-3.1-8B,SVAMP,738,2,4,16,0.25
LLaMA-3.1-8B,SVAMP,741,1,8,16,0.5
LLaMA-3.1-8B,SVAMP,742,2,15,16,0.9375
LLaMA-3.1-8B,SVAMP,743,1,5,16,0.3125
LLaMA-3.1-8B,SVAMP,746,4,11,16,0.6875
LLaMA-3.1-8B,SVAMP,747,1,7,16,0.4375
LLaMA-3.1-8B,SVAMP,748,3,15,16,0.9375
LLaMA-3.1-8B,SVAMP,749,1,8,16,0.5
LLaMA-3.1-8B,SVAMP,750,3,13,16,0.8125
LLaMA-3.1-8B,SVAMP,751,2,16,16,1.0
LLaMA-3.1-8B,SVAMP,752,2,14,16,0.875
LLaMA-3.1-8B,SVAMP,753,2,10,16,0.625
LLaMA-3.1-8B,SVAMP,754,2,16,16,1.0
LLaMA-3.1-8B,SVAMP,755,2,15,16,0.9375
LLaMA-3.1-8B,SVAMP,756,2,16,16,1.0
LLaMA-3.1-8B,SVAMP,757,1,10,16,0.625
LLaMA-3.1-8B,SVAMP,758,1,15,16,0.9375
LLaMA-3.1-8B,SVAMP,759,2,16,16,1.0
LLaMA-3.1-8B,SVAMP,760,1,14,16,0.875
LLaMA-3.1-8B,SVAMP,761,4,13,16,0.8125
LLaMA-3.1-8B,SVAMP,764,1,14,16,0.875
LLaMA-3.1-8B,SVAMP,765,1,13,16,0.8125
LLaMA-3.1-8B,SVAMP,766,1,2,16,0.125
LLaMA-3.1-8B,SVAMP,767,1,2,16,0.125
LLaMA-3.1-8B,SVAMP,768,1,12,16,0.75
LLaMA-3.1-8B,SVAMP,769,3,16,16,1.0
LLaMA-3.1-8B,SVAMP,770,3,11,16,0.6875
LLaMA-3.1-8B,SVAMP,771,1,15,16,0.9375
LLaMA-3.1-8B,SVAMP,772,2,16,16,1.0
LLaMA-3.1-8B,SVAMP,773,3,16,16,1.0
LLaMA-3.1-8B,SVAMP,774,2,16,16,1.0
LLaMA-3.1-8B,SVAMP,775,6,16,16,1.0
LLaMA-3.1-8B,SVAMP,776,2,15,16,0.9375
LLaMA-3.1-8B,SVAMP,778,1,10,16,0.625
LLaMA-3.1-8B,SVAMP,779,3,6,16,0.375
LLaMA-3.1-8B,SVAMP,780,1,16,16,1.0
LLaMA-3.1-8B,SVAMP,782,1,15,16,0.9375
LLaMA-3.1-8B,SVAMP,783,4,15,16,0.9375
LLaMA-3.1-8B,SVAMP,784,1,12,16,0.75
LLaMA-3.1-8B,SVAMP,785,3,14,16,0.875
LLaMA-3.1-8B,SVAMP,786,1,15,16,0.9375
LLaMA-3.1-8B,SVAMP,787,1,7,16,0.4375
LLaMA-3.1-8B,SVAMP,788,1,9,16,0.5625
LLaMA-3.1-8B,SVAMP,789,2,15,16,0.9375
LLaMA-3.1-8B,SVAMP,790,1,5,16,0.3125
LLaMA-3.1-8B,SVAMP,792,1,14,16,0.875
LLaMA-3.1-8B,SVAMP,793,3,14,16,0.875
LLaMA-3.1-8B,SVAMP,794,1,2,16,0.125
LLaMA-3.1-8B,SVAMP,795,3,15,16,0.9375
LLaMA-3.1-8B,SVAMP,796,5,16,16,1.0
LLaMA-3.1-8B,SVAMP,797,2,16,16,1.0
LLaMA-3.1-8B,SVAMP,798,1,11,16,0.6875
LLaMA-3.1-8B,SVAMP,801,2,15,16,0.9375
LLaMA-3.1-8B,SVAMP,802,1,12,16,0.75
LLaMA-3.1-8B,SVAMP,803,1,16,16,1.0
LLaMA-3.1-8B,SVAMP,804,1,16,16,1.0
LLaMA-3.1-8B,SVAMP,805,2,15,16,0.9375
LLaMA-3.1-8B,SVAMP,807,1,6,16,0.375
LLaMA-3.1-8B,SVAMP,808,1,16,16,1.0
LLaMA-3.1-8B,SVAMP,809,1,15,16,0.9375
LLaMA-3.1-8B,SVAMP,810,1,13,16,0.8125
LLaMA-3.1-8B,SVAMP,811,1,16,16,1.0
LLaMA-3.1-8B,SVAMP,812,1,16,16,1.0
LLaMA-3.1-8B,SVAMP,813,3,16,16,1.0
LLaMA-3.1-8B,SVAMP,816,1,15,16,0.9375
LLaMA-3.1-8B,SVAMP,817,3,11,16,0.6875
LLaMA-3.1-8B,SVAMP,819,1,16,16,1.0
LLaMA-3.1-8B,SVAMP,821,3,14,16,0.875
LLaMA-3.1-8B,SVAMP,822,5,15,16,0.9375
LLaMA-3.1-8B,SVAMP,823,2,15,16,0.9375
LLaMA-3.1-8B,SVAMP,824,2,16,16,1.0
LLaMA-3.1-8B,SVAMP,825,2,15,16,0.9375
LLaMA-3.1-8B,SVAMP,826,3,14,16,0.875
LLaMA-3.1-8B,SVAMP,827,2,9,16,0.5625
LLaMA-3.1-8B,SVAMP,829,1,16,16,1.0
LLaMA-3.1-8B,SVAMP,830,1,7,16,0.4375
LLaMA-3.1-8B,SVAMP,831,3,16,16,1.0
LLaMA-3.1-8B,SVAMP,833,1,16,16,1.0
LLaMA-3.1-8B,SVAMP,834,5,15,16,0.9375
LLaMA-3.1-8B,SVAMP,835,1,11,16,0.6875
LLaMA-3.1-8B,SVAMP,836,2,6,16,0.375
LLaMA-3.1-8B,SVAMP,837,1,13,16,0.8125
LLaMA-3.1-8B,SVAMP,840,1,15,16,0.9375
LLaMA-3.1-8B,SVAMP,841,2,14,16,0.875
LLaMA-3.1-8B,SVAMP,842,1,16,16,1.0
LLaMA-3.1-8B,SVAMP,843,1,10,16,0.625
LLaMA-3.1-8B,SVAMP,844,4,15,16,0.9375
LLaMA-3.1-8B,SVAMP,845,1,15,16,0.9375
LLaMA-3.1-8B,SVAMP,846,1,16,16,1.0
LLaMA-3.1-8B,SVAMP,849,1,10,16,0.625
LLaMA-3.1-8B,SVAMP,850,2,16,16,1.0
LLaMA-3.1-8B,SVAMP,852,2,16,16,1.0
LLaMA-3.1-8B,SVAMP,853,1,16,16,1.0
LLaMA-3.1-8B,SVAMP,854,3,14,16,0.875
LLaMA-3.1-8B,SVAMP,855,4,16,16,1.0
LLaMA-3.1-8B,SVAMP,856,3,16,16,1.0
LLaMA-3.1-8B,SVAMP,857,3,4,16,0.25
LLaMA-3.1-8B,SVAMP,858,2,15,16,0.9375
LLaMA-3.1-8B,SVAMP,859,2,16,16,1.0
LLaMA-3.1-8B,SVAMP,860,1,14,16,0.875
LLaMA-3.1-8B,SVAMP,861,1,5,16,0.3125
LLaMA-3.1-8B,SVAMP,862,2,16,16,1.0
LLaMA-3.1-8B,SVAMP,863,2,13,16,0.8125
LLaMA-3.1-8B,SVAMP,865,4,15,16,0.9375
LLaMA-3.1-8B,SVAMP,866,5,15,16,0.9375
LLaMA-3.1-8B,SVAMP,867,3,11,16,0.6875
LLaMA-3.1-8B,SVAMP,868,2,8,16,0.5
LLaMA-3.1-8B,SVAMP,869,6,16,16,1.0
LLaMA-3.1-8B,SVAMP,870,4,16,16,1.0
LLaMA-3.1-8B,SVAMP,871,2,13,16,0.8125
LLaMA-3.1-8B,SVAMP,873,1,15,16,0.9375
LLaMA-3.1-8B,SVAMP,874,3,15,16,0.9375
LLaMA-3.1-8B,SVAMP,875,2,15,16,0.9375
LLaMA-3.1-8B,SVAMP,877,1,15,16,0.9375
LLaMA-3.1-8B,SVAMP,878,1,12,16,0.75
LLaMA-3.1-8B,SVAMP,880,1,16,16,1.0
LLaMA-3.1-8B,SVAMP,883,3,16,16,1.0
LLaMA-3.1-8B,SVAMP,884,2,15,16,0.9375
LLaMA-3.1-8B,SVAMP,886,2,15,16,0.9375
LLaMA-3.1-8B,SVAMP,887,1,14,16,0.875
LLaMA-3.1-8B,SVAMP,888,3,16,16,1.0
LLaMA-3.1-8B,SVAMP,890,1,14,16,0.875
LLaMA-3.1-8B,SVAMP,891,3,15,16,0.9375
LLaMA-3.1-8B,SVAMP,892,1,16,16,1.0
LLaMA-3.1-8B,SVAMP,893,1,15,16,0.9375
LLaMA-3.1-8B,SVAMP,894,4,16,16,1.0
LLaMA-3.1-8B,SVAMP,895,4,15,16,0.9375
LLaMA-3.1-8B,SVAMP,896,4,4,16,0.25
LLaMA-3.1-8B,SVAMP,897,3,16,16,1.0
LLaMA-3.1-8B,SVAMP,899,4,12,16,0.75
LLaMA-3.1-8B,SVAMP,900,1,4,16,0.25
LLaMA-3.1-8B,SVAMP,901,3,16,16,1.0
LLaMA-3.1-8B,SVAMP,902,1,8,16,0.5
LLaMA-3.1-8B,SVAMP,903,2,16,16,1.0
LLaMA-3.1-8B,SVAMP,904,1,16,16,1.0
LLaMA-3.1-8B,SVAMP,905,4,15,16,0.9375
LLaMA-3.1-8B,SVAMP,906,3,16,16,1.0
LLaMA-3.1-8B,SVAMP,908,4,14,16,0.875
LLaMA-3.1-8B,SVAMP,909,1,16,16,1.0
LLaMA-3.1-8B,SVAMP,910,3,16,16,1.0
LLaMA-3.1-8B,SVAMP,911,2,14,16,0.875
LLaMA-3.1-8B,SVAMP,912,1,15,16,0.9375
LLaMA-3.1-8B,SVAMP,913,3,16,16,1.0
LLaMA-3.1-8B,SVAMP,915,3,16,16,1.0
LLaMA-3.1-8B,SVAMP,916,2,15,16,0.9375
LLaMA-3.1-8B,SVAMP,917,1,15,16,0.9375
LLaMA-3.1-8B,SVAMP,918,2,16,16,1.0
LLaMA-3.1-8B,SVAMP,920,2,15,16,0.9375
LLaMA-3.1-8B,SVAMP,921,2,16,16,1.0
LLaMA-3.1-8B,SVAMP,922,2,16,16,1.0
LLaMA-3.1-8B,SVAMP,923,2,14,16,0.875
LLaMA-3.1-8B,SVAMP,924,1,10,16,0.625
LLaMA-3.1-8B,SVAMP,925,4,16,16,1.0
LLaMA-3.1-8B,SVAMP,926,1,16,16,1.0
LLaMA-3.1-8B,SVAMP,927,1,2,16,0.125
LLaMA-3.1-8B,SVAMP,928,2,13,16,0.8125
LLaMA-3.1-8B,SVAMP,929,1,8,16,0.5
LLaMA-3.1-8B,SVAMP,931,1,11,16,0.6875
LLaMA-3.1-8B,SVAMP,932,1,2,16,0.125
LLaMA-3.1-8B,SVAMP,935,1,16,16,1.0
LLaMA-3.1-8B,SVAMP,938,1,15,16,0.9375
LLaMA-3.1-8B,SVAMP,939,3,15,16,0.9375
LLaMA-3.1-8B,SVAMP,940,2,16,16,1.0
LLaMA-3.1-8B,SVAMP,941,4,16,16,1.0
LLaMA-3.1-8B,SVAMP,942,1,16,16,1.0
LLaMA-3.1-8B,SVAMP,943,2,16,16,1.0
LLaMA-3.1-8B,SVAMP,944,2,16,16,1.0
LLaMA-3.1-8B,SVAMP,945,1,16,16,1.0
LLaMA-3.1-8B,SVAMP,946,3,16,16,1.0
LLaMA-3.1-8B,SVAMP,949,1,16,16,1.0
LLaMA-3.1-8B,SVAMP,950,1,15,16,0.9375
LLaMA-3.1-8B,SVAMP,951,2,16,16,1.0
LLaMA-3.1-8B,SVAMP,953,1,1,16,0.0625
LLaMA-3.1-8B,SVAMP,954,1,14,16,0.875
LLaMA-3.1-8B,SVAMP,955,2,7,16,0.4375
LLaMA-3.1-8B,SVAMP,956,3,14,16,0.875
LLaMA-3.1-8B,SVAMP,957,2,8,16,0.5
LLaMA-3.1-8B,SVAMP,958,1,16,16,1.0
LLaMA-3.1-8B,SVAMP,959,1,13,16,0.8125
LLaMA-3.1-8B,SVAMP,960,1,16,16,1.0
LLaMA-3.1-8B,SVAMP,961,1,16,16,1.0
LLaMA-3.1-8B,SVAMP,962,1,16,16,1.0
LLaMA-3.1-8B,SVAMP,963,2,12,16,0.75
LLaMA-3.1-8B,SVAMP,964,1,14,16,0.875
LLaMA-3.1-8B,SVAMP,966,1,13,16,0.8125
LLaMA-3.1-8B,SVAMP,968,1,15,16,0.9375
LLaMA-3.1-8B,SVAMP,969,5,16,16,1.0
LLaMA-3.1-8B,SVAMP,971,1,14,16,0.875
LLaMA-3.1-8B,SVAMP,972,3,15,16,0.9375
LLaMA-3.1-8B,SVAMP,974,3,16,16,1.0
LLaMA-3.1-8B,SVAMP,976,2,15,16,0.9375
LLaMA-3.1-8B,SVAMP,977,3,15,16,0.9375
LLaMA-3.1-8B,SVAMP,978,1,10,16,0.625
LLaMA-3.1-8B,SVAMP,979,1,14,16,0.875
LLaMA-3.1-8B,SVAMP,980,2,16,16,1.0
LLaMA-3.1-8B,SVAMP,981,1,14,16,0.875
LLaMA-3.1-8B,SVAMP,982,3,15,16,0.9375
LLaMA-3.1-8B,SVAMP,983,1,2,16,0.125
LLaMA-3.1-8B,SVAMP,986,6,15,16,0.9375
LLaMA-3.1-8B,SVAMP,987,2,15,16,0.9375
LLaMA-3.1-8B,SVAMP,988,1,16,16,1.0
LLaMA-3.1-8B,SVAMP,990,2,16,16,1.0
LLaMA-3.1-8B,SVAMP,995,1,9,16,0.5625
LLaMA-3.1-8B,SVAMP,996,1,14,16,0.875
Phi-4,AQuA,0,4,13,16,0.8125
Phi-4,AQuA,1,1,6,16,0.375
Phi-4,AQuA,3,1,3,16,0.1875
Phi-4,AQuA,4,1,9,16,0.5625
Phi-4,AQuA,6,1,11,16,0.6875
Phi-4,AQuA,7,1,5,16,0.3125
Phi-4,AQuA,8,3,4,16,0.25
Phi-4,AQuA,9,1,9,16,0.5625
Phi-4,AQuA,10,1,1,16,0.0625
Phi-4,AQuA,11,3,11,16,0.6875
Phi-4,AQuA,12,2,13,16,0.8125
Phi-4,AQuA,13,1,13,16,0.8125
Phi-4,AQuA,14,1,11,16,0.6875
Phi-4,AQuA,16,3,10,16,0.625
Phi-4,AQuA,17,1,5,16,0.3125
Phi-4,AQuA,18,2,11,16,0.6875
Phi-4,AQuA,19,2,9,16,0.5625
Phi-4,AQuA,20,1,3,16,0.1875
Phi-4,AQuA,21,1,14,16,0.875
Phi-4,AQuA,23,3,16,16,1.0
Phi-4,AQuA,25,2,8,16,0.5
Phi-4,AQuA,26,2,10,16,0.625
Phi-4,AQuA,27,1,13,16,0.8125
Phi-4,AQuA,28,2,4,16,0.25
Phi-4,AQuA,29,1,11,16,0.6875
Phi-4,AQuA,30,3,15,16,0.9375
Phi-4,AQuA,31,1,12,16,0.75
Phi-4,AQuA,32,2,0,16,0.0
Phi-4,AQuA,33,3,5,16,0.3125
Phi-4,AQuA,34,1,7,16,0.4375
Phi-4,AQuA,35,1,15,16,0.9375
Phi-4,AQuA,36,1,6,16,0.375
Phi-4,AQuA,37,5,13,16,0.8125
Phi-4,AQuA,38,2,15,16,0.9375
Phi-4,AQuA,39,4,12,16,0.75
Phi-4,AQuA,40,2,14,16,0.875
Phi-4,AQuA,41,2,13,16,0.8125
Phi-4,AQuA,42,2,12,16,0.75
Phi-4,AQuA,43,2,12,16,0.75
Phi-4,AQuA,44,2,7,16,0.4375
Phi-4,AQuA,45,2,13,16,0.8125
Phi-4,AQuA,46,2,11,16,0.6875
Phi-4,AQuA,47,1,16,16,1.0
Phi-4,AQuA,48,1,9,16,0.5625
Phi-4,AQuA,49,1,9,16,0.5625
Phi-4,AQuA,50,1,13,16,0.8125
Phi-4,AQuA,51,1,13,16,0.8125
Phi-4,AQuA,54,3,3,16,0.1875
Phi-4,AQuA,55,1,15,16,0.9375
Phi-4,AQuA,56,1,11,16,0.6875
Phi-4,AQuA,57,1,14,16,0.875
Phi-4,AQuA,58,1,11,16,0.6875
Phi-4,AQuA,59,4,0,16,0.0
Phi-4,AQuA,60,3,5,16,0.3125
Phi-4,AQuA,61,1,9,16,0.5625
Phi-4,AQuA,62,1,6,16,0.375
Phi-4,AQuA,63,2,10,16,0.625
Phi-4,AQuA,64,2,1,16,0.0625
Phi-4,AQuA,65,4,3,16,0.1875
Phi-4,AQuA,66,2,11,16,0.6875
Phi-4,AQuA,67,2,2,16,0.125
Phi-4,AQuA,68,2,11,16,0.6875
Phi-4,AQuA,69,4,1,16,0.0625
Phi-4,AQuA,70,2,7,16,0.4375
Phi-4,AQuA,71,1,10,16,0.625
Phi-4,AQuA,73,2,13,16,0.8125
Phi-4,AQuA,74,2,10,16,0.625
Phi-4,AQuA,76,1,6,16,0.375
Phi-4,AQuA,78,1,9,16,0.5625
Phi-4,AQuA,79,1,3,16,0.1875
Phi-4,AQuA,80,1,14,16,0.875
Phi-4,AQuA,81,1,14,16,0.875
Phi-4,AQuA,82,4,12,16,0.75
Phi-4,AQuA,83,2,14,16,0.875
Phi-4,AQuA,84,2,12,16,0.75
Phi-4,AQuA,85,2,9,16,0.5625
Phi-4,AQuA,86,4,3,16,0.1875
Phi-4,AQuA,87,2,15,16,0.9375
Phi-4,AQuA,88,2,10,16,0.625
Phi-4,AQuA,89,1,16,16,1.0
Phi-4,AQuA,90,1,4,16,0.25
Phi-4,AQuA,92,1,13,16,0.8125
Phi-4,AQuA,93,6,2,16,0.125
Phi-4,AQuA,94,2,10,16,0.625
Phi-4,AQuA,95,2,12,16,0.75
Phi-4,AQuA,97,4,12,16,0.75
Phi-4,AQuA,99,1,14,16,0.875
Phi-4,AQuA,100,1,13,16,0.8125
Phi-4,AQuA,101,6,6,16,0.375
Phi-4,AQuA,102,1,11,16,0.6875
Phi-4,AQuA,103,1,11,16,0.6875
Phi-4,AQuA,104,2,4,16,0.25
Phi-4,AQuA,105,2,13,16,0.8125
Phi-4,AQuA,106,3,0,16,0.0
Phi-4,AQuA,108,1,3,16,0.1875
Phi-4,AQuA,112,2,2,16,0.125
Phi-4,AQuA,113,1,5,16,0.3125
Phi-4,AQuA,114,2,1,16,0.0625
Phi-4,AQuA,116,3,10,16,0.625
Phi-4,AQuA,120,2,10,16,0.625
Phi-4,AQuA,123,3,12,16,0.75
Phi-4,AQuA,124,1,0,16,0.0
Phi-4,AQuA,125,4,9,16,0.5625
Phi-4,AQuA,127,1,7,16,0.4375
Phi-4,AQuA,128,5,11,16,0.6875
Phi-4,AQuA,129,1,13,16,0.8125
Phi-4,AQuA,130,1,11,16,0.6875
Phi-4,AQuA,131,2,14,16,0.875
Phi-4,AQuA,132,1,7,16,0.4375
Phi-4,AQuA,133,1,11,16,0.6875
Phi-4,AQuA,134,5,7,16,0.4375
Phi-4,AQuA,136,2,5,16,0.3125
Phi-4,AQuA,139,1,1,16,0.0625
Phi-4,AQuA,140,1,3,16,0.1875
Phi-4,AQuA,141,5,13,16,0.8125
Phi-4,AQuA,142,1,11,16,0.6875
Phi-4,AQuA,143,5,8,16,0.5
Phi-4,AQuA,144,3,13,16,0.8125
Phi-4,AQuA,146,2,1,16,0.0625
Phi-4,AQuA,149,1,9,16,0.5625
Phi-4,AQuA,150,2,12,16,0.75
Phi-4,AQuA,152,1,0,16,0.0
Phi-4,AQuA,154,1,2,16,0.125
Phi-4,AQuA,156,1,10,16,0.625
Phi-4,AQuA,157,2,6,16,0.375
Phi-4,AQuA,159,2,2,16,0.125
Phi-4,AQuA,160,1,1,16,0.0625
Phi-4,AQuA,161,1,5,16,0.3125
Phi-4,AQuA,162,3,9,16,0.5625
Phi-4,AQuA,163,2,9,16,0.5625
Phi-4,AQuA,164,3,10,16,0.625
Phi-4,AQuA,165,1,1,16,0.0625
Phi-4,AQuA,166,2,9,16,0.5625
Phi-4,AQuA,169,2,8,16,0.5
Phi-4,AQuA,170,1,5,16,0.3125
Phi-4,AQuA,171,1,7,16,0.4375
Phi-4,AQuA,172,1,1,16,0.0625
Phi-4,AQuA,173,3,8,16,0.5
Phi-4,AQuA,174,1,11,16,0.6875
Phi-4,AQuA,175,3,11,16,0.6875
Phi-4,AQuA,177,1,15,16,0.9375
Phi-4,AQuA,178,3,13,16,0.8125
Phi-4,AQuA,179,2,12,16,0.75
Phi-4,AQuA,182,3,8,16,0.5
Phi-4,AQuA,183,1,7,16,0.4375
Phi-4,AQuA,185,5,9,16,0.5625
Phi-4,AQuA,186,2,6,16,0.375
Phi-4,AQuA,190,7,9,16,0.5625
Phi-4,AQuA,191,3,2,16,0.125
Phi-4,AQuA,192,1,9,16,0.5625
Phi-4,AQuA,193,3,0,16,0.0
Phi-4,AQuA,195,2,14,16,0.875
Phi-4,AQuA,196,2,6,16,0.375
Phi-4,AQuA,197,2,4,16,0.25
Phi-4,AQuA,198,1,6,16,0.375
Phi-4,AQuA,199,1,8,16,0.5
Phi-4,AQuA,201,6,4,16,0.25
Phi-4,AQuA,202,1,3,16,0.1875
Phi-4,AQuA,204,1,12,16,0.75
Phi-4,AQuA,205,3,4,16,0.25
Phi-4,AQuA,206,2,10,16,0.625
Phi-4,AQuA,207,3,5,16,0.3125
Phi-4,AQuA,208,2,12,16,0.75
Phi-4,AQuA,209,1,5,16,0.3125
Phi-4,AQuA,210,1,6,16,0.375
Phi-4,AQuA,211,4,9,16,0.5625
Phi-4,AQuA,213,5,6,16,0.375
Phi-4,AQuA,214,5,12,16,0.75
Phi-4,AQuA,216,2,5,16,0.3125
Phi-4,AQuA,217,9,13,16,0.8125
Phi-4,AQuA,218,4,12,16,0.75
Phi-4,AQuA,220,2,7,16,0.4375
Phi-4,AQuA,221,3,12,16,0.75
Phi-4,AQuA,222,1,11,16,0.6875
Phi-4,AQuA,223,2,5,16,0.3125
Phi-4,AQuA,224,1,10,16,0.625
Phi-4,AQuA,226,2,12,16,0.75
Phi-4,AQuA,227,1,14,16,0.875
Phi-4,AQuA,228,1,1,16,0.0625
Phi-4,AQuA,229,2,15,16,0.9375
Phi-4,AQuA,230,3,11,16,0.6875
Phi-4,AQuA,232,3,2,16,0.125
Phi-4,AQuA,236,4,4,16,0.25
Phi-4,AQuA,237,2,1,16,0.0625
Phi-4,AQuA,238,3,4,16,0.25
Phi-4,AQuA,239,2,6,16,0.375
Phi-4,AQuA,240,1,12,16,0.75
Phi-4,AQuA,241,2,2,16,0.125
Phi-4,AQuA,242,3,13,16,0.8125
Phi-4,AQuA,243,1,14,16,0.875
Phi-4,AQuA,245,1,1,16,0.0625
Phi-4,AQuA,249,2,8,16,0.5
Phi-4,AQuA,250,2,7,16,0.4375
Phi-4,AQuA,251,1,14,16,0.875
Phi-4,AQuA,253,1,14,16,0.875
Phi-4,CSQA,0,3,10,16,0.625
Phi-4,CSQA,1,1,13,16,0.8125
Phi-4,CSQA,2,2,7,16,0.4375
Phi-4,CSQA,3,2,14,16,0.875
Phi-4,CSQA,4,3,6,16,0.375
Phi-4,CSQA,5,2,12,16,0.75
Phi-4,CSQA,6,4,7,16,0.4375
Phi-4,CSQA,8,1,11,16,0.6875
Phi-4,CSQA,9,2,0,16,0.0
Phi-4,CSQA,10,1,0,16,0.0
Phi-4,CSQA,11,8,6,16,0.375
Phi-4,CSQA,12,1,8,16,0.5
Phi-4,CSQA,13,1,3,16,0.1875
Phi-4,CSQA,15,1,9,16,0.5625
Phi-4,CSQA,16,4,5,16,0.3125
Phi-4,CSQA,17,2,9,16,0.5625
Phi-4,CSQA,18,2,8,16,0.5
Phi-4,CSQA,19,2,6,16,0.375
Phi-4,CSQA,20,1,16,16,1.0
Phi-4,CSQA,22,4,0,16,0.0
Phi-4,CSQA,24,1,8,16,0.5
Phi-4,CSQA,25,1,7,16,0.4375
Phi-4,CSQA,26,4,9,16,0.5625
Phi-4,CSQA,28,4,11,16,0.6875
Phi-4,CSQA,30,1,10,16,0.625
Phi-4,CSQA,31,3,5,16,0.3125
Phi-4,CSQA,33,1,10,16,0.625
Phi-4,CSQA,34,2,0,16,0.0
Phi-4,CSQA,36,3,10,16,0.625
Phi-4,CSQA,38,1,14,16,0.875
Phi-4,CSQA,39,1,10,16,0.625
Phi-4,CSQA,40,1,10,16,0.625
Phi-4,CSQA,41,2,7,16,0.4375
Phi-4,CSQA,43,4,8,16,0.5
Phi-4,CSQA,44,1,6,16,0.375
Phi-4,CSQA,45,2,5,16,0.3125
Phi-4,CSQA,46,1,9,16,0.5625
Phi-4,CSQA,47,2,13,16,0.8125
Phi-4,CSQA,48,2,1,16,0.0625
Phi-4,CSQA,49,3,9,16,0.5625
Phi-4,CSQA,50,3,10,16,0.625
Phi-4,CSQA,51,1,8,16,0.5
Phi-4,CSQA,53,1,16,16,1.0
Phi-4,CSQA,54,2,9,16,0.5625
Phi-4,CSQA,55,3,10,16,0.625
Phi-4,CSQA,57,2,7,16,0.4375
Phi-4,CSQA,60,1,7,16,0.4375
Phi-4,CSQA,61,1,12,16,0.75
Phi-4,CSQA,63,2,11,16,0.6875
Phi-4,CSQA,64,1,12,16,0.75
Phi-4,CSQA,65,2,13,16,0.8125
Phi-4,CSQA,66,3,8,16,0.5
Phi-4,CSQA,67,2,5,16,0.3125
Phi-4,CSQA,68,1,7,16,0.4375
Phi-4,CSQA,69,2,12,16,0.75
Phi-4,CSQA,70,2,13,16,0.8125
Phi-4,CSQA,71,1,13,16,0.8125
Phi-4,CSQA,72,1,10,16,0.625
Phi-4,CSQA,73,2,7,16,0.4375
Phi-4,CSQA,74,2,8,16,0.5
Phi-4,CSQA,75,1,9,16,0.5625
Phi-4,CSQA,76,2,12,16,0.75
Phi-4,CSQA,77,1,8,16,0.5
Phi-4,CSQA,78,1,9,16,0.5625
Phi-4,CSQA,81,3,10,16,0.625
Phi-4,CSQA,82,2,12,16,0.75
Phi-4,CSQA,83,1,9,16,0.5625
Phi-4,CSQA,84,2,4,16,0.25
Phi-4,CSQA,85,2,12,16,0.75
Phi-4,CSQA,86,2,11,16,0.6875
Phi-4,CSQA,87,1,4,16,0.25
Phi-4,CSQA,88,2,0,16,0.0
Phi-4,CSQA,89,1,8,16,0.5
Phi-4,CSQA,90,1,8,16,0.5
Phi-4,CSQA,91,1,12,16,0.75
Phi-4,CSQA,92,2,8,16,0.5
Phi-4,CSQA,93,1,4,16,0.25
Phi-4,CSQA,94,1,8,16,0.5
Phi-4,CSQA,95,3,0,16,0.0
Phi-4,CSQA,96,1,10,16,0.625
Phi-4,CSQA,97,3,8,16,0.5
Phi-4,CSQA,98,1,13,16,0.8125
Phi-4,CSQA,100,3,7,16,0.4375
Phi-4,CSQA,101,9,6,16,0.375
Phi-4,CSQA,102,2,8,16,0.5
Phi-4,CSQA,103,2,5,16,0.3125
Phi-4,CSQA,104,1,8,16,0.5
Phi-4,CSQA,106,1,9,16,0.5625
Phi-4,CSQA,108,2,1,16,0.0625
Phi-4,CSQA,109,1,10,16,0.625
Phi-4,CSQA,110,3,12,16,0.75
Phi-4,CSQA,111,2,3,16,0.1875
Phi-4,CSQA,112,1,7,16,0.4375
Phi-4,CSQA,114,3,11,16,0.6875
Phi-4,CSQA,115,2,10,16,0.625
Phi-4,CSQA,116,1,12,16,0.75
Phi-4,CSQA,117,2,0,16,0.0
Phi-4,CSQA,119,2,10,16,0.625
Phi-4,CSQA,120,1,7,16,0.4375
Phi-4,CSQA,121,2,9,16,0.5625
Phi-4,CSQA,122,1,6,16,0.375
Phi-4,CSQA,123,1,10,16,0.625
Phi-4,CSQA,124,1,11,16,0.6875
Phi-4,CSQA,125,4,10,16,0.625
Phi-4,CSQA,126,2,9,16,0.5625
Phi-4,CSQA,127,3,12,16,0.75
Phi-4,CSQA,128,2,11,16,0.6875
Phi-4,CSQA,129,1,11,16,0.6875
Phi-4,CSQA,131,5,13,16,0.8125
Phi-4,CSQA,132,2,9,16,0.5625
Phi-4,CSQA,133,1,8,16,0.5
Phi-4,CSQA,134,2,13,16,0.8125
Phi-4,CSQA,135,2,6,16,0.375
Phi-4,CSQA,137,1,12,16,0.75
Phi-4,CSQA,138,1,12,16,0.75
Phi-4,CSQA,139,2,0,16,0.0
Phi-4,CSQA,140,2,12,16,0.75
Phi-4,CSQA,141,2,11,16,0.6875
Phi-4,CSQA,143,1,7,16,0.4375
Phi-4,CSQA,145,3,9,16,0.5625
Phi-4,CSQA,146,3,9,16,0.5625
Phi-4,CSQA,147,1,9,16,0.5625
Phi-4,CSQA,148,1,12,16,0.75
Phi-4,CSQA,149,2,6,16,0.375
Phi-4,CSQA,150,3,9,16,0.5625
Phi-4,CSQA,151,1,8,16,0.5
Phi-4,CSQA,154,2,11,16,0.6875
Phi-4,CSQA,155,1,8,16,0.5
Phi-4,CSQA,157,2,2,16,0.125
Phi-4,CSQA,158,1,10,16,0.625
Phi-4,CSQA,159,1,10,16,0.625
Phi-4,CSQA,160,1,10,16,0.625
Phi-4,CSQA,161,1,13,16,0.8125
Phi-4,CSQA,162,1,11,16,0.6875
Phi-4,CSQA,163,7,7,16,0.4375
Phi-4,CSQA,164,4,10,16,0.625
Phi-4,CSQA,165,1,10,16,0.625
Phi-4,CSQA,166,3,11,16,0.6875
Phi-4,CSQA,167,4,9,16,0.5625
Phi-4,CSQA,168,1,11,16,0.6875
Phi-4,CSQA,169,2,9,16,0.5625
Phi-4,CSQA,170,1,5,16,0.3125
Phi-4,CSQA,172,1,0,16,0.0
Phi-4,CSQA,173,4,9,16,0.5625
Phi-4,CSQA,174,3,2,16,0.125
Phi-4,CSQA,176,2,13,16,0.8125
Phi-4,CSQA,177,1,0,16,0.0
Phi-4,CSQA,179,1,2,16,0.125
Phi-4,CSQA,180,3,12,16,0.75
Phi-4,CSQA,181,2,11,16,0.6875
Phi-4,CSQA,182,2,0,16,0.0
Phi-4,CSQA,183,3,5,16,0.3125
Phi-4,CSQA,184,1,7,16,0.4375
Phi-4,CSQA,185,1,0,16,0.0
Phi-4,CSQA,186,4,8,16,0.5
Phi-4,CSQA,187,1,8,16,0.5
Phi-4,CSQA,188,1,9,16,0.5625
Phi-4,CSQA,190,1,9,16,0.5625
Phi-4,CSQA,191,3,11,16,0.6875
Phi-4,CSQA,193,2,2,16,0.125
Phi-4,CSQA,194,1,11,16,0.6875
Phi-4,CSQA,195,1,10,16,0.625
Phi-4,CSQA,197,1,10,16,0.625
Phi-4,CSQA,198,1,10,16,0.625
Phi-4,CSQA,199,1,10,16,0.625
Phi-4,CSQA,200,2,10,16,0.625
Phi-4,CSQA,202,1,6,16,0.375
Phi-4,CSQA,204,1,7,16,0.4375
Phi-4,CSQA,205,2,1,16,0.0625
Phi-4,CSQA,206,1,1,16,0.0625
Phi-4,CSQA,208,1,12,16,0.75
Phi-4,CSQA,209,2,6,16,0.375
Phi-4,CSQA,210,1,10,16,0.625
Phi-4,CSQA,211,4,10,16,0.625
Phi-4,CSQA,212,1,10,16,0.625
Phi-4,CSQA,213,2,9,16,0.5625
Phi-4,CSQA,214,1,5,16,0.3125
Phi-4,CSQA,215,2,10,16,0.625
Phi-4,CSQA,216,3,0,16,0.0
Phi-4,CSQA,217,1,9,16,0.5625
Phi-4,CSQA,218,1,3,16,0.1875
Phi-4,CSQA,219,2,9,16,0.5625
Phi-4,CSQA,220,3,10,16,0.625
Phi-4,CSQA,225,1,7,16,0.4375
Phi-4,CSQA,226,2,9,16,0.5625
Phi-4,CSQA,227,2,8,16,0.5
Phi-4,CSQA,228,4,11,16,0.6875
Phi-4,CSQA,229,1,11,16,0.6875
Phi-4,CSQA,230,2,13,16,0.8125
Phi-4,CSQA,231,3,11,16,0.6875
Phi-4,CSQA,232,2,3,16,0.1875
Phi-4,CSQA,233,1,9,16,0.5625
Phi-4,CSQA,234,1,8,16,0.5
Phi-4,CSQA,235,1,11,16,0.6875
Phi-4,CSQA,236,2,9,16,0.5625
Phi-4,CSQA,237,2,3,16,0.1875
Phi-4,CSQA,238,2,9,16,0.5625
Phi-4,CSQA,239,4,10,16,0.625
Phi-4,CSQA,240,2,9,16,0.5625
Phi-4,CSQA,241,4,11,16,0.6875
Phi-4,CSQA,243,1,10,16,0.625
Phi-4,CSQA,244,2,8,16,0.5
Phi-4,CSQA,246,4,9,16,0.5625
Phi-4,CSQA,248,1,0,16,0.0
Phi-4,CSQA,249,1,12,16,0.75
Phi-4,CSQA,251,2,7,16,0.4375
Phi-4,CSQA,253,1,9,16,0.5625
Phi-4,CSQA,254,3,9,16,0.5625
Phi-4,CSQA,257,1,11,16,0.6875
Phi-4,CSQA,261,1,7,16,0.4375
Phi-4,CSQA,262,3,11,16,0.6875
Phi-4,CSQA,263,1,10,16,0.625
Phi-4,CSQA,264,1,9,16,0.5625
Phi-4,CSQA,265,3,11,16,0.6875
Phi-4,CSQA,267,4,11,16,0.6875
Phi-4,CSQA,269,2,12,16,0.75
Phi-4,CSQA,270,1,8,16,0.5
Phi-4,CSQA,271,2,13,16,0.8125
Phi-4,CSQA,272,1,12,16,0.75
Phi-4,CSQA,273,1,0,16,0.0
Phi-4,CSQA,274,1,12,16,0.75
Phi-4,CSQA,275,1,10,16,0.625
Phi-4,CSQA,276,1,10,16,0.625
Phi-4,CSQA,277,3,9,16,0.5625
Phi-4,CSQA,278,2,8,16,0.5
Phi-4,CSQA,280,3,10,16,0.625
Phi-4,CSQA,281,1,14,16,0.875
Phi-4,CSQA,283,2,12,16,0.75
Phi-4,CSQA,284,2,8,16,0.5
Phi-4,CSQA,285,2,8,16,0.5
Phi-4,CSQA,286,2,10,16,0.625
Phi-4,CSQA,288,2,9,16,0.5625
Phi-4,CSQA,290,3,7,16,0.4375
Phi-4,CSQA,292,2,9,16,0.5625
Phi-4,CSQA,293,5,4,16,0.25
Phi-4,CSQA,294,2,10,16,0.625
Phi-4,CSQA,296,1,7,16,0.4375
Phi-4,CSQA,297,1,9,16,0.5625
Phi-4,CSQA,298,2,12,16,0.75
Phi-4,CSQA,299,3,13,16,0.8125
Phi-4,CSQA,300,7,4,16,0.25
Phi-4,CSQA,301,3,10,16,0.625
Phi-4,CSQA,302,1,4,16,0.25
Phi-4,CSQA,304,2,6,16,0.375
Phi-4,CSQA,305,1,0,16,0.0
Phi-4,CSQA,306,2,12,16,0.75
Phi-4,CSQA,307,1,9,16,0.5625
Phi-4,CSQA,310,1,10,16,0.625
Phi-4,CSQA,311,2,7,16,0.4375
Phi-4,CSQA,312,2,0,16,0.0
Phi-4,CSQA,313,2,9,16,0.5625
Phi-4,CSQA,314,1,3,16,0.1875
Phi-4,CSQA,315,2,7,16,0.4375
Phi-4,CSQA,317,4,7,16,0.4375
Phi-4,CSQA,318,3,7,16,0.4375
Phi-4,CSQA,319,1,9,16,0.5625
Phi-4,CSQA,320,1,8,16,0.5
Phi-4,CSQA,321,1,6,16,0.375
Phi-4,CSQA,323,3,1,16,0.0625
Phi-4,CSQA,324,3,11,16,0.6875
Phi-4,CSQA,325,3,1,16,0.0625
Phi-4,CSQA,326,1,8,16,0.5
Phi-4,CSQA,327,2,10,16,0.625
Phi-4,CSQA,329,3,12,16,0.75
Phi-4,CSQA,330,6,9,16,0.5625
Phi-4,CSQA,331,2,12,16,0.75
Phi-4,CSQA,332,2,8,16,0.5
Phi-4,CSQA,336,1,8,16,0.5
Phi-4,CSQA,338,1,8,16,0.5
Phi-4,CSQA,339,1,13,16,0.8125
Phi-4,CSQA,343,1,0,16,0.0
Phi-4,CSQA,344,4,8,16,0.5
Phi-4,CSQA,345,2,2,16,0.125
Phi-4,CSQA,347,2,10,16,0.625
Phi-4,CSQA,350,1,13,16,0.8125
Phi-4,CSQA,351,1,7,16,0.4375
Phi-4,CSQA,352,4,9,16,0.5625
Phi-4,CSQA,353,1,0,16,0.0
Phi-4,CSQA,355,1,9,16,0.5625
Phi-4,CSQA,357,1,12,16,0.75
Phi-4,CSQA,358,3,13,16,0.8125
Phi-4,CSQA,359,1,10,16,0.625
Phi-4,CSQA,360,2,9,16,0.5625
Phi-4,CSQA,361,1,8,16,0.5
Phi-4,CSQA,362,1,8,16,0.5
Phi-4,CSQA,363,8,4,16,0.25
Phi-4,CSQA,364,1,5,16,0.3125
Phi-4,CSQA,365,1,10,16,0.625
Phi-4,CSQA,366,2,8,16,0.5
Phi-4,CSQA,367,3,9,16,0.5625
Phi-4,CSQA,368,3,11,16,0.6875
Phi-4,CSQA,369,3,8,16,0.5
Phi-4,CSQA,370,1,9,16,0.5625
Phi-4,CSQA,372,3,6,16,0.375
Phi-4,CSQA,373,1,10,16,0.625
Phi-4,CSQA,374,2,10,16,0.625
Phi-4,CSQA,375,1,11,16,0.6875
Phi-4,CSQA,376,2,9,16,0.5625
Phi-4,CSQA,377,1,7,16,0.4375
Phi-4,CSQA,378,2,12,16,0.75
Phi-4,CSQA,379,3,5,16,0.3125
Phi-4,CSQA,380,2,9,16,0.5625
Phi-4,CSQA,381,1,10,16,0.625
Phi-4,CSQA,382,1,8,16,0.5
Phi-4,CSQA,383,1,7,16,0.4375
Phi-4,CSQA,384,1,4,16,0.25
Phi-4,CSQA,386,1,13,16,0.8125
Phi-4,CSQA,387,1,7,16,0.4375
Phi-4,CSQA,388,2,3,16,0.1875
Phi-4,CSQA,389,1,10,16,0.625
Phi-4,CSQA,390,1,0,16,0.0
Phi-4,CSQA,391,3,2,16,0.125
Phi-4,CSQA,392,1,11,16,0.6875
Phi-4,CSQA,394,2,6,16,0.375
Phi-4,CSQA,395,1,13,16,0.8125
Phi-4,CSQA,396,1,7,16,0.4375
Phi-4,CSQA,397,1,9,16,0.5625
Phi-4,CSQA,398,1,3,16,0.1875
Phi-4,CSQA,399,3,11,16,0.6875
Phi-4,CSQA,400,2,11,16,0.6875
Phi-4,CSQA,401,1,11,16,0.6875
Phi-4,CSQA,402,1,5,16,0.3125
Phi-4,CSQA,403,1,11,16,0.6875
Phi-4,CSQA,405,3,8,16,0.5
Phi-4,CSQA,406,7,6,16,0.375
Phi-4,CSQA,407,2,10,16,0.625
Phi-4,CSQA,408,4,0,16,0.0
Phi-4,CSQA,409,3,9,16,0.5625
Phi-4,CSQA,410,2,7,16,0.4375
Phi-4,CSQA,411,1,2,16,0.125
Phi-4,CSQA,413,1,0,16,0.0
Phi-4,CSQA,415,2,9,16,0.5625
Phi-4,CSQA,416,1,11,16,0.6875
Phi-4,CSQA,417,1,3,16,0.1875
Phi-4,CSQA,418,2,12,16,0.75
Phi-4,CSQA,419,1,11,16,0.6875
Phi-4,CSQA,420,2,7,16,0.4375
Phi-4,CSQA,423,2,8,16,0.5
Phi-4,CSQA,425,2,13,16,0.8125
Phi-4,CSQA,428,3,2,16,0.125
Phi-4,CSQA,429,3,14,16,0.875
Phi-4,CSQA,430,1,12,16,0.75
Phi-4,CSQA,433,1,9,16,0.5625
Phi-4,CSQA,434,1,10,16,0.625
Phi-4,CSQA,435,2,2,16,0.125
Phi-4,CSQA,436,3,0,16,0.0
Phi-4,CSQA,438,3,9,16,0.5625
Phi-4,CSQA,439,5,3,16,0.1875
Phi-4,CSQA,440,4,10,16,0.625
Phi-4,CSQA,441,1,3,16,0.1875
Phi-4,CSQA,442,3,13,16,0.8125
Phi-4,CSQA,443,1,12,16,0.75
Phi-4,CSQA,444,1,7,16,0.4375
Phi-4,CSQA,445,1,8,16,0.5
Phi-4,CSQA,446,1,11,16,0.6875
Phi-4,CSQA,447,1,11,16,0.6875
Phi-4,CSQA,448,6,1,16,0.0625
Phi-4,CSQA,450,1,6,16,0.375
Phi-4,CSQA,451,3,3,16,0.1875
Phi-4,CSQA,454,2,3,16,0.1875
Phi-4,CSQA,456,1,9,16,0.5625
Phi-4,CSQA,457,3,7,16,0.4375
Phi-4,CSQA,458,2,11,16,0.6875
Phi-4,CSQA,459,1,9,16,0.5625
Phi-4,CSQA,460,1,13,16,0.8125
Phi-4,CSQA,461,2,10,16,0.625
Phi-4,CSQA,462,2,6,16,0.375
Phi-4,CSQA,465,4,8,16,0.5
Phi-4,CSQA,466,1,5,16,0.3125
Phi-4,CSQA,467,2,9,16,0.5625
Phi-4,CSQA,468,2,8,16,0.5
Phi-4,CSQA,469,4,8,16,0.5
Phi-4,CSQA,470,2,0,16,0.0
Phi-4,CSQA,471,2,10,16,0.625
Phi-4,CSQA,472,1,12,16,0.75
Phi-4,CSQA,473,1,3,16,0.1875
Phi-4,CSQA,474,1,10,16,0.625
Phi-4,CSQA,475,3,8,16,0.5
Phi-4,CSQA,476,2,12,16,0.75
Phi-4,CSQA,477,3,11,16,0.6875
Phi-4,CSQA,478,3,10,16,0.625
Phi-4,CSQA,479,1,8,16,0.5
Phi-4,CSQA,481,1,9,16,0.5625
Phi-4,CSQA,482,3,3,16,0.1875
Phi-4,CSQA,483,2,6,16,0.375
Phi-4,CSQA,484,5,7,16,0.4375
Phi-4,CSQA,486,1,8,16,0.5
Phi-4,CSQA,487,1,9,16,0.5625
Phi-4,CSQA,489,1,0,16,0.0
Phi-4,CSQA,490,3,5,16,0.3125
Phi-4,CSQA,491,1,6,16,0.375
Phi-4,CSQA,492,1,7,16,0.4375
Phi-4,CSQA,493,3,10,16,0.625
Phi-4,CSQA,495,4,10,16,0.625
Phi-4,CSQA,496,2,9,16,0.5625
Phi-4,CSQA,497,2,8,16,0.5
Phi-4,CSQA,498,1,0,16,0.0
Phi-4,CSQA,499,1,3,16,0.1875
Phi-4,CSQA,501,1,0,16,0.0
Phi-4,CSQA,502,1,9,16,0.5625
Phi-4,CSQA,503,3,11,16,0.6875
Phi-4,CSQA,504,3,2,16,0.125
Phi-4,CSQA,506,1,9,16,0.5625
Phi-4,CSQA,507,3,7,16,0.4375
Phi-4,CSQA,508,1,14,16,0.875
Phi-4,CSQA,509,7,8,16,0.5
Phi-4,CSQA,510,2,10,16,0.625
Phi-4,CSQA,511,2,1,16,0.0625
Phi-4,CSQA,513,1,4,16,0.25
Phi-4,CSQA,514,3,9,16,0.5625
Phi-4,CSQA,515,1,10,16,0.625
Phi-4,CSQA,516,2,7,16,0.4375
Phi-4,CSQA,517,1,10,16,0.625
Phi-4,CSQA,518,1,11,16,0.6875
Phi-4,CSQA,519,4,14,16,0.875
Phi-4,CSQA,520,1,0,16,0.0
Phi-4,CSQA,521,2,12,16,0.75
Phi-4,CSQA,523,1,2,16,0.125
Phi-4,CSQA,524,1,10,16,0.625
Phi-4,CSQA,525,4,10,16,0.625
Phi-4,CSQA,526,4,15,16,0.9375
Phi-4,CSQA,527,2,9,16,0.5625
Phi-4,CSQA,528,1,8,16,0.5
Phi-4,CSQA,529,3,10,16,0.625
Phi-4,CSQA,530,1,10,16,0.625
Phi-4,CSQA,532,2,8,16,0.5
Phi-4,CSQA,533,3,11,16,0.6875
Phi-4,CSQA,534,2,10,16,0.625
Phi-4,CSQA,535,2,9,16,0.5625
Phi-4,CSQA,536,1,10,16,0.625
Phi-4,CSQA,537,1,12,16,0.75
Phi-4,CSQA,538,2,6,16,0.375
Phi-4,CSQA,539,3,7,16,0.4375
Phi-4,CSQA,540,2,11,16,0.6875
Phi-4,CSQA,541,1,6,16,0.375
Phi-4,CSQA,542,1,9,16,0.5625
Phi-4,CSQA,545,3,8,16,0.5
Phi-4,CSQA,546,3,10,16,0.625
Phi-4,CSQA,547,2,10,16,0.625
Phi-4,CSQA,549,1,3,16,0.1875
Phi-4,CSQA,550,3,11,16,0.6875
Phi-4,CSQA,552,1,12,16,0.75
Phi-4,CSQA,553,2,10,16,0.625
Phi-4,CSQA,555,3,7,16,0.4375
Phi-4,CSQA,557,1,12,16,0.75
Phi-4,CSQA,558,7,7,16,0.4375
Phi-4,CSQA,559,1,14,16,0.875
Phi-4,CSQA,561,2,11,16,0.6875
Phi-4,CSQA,562,2,8,16,0.5
Phi-4,CSQA,564,8,12,16,0.75
Phi-4,CSQA,565,4,13,16,0.8125
Phi-4,CSQA,566,4,8,16,0.5
Phi-4,CSQA,567,2,2,16,0.125
Phi-4,CSQA,568,2,11,16,0.6875
Phi-4,CSQA,569,1,9,16,0.5625
Phi-4,CSQA,571,2,9,16,0.5625
Phi-4,CSQA,572,3,10,16,0.625
Phi-4,CSQA,573,2,8,16,0.5
Phi-4,CSQA,574,3,1,16,0.0625
Phi-4,CSQA,576,1,1,16,0.0625
Phi-4,CSQA,577,5,13,16,0.8125
Phi-4,CSQA,580,2,1,16,0.0625
Phi-4,CSQA,581,4,0,16,0.0
Phi-4,CSQA,582,2,8,16,0.5
Phi-4,CSQA,583,1,9,16,0.5625
Phi-4,CSQA,584,2,9,16,0.5625
Phi-4,CSQA,586,1,11,16,0.6875
Phi-4,CSQA,587,5,11,16,0.6875
Phi-4,CSQA,588,2,12,16,0.75
Phi-4,CSQA,589,2,10,16,0.625
Phi-4,CSQA,592,2,9,16,0.5625
Phi-4,CSQA,593,2,8,16,0.5
Phi-4,CSQA,596,1,9,16,0.5625
Phi-4,CSQA,599,1,6,16,0.375
Phi-4,CSQA,600,2,12,16,0.75
Phi-4,CSQA,601,4,6,16,0.375
Phi-4,CSQA,603,1,1,16,0.0625
Phi-4,CSQA,605,1,8,16,0.5
Phi-4,CSQA,606,1,7,16,0.4375
Phi-4,CSQA,607,2,10,16,0.625
Phi-4,CSQA,609,1,7,16,0.4375
Phi-4,CSQA,610,2,12,16,0.75
Phi-4,CSQA,612,1,7,16,0.4375
Phi-4,CSQA,613,2,11,16,0.6875
Phi-4,CSQA,614,3,10,16,0.625
Phi-4,CSQA,615,1,10,16,0.625
Phi-4,CSQA,616,2,2,16,0.125
Phi-4,CSQA,617,2,0,16,0.0
Phi-4,CSQA,618,2,10,16,0.625
Phi-4,CSQA,619,3,7,16,0.4375
Phi-4,CSQA,620,3,8,16,0.5
Phi-4,CSQA,621,1,10,16,0.625
Phi-4,CSQA,623,1,10,16,0.625
Phi-4,CSQA,624,3,2,16,0.125
Phi-4,CSQA,625,1,7,16,0.4375
Phi-4,CSQA,626,1,9,16,0.5625
Phi-4,CSQA,627,2,9,16,0.5625
Phi-4,CSQA,628,1,5,16,0.3125
Phi-4,CSQA,629,2,11,16,0.6875
Phi-4,CSQA,630,1,11,16,0.6875
Phi-4,CSQA,631,2,9,16,0.5625
Phi-4,CSQA,632,2,14,16,0.875
Phi-4,CSQA,634,3,0,16,0.0
Phi-4,CSQA,635,2,4,16,0.25
Phi-4,CSQA,636,3,3,16,0.1875
Phi-4,CSQA,637,1,0,16,0.0
Phi-4,CSQA,638,3,8,16,0.5
Phi-4,CSQA,639,1,7,16,0.4375
Phi-4,CSQA,640,2,0,16,0.0
Phi-4,CSQA,641,3,7,16,0.4375
Phi-4,CSQA,642,1,7,16,0.4375
Phi-4,CSQA,643,1,0,16,0.0
Phi-4,CSQA,644,1,14,16,0.875
Phi-4,CSQA,646,4,9,16,0.5625
Phi-4,CSQA,647,1,12,16,0.75
Phi-4,CSQA,649,3,8,16,0.5
Phi-4,CSQA,650,3,12,16,0.75
Phi-4,CSQA,651,1,13,16,0.8125
Phi-4,CSQA,652,1,11,16,0.6875
Phi-4,CSQA,653,2,4,16,0.25
Phi-4,CSQA,654,2,8,16,0.5
Phi-4,CSQA,655,1,3,16,0.1875
Phi-4,CSQA,657,2,7,16,0.4375
Phi-4,CSQA,658,2,9,16,0.5625
Phi-4,CSQA,659,2,9,16,0.5625
Phi-4,CSQA,660,2,8,16,0.5
Phi-4,CSQA,662,3,7,16,0.4375
Phi-4,CSQA,663,3,6,16,0.375
Phi-4,CSQA,664,1,8,16,0.5
Phi-4,CSQA,665,1,4,16,0.25
Phi-4,CSQA,666,1,8,16,0.5
Phi-4,CSQA,667,1,3,16,0.1875
Phi-4,CSQA,669,2,4,16,0.25
Phi-4,CSQA,671,1,6,16,0.375
Phi-4,CSQA,672,2,3,16,0.1875
Phi-4,CSQA,673,3,13,16,0.8125
Phi-4,CSQA,674,1,0,16,0.0
Phi-4,CSQA,677,2,14,16,0.875
Phi-4,CSQA,678,1,10,16,0.625
Phi-4,CSQA,679,1,9,16,0.5625
Phi-4,CSQA,680,2,11,16,0.6875
Phi-4,CSQA,681,8,7,16,0.4375
Phi-4,CSQA,682,2,5,16,0.3125
Phi-4,CSQA,683,2,9,16,0.5625
Phi-4,CSQA,684,3,11,16,0.6875
Phi-4,CSQA,685,6,5,16,0.3125
Phi-4,CSQA,686,1,9,16,0.5625
Phi-4,CSQA,687,1,6,16,0.375
Phi-4,CSQA,688,1,11,16,0.6875
Phi-4,CSQA,689,1,1,16,0.0625
Phi-4,CSQA,691,1,7,16,0.4375
Phi-4,CSQA,692,1,6,16,0.375
Phi-4,CSQA,695,1,10,16,0.625
Phi-4,CSQA,696,3,7,16,0.4375
Phi-4,CSQA,697,1,9,16,0.5625
Phi-4,CSQA,699,1,3,16,0.1875
Phi-4,CSQA,700,2,11,16,0.6875
Phi-4,CSQA,701,3,8,16,0.5
Phi-4,CSQA,702,3,10,16,0.625
Phi-4,CSQA,703,1,2,16,0.125
Phi-4,CSQA,704,2,9,16,0.5625
Phi-4,CSQA,705,1,9,16,0.5625
Phi-4,CSQA,706,2,11,16,0.6875
Phi-4,CSQA,707,3,10,16,0.625
Phi-4,CSQA,708,1,8,16,0.5
Phi-4,CSQA,709,1,8,16,0.5
Phi-4,CSQA,710,2,10,16,0.625
Phi-4,CSQA,712,2,14,16,0.875
Phi-4,CSQA,713,2,10,16,0.625
Phi-4,CSQA,714,1,7,16,0.4375
Phi-4,CSQA,715,3,0,16,0.0
Phi-4,CSQA,716,2,2,16,0.125
Phi-4,CSQA,717,3,2,16,0.125
Phi-4,CSQA,718,2,5,16,0.3125
Phi-4,CSQA,719,2,13,16,0.8125
Phi-4,CSQA,720,1,7,16,0.4375
Phi-4,CSQA,721,4,11,16,0.6875
Phi-4,CSQA,722,2,8,16,0.5
Phi-4,CSQA,723,1,11,16,0.6875
Phi-4,CSQA,724,1,3,16,0.1875
Phi-4,CSQA,726,2,13,16,0.8125
Phi-4,CSQA,727,2,9,16,0.5625
Phi-4,CSQA,728,1,0,16,0.0
Phi-4,CSQA,729,3,11,16,0.6875
Phi-4,CSQA,730,2,9,16,0.5625
Phi-4,CSQA,731,2,12,16,0.75
Phi-4,CSQA,732,2,11,16,0.6875
Phi-4,CSQA,733,3,11,16,0.6875
Phi-4,CSQA,734,1,7,16,0.4375
Phi-4,CSQA,735,1,10,16,0.625
Phi-4,CSQA,736,2,8,16,0.5
Phi-4,CSQA,738,3,8,16,0.5
Phi-4,CSQA,740,1,11,16,0.6875
Phi-4,CSQA,741,3,11,16,0.6875
Phi-4,CSQA,742,6,10,16,0.625
Phi-4,CSQA,743,1,11,16,0.6875
Phi-4,CSQA,744,1,14,16,0.875
Phi-4,CSQA,745,2,10,16,0.625
Phi-4,CSQA,746,1,13,16,0.8125
Phi-4,CSQA,747,1,7,16,0.4375
Phi-4,CSQA,748,2,11,16,0.6875
Phi-4,CSQA,749,7,9,16,0.5625
Phi-4,CSQA,750,3,9,16,0.5625
Phi-4,CSQA,751,5,3,16,0.1875
Phi-4,CSQA,752,2,6,16,0.375
Phi-4,CSQA,754,2,9,16,0.5625
Phi-4,CSQA,755,4,8,16,0.5
Phi-4,CSQA,756,2,10,16,0.625
Phi-4,CSQA,757,3,10,16,0.625
Phi-4,CSQA,758,2,11,16,0.6875
Phi-4,CSQA,759,2,7,16,0.4375
Phi-4,CSQA,760,1,9,16,0.5625
Phi-4,CSQA,761,3,0,16,0.0
Phi-4,CSQA,762,2,9,16,0.5625
Phi-4,CSQA,764,2,0,16,0.0
Phi-4,CSQA,765,8,6,16,0.375
Phi-4,CSQA,766,3,8,16,0.5
Phi-4,CSQA,767,1,11,16,0.6875
Phi-4,CSQA,768,2,8,16,0.5
Phi-4,CSQA,769,2,11,16,0.6875
Phi-4,CSQA,770,1,7,16,0.4375
Phi-4,CSQA,771,1,9,16,0.5625
Phi-4,CSQA,772,1,8,16,0.5
Phi-4,CSQA,773,1,1,16,0.0625
Phi-4,CSQA,774,2,8,16,0.5
Phi-4,CSQA,775,1,7,16,0.4375
Phi-4,CSQA,776,3,11,16,0.6875
Phi-4,CSQA,777,2,11,16,0.6875
Phi-4,CSQA,778,2,11,16,0.6875
Phi-4,CSQA,779,1,0,16,0.0
Phi-4,CSQA,780,2,9,16,0.5625
Phi-4,CSQA,781,1,10,16,0.625
Phi-4,CSQA,782,3,12,16,0.75
Phi-4,CSQA,783,2,9,16,0.5625
Phi-4,CSQA,784,2,9,16,0.5625
Phi-4,CSQA,786,2,4,16,0.25
Phi-4,CSQA,787,1,6,16,0.375
Phi-4,CSQA,788,7,7,16,0.4375
Phi-4,CSQA,789,3,0,16,0.0
Phi-4,CSQA,790,1,10,16,0.625
Phi-4,CSQA,791,1,2,16,0.125
Phi-4,CSQA,792,1,7,16,0.4375
Phi-4,CSQA,795,1,9,16,0.5625
Phi-4,CSQA,796,1,5,16,0.3125
Phi-4,CSQA,799,1,13,16,0.8125
Phi-4,CSQA,801,4,8,16,0.5
Phi-4,CSQA,802,1,6,16,0.375
Phi-4,CSQA,803,1,6,16,0.375
Phi-4,CSQA,804,3,2,16,0.125
Phi-4,CSQA,805,1,1,16,0.0625
Phi-4,CSQA,807,1,0,16,0.0
Phi-4,CSQA,808,1,3,16,0.1875
Phi-4,CSQA,810,2,9,16,0.5625
Phi-4,CSQA,811,4,8,16,0.5
Phi-4,CSQA,813,1,12,16,0.75
Phi-4,CSQA,814,2,10,16,0.625
Phi-4,CSQA,815,1,0,16,0.0
Phi-4,CSQA,816,2,1,16,0.0625
Phi-4,CSQA,817,2,8,16,0.5
Phi-4,CSQA,819,3,14,16,0.875
Phi-4,CSQA,820,1,12,16,0.75
Phi-4,CSQA,821,1,8,16,0.5
Phi-4,CSQA,822,1,4,16,0.25
Phi-4,CSQA,823,5,9,16,0.5625
Phi-4,CSQA,824,1,8,16,0.5
Phi-4,CSQA,826,1,9,16,0.5625
Phi-4,CSQA,827,1,8,16,0.5
Phi-4,CSQA,828,2,11,16,0.6875
Phi-4,CSQA,829,6,7,16,0.4375
Phi-4,CSQA,831,1,7,16,0.4375
Phi-4,CSQA,832,5,11,16,0.6875
Phi-4,CSQA,833,3,13,16,0.8125
Phi-4,CSQA,834,1,0,16,0.0
Phi-4,CSQA,835,1,10,16,0.625
Phi-4,CSQA,836,1,0,16,0.0
Phi-4,CSQA,837,1,12,16,0.75
Phi-4,CSQA,839,2,9,16,0.5625
Phi-4,CSQA,840,4,13,16,0.8125
Phi-4,CSQA,841,4,8,16,0.5
Phi-4,CSQA,842,1,8,16,0.5
Phi-4,CSQA,843,3,0,16,0.0
Phi-4,CSQA,844,1,13,16,0.8125
Phi-4,CSQA,845,6,11,16,0.6875
Phi-4,CSQA,847,2,10,16,0.625
Phi-4,CSQA,848,1,11,16,0.6875
Phi-4,CSQA,850,1,0,16,0.0
Phi-4,CSQA,851,4,8,16,0.5
Phi-4,CSQA,853,1,12,16,0.75
Phi-4,CSQA,854,2,10,16,0.625
Phi-4,CSQA,855,1,10,16,0.625
Phi-4,CSQA,856,1,7,16,0.4375
Phi-4,CSQA,857,2,11,16,0.6875
Phi-4,CSQA,858,2,9,16,0.5625
Phi-4,CSQA,860,1,7,16,0.4375
Phi-4,CSQA,861,2,7,16,0.4375
Phi-4,CSQA,862,4,0,16,0.0
Phi-4,CSQA,863,1,9,16,0.5625
Phi-4,CSQA,864,1,10,16,0.625
Phi-4,CSQA,865,2,11,16,0.6875
Phi-4,CSQA,866,7,9,16,0.5625
Phi-4,CSQA,867,2,14,16,0.875
Phi-4,CSQA,868,2,10,16,0.625
Phi-4,CSQA,869,2,11,16,0.6875
Phi-4,CSQA,870,1,7,16,0.4375
Phi-4,CSQA,871,1,11,16,0.6875
Phi-4,CSQA,872,1,9,16,0.5625
Phi-4,CSQA,874,1,7,16,0.4375
Phi-4,CSQA,875,1,1,16,0.0625
Phi-4,CSQA,880,6,1,16,0.0625
Phi-4,CSQA,881,2,8,16,0.5
Phi-4,CSQA,882,3,9,16,0.5625
Phi-4,CSQA,883,1,6,16,0.375
Phi-4,CSQA,884,3,6,16,0.375
Phi-4,CSQA,885,2,11,16,0.6875
Phi-4,CSQA,886,1,13,16,0.8125
Phi-4,CSQA,887,1,11,16,0.6875
Phi-4,CSQA,888,3,9,16,0.5625
Phi-4,CSQA,889,2,11,16,0.6875
Phi-4,CSQA,890,1,2,16,0.125
Phi-4,CSQA,891,1,2,16,0.125
Phi-4,CSQA,893,3,8,16,0.5
Phi-4,CSQA,894,3,13,16,0.8125
Phi-4,CSQA,895,2,10,16,0.625
Phi-4,CSQA,896,3,12,16,0.75
Phi-4,CSQA,897,4,13,16,0.8125
Phi-4,CSQA,898,2,0,16,0.0
Phi-4,CSQA,899,1,10,16,0.625
Phi-4,CSQA,901,2,3,16,0.1875
Phi-4,CSQA,902,1,5,16,0.3125
Phi-4,CSQA,903,1,8,16,0.5
Phi-4,CSQA,904,2,3,16,0.1875
Phi-4,CSQA,906,2,9,16,0.5625
Phi-4,CSQA,907,2,11,16,0.6875
Phi-4,CSQA,909,3,10,16,0.625
Phi-4,CSQA,910,1,10,16,0.625
Phi-4,CSQA,911,1,11,16,0.6875
Phi-4,CSQA,912,2,14,16,0.875
Phi-4,CSQA,914,1,0,16,0.0
Phi-4,CSQA,915,1,0,16,0.0
Phi-4,CSQA,916,2,12,16,0.75
Phi-4,CSQA,918,1,8,16,0.5
Phi-4,CSQA,919,4,7,16,0.4375
Phi-4,CSQA,920,1,14,16,0.875
Phi-4,CSQA,921,2,12,16,0.75
Phi-4,CSQA,922,1,10,16,0.625
Phi-4,CSQA,923,1,11,16,0.6875
Phi-4,CSQA,924,2,7,16,0.4375
Phi-4,CSQA,925,1,7,16,0.4375
Phi-4,CSQA,926,1,9,16,0.5625
Phi-4,CSQA,928,2,10,16,0.625
Phi-4,CSQA,929,2,8,16,0.5
Phi-4,CSQA,930,3,9,16,0.5625
Phi-4,CSQA,932,3,11,16,0.6875
Phi-4,CSQA,933,1,4,16,0.25
Phi-4,CSQA,934,3,6,16,0.375
Phi-4,CSQA,936,1,9,16,0.5625
Phi-4,CSQA,937,1,5,16,0.3125
Phi-4,CSQA,938,2,1,16,0.0625
Phi-4,CSQA,939,1,1,16,0.0625
Phi-4,CSQA,940,1,3,16,0.1875
Phi-4,CSQA,941,1,11,16,0.6875
Phi-4,CSQA,942,1,5,16,0.3125
Phi-4,CSQA,944,1,10,16,0.625
Phi-4,CSQA,945,2,9,16,0.5625
Phi-4,CSQA,946,1,10,16,0.625
Phi-4,CSQA,947,1,11,16,0.6875
Phi-4,CSQA,948,1,11,16,0.6875
Phi-4,CSQA,949,2,8,16,0.5
Phi-4,CSQA,950,1,10,16,0.625
Phi-4,CSQA,951,2,7,16,0.4375
Phi-4,CSQA,952,1,8,16,0.5
Phi-4,CSQA,953,5,11,16,0.6875
Phi-4,CSQA,955,3,11,16,0.6875
Phi-4,CSQA,956,2,7,16,0.4375
Phi-4,CSQA,957,3,8,16,0.5
Phi-4,CSQA,959,7,13,16,0.8125
Phi-4,CSQA,960,3,11,16,0.6875
Phi-4,CSQA,961,1,10,16,0.625
Phi-4,CSQA,963,4,12,16,0.75
Phi-4,CSQA,964,1,12,16,0.75
Phi-4,CSQA,965,3,11,16,0.6875
Phi-4,CSQA,966,3,0,16,0.0
Phi-4,CSQA,968,2,0,16,0.0
Phi-4,CSQA,969,3,7,16,0.4375
Phi-4,CSQA,971,2,9,16,0.5625
Phi-4,CSQA,973,2,7,16,0.4375
Phi-4,CSQA,974,1,12,16,0.75
Phi-4,CSQA,975,2,10,16,0.625
Phi-4,CSQA,976,5,10,16,0.625
Phi-4,CSQA,977,1,10,16,0.625
Phi-4,CSQA,978,2,10,16,0.625
Phi-4,CSQA,980,1,4,16,0.25
Phi-4,CSQA,981,1,7,16,0.4375
Phi-4,CSQA,982,1,7,16,0.4375
Phi-4,CSQA,983,2,1,16,0.0625
Phi-4,CSQA,985,1,5,16,0.3125
Phi-4,CSQA,986,1,8,16,0.5
Phi-4,CSQA,987,1,9,16,0.5625
Phi-4,CSQA,989,1,12,16,0.75
Phi-4,CSQA,990,3,0,16,0.0
Phi-4,CSQA,992,2,0,16,0.0
Phi-4,CSQA,993,1,9,16,0.5625
Phi-4,CSQA,995,1,14,16,0.875
Phi-4,CSQA,996,1,10,16,0.625
Phi-4,CSQA,997,1,10,16,0.625
Phi-4,CSQA,999,1,8,16,0.5
Phi-4,CSQA,1000,1,8,16,0.5
Phi-4,CSQA,1002,3,6,16,0.375
Phi-4,CSQA,1003,2,0,16,0.0
Phi-4,CSQA,1004,1,0,16,0.0
Phi-4,CSQA,1005,3,1,16,0.0625
Phi-4,CSQA,1007,1,10,16,0.625
Phi-4,CSQA,1009,1,1,16,0.0625
Phi-4,CSQA,1010,1,11,16,0.6875
Phi-4,CSQA,1011,1,11,16,0.6875
Phi-4,CSQA,1012,1,1,16,0.0625
Phi-4,CSQA,1014,1,5,16,0.3125
Phi-4,CSQA,1015,2,6,16,0.375
Phi-4,CSQA,1016,3,8,16,0.5
Phi-4,CSQA,1017,1,5,16,0.3125
Phi-4,CSQA,1018,2,8,16,0.5
Phi-4,CSQA,1020,1,9,16,0.5625
Phi-4,CSQA,1022,1,11,16,0.6875
Phi-4,CSQA,1023,1,6,16,0.375
Phi-4,CSQA,1024,2,11,16,0.6875
Phi-4,CSQA,1025,3,11,16,0.6875
Phi-4,CSQA,1026,2,0,16,0.0
Phi-4,CSQA,1027,1,13,16,0.8125
Phi-4,CSQA,1028,1,12,16,0.75
Phi-4,CSQA,1029,1,9,16,0.5625
Phi-4,CSQA,1030,2,10,16,0.625
Phi-4,CSQA,1031,1,5,16,0.3125
Phi-4,CSQA,1032,1,2,16,0.125
Phi-4,CSQA,1033,1,9,16,0.5625
Phi-4,CSQA,1034,5,9,16,0.5625
Phi-4,CSQA,1035,1,2,16,0.125
Phi-4,CSQA,1036,2,7,16,0.4375
Phi-4,CSQA,1037,2,11,16,0.6875
Phi-4,CSQA,1039,1,0,16,0.0
Phi-4,CSQA,1040,1,7,16,0.4375
Phi-4,CSQA,1041,2,13,16,0.8125
Phi-4,CSQA,1043,1,12,16,0.75
Phi-4,CSQA,1044,3,9,16,0.5625
Phi-4,CSQA,1045,3,13,16,0.8125
Phi-4,CSQA,1048,4,0,16,0.0
Phi-4,CSQA,1049,2,13,16,0.8125
Phi-4,CSQA,1050,3,8,16,0.5
Phi-4,CSQA,1051,2,10,16,0.625
Phi-4,CSQA,1052,3,5,16,0.3125
Phi-4,CSQA,1053,3,9,16,0.5625
Phi-4,CSQA,1055,1,8,16,0.5
Phi-4,CSQA,1058,3,12,16,0.75
Phi-4,CSQA,1059,3,11,16,0.6875
Phi-4,CSQA,1061,1,10,16,0.625
Phi-4,CSQA,1062,6,7,16,0.4375
Phi-4,CSQA,1063,1,8,16,0.5
Phi-4,CSQA,1064,1,11,16,0.6875
Phi-4,CSQA,1066,1,10,16,0.625
Phi-4,CSQA,1067,1,7,16,0.4375
Phi-4,CSQA,1068,1,9,16,0.5625
Phi-4,CSQA,1071,1,14,16,0.875
Phi-4,CSQA,1072,3,13,16,0.8125
Phi-4,CSQA,1073,4,1,16,0.0625
Phi-4,CSQA,1074,1,13,16,0.8125
Phi-4,CSQA,1075,1,5,16,0.3125
Phi-4,CSQA,1076,2,5,16,0.3125
Phi-4,CSQA,1077,1,11,16,0.6875
Phi-4,CSQA,1078,1,10,16,0.625
Phi-4,CSQA,1079,3,13,16,0.8125
Phi-4,CSQA,1080,5,10,16,0.625
Phi-4,CSQA,1081,1,8,16,0.5
Phi-4,CSQA,1082,2,8,16,0.5
Phi-4,CSQA,1083,1,6,16,0.375
Phi-4,CSQA,1084,1,7,16,0.4375
Phi-4,CSQA,1085,3,11,16,0.6875
Phi-4,CSQA,1087,3,6,16,0.375
Phi-4,CSQA,1088,1,10,16,0.625
Phi-4,CSQA,1089,2,10,16,0.625
Phi-4,CSQA,1093,2,1,16,0.0625
Phi-4,CSQA,1094,2,12,16,0.75
Phi-4,CSQA,1095,1,12,16,0.75
Phi-4,CSQA,1096,2,12,16,0.75
Phi-4,CSQA,1097,1,8,16,0.5
Phi-4,CSQA,1098,1,8,16,0.5
Phi-4,CSQA,1099,1,12,16,0.75
Phi-4,CSQA,1100,1,3,16,0.1875
Phi-4,CSQA,1101,2,9,16,0.5625
Phi-4,CSQA,1102,1,9,16,0.5625
Phi-4,CSQA,1103,1,7,16,0.4375
Phi-4,CSQA,1104,1,7,16,0.4375
Phi-4,CSQA,1105,1,5,16,0.3125
Phi-4,CSQA,1106,3,9,16,0.5625
Phi-4,CSQA,1107,2,9,16,0.5625
Phi-4,CSQA,1108,3,9,16,0.5625
Phi-4,CSQA,1109,1,11,16,0.6875
Phi-4,CSQA,1110,2,6,16,0.375
Phi-4,CSQA,1111,3,12,16,0.75
Phi-4,CSQA,1112,1,6,16,0.375
Phi-4,CSQA,1113,2,1,16,0.0625
Phi-4,CSQA,1114,1,8,16,0.5
Phi-4,CSQA,1116,1,0,16,0.0
Phi-4,CSQA,1117,5,9,16,0.5625
Phi-4,CSQA,1118,2,7,16,0.4375
Phi-4,CSQA,1120,3,9,16,0.5625
Phi-4,CSQA,1121,3,9,16,0.5625
Phi-4,CSQA,1122,1,10,16,0.625
Phi-4,CSQA,1123,1,1,16,0.0625
Phi-4,CSQA,1124,4,11,16,0.6875
Phi-4,CSQA,1126,1,12,16,0.75
Phi-4,CSQA,1127,2,10,16,0.625
Phi-4,CSQA,1129,2,9,16,0.5625
Phi-4,CSQA,1130,1,12,16,0.75
Phi-4,CSQA,1133,1,2,16,0.125
Phi-4,CSQA,1134,1,10,16,0.625
Phi-4,CSQA,1135,1,0,16,0.0
Phi-4,CSQA,1136,4,11,16,0.6875
Phi-4,CSQA,1137,1,9,16,0.5625
Phi-4,CSQA,1138,7,7,16,0.4375
Phi-4,CSQA,1139,2,0,16,0.0
Phi-4,CSQA,1140,1,7,16,0.4375
Phi-4,CSQA,1141,1,7,16,0.4375
Phi-4,CSQA,1142,1,7,16,0.4375
Phi-4,CSQA,1143,2,2,16,0.125
Phi-4,CSQA,1144,3,12,16,0.75
Phi-4,CSQA,1145,1,6,16,0.375
Phi-4,CSQA,1146,2,12,16,0.75
Phi-4,CSQA,1147,3,14,16,0.875
Phi-4,CSQA,1148,1,8,16,0.5
Phi-4,CSQA,1150,2,10,16,0.625
Phi-4,CSQA,1151,5,15,16,0.9375
Phi-4,CSQA,1152,2,3,16,0.1875
Phi-4,CSQA,1153,2,9,16,0.5625
Phi-4,CSQA,1155,1,9,16,0.5625
Phi-4,CSQA,1156,1,6,16,0.375
Phi-4,CSQA,1157,3,10,16,0.625
Phi-4,CSQA,1158,2,2,16,0.125
Phi-4,CSQA,1160,1,11,16,0.6875
Phi-4,CSQA,1163,2,11,16,0.6875
Phi-4,CSQA,1164,1,8,16,0.5
Phi-4,CSQA,1166,2,13,16,0.8125
Phi-4,CSQA,1167,1,9,16,0.5625
Phi-4,CSQA,1168,1,7,16,0.4375
Phi-4,CSQA,1169,2,12,16,0.75
Phi-4,CSQA,1170,4,0,16,0.0
Phi-4,CSQA,1171,4,12,16,0.75
Phi-4,CSQA,1172,2,1,16,0.0625
Phi-4,CSQA,1173,1,8,16,0.5
Phi-4,CSQA,1175,2,13,16,0.8125
Phi-4,CSQA,1177,3,11,16,0.6875
Phi-4,CSQA,1178,1,7,16,0.4375
Phi-4,CSQA,1179,2,9,16,0.5625
Phi-4,CSQA,1180,3,7,16,0.4375
Phi-4,CSQA,1182,2,10,16,0.625
Phi-4,CSQA,1184,2,3,16,0.1875
Phi-4,CSQA,1185,1,11,16,0.6875
Phi-4,CSQA,1186,1,12,16,0.75
Phi-4,CSQA,1188,1,7,16,0.4375
Phi-4,CSQA,1189,3,12,16,0.75
Phi-4,CSQA,1190,3,10,16,0.625
Phi-4,CSQA,1191,4,10,16,0.625
Phi-4,CSQA,1193,2,9,16,0.5625
Phi-4,CSQA,1195,1,4,16,0.25
Phi-4,CSQA,1196,3,2,16,0.125
Phi-4,CSQA,1198,1,10,16,0.625
Phi-4,CSQA,1199,1,8,16,0.5
Phi-4,CSQA,1201,3,12,16,0.75
Phi-4,CSQA,1202,4,8,16,0.5
Phi-4,CSQA,1203,1,0,16,0.0
Phi-4,CSQA,1205,2,11,16,0.6875
Phi-4,CSQA,1206,2,12,16,0.75
Phi-4,CSQA,1208,4,0,16,0.0
Phi-4,CSQA,1209,2,9,16,0.5625
Phi-4,CSQA,1210,3,4,16,0.25
Phi-4,CSQA,1211,2,1,16,0.0625
Phi-4,CSQA,1212,1,11,16,0.6875
Phi-4,CSQA,1213,2,8,16,0.5
Phi-4,CSQA,1214,2,4,16,0.25
Phi-4,CSQA,1215,2,10,16,0.625
Phi-4,CSQA,1216,3,7,16,0.4375
Phi-4,CSQA,1218,2,7,16,0.4375
Phi-4,CSQA,1219,2,8,16,0.5
Phi-4,CSQA,1220,1,9,16,0.5625
Phi-4,GPQA,1,1,6,16,0.375
Phi-4,GPQA,4,1,4,16,0.25
Phi-4,GPQA,5,3,8,16,0.5
Phi-4,GPQA,7,3,8,16,0.5
Phi-4,GPQA,12,1,10,16,0.625
Phi-4,GPQA,18,1,4,16,0.25
Phi-4,GPQA,19,1,4,16,0.25
Phi-4,GPQA,20,1,1,16,0.0625
Phi-4,GPQA,21,1,3,16,0.1875
Phi-4,GPQA,23,1,8,16,0.5
Phi-4,GPQA,24,3,5,16,0.3125
Phi-4,GPQA,26,14,0,16,0.0
Phi-4,GPQA,33,2,6,16,0.375
Phi-4,GPQA,35,1,6,16,0.375
Phi-4,GPQA,44,13,2,16,0.125
Phi-4,GPQA,45,3,12,16,0.75
Phi-4,GPQA,46,1,5,16,0.3125
Phi-4,GPQA,48,4,9,16,0.5625
Phi-4,GPQA,50,12,3,16,0.1875
Phi-4,GPQA,52,1,7,16,0.4375
Phi-4,GPQA,54,14,1,16,0.0625
Phi-4,GPQA,58,2,2,16,0.125
Phi-4,GPQA,59,13,0,16,0.0
Phi-4,GPQA,61,2,8,16,0.5
Phi-4,GPQA,63,15,0,16,0.0
Phi-4,GPQA,71,15,0,16,0.0
Phi-4,GPQA,72,1,5,16,0.3125
Phi-4,GPQA,73,14,0,16,0.0
Phi-4,GPQA,75,1,3,16,0.1875
Phi-4,GPQA,76,1,5,16,0.3125
Phi-4,GPQA,80,2,5,16,0.3125
Phi-4,GPQA,83,1,5,16,0.3125
Phi-4,GPQA,87,1,8,16,0.5
Phi-4,GPQA,88,1,2,16,0.125
Phi-4,GPQA,90,1,9,16,0.5625
Phi-4,GPQA,92,1,10,16,0.625
Phi-4,GPQA,95,15,1,16,0.0625
Phi-4,GPQA,96,1,0,16,0.0
Phi-4,GPQA,101,1,1,16,0.0625
Phi-4,GPQA,103,16,0,16,0.0
Phi-4,GPQA,104,1,6,16,0.375
Phi-4,GPQA,106,2,7,16,0.4375
Phi-4,GPQA,108,1,6,16,0.375
Phi-4,GPQA,109,1,4,16,0.25
Phi-4,GPQA,110,3,8,16,0.5
Phi-4,GPQA,111,1,6,16,0.375
Phi-4,GPQA,115,1,4,16,0.25
Phi-4,GPQA,120,1,6,16,0.375
Phi-4,GPQA,123,13,2,16,0.125
Phi-4,GPQA,124,2,6,16,0.375
Phi-4,GPQA,128,1,3,16,0.1875
Phi-4,GPQA,131,1,6,16,0.375
Phi-4,GPQA,133,1,4,16,0.25
Phi-4,GPQA,136,2,6,16,0.375
Phi-4,GPQA,137,3,2,16,0.125
Phi-4,GPQA,140,1,7,16,0.4375
Phi-4,GPQA,142,1,3,16,0.1875
Phi-4,GPQA,143,1,4,16,0.25
Phi-4,GPQA,144,1,8,16,0.5
Phi-4,GPQA,145,4,6,16,0.375
Phi-4,GPQA,147,2,2,16,0.125
Phi-4,GPQA,149,4,2,16,0.125
Phi-4,GPQA,151,10,1,16,0.0625
Phi-4,GPQA,153,1,6,16,0.375
Phi-4,GPQA,154,1,6,16,0.375
Phi-4,GPQA,155,13,0,16,0.0
Phi-4,GPQA,158,11,2,16,0.125
Phi-4,GPQA,162,15,0,16,0.0
Phi-4,GPQA,163,1,7,16,0.4375
Phi-4,GPQA,169,1,7,16,0.4375
Phi-4,GPQA,171,3,9,16,0.5625
Phi-4,GPQA,172,3,6,16,0.375
Phi-4,GPQA,176,13,0,16,0.0
Phi-4,GPQA,178,2,10,16,0.625
Phi-4,GPQA,179,1,7,16,0.4375
Phi-4,GPQA,180,13,2,16,0.125
Phi-4,GPQA,182,1,3,16,0.1875
Phi-4,GPQA,185,2,4,16,0.25
Phi-4,GPQA,186,14,1,16,0.0625
Phi-4,GPQA,187,3,7,16,0.4375
Phi-4,GPQA,188,2,3,16,0.1875
Phi-4,GPQA,189,1,7,16,0.4375
Phi-4,GPQA,191,1,5,16,0.3125
Phi-4,GPQA,195,2,5,16,0.3125
Phi-4,GPQA,196,1,4,16,0.25
Phi-4,GPQA,197,2,4,16,0.25
Phi-4,GPQA,199,2,7,16,0.4375
Phi-4,GPQA,200,16,0,16,0.0
Phi-4,GPQA,203,2,6,16,0.375
Phi-4,GPQA,207,1,3,16,0.1875
Phi-4,GPQA,208,15,0,16,0.0
Phi-4,GPQA,211,2,3,16,0.1875
Phi-4,GPQA,212,14,0,16,0.0
Phi-4,GPQA,217,1,4,16,0.25
Phi-4,GPQA,218,16,0,16,0.0
Phi-4,GPQA,219,1,2,16,0.125
Phi-4,GPQA,220,1,7,16,0.4375
Phi-4,GPQA,222,1,1,16,0.0625
Phi-4,GPQA,223,1,3,16,0.1875
Phi-4,GPQA,225,1,5,16,0.3125
Phi-4,GPQA,227,14,1,16,0.0625
Phi-4,GPQA,231,15,0,16,0.0
Phi-4,GPQA,232,1,8,16,0.5
Phi-4,GPQA,233,1,3,16,0.1875
Phi-4,GPQA,234,1,3,16,0.1875
Phi-4,GPQA,235,2,4,16,0.25
Phi-4,GPQA,238,1,3,16,0.1875
Phi-4,GPQA,239,1,2,16,0.125
Phi-4,GPQA,247,2,6,16,0.375
Phi-4,GPQA,251,2,5,16,0.3125
Phi-4,GPQA,253,1,3,16,0.1875
Phi-4,GPQA,256,1,3,16,0.1875
Phi-4,GPQA,258,1,3,16,0.1875
Phi-4,GPQA,262,14,0,16,0.0
Phi-4,GPQA,263,1,6,16,0.375
Phi-4,GPQA,265,15,1,16,0.0625
Phi-4,GPQA,266,1,7,16,0.4375
Phi-4,GPQA,270,1,5,16,0.3125
Phi-4,GPQA,273,10,5,16,0.3125
Phi-4,GPQA,274,1,6,16,0.375
Phi-4,GPQA,276,11,3,16,0.1875
Phi-4,GPQA,277,1,4,16,0.25
Phi-4,GPQA,278,1,6,16,0.375
Phi-4,GPQA,279,1,7,16,0.4375
Phi-4,GPQA,285,2,4,16,0.25
Phi-4,GPQA,287,3,4,16,0.25
Phi-4,GPQA,288,1,1,16,0.0625
Phi-4,GPQA,289,12,1,16,0.0625
Phi-4,GPQA,290,2,6,16,0.375
Phi-4,GPQA,291,1,7,16,0.4375
Phi-4,GPQA,292,14,0,16,0.0
Phi-4,GPQA,295,1,7,16,0.4375
Phi-4,GPQA,296,2,4,16,0.25
Phi-4,GPQA,300,13,0,16,0.0
Phi-4,GPQA,302,1,7,16,0.4375
Phi-4,GPQA,305,1,3,16,0.1875
Phi-4,GPQA,307,1,4,16,0.25
Phi-4,GPQA,315,4,6,16,0.375
Phi-4,GPQA,318,1,5,16,0.3125
Phi-4,GPQA,319,1,5,16,0.3125
Phi-4,GPQA,320,1,2,16,0.125
Phi-4,GPQA,322,1,8,16,0.5
Phi-4,GPQA,329,12,0,16,0.0
Phi-4,GPQA,332,1,3,16,0.1875
Phi-4,GPQA,333,14,0,16,0.0
Phi-4,GPQA,335,2,8,16,0.5
Phi-4,GPQA,337,1,7,16,0.4375
Phi-4,GPQA,341,1,5,16,0.3125
Phi-4,GPQA,344,13,3,16,0.1875
Phi-4,GPQA,349,1,4,16,0.25
Phi-4,GPQA,353,1,7,16,0.4375
Phi-4,GPQA,355,2,4,16,0.25
Phi-4,GPQA,359,2,5,16,0.3125
Phi-4,GPQA,361,2,7,16,0.4375
Phi-4,GPQA,362,1,1,16,0.0625
Phi-4,GPQA,364,1,4,16,0.25
Phi-4,GPQA,374,1,5,16,0.3125
Phi-4,GPQA,375,1,8,16,0.5
Phi-4,GPQA,379,4,8,16,0.5
Phi-4,GPQA,381,1,2,16,0.125
Phi-4,GPQA,382,4,4,16,0.25
Phi-4,GPQA,386,2,12,16,0.75
Phi-4,GPQA,387,4,7,16,0.4375
Phi-4,GPQA,389,14,1,16,0.0625
Phi-4,GPQA,393,5,5,16,0.3125
Phi-4,GPQA,396,1,3,16,0.1875
Phi-4,GPQA,399,2,7,16,0.4375
Phi-4,GPQA,400,1,7,16,0.4375
Phi-4,GPQA,401,2,6,16,0.375
Phi-4,GPQA,402,1,3,16,0.1875
Phi-4,GPQA,403,1,7,16,0.4375
Phi-4,GPQA,405,12,1,16,0.0625
Phi-4,GPQA,408,2,4,16,0.25
Phi-4,GPQA,409,1,3,16,0.1875
Phi-4,GPQA,411,3,3,16,0.1875
Phi-4,GPQA,414,1,9,16,0.5625
Phi-4,GPQA,417,1,5,16,0.3125
Phi-4,GPQA,418,1,7,16,0.4375
Phi-4,GPQA,420,1,9,16,0.5625
Phi-4,GPQA,423,3,6,16,0.375
Phi-4,GPQA,427,2,4,16,0.25
Phi-4,GPQA,432,2,4,16,0.25
Phi-4,GPQA,434,1,3,16,0.1875
Phi-4,GPQA,438,1,3,16,0.1875
Phi-4,GPQA,439,1,5,16,0.3125
Phi-4,GSM8K,2,2,9,16,0.5625
Phi-4,GSM8K,3,1,11,16,0.6875
Phi-4,GSM8K,4,1,11,16,0.6875
Phi-4,GSM8K,5,2,12,16,0.75
Phi-4,GSM8K,6,1,15,16,0.9375
Phi-4,GSM8K,7,3,9,16,0.5625
Phi-4,GSM8K,8,1,9,16,0.5625
Phi-4,GSM8K,10,1,11,16,0.6875
Phi-4,GSM8K,11,3,13,16,0.8125
Phi-4,GSM8K,12,1,4,16,0.25
Phi-4,GSM8K,13,7,11,16,0.6875
Phi-4,GSM8K,15,2,13,16,0.8125
Phi-4,GSM8K,16,2,10,16,0.625
Phi-4,GSM8K,17,3,8,16,0.5
Phi-4,GSM8K,18,4,12,16,0.75
Phi-4,GSM8K,19,3,11,16,0.6875
Phi-4,GSM8K,21,1,11,16,0.6875
Phi-4,GSM8K,22,2,12,16,0.75
Phi-4,GSM8K,23,2,9,16,0.5625
Phi-4,GSM8K,24,2,9,16,0.5625
Phi-4,GSM8K,25,1,8,16,0.5
Phi-4,GSM8K,26,1,11,16,0.6875
Phi-4,GSM8K,27,1,13,16,0.8125
Phi-4,GSM8K,28,1,9,16,0.5625
Phi-4,GSM8K,30,2,12,16,0.75
Phi-4,GSM8K,31,1,11,16,0.6875
Phi-4,GSM8K,32,1,13,16,0.8125
Phi-4,GSM8K,33,2,13,16,0.8125
Phi-4,GSM8K,34,1,10,16,0.625
Phi-4,GSM8K,35,3,9,16,0.5625
Phi-4,GSM8K,36,2,10,16,0.625
Phi-4,GSM8K,39,2,10,16,0.625
Phi-4,GSM8K,40,1,4,16,0.25
Phi-4,GSM8K,41,2,8,16,0.5
Phi-4,GSM8K,43,1,10,16,0.625
Phi-4,GSM8K,44,2,9,16,0.5625
Phi-4,GSM8K,45,3,12,16,0.75
Phi-4,GSM8K,46,1,14,16,0.875
Phi-4,GSM8K,53,1,11,16,0.6875
Phi-4,GSM8K,55,2,9,16,0.5625
Phi-4,GSM8K,57,2,15,16,0.9375
Phi-4,GSM8K,58,1,13,16,0.8125
Phi-4,GSM8K,59,4,8,16,0.5
Phi-4,GSM8K,61,2,11,16,0.6875
Phi-4,GSM8K,62,2,6,16,0.375
Phi-4,GSM8K,64,2,12,16,0.75
Phi-4,GSM8K,66,1,12,16,0.75
Phi-4,GSM8K,67,1,13,16,0.8125
Phi-4,GSM8K,68,1,10,16,0.625
Phi-4,GSM8K,69,2,8,16,0.5
Phi-4,GSM8K,70,1,12,16,0.75
Phi-4,GSM8K,72,1,10,16,0.625
Phi-4,GSM8K,73,1,12,16,0.75
Phi-4,GSM8K,74,1,9,16,0.5625
Phi-4,GSM8K,75,3,12,16,0.75
Phi-4,GSM8K,76,1,10,16,0.625
Phi-4,GSM8K,77,5,8,16,0.5
Phi-4,GSM8K,78,4,10,16,0.625
Phi-4,GSM8K,79,1,13,16,0.8125
Phi-4,GSM8K,80,2,10,16,0.625
Phi-4,GSM8K,81,1,12,16,0.75
Phi-4,GSM8K,82,1,13,16,0.8125
Phi-4,GSM8K,83,5,15,16,0.9375
Phi-4,GSM8K,84,7,15,16,0.9375
Phi-4,GSM8K,85,1,11,16,0.6875
Phi-4,GSM8K,86,3,11,16,0.6875
Phi-4,GSM8K,87,1,6,16,0.375
Phi-4,GSM8K,88,5,14,16,0.875
Phi-4,GSM8K,89,2,5,16,0.3125
Phi-4,GSM8K,90,2,9,16,0.5625
Phi-4,GSM8K,92,3,15,16,0.9375
Phi-4,GSM8K,93,2,10,16,0.625
Phi-4,GSM8K,94,1,15,16,0.9375
Phi-4,GSM8K,95,3,14,16,0.875
Phi-4,GSM8K,96,3,9,16,0.5625
Phi-4,GSM8K,97,2,11,16,0.6875
Phi-4,GSM8K,98,1,13,16,0.8125
Phi-4,GSM8K,100,4,13,16,0.8125
Phi-4,GSM8K,101,3,11,16,0.6875
Phi-4,GSM8K,102,3,6,16,0.375
Phi-4,GSM8K,103,1,7,16,0.4375
Phi-4,GSM8K,105,1,12,16,0.75
Phi-4,GSM8K,106,1,15,16,0.9375
Phi-4,GSM8K,107,2,9,16,0.5625
Phi-4,GSM8K,109,3,8,16,0.5
Phi-4,GSM8K,110,4,11,16,0.6875
Phi-4,GSM8K,112,1,14,16,0.875
Phi-4,GSM8K,114,4,15,16,0.9375
Phi-4,GSM8K,115,2,12,16,0.75
Phi-4,GSM8K,116,3,14,16,0.875
Phi-4,GSM8K,117,2,10,16,0.625
Phi-4,GSM8K,119,2,1,16,0.0625
Phi-4,GSM8K,120,2,10,16,0.625
Phi-4,GSM8K,122,1,10,16,0.625
Phi-4,GSM8K,123,1,9,16,0.5625
Phi-4,GSM8K,124,1,11,16,0.6875
Phi-4,GSM8K,125,3,9,16,0.5625
Phi-4,GSM8K,126,3,12,16,0.75
Phi-4,GSM8K,128,1,9,16,0.5625
Phi-4,GSM8K,129,3,11,16,0.6875
Phi-4,GSM8K,130,5,13,16,0.8125
Phi-4,GSM8K,132,1,10,16,0.625
Phi-4,GSM8K,133,2,15,16,0.9375
Phi-4,GSM8K,134,1,14,16,0.875
Phi-4,GSM8K,135,2,11,16,0.6875
Phi-4,GSM8K,136,2,8,16,0.5
Phi-4,GSM8K,137,3,10,16,0.625
Phi-4,GSM8K,139,2,9,16,0.5625
Phi-4,GSM8K,140,1,12,16,0.75
Phi-4,GSM8K,141,3,13,16,0.8125
Phi-4,GSM8K,142,1,7,16,0.4375
Phi-4,GSM8K,143,2,11,16,0.6875
Phi-4,GSM8K,144,3,11,16,0.6875
Phi-4,GSM8K,145,1,10,16,0.625
Phi-4,GSM8K,146,1,11,16,0.6875
Phi-4,GSM8K,147,1,12,16,0.75
Phi-4,GSM8K,150,2,9,16,0.5625
Phi-4,GSM8K,151,2,10,16,0.625
Phi-4,GSM8K,152,1,10,16,0.625
Phi-4,GSM8K,153,3,12,16,0.75
Phi-4,GSM8K,154,4,9,16,0.5625
Phi-4,GSM8K,155,3,11,16,0.6875
Phi-4,GSM8K,158,2,11,16,0.6875
Phi-4,GSM8K,159,1,8,16,0.5
Phi-4,GSM8K,160,2,10,16,0.625
Phi-4,GSM8K,161,1,9,16,0.5625
Phi-4,GSM8K,162,2,8,16,0.5
Phi-4,GSM8K,163,1,16,16,1.0
Phi-4,GSM8K,164,2,11,16,0.6875
Phi-4,GSM8K,165,1,11,16,0.6875
Phi-4,GSM8K,166,3,12,16,0.75
Phi-4,GSM8K,167,9,15,16,0.9375
Phi-4,GSM8K,168,1,11,16,0.6875
Phi-4,GSM8K,169,3,12,16,0.75
Phi-4,GSM8K,170,1,11,16,0.6875
Phi-4,GSM8K,171,1,11,16,0.6875
Phi-4,GSM8K,172,4,10,16,0.625
Phi-4,GSM8K,174,3,13,16,0.8125
Phi-4,GSM8K,175,2,12,16,0.75
Phi-4,GSM8K,176,2,7,16,0.4375
Phi-4,GSM8K,177,1,11,16,0.6875
Phi-4,GSM8K,178,2,9,16,0.5625
Phi-4,GSM8K,181,4,13,16,0.8125
Phi-4,GSM8K,182,2,8,16,0.5
Phi-4,GSM8K,183,2,9,16,0.5625
Phi-4,GSM8K,184,2,9,16,0.5625
Phi-4,GSM8K,185,1,11,16,0.6875
Phi-4,GSM8K,186,2,12,16,0.75
Phi-4,GSM8K,187,3,0,16,0.0
Phi-4,GSM8K,188,2,13,16,0.8125
Phi-4,GSM8K,192,2,11,16,0.6875
Phi-4,GSM8K,193,6,10,16,0.625
Phi-4,GSM8K,195,1,8,16,0.5
Phi-4,GSM8K,196,2,11,16,0.6875
Phi-4,GSM8K,197,4,9,16,0.5625
Phi-4,GSM8K,198,3,14,16,0.875
Phi-4,GSM8K,199,4,11,16,0.6875
Phi-4,GSM8K,200,1,12,16,0.75
Phi-4,GSM8K,201,3,9,16,0.5625
Phi-4,GSM8K,203,1,11,16,0.6875
Phi-4,GSM8K,204,1,9,16,0.5625
Phi-4,GSM8K,205,1,9,16,0.5625
Phi-4,GSM8K,209,1,14,16,0.875
Phi-4,GSM8K,210,1,10,16,0.625
Phi-4,GSM8K,211,4,16,16,1.0
Phi-4,GSM8K,212,2,9,16,0.5625
Phi-4,GSM8K,213,6,12,16,0.75
Phi-4,GSM8K,214,4,10,16,0.625
Phi-4,GSM8K,215,1,9,16,0.5625
Phi-4,GSM8K,217,1,9,16,0.5625
Phi-4,GSM8K,218,4,14,16,0.875
Phi-4,GSM8K,219,2,12,16,0.75
Phi-4,GSM8K,220,1,6,16,0.375
Phi-4,GSM8K,222,1,13,16,0.8125
Phi-4,GSM8K,223,2,15,16,0.9375
Phi-4,GSM8K,224,1,12,16,0.75
Phi-4,GSM8K,225,2,12,16,0.75
Phi-4,GSM8K,226,1,10,16,0.625
Phi-4,GSM8K,227,2,10,16,0.625
Phi-4,GSM8K,228,1,13,16,0.8125
Phi-4,GSM8K,229,1,10,16,0.625
Phi-4,GSM8K,230,1,12,16,0.75
Phi-4,GSM8K,232,3,10,16,0.625
Phi-4,GSM8K,233,2,14,16,0.875
Phi-4,GSM8K,234,2,9,16,0.5625
Phi-4,GSM8K,236,1,10,16,0.625
Phi-4,GSM8K,237,3,9,16,0.5625
Phi-4,GSM8K,238,1,13,16,0.8125
Phi-4,GSM8K,240,1,10,16,0.625
Phi-4,GSM8K,242,2,11,16,0.6875
Phi-4,GSM8K,244,2,10,16,0.625
Phi-4,GSM8K,245,2,13,16,0.8125
Phi-4,GSM8K,248,3,10,16,0.625
Phi-4,GSM8K,250,4,10,16,0.625
Phi-4,GSM8K,251,2,11,16,0.6875
Phi-4,GSM8K,252,2,13,16,0.8125
Phi-4,GSM8K,253,1,7,16,0.4375
Phi-4,GSM8K,254,2,15,16,0.9375
Phi-4,GSM8K,255,2,0,16,0.0
Phi-4,GSM8K,256,1,12,16,0.75
Phi-4,GSM8K,257,1,11,16,0.6875
Phi-4,GSM8K,258,1,11,16,0.6875
Phi-4,GSM8K,259,2,13,16,0.8125
Phi-4,GSM8K,260,2,9,16,0.5625
Phi-4,GSM8K,261,1,12,16,0.75
Phi-4,GSM8K,262,2,11,16,0.6875
Phi-4,GSM8K,263,6,12,16,0.75
Phi-4,GSM8K,265,1,12,16,0.75
Phi-4,GSM8K,266,2,11,16,0.6875
Phi-4,GSM8K,267,4,8,16,0.5
Phi-4,GSM8K,268,2,8,16,0.5
Phi-4,GSM8K,269,3,14,16,0.875
Phi-4,GSM8K,270,2,14,16,0.875
Phi-4,GSM8K,271,1,12,16,0.75
Phi-4,GSM8K,273,1,9,16,0.5625
Phi-4,GSM8K,274,3,9,16,0.5625
Phi-4,GSM8K,276,3,10,16,0.625
Phi-4,GSM8K,277,1,10,16,0.625
Phi-4,GSM8K,278,3,10,16,0.625
Phi-4,GSM8K,279,5,12,16,0.75
Phi-4,GSM8K,280,3,11,16,0.6875
Phi-4,GSM8K,281,1,11,16,0.6875
Phi-4,GSM8K,282,1,5,16,0.3125
Phi-4,GSM8K,283,5,12,16,0.75
Phi-4,GSM8K,284,3,10,16,0.625
Phi-4,GSM8K,285,4,11,16,0.6875
Phi-4,GSM8K,286,4,11,16,0.6875
Phi-4,GSM8K,287,3,15,16,0.9375
Phi-4,GSM8K,288,2,7,16,0.4375
Phi-4,GSM8K,289,1,12,16,0.75
Phi-4,GSM8K,291,1,8,16,0.5
Phi-4,GSM8K,292,1,10,16,0.625
Phi-4,GSM8K,294,2,8,16,0.5
Phi-4,GSM8K,296,1,13,16,0.8125
Phi-4,GSM8K,298,2,8,16,0.5
Phi-4,GSM8K,299,1,12,16,0.75
Phi-4,GSM8K,300,2,11,16,0.6875
Phi-4,GSM8K,301,2,8,16,0.5
Phi-4,GSM8K,304,3,5,16,0.3125
Phi-4,GSM8K,305,4,8,16,0.5
Phi-4,GSM8K,306,3,2,16,0.125
Phi-4,GSM8K,308,2,14,16,0.875
Phi-4,GSM8K,309,2,14,16,0.875
Phi-4,GSM8K,310,1,14,16,0.875
Phi-4,GSM8K,311,2,11,16,0.6875
Phi-4,GSM8K,312,7,14,16,0.875
Phi-4,GSM8K,313,3,12,16,0.75
Phi-4,GSM8K,314,3,14,16,0.875
Phi-4,GSM8K,315,1,11,16,0.6875
Phi-4,GSM8K,316,1,11,16,0.6875
Phi-4,GSM8K,317,2,10,16,0.625
Phi-4,GSM8K,318,1,14,16,0.875
Phi-4,GSM8K,319,2,15,16,0.9375
Phi-4,GSM8K,320,3,9,16,0.5625
Phi-4,GSM8K,321,1,10,16,0.625
Phi-4,GSM8K,322,3,8,16,0.5
Phi-4,GSM8K,325,3,12,16,0.75
Phi-4,GSM8K,326,6,12,16,0.75
Phi-4,GSM8K,328,2,11,16,0.6875
Phi-4,GSM8K,329,4,10,16,0.625
Phi-4,GSM8K,331,2,8,16,0.5
Phi-4,GSM8K,332,1,9,16,0.5625
Phi-4,GSM8K,333,1,10,16,0.625
Phi-4,GSM8K,334,2,13,16,0.8125
Phi-4,GSM8K,335,2,12,16,0.75
Phi-4,GSM8K,337,2,8,16,0.5
Phi-4,GSM8K,338,1,14,16,0.875
Phi-4,GSM8K,339,6,11,16,0.6875
Phi-4,GSM8K,341,2,11,16,0.6875
Phi-4,GSM8K,343,2,14,16,0.875
Phi-4,GSM8K,344,2,13,16,0.8125
Phi-4,GSM8K,345,1,13,16,0.8125
Phi-4,GSM8K,346,1,7,16,0.4375
Phi-4,GSM8K,347,1,11,16,0.6875
Phi-4,GSM8K,348,2,14,16,0.875
Phi-4,GSM8K,349,2,11,16,0.6875
Phi-4,GSM8K,350,1,14,16,0.875
Phi-4,GSM8K,352,2,5,16,0.3125
Phi-4,GSM8K,355,2,11,16,0.6875
Phi-4,GSM8K,356,3,5,16,0.3125
Phi-4,GSM8K,357,1,8,16,0.5
Phi-4,GSM8K,359,1,12,16,0.75
Phi-4,GSM8K,360,3,11,16,0.6875
Phi-4,GSM8K,361,2,8,16,0.5
Phi-4,GSM8K,362,3,12,16,0.75
Phi-4,GSM8K,363,2,12,16,0.75
Phi-4,GSM8K,365,3,13,16,0.8125
Phi-4,GSM8K,366,1,9,16,0.5625
Phi-4,GSM8K,369,2,12,16,0.75
Phi-4,GSM8K,371,1,6,16,0.375
Phi-4,GSM8K,374,2,11,16,0.6875
Phi-4,GSM8K,375,1,9,16,0.5625
Phi-4,GSM8K,377,2,12,16,0.75
Phi-4,GSM8K,378,1,5,16,0.3125
Phi-4,GSM8K,379,1,12,16,0.75
Phi-4,GSM8K,380,3,0,16,0.0
Phi-4,GSM8K,381,1,15,16,0.9375
Phi-4,GSM8K,384,4,8,16,0.5
Phi-4,GSM8K,385,2,12,16,0.75
Phi-4,GSM8K,386,3,10,16,0.625
Phi-4,GSM8K,387,2,12,16,0.75
Phi-4,GSM8K,388,2,10,16,0.625
Phi-4,GSM8K,390,1,11,16,0.6875
Phi-4,GSM8K,391,4,6,16,0.375
Phi-4,GSM8K,392,1,14,16,0.875
Phi-4,GSM8K,395,2,12,16,0.75
Phi-4,GSM8K,396,4,10,16,0.625
Phi-4,GSM8K,397,1,13,16,0.8125
Phi-4,GSM8K,398,5,13,16,0.8125
Phi-4,GSM8K,399,2,13,16,0.8125
Phi-4,GSM8K,400,1,13,16,0.8125
Phi-4,GSM8K,402,2,11,16,0.6875
Phi-4,GSM8K,403,1,0,16,0.0
Phi-4,GSM8K,404,1,11,16,0.6875
Phi-4,GSM8K,405,2,10,16,0.625
Phi-4,GSM8K,406,1,7,16,0.4375
Phi-4,GSM8K,407,2,9,16,0.5625
Phi-4,GSM8K,408,1,11,16,0.6875
Phi-4,GSM8K,409,1,9,16,0.5625
Phi-4,GSM8K,410,3,10,16,0.625
Phi-4,GSM8K,413,2,13,16,0.8125
Phi-4,GSM8K,414,1,10,16,0.625
Phi-4,GSM8K,415,4,14,16,0.875
Phi-4,GSM8K,416,2,12,16,0.75
Phi-4,GSM8K,418,1,13,16,0.8125
Phi-4,GSM8K,419,4,9,16,0.5625
Phi-4,GSM8K,420,1,12,16,0.75
Phi-4,GSM8K,421,2,8,16,0.5
Phi-4,GSM8K,422,3,12,16,0.75
Phi-4,GSM8K,423,2,4,16,0.25
Phi-4,GSM8K,424,1,11,16,0.6875
Phi-4,GSM8K,425,1,12,16,0.75
Phi-4,GSM8K,426,2,9,16,0.5625
Phi-4,GSM8K,427,1,9,16,0.5625
Phi-4,GSM8K,428,2,5,16,0.3125
Phi-4,GSM8K,429,4,11,16,0.6875
Phi-4,GSM8K,432,1,13,16,0.8125
Phi-4,GSM8K,433,2,12,16,0.75
Phi-4,GSM8K,434,1,13,16,0.8125
Phi-4,GSM8K,435,1,14,16,0.875
Phi-4,GSM8K,436,2,11,16,0.6875
Phi-4,GSM8K,437,3,10,16,0.625
Phi-4,GSM8K,439,2,6,16,0.375
Phi-4,GSM8K,440,1,11,16,0.6875
Phi-4,GSM8K,441,2,11,16,0.6875
Phi-4,GSM8K,442,2,12,16,0.75
Phi-4,GSM8K,443,1,9,16,0.5625
Phi-4,GSM8K,444,2,15,16,0.9375
Phi-4,GSM8K,445,2,10,16,0.625
Phi-4,GSM8K,446,1,13,16,0.8125
Phi-4,GSM8K,447,3,8,16,0.5
Phi-4,GSM8K,448,2,5,16,0.3125
Phi-4,GSM8K,449,2,9,16,0.5625
Phi-4,GSM8K,452,1,8,16,0.5
Phi-4,GSM8K,453,2,12,16,0.75
Phi-4,GSM8K,454,4,0,16,0.0
Phi-4,GSM8K,455,2,13,16,0.8125
Phi-4,GSM8K,457,1,10,16,0.625
Phi-4,GSM8K,458,1,11,16,0.6875
Phi-4,GSM8K,459,3,10,16,0.625
Phi-4,GSM8K,460,1,9,16,0.5625
Phi-4,GSM8K,461,4,13,16,0.8125
Phi-4,GSM8K,462,2,11,16,0.6875
Phi-4,GSM8K,464,1,7,16,0.4375
Phi-4,GSM8K,466,2,9,16,0.5625
Phi-4,GSM8K,467,1,13,16,0.8125
Phi-4,GSM8K,468,1,12,16,0.75
Phi-4,GSM8K,469,1,10,16,0.625
Phi-4,GSM8K,470,1,10,16,0.625
Phi-4,GSM8K,471,2,13,16,0.8125
Phi-4,GSM8K,474,3,15,16,0.9375
Phi-4,GSM8K,475,2,14,16,0.875
Phi-4,GSM8K,476,3,9,16,0.5625
Phi-4,GSM8K,477,2,9,16,0.5625
Phi-4,GSM8K,478,2,11,16,0.6875
Phi-4,GSM8K,479,1,9,16,0.5625
Phi-4,GSM8K,481,3,14,16,0.875
Phi-4,GSM8K,483,2,12,16,0.75
Phi-4,GSM8K,484,1,11,16,0.6875
Phi-4,GSM8K,485,1,12,16,0.75
Phi-4,GSM8K,486,1,12,16,0.75
Phi-4,GSM8K,488,1,12,16,0.75
Phi-4,GSM8K,490,3,13,16,0.8125
Phi-4,GSM8K,491,3,13,16,0.8125
Phi-4,GSM8K,493,2,8,16,0.5
Phi-4,GSM8K,494,1,4,16,0.25
Phi-4,GSM8K,495,1,9,16,0.5625
Phi-4,GSM8K,496,1,11,16,0.6875
Phi-4,GSM8K,497,1,13,16,0.8125
Phi-4,GSM8K,498,1,11,16,0.6875
Phi-4,GSM8K,499,1,9,16,0.5625
Phi-4,GSM8K,500,3,12,16,0.75
Phi-4,GSM8K,503,1,12,16,0.75
Phi-4,GSM8K,504,1,12,16,0.75
Phi-4,GSM8K,505,3,12,16,0.75
Phi-4,GSM8K,506,2,3,16,0.1875
Phi-4,GSM8K,507,2,10,16,0.625
Phi-4,GSM8K,509,2,9,16,0.5625
Phi-4,GSM8K,510,4,7,16,0.4375
Phi-4,GSM8K,512,1,9,16,0.5625
Phi-4,GSM8K,513,1,10,16,0.625
Phi-4,GSM8K,514,6,14,16,0.875
Phi-4,GSM8K,515,2,1,16,0.0625
Phi-4,GSM8K,517,2,7,16,0.4375
Phi-4,GSM8K,518,1,10,16,0.625
Phi-4,GSM8K,519,1,8,16,0.5
Phi-4,GSM8K,520,3,10,16,0.625
Phi-4,GSM8K,521,1,10,16,0.625
Phi-4,GSM8K,522,1,13,16,0.8125
Phi-4,GSM8K,523,1,10,16,0.625
Phi-4,GSM8K,524,1,12,16,0.75
Phi-4,GSM8K,525,4,11,16,0.6875
Phi-4,GSM8K,527,1,11,16,0.6875
Phi-4,GSM8K,528,3,9,16,0.5625
Phi-4,GSM8K,529,1,7,16,0.4375
Phi-4,GSM8K,530,1,9,16,0.5625
Phi-4,GSM8K,532,1,12,16,0.75
Phi-4,GSM8K,533,3,13,16,0.8125
Phi-4,GSM8K,536,1,14,16,0.875
Phi-4,GSM8K,539,5,0,16,0.0
Phi-4,GSM8K,540,2,11,16,0.6875
Phi-4,GSM8K,541,1,12,16,0.75
Phi-4,GSM8K,542,1,14,16,0.875
Phi-4,GSM8K,543,2,8,16,0.5
Phi-4,GSM8K,544,2,11,16,0.6875
Phi-4,GSM8K,547,3,9,16,0.5625
Phi-4,GSM8K,548,1,11,16,0.6875
Phi-4,GSM8K,549,1,13,16,0.8125
Phi-4,GSM8K,550,1,9,16,0.5625
Phi-4,GSM8K,551,1,12,16,0.75
Phi-4,GSM8K,553,2,11,16,0.6875
Phi-4,GSM8K,554,1,14,16,0.875
Phi-4,GSM8K,555,4,12,16,0.75
Phi-4,GSM8K,556,1,12,16,0.75
Phi-4,GSM8K,557,1,13,16,0.8125
Phi-4,GSM8K,558,1,11,16,0.6875
Phi-4,GSM8K,559,1,9,16,0.5625
Phi-4,GSM8K,562,1,10,16,0.625
Phi-4,GSM8K,563,2,8,16,0.5
Phi-4,GSM8K,564,1,8,16,0.5
Phi-4,GSM8K,565,2,9,16,0.5625
Phi-4,GSM8K,566,3,9,16,0.5625
Phi-4,GSM8K,567,2,13,16,0.8125
Phi-4,GSM8K,569,3,9,16,0.5625
Phi-4,GSM8K,572,1,12,16,0.75
Phi-4,GSM8K,573,2,11,16,0.6875
Phi-4,GSM8K,574,1,8,16,0.5
Phi-4,GSM8K,575,5,7,16,0.4375
Phi-4,GSM8K,577,1,9,16,0.5625
Phi-4,GSM8K,579,2,11,16,0.6875
Phi-4,GSM8K,580,1,14,16,0.875
Phi-4,GSM8K,581,1,14,16,0.875
Phi-4,GSM8K,582,1,14,16,0.875
Phi-4,GSM8K,583,2,13,16,0.8125
Phi-4,GSM8K,584,1,8,16,0.5
Phi-4,GSM8K,586,4,11,16,0.6875
Phi-4,GSM8K,587,3,13,16,0.8125
Phi-4,GSM8K,589,1,9,16,0.5625
Phi-4,GSM8K,590,1,0,16,0.0
Phi-4,GSM8K,591,1,12,16,0.75
Phi-4,GSM8K,592,2,10,16,0.625
Phi-4,GSM8K,593,2,15,16,0.9375
Phi-4,GSM8K,594,2,12,16,0.75
Phi-4,GSM8K,595,5,7,16,0.4375
Phi-4,GSM8K,596,2,11,16,0.6875
Phi-4,GSM8K,597,4,13,16,0.8125
Phi-4,GSM8K,598,4,12,16,0.75
Phi-4,GSM8K,599,2,6,16,0.375
Phi-4,GSM8K,600,2,14,16,0.875
Phi-4,GSM8K,601,3,10,16,0.625
Phi-4,GSM8K,602,1,11,16,0.6875
Phi-4,GSM8K,603,2,10,16,0.625
Phi-4,GSM8K,606,3,12,16,0.75
Phi-4,GSM8K,608,1,7,16,0.4375
Phi-4,GSM8K,609,2,14,16,0.875
Phi-4,GSM8K,610,4,9,16,0.5625
Phi-4,GSM8K,611,2,8,16,0.5
Phi-4,GSM8K,612,1,11,16,0.6875
Phi-4,GSM8K,613,5,14,16,0.875
Phi-4,GSM8K,614,4,14,16,0.875
Phi-4,GSM8K,615,3,9,16,0.5625
Phi-4,GSM8K,616,1,11,16,0.6875
Phi-4,GSM8K,617,1,10,16,0.625
Phi-4,GSM8K,618,1,13,16,0.8125
Phi-4,GSM8K,619,1,15,16,0.9375
Phi-4,GSM8K,620,2,11,16,0.6875
Phi-4,GSM8K,621,2,9,16,0.5625
Phi-4,GSM8K,622,1,12,16,0.75
Phi-4,GSM8K,625,4,9,16,0.5625
Phi-4,GSM8K,626,3,13,16,0.8125
Phi-4,GSM8K,627,2,11,16,0.6875
Phi-4,GSM8K,628,2,13,16,0.8125
Phi-4,GSM8K,629,1,8,16,0.5
Phi-4,GSM8K,630,3,7,16,0.4375
Phi-4,GSM8K,632,3,12,16,0.75
Phi-4,GSM8K,633,2,8,16,0.5
Phi-4,GSM8K,634,4,13,16,0.8125
Phi-4,GSM8K,635,2,9,16,0.5625
Phi-4,GSM8K,637,3,13,16,0.8125
Phi-4,GSM8K,638,3,13,16,0.8125
Phi-4,GSM8K,640,3,15,16,0.9375
Phi-4,GSM8K,641,2,9,16,0.5625
Phi-4,GSM8K,642,1,14,16,0.875
Phi-4,GSM8K,643,2,9,16,0.5625
Phi-4,GSM8K,645,1,8,16,0.5
Phi-4,GSM8K,648,1,9,16,0.5625
Phi-4,GSM8K,649,5,0,16,0.0
Phi-4,GSM8K,650,2,11,16,0.6875
Phi-4,GSM8K,651,1,14,16,0.875
Phi-4,GSM8K,652,1,0,16,0.0
Phi-4,GSM8K,653,3,7,16,0.4375
Phi-4,GSM8K,654,2,12,16,0.75
Phi-4,GSM8K,655,2,8,16,0.5
Phi-4,GSM8K,657,1,12,16,0.75
Phi-4,GSM8K,659,1,10,16,0.625
Phi-4,GSM8K,660,6,14,16,0.875
Phi-4,GSM8K,662,1,12,16,0.75
Phi-4,GSM8K,664,1,10,16,0.625
Phi-4,GSM8K,665,3,10,16,0.625
Phi-4,GSM8K,666,3,11,16,0.6875
Phi-4,GSM8K,667,1,9,16,0.5625
Phi-4,GSM8K,669,3,10,16,0.625
Phi-4,GSM8K,670,1,11,16,0.6875
Phi-4,GSM8K,671,1,13,16,0.8125
Phi-4,GSM8K,672,1,8,16,0.5
Phi-4,GSM8K,673,7,12,16,0.75
Phi-4,GSM8K,674,1,10,16,0.625
Phi-4,GSM8K,676,3,9,16,0.5625
Phi-4,GSM8K,678,2,10,16,0.625
Phi-4,GSM8K,679,3,9,16,0.5625
Phi-4,GSM8K,682,1,12,16,0.75
Phi-4,GSM8K,683,1,10,16,0.625
Phi-4,GSM8K,685,2,9,16,0.5625
Phi-4,GSM8K,687,4,12,16,0.75
Phi-4,GSM8K,688,1,13,16,0.8125
Phi-4,GSM8K,689,3,9,16,0.5625
Phi-4,GSM8K,690,2,12,16,0.75
Phi-4,GSM8K,691,2,12,16,0.75
Phi-4,GSM8K,693,1,10,16,0.625
Phi-4,GSM8K,694,2,9,16,0.5625
Phi-4,GSM8K,695,1,12,16,0.75
Phi-4,GSM8K,697,3,14,16,0.875
Phi-4,GSM8K,698,3,10,16,0.625
Phi-4,GSM8K,699,1,10,16,0.625
Phi-4,GSM8K,701,1,7,16,0.4375
Phi-4,GSM8K,702,1,10,16,0.625
Phi-4,GSM8K,703,2,10,16,0.625
Phi-4,GSM8K,704,1,9,16,0.5625
Phi-4,GSM8K,706,1,13,16,0.8125
Phi-4,GSM8K,707,1,11,16,0.6875
Phi-4,GSM8K,708,1,8,16,0.5
Phi-4,GSM8K,709,3,10,16,0.625
Phi-4,GSM8K,711,2,6,16,0.375
Phi-4,GSM8K,712,3,10,16,0.625
Phi-4,GSM8K,713,2,8,16,0.5
Phi-4,GSM8K,716,2,7,16,0.4375
Phi-4,GSM8K,718,5,13,16,0.8125
Phi-4,GSM8K,719,3,14,16,0.875
Phi-4,GSM8K,720,2,7,16,0.4375
Phi-4,GSM8K,722,2,10,16,0.625
Phi-4,GSM8K,724,3,12,16,0.75
Phi-4,GSM8K,725,1,10,16,0.625
Phi-4,GSM8K,726,6,10,16,0.625
Phi-4,GSM8K,727,1,12,16,0.75
Phi-4,GSM8K,728,1,7,16,0.4375
Phi-4,GSM8K,729,4,12,16,0.75
Phi-4,GSM8K,730,3,9,16,0.5625
Phi-4,GSM8K,731,4,13,16,0.8125
Phi-4,GSM8K,732,3,11,16,0.6875
Phi-4,GSM8K,733,1,8,16,0.5
Phi-4,GSM8K,734,1,7,16,0.4375
Phi-4,GSM8K,735,1,14,16,0.875
Phi-4,GSM8K,737,2,14,16,0.875
Phi-4,GSM8K,739,1,12,16,0.75
Phi-4,GSM8K,740,1,11,16,0.6875
Phi-4,GSM8K,742,2,11,16,0.6875
Phi-4,GSM8K,744,1,6,16,0.375
Phi-4,GSM8K,745,1,9,16,0.5625
Phi-4,GSM8K,747,1,11,16,0.6875
Phi-4,GSM8K,748,3,12,16,0.75
Phi-4,GSM8K,749,1,0,16,0.0
Phi-4,GSM8K,753,4,5,16,0.3125
Phi-4,GSM8K,754,1,5,16,0.3125
Phi-4,GSM8K,755,2,10,16,0.625
Phi-4,GSM8K,756,3,12,16,0.75
Phi-4,GSM8K,757,3,13,16,0.8125
Phi-4,GSM8K,758,1,12,16,0.75
Phi-4,GSM8K,759,1,13,16,0.8125
Phi-4,GSM8K,760,1,12,16,0.75
Phi-4,GSM8K,761,5,11,16,0.6875
Phi-4,GSM8K,762,1,11,16,0.6875
Phi-4,GSM8K,763,3,13,16,0.8125
Phi-4,GSM8K,764,3,8,16,0.5
Phi-4,GSM8K,765,2,9,16,0.5625
Phi-4,GSM8K,767,1,7,16,0.4375
Phi-4,GSM8K,768,5,0,16,0.0
Phi-4,GSM8K,769,2,9,16,0.5625
Phi-4,GSM8K,770,1,13,16,0.8125
Phi-4,GSM8K,771,1,10,16,0.625
Phi-4,GSM8K,772,3,13,16,0.8125
Phi-4,GSM8K,773,1,13,16,0.8125
Phi-4,GSM8K,774,3,13,16,0.8125
Phi-4,GSM8K,775,3,7,16,0.4375
Phi-4,GSM8K,776,1,12,16,0.75
Phi-4,GSM8K,777,2,12,16,0.75
Phi-4,GSM8K,778,1,13,16,0.8125
Phi-4,GSM8K,780,1,0,16,0.0
Phi-4,GSM8K,782,2,0,16,0.0
Phi-4,GSM8K,784,1,13,16,0.8125
Phi-4,GSM8K,787,3,11,16,0.6875
Phi-4,GSM8K,788,3,11,16,0.6875
Phi-4,GSM8K,789,2,11,16,0.6875
Phi-4,GSM8K,790,3,10,16,0.625
Phi-4,GSM8K,792,1,13,16,0.8125
Phi-4,GSM8K,793,1,13,16,0.8125
Phi-4,GSM8K,794,1,13,16,0.8125
Phi-4,GSM8K,795,1,12,16,0.75
Phi-4,GSM8K,797,2,13,16,0.8125
Phi-4,GSM8K,798,2,8,16,0.5
Phi-4,GSM8K,799,1,10,16,0.625
Phi-4,GSM8K,800,2,11,16,0.6875
Phi-4,GSM8K,801,5,10,16,0.625
Phi-4,GSM8K,802,2,12,16,0.75
Phi-4,GSM8K,803,1,9,16,0.5625
Phi-4,GSM8K,804,1,10,16,0.625
Phi-4,GSM8K,805,2,12,16,0.75
Phi-4,GSM8K,806,2,11,16,0.6875
Phi-4,GSM8K,807,3,10,16,0.625
Phi-4,GSM8K,809,3,6,16,0.375
Phi-4,GSM8K,810,3,14,16,0.875
Phi-4,GSM8K,812,1,12,16,0.75
Phi-4,GSM8K,813,2,8,16,0.5
Phi-4,GSM8K,814,1,0,16,0.0
Phi-4,GSM8K,815,8,14,16,0.875
Phi-4,GSM8K,819,3,12,16,0.75
Phi-4,GSM8K,820,2,12,16,0.75
Phi-4,GSM8K,824,1,10,16,0.625
Phi-4,GSM8K,825,3,15,16,0.9375
Phi-4,GSM8K,826,6,13,16,0.8125
Phi-4,GSM8K,827,5,9,16,0.5625
Phi-4,GSM8K,828,4,8,16,0.5
Phi-4,GSM8K,829,3,12,16,0.75
Phi-4,GSM8K,830,7,7,16,0.4375
Phi-4,GSM8K,831,1,10,16,0.625
Phi-4,GSM8K,832,1,7,16,0.4375
Phi-4,GSM8K,833,2,9,16,0.5625
Phi-4,GSM8K,834,1,9,16,0.5625
Phi-4,GSM8K,835,1,0,16,0.0
Phi-4,GSM8K,836,3,12,16,0.75
Phi-4,GSM8K,837,2,11,16,0.6875
Phi-4,GSM8K,838,1,10,16,0.625
Phi-4,GSM8K,839,2,7,16,0.4375
Phi-4,GSM8K,842,2,9,16,0.5625
Phi-4,GSM8K,843,1,11,16,0.6875
Phi-4,GSM8K,844,3,10,16,0.625
Phi-4,GSM8K,845,2,13,16,0.8125
Phi-4,GSM8K,846,1,11,16,0.6875
Phi-4,GSM8K,847,1,12,16,0.75
Phi-4,GSM8K,848,2,10,16,0.625
Phi-4,GSM8K,849,4,10,16,0.625
Phi-4,GSM8K,851,1,9,16,0.5625
Phi-4,GSM8K,853,1,8,16,0.5
Phi-4,GSM8K,854,1,15,16,0.9375
Phi-4,GSM8K,855,8,12,16,0.75
Phi-4,GSM8K,856,2,9,16,0.5625
Phi-4,GSM8K,858,2,10,16,0.625
Phi-4,GSM8K,859,1,12,16,0.75
Phi-4,GSM8K,861,3,8,16,0.5
Phi-4,GSM8K,862,3,8,16,0.5
Phi-4,GSM8K,863,1,10,16,0.625
Phi-4,GSM8K,865,1,9,16,0.5625
Phi-4,GSM8K,866,2,13,16,0.8125
Phi-4,GSM8K,867,1,11,16,0.6875
Phi-4,GSM8K,869,1,7,16,0.4375
Phi-4,GSM8K,870,1,10,16,0.625
Phi-4,GSM8K,871,2,11,16,0.6875
Phi-4,GSM8K,872,3,8,16,0.5
Phi-4,GSM8K,873,2,11,16,0.6875
Phi-4,GSM8K,874,1,13,16,0.8125
Phi-4,GSM8K,877,3,11,16,0.6875
Phi-4,GSM8K,878,2,9,16,0.5625
Phi-4,GSM8K,879,3,14,16,0.875
Phi-4,GSM8K,881,2,8,16,0.5
Phi-4,GSM8K,882,1,12,16,0.75
Phi-4,GSM8K,884,3,10,16,0.625
Phi-4,GSM8K,886,1,15,16,0.9375
Phi-4,GSM8K,887,1,13,16,0.8125
Phi-4,GSM8K,889,1,10,16,0.625
Phi-4,GSM8K,890,1,13,16,0.8125
Phi-4,GSM8K,891,3,8,16,0.5
Phi-4,GSM8K,892,2,11,16,0.6875
Phi-4,GSM8K,893,2,10,16,0.625
Phi-4,GSM8K,895,4,10,16,0.625
Phi-4,GSM8K,896,1,9,16,0.5625
Phi-4,GSM8K,897,3,11,16,0.6875
Phi-4,GSM8K,898,2,11,16,0.6875
Phi-4,GSM8K,899,1,9,16,0.5625
Phi-4,GSM8K,900,3,10,16,0.625
Phi-4,GSM8K,902,2,10,16,0.625
Phi-4,GSM8K,903,4,9,16,0.5625
Phi-4,GSM8K,904,3,9,16,0.5625
Phi-4,GSM8K,905,2,10,16,0.625
Phi-4,GSM8K,906,2,0,16,0.0
Phi-4,GSM8K,907,2,7,16,0.4375
Phi-4,GSM8K,908,1,12,16,0.75
Phi-4,GSM8K,909,6,10,16,0.625
Phi-4,GSM8K,910,1,12,16,0.75
Phi-4,GSM8K,911,3,10,16,0.625
Phi-4,GSM8K,912,1,12,16,0.75
Phi-4,GSM8K,913,5,12,16,0.75
Phi-4,GSM8K,915,2,12,16,0.75
Phi-4,GSM8K,916,3,9,16,0.5625
Phi-4,GSM8K,919,2,10,16,0.625
Phi-4,GSM8K,920,3,11,16,0.6875
Phi-4,GSM8K,922,1,13,16,0.8125
Phi-4,GSM8K,924,2,9,16,0.5625
Phi-4,GSM8K,925,1,13,16,0.8125
Phi-4,GSM8K,927,2,10,16,0.625
Phi-4,GSM8K,928,2,8,16,0.5
Phi-4,GSM8K,929,2,8,16,0.5
Phi-4,GSM8K,930,2,12,16,0.75
Phi-4,GSM8K,931,1,12,16,0.75
Phi-4,GSM8K,933,2,9,16,0.5625
Phi-4,GSM8K,934,3,11,16,0.6875
Phi-4,GSM8K,935,2,13,16,0.8125
Phi-4,GSM8K,936,2,9,16,0.5625
Phi-4,GSM8K,938,1,9,16,0.5625
Phi-4,GSM8K,939,1,9,16,0.5625
Phi-4,GSM8K,943,1,6,16,0.375
Phi-4,GSM8K,944,1,13,16,0.8125
Phi-4,GSM8K,945,1,12,16,0.75
Phi-4,GSM8K,947,1,9,16,0.5625
Phi-4,GSM8K,949,2,12,16,0.75
Phi-4,GSM8K,950,4,14,16,0.875
Phi-4,GSM8K,951,2,0,16,0.0
Phi-4,GSM8K,952,1,0,16,0.0
Phi-4,GSM8K,953,1,12,16,0.75
Phi-4,GSM8K,956,2,11,16,0.6875
Phi-4,GSM8K,957,2,11,16,0.6875
Phi-4,GSM8K,958,1,9,16,0.5625
Phi-4,GSM8K,959,1,14,16,0.875
Phi-4,GSM8K,961,1,10,16,0.625
Phi-4,GSM8K,962,1,0,16,0.0
Phi-4,GSM8K,963,6,13,16,0.8125
Phi-4,GSM8K,964,2,12,16,0.75
Phi-4,GSM8K,965,3,13,16,0.8125
Phi-4,GSM8K,966,2,12,16,0.75
Phi-4,GSM8K,967,1,13,16,0.8125
Phi-4,GSM8K,968,3,12,16,0.75
Phi-4,GSM8K,970,1,8,16,0.5
Phi-4,GSM8K,971,2,11,16,0.6875
Phi-4,GSM8K,973,4,11,16,0.6875
Phi-4,GSM8K,974,1,10,16,0.625
Phi-4,GSM8K,975,2,11,16,0.6875
Phi-4,GSM8K,976,2,9,16,0.5625
Phi-4,GSM8K,978,3,9,16,0.5625
Phi-4,GSM8K,979,2,15,16,0.9375
Phi-4,GSM8K,980,1,12,16,0.75
Phi-4,GSM8K,981,1,14,16,0.875
Phi-4,GSM8K,982,1,12,16,0.75
Phi-4,GSM8K,983,2,14,16,0.875
Phi-4,GSM8K,985,2,10,16,0.625
Phi-4,GSM8K,986,2,8,16,0.5
Phi-4,GSM8K,987,4,11,16,0.6875
Phi-4,GSM8K,988,3,7,16,0.4375
Phi-4,GSM8K,989,1,12,16,0.75
Phi-4,GSM8K,990,2,13,16,0.8125
Phi-4,GSM8K,991,1,9,16,0.5625
Phi-4,GSM8K,992,6,10,16,0.625
Phi-4,GSM8K,993,3,12,16,0.75
Phi-4,GSM8K,995,1,12,16,0.75
Phi-4,GSM8K,996,5,10,16,0.625
Phi-4,GSM8K,997,1,8,16,0.5
Phi-4,GSM8K,998,3,14,16,0.875
Phi-4,GSM8K,1000,1,11,16,0.6875
Phi-4,GSM8K,1002,2,12,16,0.75
Phi-4,GSM8K,1005,2,12,16,0.75
Phi-4,GSM8K,1008,5,7,16,0.4375
Phi-4,GSM8K,1009,5,11,16,0.6875
Phi-4,GSM8K,1010,1,12,16,0.75
Phi-4,GSM8K,1012,4,1,16,0.0625
Phi-4,GSM8K,1014,1,5,16,0.3125
Phi-4,GSM8K,1016,2,1,16,0.0625
Phi-4,GSM8K,1017,2,9,16,0.5625
Phi-4,GSM8K,1018,1,8,16,0.5
Phi-4,GSM8K,1020,2,12,16,0.75
Phi-4,GSM8K,1021,1,14,16,0.875
Phi-4,GSM8K,1022,5,11,16,0.6875
Phi-4,GSM8K,1023,3,8,16,0.5
Phi-4,GSM8K,1028,1,10,16,0.625
Phi-4,GSM8K,1029,1,10,16,0.625
Phi-4,GSM8K,1030,2,7,16,0.4375
Phi-4,GSM8K,1031,1,13,16,0.8125
Phi-4,GSM8K,1032,1,12,16,0.75
Phi-4,GSM8K,1033,2,8,16,0.5
Phi-4,GSM8K,1034,1,10,16,0.625
Phi-4,GSM8K,1035,2,12,16,0.75
Phi-4,GSM8K,1036,1,11,16,0.6875
Phi-4,GSM8K,1038,2,5,16,0.3125
Phi-4,GSM8K,1039,2,8,16,0.5
Phi-4,GSM8K,1040,4,11,16,0.6875
Phi-4,GSM8K,1041,3,9,16,0.5625
Phi-4,GSM8K,1042,2,0,16,0.0
Phi-4,GSM8K,1043,1,8,16,0.5
Phi-4,GSM8K,1044,2,9,16,0.5625
Phi-4,GSM8K,1047,2,13,16,0.8125
Phi-4,GSM8K,1048,4,0,16,0.0
Phi-4,GSM8K,1049,1,10,16,0.625
Phi-4,GSM8K,1050,5,13,16,0.8125
Phi-4,GSM8K,1051,3,12,16,0.75
Phi-4,GSM8K,1053,4,9,16,0.5625
Phi-4,GSM8K,1056,4,11,16,0.6875
Phi-4,GSM8K,1057,2,11,16,0.6875
Phi-4,GSM8K,1058,1,12,16,0.75
Phi-4,GSM8K,1059,1,3,16,0.1875
Phi-4,GSM8K,1060,3,12,16,0.75
Phi-4,GSM8K,1061,1,12,16,0.75
Phi-4,GSM8K,1062,2,6,16,0.375
Phi-4,GSM8K,1063,1,13,16,0.8125
Phi-4,GSM8K,1064,4,11,16,0.6875
Phi-4,GSM8K,1065,1,8,16,0.5
Phi-4,GSM8K,1066,2,10,16,0.625
Phi-4,GSM8K,1068,1,14,16,0.875
Phi-4,GSM8K,1069,1,14,16,0.875
Phi-4,GSM8K,1073,1,12,16,0.75
Phi-4,GSM8K,1074,1,4,16,0.25
Phi-4,GSM8K,1075,1,5,16,0.3125
Phi-4,GSM8K,1077,1,15,16,0.9375
Phi-4,GSM8K,1078,2,13,16,0.8125
Phi-4,GSM8K,1079,1,12,16,0.75
Phi-4,GSM8K,1080,5,13,16,0.8125
Phi-4,GSM8K,1081,2,13,16,0.8125
Phi-4,GSM8K,1082,1,11,16,0.6875
Phi-4,GSM8K,1083,2,9,16,0.5625
Phi-4,GSM8K,1084,5,11,16,0.6875
Phi-4,GSM8K,1085,1,11,16,0.6875
Phi-4,GSM8K,1086,6,15,16,0.9375
Phi-4,GSM8K,1087,1,15,16,0.9375
Phi-4,GSM8K,1088,2,12,16,0.75
Phi-4,GSM8K,1089,2,9,16,0.5625
Phi-4,GSM8K,1091,1,12,16,0.75
Phi-4,GSM8K,1092,3,11,16,0.6875
Phi-4,GSM8K,1093,2,11,16,0.6875
Phi-4,GSM8K,1094,3,9,16,0.5625
Phi-4,GSM8K,1097,2,10,16,0.625
Phi-4,GSM8K,1098,1,12,16,0.75
Phi-4,GSM8K,1099,2,14,16,0.875
Phi-4,GSM8K,1100,1,11,16,0.6875
Phi-4,GSM8K,1101,1,14,16,0.875
Phi-4,GSM8K,1102,1,13,16,0.8125
Phi-4,GSM8K,1103,1,10,16,0.625
Phi-4,GSM8K,1104,4,12,16,0.75
Phi-4,GSM8K,1106,1,8,16,0.5
Phi-4,GSM8K,1107,4,11,16,0.6875
Phi-4,GSM8K,1109,3,13,16,0.8125
Phi-4,GSM8K,1110,2,15,16,0.9375
Phi-4,GSM8K,1111,1,13,16,0.8125
Phi-4,GSM8K,1113,1,11,16,0.6875
Phi-4,GSM8K,1114,1,7,16,0.4375
Phi-4,GSM8K,1116,3,13,16,0.8125
Phi-4,GSM8K,1118,3,7,16,0.4375
Phi-4,GSM8K,1119,1,4,16,0.25
Phi-4,GSM8K,1120,2,10,16,0.625
Phi-4,GSM8K,1121,2,9,16,0.5625
Phi-4,GSM8K,1122,1,11,16,0.6875
Phi-4,GSM8K,1123,4,13,16,0.8125
Phi-4,GSM8K,1124,3,5,16,0.3125
Phi-4,GSM8K,1126,1,10,16,0.625
Phi-4,GSM8K,1127,3,8,16,0.5
Phi-4,GSM8K,1128,4,10,16,0.625
Phi-4,GSM8K,1129,2,11,16,0.6875
Phi-4,GSM8K,1130,1,11,16,0.6875
Phi-4,GSM8K,1132,2,13,16,0.8125
Phi-4,GSM8K,1133,2,13,16,0.8125
Phi-4,GSM8K,1134,3,6,16,0.375
Phi-4,GSM8K,1135,3,10,16,0.625
Phi-4,GSM8K,1136,1,10,16,0.625
Phi-4,GSM8K,1137,1,9,16,0.5625
Phi-4,GSM8K,1138,2,12,16,0.75
Phi-4,GSM8K,1139,3,11,16,0.6875
Phi-4,GSM8K,1140,1,7,16,0.4375
Phi-4,GSM8K,1141,3,14,16,0.875
Phi-4,GSM8K,1143,2,10,16,0.625
Phi-4,GSM8K,1144,3,13,16,0.8125
Phi-4,GSM8K,1146,1,7,16,0.4375
Phi-4,GSM8K,1147,2,10,16,0.625
Phi-4,GSM8K,1148,3,10,16,0.625
Phi-4,GSM8K,1149,1,11,16,0.6875
Phi-4,GSM8K,1150,2,9,16,0.5625
Phi-4,GSM8K,1151,5,11,16,0.6875
Phi-4,GSM8K,1154,3,11,16,0.6875
Phi-4,GSM8K,1156,1,14,16,0.875
Phi-4,GSM8K,1157,2,12,16,0.75
Phi-4,GSM8K,1159,1,11,16,0.6875
Phi-4,GSM8K,1160,1,12,16,0.75
Phi-4,GSM8K,1162,1,9,16,0.5625
Phi-4,GSM8K,1163,1,7,16,0.4375
Phi-4,GSM8K,1164,2,9,16,0.5625
Phi-4,GSM8K,1165,1,10,16,0.625
Phi-4,GSM8K,1168,1,10,16,0.625
Phi-4,GSM8K,1169,1,9,16,0.5625
Phi-4,GSM8K,1170,1,10,16,0.625
Phi-4,GSM8K,1172,1,10,16,0.625
Phi-4,GSM8K,1174,3,10,16,0.625
Phi-4,GSM8K,1175,2,12,16,0.75
Phi-4,GSM8K,1176,2,4,16,0.25
Phi-4,GSM8K,1177,2,10,16,0.625
Phi-4,GSM8K,1178,2,10,16,0.625
Phi-4,GSM8K,1179,3,11,16,0.6875
Phi-4,GSM8K,1180,2,11,16,0.6875
Phi-4,GSM8K,1181,8,11,16,0.6875
Phi-4,GSM8K,1182,1,13,16,0.8125
Phi-4,GSM8K,1183,1,6,16,0.375
Phi-4,GSM8K,1185,2,12,16,0.75
Phi-4,GSM8K,1186,1,13,16,0.8125
Phi-4,GSM8K,1187,1,12,16,0.75
Phi-4,GSM8K,1188,5,13,16,0.8125
Phi-4,GSM8K,1189,1,10,16,0.625
Phi-4,GSM8K,1190,2,4,16,0.25
Phi-4,GSM8K,1191,2,6,16,0.375
Phi-4,GSM8K,1192,1,6,16,0.375
Phi-4,GSM8K,1193,2,11,16,0.6875
Phi-4,GSM8K,1194,2,14,16,0.875
Phi-4,GSM8K,1195,2,11,16,0.6875
Phi-4,GSM8K,1196,2,11,16,0.6875
Phi-4,GSM8K,1197,3,14,16,0.875
Phi-4,GSM8K,1198,1,11,16,0.6875
Phi-4,GSM8K,1200,11,16,16,1.0
Phi-4,GSM8K,1201,1,12,16,0.75
Phi-4,GSM8K,1202,2,11,16,0.6875
Phi-4,GSM8K,1203,2,5,16,0.3125
Phi-4,GSM8K,1204,1,10,16,0.625
Phi-4,GSM8K,1205,2,10,16,0.625
Phi-4,GSM8K,1207,1,13,16,0.8125
Phi-4,GSM8K,1208,2,10,16,0.625
Phi-4,GSM8K,1209,1,11,16,0.6875
Phi-4,GSM8K,1210,2,14,16,0.875
Phi-4,GSM8K,1211,2,13,16,0.8125
Phi-4,GSM8K,1212,4,14,16,0.875
Phi-4,GSM8K,1214,1,12,16,0.75
Phi-4,GSM8K,1215,3,11,16,0.6875
Phi-4,GSM8K,1216,1,12,16,0.75
Phi-4,GSM8K,1217,1,16,16,1.0
Phi-4,GSM8K,1218,2,4,16,0.25
Phi-4,GSM8K,1219,1,12,16,0.75
Phi-4,GSM8K,1220,1,13,16,0.8125
Phi-4,GSM8K,1221,2,9,16,0.5625
Phi-4,GSM8K,1223,2,12,16,0.75
Phi-4,GSM8K,1224,1,8,16,0.5
Phi-4,GSM8K,1225,2,11,16,0.6875
Phi-4,GSM8K,1227,4,9,16,0.5625
Phi-4,GSM8K,1228,1,13,16,0.8125
Phi-4,GSM8K,1229,3,9,16,0.5625
Phi-4,GSM8K,1232,3,10,16,0.625
Phi-4,GSM8K,1233,1,14,16,0.875
Phi-4,GSM8K,1236,2,8,16,0.5
Phi-4,GSM8K,1237,1,11,16,0.6875
Phi-4,GSM8K,1238,1,8,16,0.5
Phi-4,GSM8K,1240,1,11,16,0.6875
Phi-4,GSM8K,1241,1,10,16,0.625
Phi-4,GSM8K,1242,1,11,16,0.6875
Phi-4,GSM8K,1243,1,9,16,0.5625
Phi-4,GSM8K,1245,7,12,16,0.75
Phi-4,GSM8K,1247,1,12,16,0.75
Phi-4,GSM8K,1248,1,13,16,0.8125
Phi-4,GSM8K,1249,2,10,16,0.625
Phi-4,GSM8K,1250,1,11,16,0.6875
Phi-4,GSM8K,1251,2,12,16,0.75
Phi-4,GSM8K,1252,4,11,16,0.6875
Phi-4,GSM8K,1254,3,9,16,0.5625
Phi-4,GSM8K,1255,1,8,16,0.5
Phi-4,GSM8K,1257,5,12,16,0.75
Phi-4,GSM8K,1258,4,13,16,0.8125
Phi-4,GSM8K,1260,3,11,16,0.6875
Phi-4,GSM8K,1262,1,12,16,0.75
Phi-4,GSM8K,1264,1,13,16,0.8125
Phi-4,GSM8K,1266,1,14,16,0.875
Phi-4,GSM8K,1267,2,11,16,0.6875
Phi-4,GSM8K,1268,1,11,16,0.6875
Phi-4,GSM8K,1269,1,6,16,0.375
Phi-4,GSM8K,1270,3,12,16,0.75
Phi-4,GSM8K,1271,1,10,16,0.625
Phi-4,GSM8K,1273,1,7,16,0.4375
Phi-4,GSM8K,1274,2,14,16,0.875
Phi-4,GSM8K,1275,2,10,16,0.625
Phi-4,GSM8K,1276,1,8,16,0.5
Phi-4,GSM8K,1277,1,9,16,0.5625
Phi-4,GSM8K,1279,2,12,16,0.75
Phi-4,GSM8K,1280,2,9,16,0.5625
Phi-4,GSM8K,1281,1,13,16,0.8125
Phi-4,GSM8K,1282,2,10,16,0.625
Phi-4,GSM8K,1285,1,12,16,0.75
Phi-4,GSM8K,1286,3,8,16,0.5
Phi-4,GSM8K,1287,1,12,16,0.75
Phi-4,GSM8K,1288,7,11,16,0.6875
Phi-4,GSM8K,1291,4,12,16,0.75
Phi-4,GSM8K,1292,2,9,16,0.5625
Phi-4,GSM8K,1295,1,11,16,0.6875
Phi-4,GSM8K,1296,1,9,16,0.5625
Phi-4,GSM8K,1297,2,8,16,0.5
Phi-4,GSM8K,1298,1,9,16,0.5625
Phi-4,GSM8K,1299,2,9,16,0.5625
Phi-4,GSM8K,1302,2,7,16,0.4375
Phi-4,GSM8K,1304,3,9,16,0.5625
Phi-4,GSM8K,1306,3,14,16,0.875
Phi-4,GSM8K,1307,2,12,16,0.75
Phi-4,GSM8K,1308,1,12,16,0.75
Phi-4,GSM8K,1309,2,0,16,0.0
Phi-4,GSM8K,1311,1,11,16,0.6875
Phi-4,GSM8K,1313,2,11,16,0.6875
Phi-4,GSM8K,1315,2,8,16,0.5
Phi-4,GSM8K,1316,3,10,16,0.625
Phi-4,GSM8K,1317,8,11,16,0.6875
Phi-4,MATH500,3,1,10,16,0.625
Phi-4,MATH500,6,5,14,16,0.875
Phi-4,MATH500,7,1,7,16,0.4375
Phi-4,MATH500,9,1,0,16,0.0
Phi-4,MATH500,10,4,6,16,0.375
Phi-4,MATH500,11,2,0,16,0.0
Phi-4,MATH500,12,9,9,16,0.5625
Phi-4,MATH500,13,1,12,16,0.75
Phi-4,MATH500,16,1,10,16,0.625
Phi-4,MATH500,19,1,11,16,0.6875
Phi-4,MATH500,21,3,0,16,0.0
Phi-4,MATH500,22,1,9,16,0.5625
Phi-4,MATH500,25,1,0,16,0.0
Phi-4,MATH500,28,1,15,16,0.9375
Phi-4,MATH500,29,1,13,16,0.8125
Phi-4,MATH500,31,1,13,16,0.8125
Phi-4,MATH500,33,1,7,16,0.4375
Phi-4,MATH500,34,2,9,16,0.5625
Phi-4,MATH500,36,3,6,16,0.375
Phi-4,MATH500,39,6,9,16,0.5625
Phi-4,MATH500,40,1,11,16,0.6875
Phi-4,MATH500,42,1,11,16,0.6875
Phi-4,MATH500,46,5,13,16,0.8125
Phi-4,MATH500,47,1,12,16,0.75
Phi-4,MATH500,50,5,7,16,0.4375
Phi-4,MATH500,51,7,13,16,0.8125
Phi-4,MATH500,52,1,12,16,0.75
Phi-4,MATH500,53,1,11,16,0.6875
Phi-4,MATH500,54,1,13,16,0.8125
Phi-4,MATH500,57,3,12,16,0.75
Phi-4,MATH500,58,2,11,16,0.6875
Phi-4,MATH500,60,5,0,16,0.0
Phi-4,MATH500,61,5,14,16,0.875
Phi-4,MATH500,62,3,6,16,0.375
Phi-4,MATH500,63,1,2,16,0.125
Phi-4,MATH500,64,2,0,16,0.0
Phi-4,MATH500,66,3,8,16,0.5
Phi-4,MATH500,69,1,12,16,0.75
Phi-4,MATH500,71,6,10,16,0.625
Phi-4,MATH500,72,4,11,16,0.6875
Phi-4,MATH500,78,2,7,16,0.4375
Phi-4,MATH500,84,1,13,16,0.8125
Phi-4,MATH500,85,1,8,16,0.5
Phi-4,MATH500,86,1,6,16,0.375
Phi-4,MATH500,87,1,9,16,0.5625
Phi-4,MATH500,89,10,8,16,0.5
Phi-4,MATH500,95,7,13,16,0.8125
Phi-4,MATH500,96,8,0,16,0.0
Phi-4,MATH500,98,1,12,16,0.75
Phi-4,MATH500,99,3,12,16,0.75
Phi-4,MATH500,101,1,4,16,0.25
Phi-4,MATH500,103,1,0,16,0.0
Phi-4,MATH500,104,4,6,16,0.375
Phi-4,MATH500,106,1,13,16,0.8125
Phi-4,MATH500,108,5,12,16,0.75
Phi-4,MATH500,109,8,3,16,0.1875
Phi-4,MATH500,110,4,0,16,0.0
Phi-4,MATH500,112,1,8,16,0.5
Phi-4,MATH500,113,1,9,16,0.5625
Phi-4,MATH500,114,1,11,16,0.6875
Phi-4,MATH500,115,1,9,16,0.5625
Phi-4,MATH500,117,1,9,16,0.5625
Phi-4,MATH500,118,5,12,16,0.75
Phi-4,MATH500,119,1,5,16,0.3125
Phi-4,MATH500,120,1,2,16,0.125
Phi-4,MATH500,123,3,12,16,0.75
Phi-4,MATH500,126,3,0,16,0.0
Phi-4,MATH500,129,2,0,16,0.0
Phi-4,MATH500,130,1,3,16,0.1875
Phi-4,MATH500,131,1,12,16,0.75
Phi-4,MATH500,132,1,10,16,0.625
Phi-4,MATH500,135,1,15,16,0.9375
Phi-4,MATH500,136,3,9,16,0.5625
Phi-4,MATH500,137,5,16,16,1.0
Phi-4,MATH500,138,1,2,16,0.125
Phi-4,MATH500,139,5,13,16,0.8125
Phi-4,MATH500,143,4,14,16,0.875
Phi-4,MATH500,145,3,3,16,0.1875
Phi-4,MATH500,147,5,2,16,0.125
Phi-4,MATH500,148,1,11,16,0.6875
Phi-4,MATH500,149,4,11,16,0.6875
Phi-4,MATH500,150,3,2,16,0.125
Phi-4,MATH500,151,1,11,16,0.6875
Phi-4,MATH500,156,1,2,16,0.125
Phi-4,MATH500,157,2,11,16,0.6875
Phi-4,MATH500,158,11,14,16,0.875
Phi-4,MATH500,160,3,14,16,0.875
Phi-4,MATH500,163,2,7,16,0.4375
Phi-4,MATH500,168,1,2,16,0.125
Phi-4,MATH500,169,1,14,16,0.875
Phi-4,MATH500,170,4,1,16,0.0625
Phi-4,MATH500,172,2,12,16,0.75
Phi-4,MATH500,175,2,8,16,0.5
Phi-4,MATH500,176,1,5,16,0.3125
Phi-4,MATH500,178,1,11,16,0.6875
Phi-4,MATH500,179,8,13,16,0.8125
Phi-4,MATH500,180,2,11,16,0.6875
Phi-4,MATH500,184,2,0,16,0.0
Phi-4,MATH500,186,2,11,16,0.6875
Phi-4,MATH500,187,4,14,16,0.875
Phi-4,MATH500,188,5,7,16,0.4375
Phi-4,MATH500,189,1,5,16,0.3125
Phi-4,MATH500,192,5,11,16,0.6875
Phi-4,MATH500,194,4,4,16,0.25
Phi-4,MATH500,195,2,8,16,0.5
Phi-4,MATH500,198,1,12,16,0.75
Phi-4,MATH500,201,2,10,16,0.625
Phi-4,MATH500,202,1,15,16,0.9375
Phi-4,MATH500,203,1,12,16,0.75
Phi-4,MATH500,204,3,0,16,0.0
Phi-4,MATH500,205,4,13,16,0.8125
Phi-4,MATH500,206,4,12,16,0.75
Phi-4,MATH500,208,2,15,16,0.9375
Phi-4,MATH500,209,1,8,16,0.5
Phi-4,MATH500,211,2,11,16,0.6875
Phi-4,MATH500,213,4,7,16,0.4375
Phi-4,MATH500,214,1,4,16,0.25
Phi-4,MATH500,217,1,8,16,0.5
Phi-4,MATH500,220,1,7,16,0.4375
Phi-4,MATH500,221,2,11,16,0.6875
Phi-4,MATH500,222,1,5,16,0.3125
Phi-4,MATH500,224,2,3,16,0.1875
Phi-4,MATH500,228,6,5,16,0.3125
Phi-4,MATH500,230,1,3,16,0.1875
Phi-4,MATH500,231,3,8,16,0.5
Phi-4,MATH500,232,1,5,16,0.3125
Phi-4,MATH500,233,7,14,16,0.875
Phi-4,MATH500,234,1,11,16,0.6875
Phi-4,MATH500,235,1,10,16,0.625
Phi-4,MATH500,236,4,7,16,0.4375
Phi-4,MATH500,238,5,10,16,0.625
Phi-4,MATH500,239,9,3,16,0.1875
Phi-4,MATH500,241,1,9,16,0.5625
Phi-4,MATH500,244,1,11,16,0.6875
Phi-4,MATH500,245,3,8,16,0.5
Phi-4,MATH500,247,4,11,16,0.6875
Phi-4,MATH500,248,8,1,16,0.0625
Phi-4,MATH500,249,4,5,16,0.3125
Phi-4,MATH500,250,1,8,16,0.5
Phi-4,MATH500,252,1,10,16,0.625
Phi-4,MATH500,253,2,15,16,0.9375
Phi-4,MATH500,257,4,0,16,0.0
Phi-4,MATH500,258,7,15,16,0.9375
Phi-4,MATH500,259,5,13,16,0.8125
Phi-4,MATH500,260,8,10,16,0.625
Phi-4,MATH500,262,1,11,16,0.6875
Phi-4,MATH500,265,1,10,16,0.625
Phi-4,MATH500,274,1,1,16,0.0625
Phi-4,MATH500,275,1,15,16,0.9375
Phi-4,MATH500,276,3,3,16,0.1875
Phi-4,MATH500,280,1,10,16,0.625
Phi-4,MATH500,284,3,0,16,0.0
Phi-4,MATH500,285,5,1,16,0.0625
Phi-4,MATH500,286,3,0,16,0.0
Phi-4,MATH500,288,5,1,16,0.0625
Phi-4,MATH500,289,11,14,16,0.875
Phi-4,MATH500,294,3,13,16,0.8125
Phi-4,MATH500,295,1,1,16,0.0625
Phi-4,MATH500,297,2,8,16,0.5
Phi-4,MATH500,298,3,14,16,0.875
Phi-4,MATH500,300,2,12,16,0.75
Phi-4,MATH500,302,2,2,16,0.125
Phi-4,MATH500,303,2,0,16,0.0
Phi-4,MATH500,304,4,10,16,0.625
Phi-4,MATH500,305,3,11,16,0.6875
Phi-4,MATH500,306,2,0,16,0.0
Phi-4,MATH500,309,1,10,16,0.625
Phi-4,MATH500,310,3,13,16,0.8125
Phi-4,MATH500,312,1,14,16,0.875
Phi-4,MATH500,315,3,9,16,0.5625
Phi-4,MATH500,316,1,10,16,0.625
Phi-4,MATH500,317,1,4,16,0.25
Phi-4,MATH500,318,1,13,16,0.8125
Phi-4,MATH500,321,3,15,16,0.9375
Phi-4,MATH500,324,7,2,16,0.125
Phi-4,MATH500,325,7,15,16,0.9375
Phi-4,MATH500,326,1,6,16,0.375
Phi-4,MATH500,327,2,1,16,0.0625
Phi-4,MATH500,329,1,12,16,0.75
Phi-4,MATH500,330,1,12,16,0.75
Phi-4,MATH500,331,3,14,16,0.875
Phi-4,MATH500,332,4,1,16,0.0625
Phi-4,MATH500,333,1,8,16,0.5
Phi-4,MATH500,335,1,11,16,0.6875
Phi-4,MATH500,336,2,14,16,0.875
Phi-4,MATH500,337,3,12,16,0.75
Phi-4,MATH500,340,7,3,16,0.1875
Phi-4,MATH500,341,3,13,16,0.8125
Phi-4,MATH500,342,1,10,16,0.625
Phi-4,MATH500,344,2,12,16,0.75
Phi-4,MATH500,346,2,13,16,0.8125
Phi-4,MATH500,350,2,13,16,0.8125
Phi-4,MATH500,351,5,9,16,0.5625
Phi-4,MATH500,352,1,0,16,0.0
Phi-4,MATH500,354,13,16,16,1.0
Phi-4,MATH500,355,6,0,16,0.0
Phi-4,MATH500,356,1,10,16,0.625
Phi-4,MATH500,357,1,12,16,0.75
Phi-4,MATH500,359,3,7,16,0.4375
Phi-4,MATH500,361,4,9,16,0.5625
Phi-4,MATH500,364,2,13,16,0.8125
Phi-4,MATH500,365,1,10,16,0.625
Phi-4,MATH500,366,5,14,16,0.875
Phi-4,MATH500,369,1,2,16,0.125
Phi-4,MATH500,371,4,2,16,0.125
Phi-4,MATH500,373,6,13,16,0.8125
Phi-4,MATH500,374,3,12,16,0.75
Phi-4,MATH500,375,2,12,16,0.75
Phi-4,MATH500,378,8,15,16,0.9375
Phi-4,MATH500,379,1,0,16,0.0
Phi-4,MATH500,380,1,6,16,0.375
Phi-4,MATH500,386,1,12,16,0.75
Phi-4,MATH500,391,1,2,16,0.125
Phi-4,MATH500,393,1,9,16,0.5625
Phi-4,MATH500,394,1,6,16,0.375
Phi-4,MATH500,396,1,8,16,0.5
Phi-4,MATH500,398,1,11,16,0.6875
Phi-4,MATH500,400,3,5,16,0.3125
Phi-4,MATH500,401,8,0,16,0.0
Phi-4,MATH500,403,6,13,16,0.8125
Phi-4,MATH500,404,1,14,16,0.875
Phi-4,MATH500,408,3,6,16,0.375
Phi-4,MATH500,409,5,15,16,0.9375
Phi-4,MATH500,412,4,2,16,0.125
Phi-4,MATH500,413,1,13,16,0.8125
Phi-4,MATH500,414,1,10,16,0.625
Phi-4,MATH500,415,6,7,16,0.4375
Phi-4,MATH500,416,10,12,16,0.75
Phi-4,MATH500,419,6,11,16,0.6875
Phi-4,MATH500,420,6,13,16,0.8125
Phi-4,MATH500,421,4,4,16,0.25
Phi-4,MATH500,422,6,0,16,0.0
Phi-4,MATH500,423,4,7,16,0.4375
Phi-4,MATH500,424,2,12,16,0.75
Phi-4,MATH500,425,2,0,16,0.0
Phi-4,MATH500,427,1,12,16,0.75
Phi-4,MATH500,428,8,8,16,0.5
Phi-4,MATH500,429,1,8,16,0.5
Phi-4,MATH500,434,1,8,16,0.5
Phi-4,MATH500,436,1,4,16,0.25
Phi-4,MATH500,439,4,12,16,0.75
Phi-4,MATH500,440,4,13,16,0.8125
Phi-4,MATH500,441,1,12,16,0.75
Phi-4,MATH500,442,2,8,16,0.5
Phi-4,MATH500,444,2,1,16,0.0625
Phi-4,MATH500,445,8,1,16,0.0625
Phi-4,MATH500,446,4,8,16,0.5
Phi-4,MATH500,448,1,7,16,0.4375
Phi-4,MATH500,449,1,12,16,0.75
Phi-4,MATH500,450,2,8,16,0.5
Phi-4,MATH500,454,6,16,16,1.0
Phi-4,MATH500,455,1,13,16,0.8125
Phi-4,MATH500,456,2,0,16,0.0
Phi-4,MATH500,458,2,16,16,1.0
Phi-4,MATH500,459,7,11,16,0.6875
Phi-4,MATH500,460,1,0,16,0.0
Phi-4,MATH500,462,1,13,16,0.8125
Phi-4,MATH500,463,1,12,16,0.75
Phi-4,MATH500,464,4,13,16,0.8125
Phi-4,MATH500,465,1,15,16,0.9375
Phi-4,MATH500,466,4,11,16,0.6875
Phi-4,MATH500,467,2,1,16,0.0625
Phi-4,MATH500,468,1,9,16,0.5625
Phi-4,MATH500,470,2,3,16,0.1875
Phi-4,MATH500,473,1,12,16,0.75
Phi-4,MATH500,474,6,11,16,0.6875
Phi-4,MATH500,475,5,2,16,0.125
Phi-4,MATH500,477,1,6,16,0.375
Phi-4,MATH500,480,2,10,16,0.625
Phi-4,MATH500,481,6,0,16,0.0
Phi-4,MATH500,483,1,3,16,0.1875
Phi-4,MATH500,484,1,10,16,0.625
Phi-4,MATH500,490,1,2,16,0.125
Phi-4,MATH500,492,5,12,16,0.75
Phi-4,MATH500,496,2,10,16,0.625
Phi-4,MATH500,497,4,0,16,0.0
Phi-4,MATH500,498,6,5,16,0.3125
Phi-4,SVAMP,0,1,13,16,0.8125
Phi-4,SVAMP,2,1,10,16,0.625
Phi-4,SVAMP,3,2,9,16,0.5625
Phi-4,SVAMP,4,3,9,16,0.5625
Phi-4,SVAMP,5,1,8,16,0.5
Phi-4,SVAMP,6,1,12,16,0.75
Phi-4,SVAMP,7,1,13,16,0.8125
Phi-4,SVAMP,8,2,9,16,0.5625
Phi-4,SVAMP,9,1,8,16,0.5
Phi-4,SVAMP,10,1,10,16,0.625
Phi-4,SVAMP,13,2,8,16,0.5
Phi-4,SVAMP,14,1,10,16,0.625
Phi-4,SVAMP,15,1,10,16,0.625
Phi-4,SVAMP,17,7,0,16,0.0
Phi-4,SVAMP,19,3,7,16,0.4375
Phi-4,SVAMP,20,2,9,16,0.5625
Phi-4,SVAMP,21,2,10,16,0.625
Phi-4,SVAMP,22,3,0,16,0.0
Phi-4,SVAMP,23,1,9,16,0.5625
Phi-4,SVAMP,24,1,14,16,0.875
Phi-4,SVAMP,26,2,0,16,0.0
Phi-4,SVAMP,28,2,12,16,0.75
Phi-4,SVAMP,29,1,10,16,0.625
Phi-4,SVAMP,30,2,8,16,0.5
Phi-4,SVAMP,31,1,10,16,0.625
Phi-4,SVAMP,32,1,11,16,0.6875
Phi-4,SVAMP,33,1,2,16,0.125
Phi-4,SVAMP,34,2,8,16,0.5
Phi-4,SVAMP,36,2,7,16,0.4375
Phi-4,SVAMP,37,4,8,16,0.5
Phi-4,SVAMP,38,2,11,16,0.6875
Phi-4,SVAMP,39,1,6,16,0.375
Phi-4,SVAMP,40,1,9,16,0.5625
Phi-4,SVAMP,41,2,9,16,0.5625
Phi-4,SVAMP,42,3,8,16,0.5
Phi-4,SVAMP,43,3,8,16,0.5
Phi-4,SVAMP,46,4,4,16,0.25
Phi-4,SVAMP,47,1,9,16,0.5625
Phi-4,SVAMP,48,2,12,16,0.75
Phi-4,SVAMP,49,2,10,16,0.625
Phi-4,SVAMP,50,2,11,16,0.6875
Phi-4,SVAMP,51,1,14,16,0.875
Phi-4,SVAMP,52,2,8,16,0.5
Phi-4,SVAMP,53,2,9,16,0.5625
Phi-4,SVAMP,54,2,10,16,0.625
Phi-4,SVAMP,55,1,11,16,0.6875
Phi-4,SVAMP,56,1,8,16,0.5
Phi-4,SVAMP,57,2,11,16,0.6875
Phi-4,SVAMP,58,1,12,16,0.75
Phi-4,SVAMP,59,2,7,16,0.4375
Phi-4,SVAMP,60,3,11,16,0.6875
Phi-4,SVAMP,61,1,8,16,0.5
Phi-4,SVAMP,62,1,0,16,0.0
Phi-4,SVAMP,64,1,11,16,0.6875
Phi-4,SVAMP,65,3,12,16,0.75
Phi-4,SVAMP,67,3,13,16,0.8125
Phi-4,SVAMP,68,1,13,16,0.8125
Phi-4,SVAMP,70,3,8,16,0.5
Phi-4,SVAMP,71,2,8,16,0.5
Phi-4,SVAMP,72,3,9,16,0.5625
Phi-4,SVAMP,73,2,8,16,0.5
Phi-4,SVAMP,74,1,13,16,0.8125
Phi-4,SVAMP,75,2,0,16,0.0
Phi-4,SVAMP,76,1,8,16,0.5
Phi-4,SVAMP,77,4,10,16,0.625
Phi-4,SVAMP,78,1,9,16,0.5625
Phi-4,SVAMP,80,1,6,16,0.375
Phi-4,SVAMP,81,2,8,16,0.5
Phi-4,SVAMP,83,1,10,16,0.625
Phi-4,SVAMP,84,2,13,16,0.8125
Phi-4,SVAMP,85,1,10,16,0.625
Phi-4,SVAMP,87,2,8,16,0.5
Phi-4,SVAMP,88,1,9,16,0.5625
Phi-4,SVAMP,89,2,8,16,0.5
Phi-4,SVAMP,90,4,12,16,0.75
Phi-4,SVAMP,91,1,6,16,0.375
Phi-4,SVAMP,92,2,13,16,0.8125
Phi-4,SVAMP,93,1,8,16,0.5
Phi-4,SVAMP,96,3,8,16,0.5
Phi-4,SVAMP,97,1,8,16,0.5
Phi-4,SVAMP,98,2,11,16,0.6875
Phi-4,SVAMP,100,1,7,16,0.4375
Phi-4,SVAMP,102,1,8,16,0.5
Phi-4,SVAMP,103,1,8,16,0.5
Phi-4,SVAMP,104,1,7,16,0.4375
Phi-4,SVAMP,105,5,12,16,0.75
Phi-4,SVAMP,106,1,9,16,0.5625
Phi-4,SVAMP,107,2,11,16,0.6875
Phi-4,SVAMP,108,3,13,16,0.8125
Phi-4,SVAMP,109,1,9,16,0.5625
Phi-4,SVAMP,110,1,9,16,0.5625
Phi-4,SVAMP,112,2,12,16,0.75
Phi-4,SVAMP,113,1,7,16,0.4375
Phi-4,SVAMP,115,1,8,16,0.5
Phi-4,SVAMP,116,2,10,16,0.625
Phi-4,SVAMP,117,1,8,16,0.5
Phi-4,SVAMP,118,2,8,16,0.5
Phi-4,SVAMP,120,2,6,16,0.375
Phi-4,SVAMP,121,2,10,16,0.625
Phi-4,SVAMP,123,1,9,16,0.5625
Phi-4,SVAMP,124,3,11,16,0.6875
Phi-4,SVAMP,125,5,6,16,0.375
Phi-4,SVAMP,126,4,12,16,0.75
Phi-4,SVAMP,127,1,6,16,0.375
Phi-4,SVAMP,128,1,7,16,0.4375
Phi-4,SVAMP,129,2,12,16,0.75
Phi-4,SVAMP,132,2,8,16,0.5
Phi-4,SVAMP,133,10,4,16,0.25
Phi-4,SVAMP,134,2,12,16,0.75
Phi-4,SVAMP,136,1,11,16,0.6875
Phi-4,SVAMP,137,1,8,16,0.5
Phi-4,SVAMP,139,3,10,16,0.625
Phi-4,SVAMP,140,3,10,16,0.625
Phi-4,SVAMP,141,2,11,16,0.6875
Phi-4,SVAMP,142,1,10,16,0.625
Phi-4,SVAMP,143,2,13,16,0.8125
Phi-4,SVAMP,144,1,10,16,0.625
Phi-4,SVAMP,147,6,9,16,0.5625
Phi-4,SVAMP,148,1,8,16,0.5
Phi-4,SVAMP,149,1,9,16,0.5625
Phi-4,SVAMP,151,1,8,16,0.5
Phi-4,SVAMP,152,3,8,16,0.5
Phi-4,SVAMP,153,1,9,16,0.5625
Phi-4,SVAMP,154,2,11,16,0.6875
Phi-4,SVAMP,155,2,7,16,0.4375
Phi-4,SVAMP,156,1,12,16,0.75
Phi-4,SVAMP,158,3,12,16,0.75
Phi-4,SVAMP,159,2,8,16,0.5
Phi-4,SVAMP,160,1,8,16,0.5
Phi-4,SVAMP,161,1,14,16,0.875
Phi-4,SVAMP,162,5,10,16,0.625
Phi-4,SVAMP,164,2,10,16,0.625
Phi-4,SVAMP,165,1,12,16,0.75
Phi-4,SVAMP,166,1,12,16,0.75
Phi-4,SVAMP,167,2,13,16,0.8125
Phi-4,SVAMP,169,2,7,16,0.4375
Phi-4,SVAMP,170,2,9,16,0.5625
Phi-4,SVAMP,172,1,10,16,0.625
Phi-4,SVAMP,173,4,7,16,0.4375
Phi-4,SVAMP,174,1,12,16,0.75
Phi-4,SVAMP,175,2,12,16,0.75
Phi-4,SVAMP,177,1,4,16,0.25
Phi-4,SVAMP,179,3,6,16,0.375
Phi-4,SVAMP,180,1,12,16,0.75
Phi-4,SVAMP,181,3,14,16,0.875
Phi-4,SVAMP,183,2,9,16,0.5625
Phi-4,SVAMP,185,1,11,16,0.6875
Phi-4,SVAMP,186,5,9,16,0.5625
Phi-4,SVAMP,187,3,10,16,0.625
Phi-4,SVAMP,188,1,8,16,0.5
Phi-4,SVAMP,189,2,8,16,0.5
Phi-4,SVAMP,190,2,14,16,0.875
Phi-4,SVAMP,191,1,12,16,0.75
Phi-4,SVAMP,192,1,10,16,0.625
Phi-4,SVAMP,193,4,6,16,0.375
Phi-4,SVAMP,194,1,12,16,0.75
Phi-4,SVAMP,195,2,7,16,0.4375
Phi-4,SVAMP,196,1,11,16,0.6875
Phi-4,SVAMP,197,2,12,16,0.75
Phi-4,SVAMP,198,2,10,16,0.625
Phi-4,SVAMP,199,1,8,16,0.5
Phi-4,SVAMP,201,2,14,16,0.875
Phi-4,SVAMP,202,1,8,16,0.5
Phi-4,SVAMP,203,2,11,16,0.6875
Phi-4,SVAMP,204,4,8,16,0.5
Phi-4,SVAMP,205,2,10,16,0.625
Phi-4,SVAMP,206,1,9,16,0.5625
Phi-4,SVAMP,207,2,9,16,0.5625
Phi-4,SVAMP,209,1,13,16,0.8125
Phi-4,SVAMP,210,1,9,16,0.5625
Phi-4,SVAMP,211,2,13,16,0.8125
Phi-4,SVAMP,212,3,13,16,0.8125
Phi-4,SVAMP,213,3,10,16,0.625
Phi-4,SVAMP,215,1,1,16,0.0625
Phi-4,SVAMP,217,4,8,16,0.5
Phi-4,SVAMP,218,1,8,16,0.5
Phi-4,SVAMP,219,2,8,16,0.5
Phi-4,SVAMP,220,2,10,16,0.625
Phi-4,SVAMP,222,1,9,16,0.5625
Phi-4,SVAMP,223,2,7,16,0.4375
Phi-4,SVAMP,224,2,11,16,0.6875
Phi-4,SVAMP,225,5,9,16,0.5625
Phi-4,SVAMP,227,1,10,16,0.625
Phi-4,SVAMP,229,3,7,16,0.4375
Phi-4,SVAMP,230,1,5,16,0.3125
Phi-4,SVAMP,231,2,6,16,0.375
Phi-4,SVAMP,232,1,4,16,0.25
Phi-4,SVAMP,233,5,14,16,0.875
Phi-4,SVAMP,234,6,0,16,0.0
Phi-4,SVAMP,235,4,9,16,0.5625
Phi-4,SVAMP,237,4,12,16,0.75
Phi-4,SVAMP,239,3,10,16,0.625
Phi-4,SVAMP,240,1,8,16,0.5
Phi-4,SVAMP,241,1,8,16,0.5
Phi-4,SVAMP,242,3,10,16,0.625
Phi-4,SVAMP,243,1,11,16,0.6875
Phi-4,SVAMP,244,2,7,16,0.4375
Phi-4,SVAMP,245,1,9,16,0.5625
Phi-4,SVAMP,246,4,7,16,0.4375
Phi-4,SVAMP,247,5,13,16,0.8125
Phi-4,SVAMP,248,2,6,16,0.375
Phi-4,SVAMP,249,4,11,16,0.6875
Phi-4,SVAMP,250,2,10,16,0.625
Phi-4,SVAMP,251,1,9,16,0.5625
Phi-4,SVAMP,252,1,8,16,0.5
Phi-4,SVAMP,253,1,5,16,0.3125
Phi-4,SVAMP,254,2,11,16,0.6875
Phi-4,SVAMP,256,1,11,16,0.6875
Phi-4,SVAMP,258,1,4,16,0.25
Phi-4,SVAMP,259,3,10,16,0.625
Phi-4,SVAMP,260,2,12,16,0.75
Phi-4,SVAMP,261,1,1,16,0.0625
Phi-4,SVAMP,262,2,9,16,0.5625
Phi-4,SVAMP,263,3,9,16,0.5625
Phi-4,SVAMP,264,3,6,16,0.375
Phi-4,SVAMP,266,2,9,16,0.5625
Phi-4,SVAMP,267,1,9,16,0.5625
Phi-4,SVAMP,268,1,11,16,0.6875
Phi-4,SVAMP,269,2,13,16,0.8125
Phi-4,SVAMP,270,1,12,16,0.75
Phi-4,SVAMP,271,1,12,16,0.75
Phi-4,SVAMP,272,1,12,16,0.75
Phi-4,SVAMP,273,1,7,16,0.4375
Phi-4,SVAMP,274,3,12,16,0.75
Phi-4,SVAMP,276,1,8,16,0.5
Phi-4,SVAMP,277,2,8,16,0.5
Phi-4,SVAMP,278,1,1,16,0.0625
Phi-4,SVAMP,279,1,9,16,0.5625
Phi-4,SVAMP,280,6,9,16,0.5625
Phi-4,SVAMP,281,1,7,16,0.4375
Phi-4,SVAMP,282,2,11,16,0.6875
Phi-4,SVAMP,283,3,10,16,0.625
Phi-4,SVAMP,286,2,6,16,0.375
Phi-4,SVAMP,287,1,11,16,0.6875
Phi-4,SVAMP,288,1,6,16,0.375
Phi-4,SVAMP,289,1,11,16,0.6875
Phi-4,SVAMP,290,1,13,16,0.8125
Phi-4,SVAMP,291,2,11,16,0.6875
Phi-4,SVAMP,292,1,9,16,0.5625
Phi-4,SVAMP,294,5,15,16,0.9375
Phi-4,SVAMP,295,1,8,16,0.5
Phi-4,SVAMP,296,2,15,16,0.9375
Phi-4,SVAMP,299,3,10,16,0.625
Phi-4,SVAMP,301,1,8,16,0.5
Phi-4,SVAMP,303,1,12,16,0.75
Phi-4,SVAMP,304,2,8,16,0.5
Phi-4,SVAMP,305,2,10,16,0.625
Phi-4,SVAMP,306,1,11,16,0.6875
Phi-4,SVAMP,307,4,8,16,0.5
Phi-4,SVAMP,308,3,6,16,0.375
Phi-4,SVAMP,309,1,10,16,0.625
Phi-4,SVAMP,310,1,9,16,0.5625
Phi-4,SVAMP,311,2,11,16,0.6875
Phi-4,SVAMP,312,2,10,16,0.625
Phi-4,SVAMP,313,1,5,16,0.3125
Phi-4,SVAMP,314,5,7,16,0.4375
Phi-4,SVAMP,315,1,9,16,0.5625
Phi-4,SVAMP,317,1,10,16,0.625
Phi-4,SVAMP,318,2,10,16,0.625
Phi-4,SVAMP,320,2,7,16,0.4375
Phi-4,SVAMP,321,1,11,16,0.6875
Phi-4,SVAMP,323,3,9,16,0.5625
Phi-4,SVAMP,324,1,9,16,0.5625
Phi-4,SVAMP,325,3,10,16,0.625
Phi-4,SVAMP,327,1,10,16,0.625
Phi-4,SVAMP,328,1,10,16,0.625
Phi-4,SVAMP,329,1,6,16,0.375
Phi-4,SVAMP,330,2,11,16,0.6875
Phi-4,SVAMP,332,1,8,16,0.5
Phi-4,SVAMP,333,1,8,16,0.5
Phi-4,SVAMP,334,3,12,16,0.75
Phi-4,SVAMP,335,1,13,16,0.8125
Phi-4,SVAMP,338,2,10,16,0.625
Phi-4,SVAMP,340,3,7,16,0.4375
Phi-4,SVAMP,342,2,10,16,0.625
Phi-4,SVAMP,343,1,7,16,0.4375
Phi-4,SVAMP,344,1,11,16,0.6875
Phi-4,SVAMP,345,2,8,16,0.5
Phi-4,SVAMP,346,2,9,16,0.5625
Phi-4,SVAMP,348,4,10,16,0.625
Phi-4,SVAMP,350,1,6,16,0.375
Phi-4,SVAMP,352,1,11,16,0.6875
Phi-4,SVAMP,353,2,9,16,0.5625
Phi-4,SVAMP,354,1,9,16,0.5625
Phi-4,SVAMP,355,1,4,16,0.25
Phi-4,SVAMP,356,2,7,16,0.4375
Phi-4,SVAMP,357,1,11,16,0.6875
Phi-4,SVAMP,359,2,12,16,0.75
Phi-4,SVAMP,360,3,12,16,0.75
Phi-4,SVAMP,361,1,5,16,0.3125
Phi-4,SVAMP,362,1,11,16,0.6875
Phi-4,SVAMP,363,2,12,16,0.75
Phi-4,SVAMP,364,4,10,16,0.625
Phi-4,SVAMP,365,1,9,16,0.5625
Phi-4,SVAMP,366,1,11,16,0.6875
Phi-4,SVAMP,368,1,9,16,0.5625
Phi-4,SVAMP,369,2,8,16,0.5
Phi-4,SVAMP,370,4,10,16,0.625
Phi-4,SVAMP,371,1,13,16,0.8125
Phi-4,SVAMP,372,1,11,16,0.6875
Phi-4,SVAMP,373,2,10,16,0.625
Phi-4,SVAMP,374,1,6,16,0.375
Phi-4,SVAMP,375,4,8,16,0.5
Phi-4,SVAMP,376,1,6,16,0.375
Phi-4,SVAMP,377,2,7,16,0.4375
Phi-4,SVAMP,378,1,11,16,0.6875
Phi-4,SVAMP,379,1,9,16,0.5625
Phi-4,SVAMP,380,2,10,16,0.625
Phi-4,SVAMP,382,2,8,16,0.5
Phi-4,SVAMP,383,3,9,16,0.5625
Phi-4,SVAMP,384,1,8,16,0.5
Phi-4,SVAMP,385,2,13,16,0.8125
Phi-4,SVAMP,387,1,9,16,0.5625
Phi-4,SVAMP,388,2,11,16,0.6875
Phi-4,SVAMP,389,3,13,16,0.8125
Phi-4,SVAMP,390,2,13,16,0.8125
Phi-4,SVAMP,391,1,6,16,0.375
Phi-4,SVAMP,392,1,13,16,0.8125
Phi-4,SVAMP,393,2,10,16,0.625
Phi-4,SVAMP,395,4,8,16,0.5
Phi-4,SVAMP,396,1,8,16,0.5
Phi-4,SVAMP,397,2,9,16,0.5625
Phi-4,SVAMP,398,2,10,16,0.625
Phi-4,SVAMP,399,2,1,16,0.0625
Phi-4,SVAMP,400,2,13,16,0.8125
Phi-4,SVAMP,401,1,7,16,0.4375
Phi-4,SVAMP,403,1,10,16,0.625
Phi-4,SVAMP,405,2,9,16,0.5625
Phi-4,SVAMP,406,4,9,16,0.5625
Phi-4,SVAMP,407,2,12,16,0.75
Phi-4,SVAMP,408,3,10,16,0.625
Phi-4,SVAMP,409,1,9,16,0.5625
Phi-4,SVAMP,410,2,7,16,0.4375
Phi-4,SVAMP,411,1,9,16,0.5625
Phi-4,SVAMP,413,5,6,16,0.375
Phi-4,SVAMP,414,1,6,16,0.375
Phi-4,SVAMP,415,2,15,16,0.9375
Phi-4,SVAMP,416,2,7,16,0.4375
Phi-4,SVAMP,417,1,12,16,0.75
Phi-4,SVAMP,418,2,10,16,0.625
Phi-4,SVAMP,419,3,10,16,0.625
Phi-4,SVAMP,420,1,3,16,0.1875
Phi-4,SVAMP,423,2,9,16,0.5625
Phi-4,SVAMP,424,1,8,16,0.5
Phi-4,SVAMP,427,1,9,16,0.5625
Phi-4,SVAMP,428,1,9,16,0.5625
Phi-4,SVAMP,430,1,11,16,0.6875
Phi-4,SVAMP,431,2,9,16,0.5625
Phi-4,SVAMP,433,2,10,16,0.625
Phi-4,SVAMP,434,3,11,16,0.6875
Phi-4,SVAMP,435,1,12,16,0.75
Phi-4,SVAMP,436,3,8,16,0.5
Phi-4,SVAMP,438,1,10,16,0.625
Phi-4,SVAMP,440,6,7,16,0.4375
Phi-4,SVAMP,443,1,12,16,0.75
Phi-4,SVAMP,444,4,6,16,0.375
Phi-4,SVAMP,447,1,7,16,0.4375
Phi-4,SVAMP,448,1,8,16,0.5
Phi-4,SVAMP,449,1,9,16,0.5625
Phi-4,SVAMP,451,3,8,16,0.5
Phi-4,SVAMP,452,3,1,16,0.0625
Phi-4,SVAMP,453,1,8,16,0.5
Phi-4,SVAMP,454,1,10,16,0.625
Phi-4,SVAMP,455,3,12,16,0.75
Phi-4,SVAMP,457,2,8,16,0.5
Phi-4,SVAMP,459,2,8,16,0.5
Phi-4,SVAMP,460,3,8,16,0.5
Phi-4,SVAMP,461,1,11,16,0.6875
Phi-4,SVAMP,462,1,6,16,0.375
Phi-4,SVAMP,463,2,8,16,0.5
Phi-4,SVAMP,464,2,6,16,0.375
Phi-4,SVAMP,465,2,8,16,0.5
Phi-4,SVAMP,467,4,9,16,0.5625
Phi-4,SVAMP,470,1,12,16,0.75
Phi-4,SVAMP,471,1,1,16,0.0625
Phi-4,SVAMP,472,1,8,16,0.5
Phi-4,SVAMP,474,2,9,16,0.5625
Phi-4,SVAMP,475,1,9,16,0.5625
Phi-4,SVAMP,476,2,12,16,0.75
Phi-4,SVAMP,477,1,9,16,0.5625
Phi-4,SVAMP,478,2,12,16,0.75
Phi-4,SVAMP,479,1,12,16,0.75
Phi-4,SVAMP,480,1,10,16,0.625
Phi-4,SVAMP,481,3,10,16,0.625
Phi-4,SVAMP,485,4,5,16,0.3125
Phi-4,SVAMP,486,1,10,16,0.625
Phi-4,SVAMP,487,1,13,16,0.8125
Phi-4,SVAMP,489,3,8,16,0.5
Phi-4,SVAMP,491,2,8,16,0.5
Phi-4,SVAMP,492,1,8,16,0.5
Phi-4,SVAMP,493,2,5,16,0.3125
Phi-4,SVAMP,494,2,13,16,0.8125
Phi-4,SVAMP,496,3,12,16,0.75
Phi-4,SVAMP,497,2,9,16,0.5625
Phi-4,SVAMP,498,1,10,16,0.625
Phi-4,SVAMP,499,1,11,16,0.6875
Phi-4,SVAMP,500,8,2,16,0.125
Phi-4,SVAMP,501,3,10,16,0.625
Phi-4,SVAMP,502,2,13,16,0.8125
Phi-4,SVAMP,503,2,10,16,0.625
Phi-4,SVAMP,504,1,6,16,0.375
Phi-4,SVAMP,505,1,11,16,0.6875
Phi-4,SVAMP,506,1,13,16,0.8125
Phi-4,SVAMP,507,1,7,16,0.4375
Phi-4,SVAMP,508,2,9,16,0.5625
Phi-4,SVAMP,509,1,9,16,0.5625
Phi-4,SVAMP,510,1,8,16,0.5
Phi-4,SVAMP,511,1,5,16,0.3125
Phi-4,SVAMP,512,4,10,16,0.625
Phi-4,SVAMP,513,3,11,16,0.6875
Phi-4,SVAMP,514,2,10,16,0.625
Phi-4,SVAMP,515,1,1,16,0.0625
Phi-4,SVAMP,517,1,5,16,0.3125
Phi-4,SVAMP,518,2,9,16,0.5625
Phi-4,SVAMP,519,1,9,16,0.5625
Phi-4,SVAMP,520,1,8,16,0.5
Phi-4,SVAMP,521,1,11,16,0.6875
Phi-4,SVAMP,523,1,12,16,0.75
Phi-4,SVAMP,524,2,10,16,0.625
Phi-4,SVAMP,525,1,9,16,0.5625
Phi-4,SVAMP,526,1,1,16,0.0625
Phi-4,SVAMP,527,2,9,16,0.5625
Phi-4,SVAMP,529,4,10,16,0.625
Phi-4,SVAMP,530,3,6,16,0.375
Phi-4,SVAMP,532,2,7,16,0.4375
Phi-4,SVAMP,533,5,9,16,0.5625
Phi-4,SVAMP,534,1,9,16,0.5625
Phi-4,SVAMP,535,1,9,16,0.5625
Phi-4,SVAMP,536,1,9,16,0.5625
Phi-4,SVAMP,537,3,11,16,0.6875
Phi-4,SVAMP,538,1,7,16,0.4375
Phi-4,SVAMP,539,1,13,16,0.8125
Phi-4,SVAMP,541,3,12,16,0.75
Phi-4,SVAMP,542,2,8,16,0.5
Phi-4,SVAMP,543,2,11,16,0.6875
Phi-4,SVAMP,544,5,10,16,0.625
Phi-4,SVAMP,546,1,0,16,0.0
Phi-4,SVAMP,547,1,12,16,0.75
Phi-4,SVAMP,548,2,13,16,0.8125
Phi-4,SVAMP,550,2,7,16,0.4375
Phi-4,SVAMP,552,1,7,16,0.4375
Phi-4,SVAMP,555,1,2,16,0.125
Phi-4,SVAMP,556,1,10,16,0.625
Phi-4,SVAMP,557,6,9,16,0.5625
Phi-4,SVAMP,558,1,14,16,0.875
Phi-4,SVAMP,559,3,6,16,0.375
Phi-4,SVAMP,560,2,11,16,0.6875
Phi-4,SVAMP,561,2,14,16,0.875
Phi-4,SVAMP,562,1,10,16,0.625
Phi-4,SVAMP,563,2,10,16,0.625
Phi-4,SVAMP,564,1,12,16,0.75
Phi-4,SVAMP,566,1,10,16,0.625
Phi-4,SVAMP,567,3,11,16,0.6875
Phi-4,SVAMP,568,2,7,16,0.4375
Phi-4,SVAMP,569,2,10,16,0.625
Phi-4,SVAMP,570,1,9,16,0.5625
Phi-4,SVAMP,571,1,14,16,0.875
Phi-4,SVAMP,572,2,11,16,0.6875
Phi-4,SVAMP,573,3,8,16,0.5
Phi-4,SVAMP,575,4,7,16,0.4375
Phi-4,SVAMP,576,2,5,16,0.3125
Phi-4,SVAMP,577,3,12,16,0.75
Phi-4,SVAMP,578,1,8,16,0.5
Phi-4,SVAMP,579,2,2,16,0.125
Phi-4,SVAMP,580,4,7,16,0.4375
Phi-4,SVAMP,581,1,10,16,0.625
Phi-4,SVAMP,582,1,8,16,0.5
Phi-4,SVAMP,584,1,10,16,0.625
Phi-4,SVAMP,585,2,10,16,0.625
Phi-4,SVAMP,586,1,11,16,0.6875
Phi-4,SVAMP,587,1,8,16,0.5
Phi-4,SVAMP,588,2,10,16,0.625
Phi-4,SVAMP,589,2,8,16,0.5
Phi-4,SVAMP,590,1,9,16,0.5625
Phi-4,SVAMP,591,1,14,16,0.875
Phi-4,SVAMP,592,1,8,16,0.5
Phi-4,SVAMP,595,2,1,16,0.0625
Phi-4,SVAMP,596,3,10,16,0.625
Phi-4,SVAMP,597,5,8,16,0.5
Phi-4,SVAMP,598,1,12,16,0.75
Phi-4,SVAMP,599,3,8,16,0.5
Phi-4,SVAMP,600,3,10,16,0.625
Phi-4,SVAMP,601,1,8,16,0.5
Phi-4,SVAMP,604,1,9,16,0.5625
Phi-4,SVAMP,605,1,9,16,0.5625
Phi-4,SVAMP,607,2,10,16,0.625
Phi-4,SVAMP,608,3,13,16,0.8125
Phi-4,SVAMP,609,4,10,16,0.625
Phi-4,SVAMP,610,2,10,16,0.625
Phi-4,SVAMP,611,1,12,16,0.75
Phi-4,SVAMP,613,1,11,16,0.6875
Phi-4,SVAMP,614,2,8,16,0.5
Phi-4,SVAMP,615,2,8,16,0.5
Phi-4,SVAMP,616,5,8,16,0.5
Phi-4,SVAMP,618,2,16,16,1.0
Phi-4,SVAMP,620,3,8,16,0.5
Phi-4,SVAMP,622,1,10,16,0.625
Phi-4,SVAMP,623,4,6,16,0.375
Phi-4,SVAMP,624,1,12,16,0.75
Phi-4,SVAMP,625,2,11,16,0.6875
Phi-4,SVAMP,626,5,8,16,0.5
Phi-4,SVAMP,629,2,10,16,0.625
Phi-4,SVAMP,630,1,10,16,0.625
Phi-4,SVAMP,631,2,11,16,0.6875
Phi-4,SVAMP,632,2,6,16,0.375
Phi-4,SVAMP,633,3,10,16,0.625
Phi-4,SVAMP,634,3,8,16,0.5
Phi-4,SVAMP,636,1,13,16,0.8125
Phi-4,SVAMP,638,1,15,16,0.9375
Phi-4,SVAMP,640,1,9,16,0.5625
Phi-4,SVAMP,642,2,13,16,0.8125
Phi-4,SVAMP,643,3,7,16,0.4375
Phi-4,SVAMP,644,1,11,16,0.6875
Phi-4,SVAMP,645,1,11,16,0.6875
Phi-4,SVAMP,647,7,7,16,0.4375
Phi-4,SVAMP,649,2,10,16,0.625
Phi-4,SVAMP,650,1,9,16,0.5625
Phi-4,SVAMP,651,2,11,16,0.6875
Phi-4,SVAMP,652,2,9,16,0.5625
Phi-4,SVAMP,653,4,10,16,0.625
Phi-4,SVAMP,655,1,13,16,0.8125
Phi-4,SVAMP,656,1,13,16,0.8125
Phi-4,SVAMP,657,2,9,16,0.5625
Phi-4,SVAMP,658,1,7,16,0.4375
Phi-4,SVAMP,659,1,9,16,0.5625
Phi-4,SVAMP,660,1,12,16,0.75
Phi-4,SVAMP,661,1,8,16,0.5
Phi-4,SVAMP,662,3,13,16,0.8125
Phi-4,SVAMP,663,1,2,16,0.125
Phi-4,SVAMP,664,1,10,16,0.625
Phi-4,SVAMP,665,2,11,16,0.6875
Phi-4,SVAMP,666,2,10,16,0.625
Phi-4,SVAMP,667,1,8,16,0.5
Phi-4,SVAMP,668,4,12,16,0.75
Phi-4,SVAMP,670,1,14,16,0.875
Phi-4,SVAMP,673,4,10,16,0.625
Phi-4,SVAMP,674,3,13,16,0.8125
Phi-4,SVAMP,675,1,13,16,0.8125
Phi-4,SVAMP,676,4,5,16,0.3125
Phi-4,SVAMP,677,3,8,16,0.5
Phi-4,SVAMP,678,4,12,16,0.75
Phi-4,SVAMP,679,2,0,16,0.0
Phi-4,SVAMP,680,1,7,16,0.4375
Phi-4,SVAMP,681,5,8,16,0.5
Phi-4,SVAMP,683,4,8,16,0.5
Phi-4,SVAMP,684,1,11,16,0.6875
Phi-4,SVAMP,685,2,12,16,0.75
Phi-4,SVAMP,687,1,12,16,0.75
Phi-4,SVAMP,688,3,9,16,0.5625
Phi-4,SVAMP,689,1,9,16,0.5625
Phi-4,SVAMP,690,5,11,16,0.6875
Phi-4,SVAMP,691,3,6,16,0.375
Phi-4,SVAMP,692,1,11,16,0.6875
Phi-4,SVAMP,693,1,11,16,0.6875
Phi-4,SVAMP,694,2,8,16,0.5
Phi-4,SVAMP,695,3,9,16,0.5625
Phi-4,SVAMP,698,2,10,16,0.625
Phi-4,SVAMP,700,2,12,16,0.75
Phi-4,SVAMP,701,1,10,16,0.625
Phi-4,SVAMP,702,1,6,16,0.375
Phi-4,SVAMP,703,1,9,16,0.5625
Phi-4,SVAMP,704,1,11,16,0.6875
Phi-4,SVAMP,705,2,11,16,0.6875
Phi-4,SVAMP,706,2,0,16,0.0
Phi-4,SVAMP,707,1,8,16,0.5
Phi-4,SVAMP,708,1,12,16,0.75
Phi-4,SVAMP,709,2,10,16,0.625
Phi-4,SVAMP,710,4,0,16,0.0
Phi-4,SVAMP,711,2,9,16,0.5625
Phi-4,SVAMP,713,1,13,16,0.8125
Phi-4,SVAMP,714,2,9,16,0.5625
Phi-4,SVAMP,715,1,10,16,0.625
Phi-4,SVAMP,716,4,5,16,0.3125
Phi-4,SVAMP,717,2,8,16,0.5
Phi-4,SVAMP,718,2,5,16,0.3125
Phi-4,SVAMP,721,3,7,16,0.4375
Phi-4,SVAMP,723,1,9,16,0.5625
Phi-4,SVAMP,724,2,11,16,0.6875
Phi-4,SVAMP,725,2,0,16,0.0
Phi-4,SVAMP,726,2,0,16,0.0
Phi-4,SVAMP,727,1,8,16,0.5
Phi-4,SVAMP,728,1,9,16,0.5625
Phi-4,SVAMP,730,3,11,16,0.6875
Phi-4,SVAMP,731,1,10,16,0.625
Phi-4,SVAMP,732,1,11,16,0.6875
Phi-4,SVAMP,735,2,8,16,0.5
Phi-4,SVAMP,736,1,8,16,0.5
Phi-4,SVAMP,737,2,1,16,0.0625
Phi-4,SVAMP,738,4,8,16,0.5
Phi-4,SVAMP,739,1,10,16,0.625
Phi-4,SVAMP,740,2,5,16,0.3125
Phi-4,SVAMP,741,2,4,16,0.25
Phi-4,SVAMP,742,2,9,16,0.5625
Phi-4,SVAMP,743,5,12,16,0.75
Phi-4,SVAMP,744,1,9,16,0.5625
Phi-4,SVAMP,745,1,13,16,0.8125
Phi-4,SVAMP,746,3,9,16,0.5625
Phi-4,SVAMP,748,2,10,16,0.625
Phi-4,SVAMP,749,3,9,16,0.5625
Phi-4,SVAMP,750,1,11,16,0.6875
Phi-4,SVAMP,751,2,9,16,0.5625
Phi-4,SVAMP,752,2,6,16,0.375
Phi-4,SVAMP,753,3,9,16,0.5625
Phi-4,SVAMP,754,3,9,16,0.5625
Phi-4,SVAMP,755,1,12,16,0.75
Phi-4,SVAMP,757,2,8,16,0.5
Phi-4,SVAMP,758,3,8,16,0.5
Phi-4,SVAMP,759,2,12,16,0.75
Phi-4,SVAMP,760,1,13,16,0.8125
Phi-4,SVAMP,761,1,8,16,0.5
Phi-4,SVAMP,762,1,0,16,0.0
Phi-4,SVAMP,763,1,10,16,0.625
Phi-4,SVAMP,764,2,11,16,0.6875
Phi-4,SVAMP,765,2,6,16,0.375
Phi-4,SVAMP,766,2,9,16,0.5625
Phi-4,SVAMP,767,2,0,16,0.0
Phi-4,SVAMP,768,3,10,16,0.625
Phi-4,SVAMP,769,2,9,16,0.5625
Phi-4,SVAMP,770,2,10,16,0.625
Phi-4,SVAMP,772,1,10,16,0.625
Phi-4,SVAMP,773,4,11,16,0.6875
Phi-4,SVAMP,775,2,8,16,0.5
Phi-4,SVAMP,776,4,8,16,0.5
Phi-4,SVAMP,777,2,11,16,0.6875
Phi-4,SVAMP,778,5,7,16,0.4375
Phi-4,SVAMP,779,1,11,16,0.6875
Phi-4,SVAMP,781,3,9,16,0.5625
Phi-4,SVAMP,783,1,7,16,0.4375
Phi-4,SVAMP,784,4,11,16,0.6875
Phi-4,SVAMP,785,1,13,16,0.8125
Phi-4,SVAMP,788,6,9,16,0.5625
Phi-4,SVAMP,789,3,11,16,0.6875
Phi-4,SVAMP,790,1,10,16,0.625
Phi-4,SVAMP,791,1,7,16,0.4375
Phi-4,SVAMP,792,2,10,16,0.625
Phi-4,SVAMP,793,1,10,16,0.625
Phi-4,SVAMP,795,4,8,16,0.5
Phi-4,SVAMP,796,1,11,16,0.6875
Phi-4,SVAMP,797,1,11,16,0.6875
Phi-4,SVAMP,799,4,2,16,0.125
Phi-4,SVAMP,800,4,8,16,0.5
Phi-4,SVAMP,801,2,6,16,0.375
Phi-4,SVAMP,802,3,4,16,0.25
Phi-4,SVAMP,803,1,9,16,0.5625
Phi-4,SVAMP,804,1,9,16,0.5625
Phi-4,SVAMP,805,3,8,16,0.5
Phi-4,SVAMP,806,5,7,16,0.4375
Phi-4,SVAMP,807,1,13,16,0.8125
Phi-4,SVAMP,809,1,10,16,0.625
Phi-4,SVAMP,810,4,11,16,0.6875
Phi-4,SVAMP,813,2,10,16,0.625
Phi-4,SVAMP,814,2,7,16,0.4375
Phi-4,SVAMP,815,1,8,16,0.5
Phi-4,SVAMP,816,1,7,16,0.4375
Phi-4,SVAMP,817,1,10,16,0.625
Phi-4,SVAMP,818,3,10,16,0.625
Phi-4,SVAMP,819,1,12,16,0.75
Phi-4,SVAMP,820,2,9,16,0.5625
Phi-4,SVAMP,821,1,10,16,0.625
Phi-4,SVAMP,822,2,7,16,0.4375
Phi-4,SVAMP,823,2,10,16,0.625
Phi-4,SVAMP,824,5,9,16,0.5625
Phi-4,SVAMP,825,4,7,16,0.4375
Phi-4,SVAMP,826,1,9,16,0.5625
Phi-4,SVAMP,827,1,9,16,0.5625
Phi-4,SVAMP,829,1,6,16,0.375
Phi-4,SVAMP,831,1,11,16,0.6875
Phi-4,SVAMP,833,1,9,16,0.5625
Phi-4,SVAMP,834,1,10,16,0.625
Phi-4,SVAMP,835,4,13,16,0.8125
Phi-4,SVAMP,837,2,10,16,0.625
Phi-4,SVAMP,838,2,9,16,0.5625
Phi-4,SVAMP,840,2,9,16,0.5625
Phi-4,SVAMP,841,1,11,16,0.6875
Phi-4,SVAMP,842,1,11,16,0.6875
Phi-4,SVAMP,843,2,7,16,0.4375
Phi-4,SVAMP,844,3,9,16,0.5625
Phi-4,SVAMP,845,4,8,16,0.5
Phi-4,SVAMP,846,2,5,16,0.3125
Phi-4,SVAMP,847,4,11,16,0.6875
Phi-4,SVAMP,848,1,0,16,0.0
Phi-4,SVAMP,849,1,11,16,0.6875
Phi-4,SVAMP,850,1,7,16,0.4375
Phi-4,SVAMP,851,2,12,16,0.75
Phi-4,SVAMP,852,1,11,16,0.6875
Phi-4,SVAMP,853,3,12,16,0.75
Phi-4,SVAMP,854,2,7,16,0.4375
Phi-4,SVAMP,855,1,10,16,0.625
Phi-4,SVAMP,856,3,7,16,0.4375
Phi-4,SVAMP,857,1,1,16,0.0625
Phi-4,SVAMP,858,2,10,16,0.625
Phi-4,SVAMP,859,1,10,16,0.625
Phi-4,SVAMP,860,3,7,16,0.4375
Phi-4,SVAMP,861,3,2,16,0.125
Phi-4,SVAMP,863,1,11,16,0.6875
Phi-4,SVAMP,864,1,9,16,0.5625
Phi-4,SVAMP,865,1,7,16,0.4375
Phi-4,SVAMP,866,1,10,16,0.625
Phi-4,SVAMP,867,3,9,16,0.5625
Phi-4,SVAMP,868,1,11,16,0.6875
Phi-4,SVAMP,869,1,9,16,0.5625
Phi-4,SVAMP,870,1,11,16,0.6875
Phi-4,SVAMP,871,4,12,16,0.75
Phi-4,SVAMP,872,2,12,16,0.75
Phi-4,SVAMP,873,1,8,16,0.5
Phi-4,SVAMP,874,2,12,16,0.75
Phi-4,SVAMP,875,3,11,16,0.6875
Phi-4,SVAMP,876,1,7,16,0.4375
Phi-4,SVAMP,877,1,7,16,0.4375
Phi-4,SVAMP,879,1,0,16,0.0
Phi-4,SVAMP,880,4,7,16,0.4375
Phi-4,SVAMP,881,2,8,16,0.5
Phi-4,SVAMP,882,2,12,16,0.75
Phi-4,SVAMP,884,5,7,16,0.4375
Phi-4,SVAMP,885,2,10,16,0.625
Phi-4,SVAMP,886,2,8,16,0.5
Phi-4,SVAMP,887,1,13,16,0.8125
Phi-4,SVAMP,888,4,8,16,0.5
Phi-4,SVAMP,889,2,12,16,0.75
Phi-4,SVAMP,890,2,13,16,0.8125
Phi-4,SVAMP,891,1,12,16,0.75
Phi-4,SVAMP,892,2,10,16,0.625
Phi-4,SVAMP,893,1,8,16,0.5
Phi-4,SVAMP,895,1,13,16,0.8125
Phi-4,SVAMP,897,5,10,16,0.625
Phi-4,SVAMP,898,1,10,16,0.625
Phi-4,SVAMP,899,2,7,16,0.4375
Phi-4,SVAMP,900,2,7,16,0.4375
Phi-4,SVAMP,901,1,8,16,0.5
Phi-4,SVAMP,902,3,7,16,0.4375
Phi-4,SVAMP,903,1,9,16,0.5625
Phi-4,SVAMP,904,2,9,16,0.5625
Phi-4,SVAMP,905,1,9,16,0.5625
Phi-4,SVAMP,906,2,13,16,0.8125
Phi-4,SVAMP,907,1,10,16,0.625
Phi-4,SVAMP,908,2,10,16,0.625
Phi-4,SVAMP,910,3,12,16,0.75
Phi-4,SVAMP,915,3,9,16,0.5625
Phi-4,SVAMP,916,3,9,16,0.5625
Phi-4,SVAMP,918,2,7,16,0.4375
Phi-4,SVAMP,919,3,8,16,0.5
Phi-4,SVAMP,920,2,12,16,0.75
Phi-4,SVAMP,921,3,10,16,0.625
Phi-4,SVAMP,922,4,15,16,0.9375
Phi-4,SVAMP,924,1,10,16,0.625
Phi-4,SVAMP,925,2,7,16,0.4375
Phi-4,SVAMP,926,1,9,16,0.5625
Phi-4,SVAMP,927,2,0,16,0.0
Phi-4,SVAMP,930,1,5,16,0.3125
Phi-4,SVAMP,932,2,0,16,0.0
Phi-4,SVAMP,933,4,8,16,0.5
Phi-4,SVAMP,934,1,10,16,0.625
Phi-4,SVAMP,935,2,13,16,0.8125
Phi-4,SVAMP,937,2,12,16,0.75
Phi-4,SVAMP,938,2,12,16,0.75
Phi-4,SVAMP,939,1,8,16,0.5
Phi-4,SVAMP,940,8,9,16,0.5625
Phi-4,SVAMP,941,1,7,16,0.4375
Phi-4,SVAMP,942,1,7,16,0.4375
Phi-4,SVAMP,943,3,8,16,0.5
Phi-4,SVAMP,944,2,11,16,0.6875
Phi-4,SVAMP,945,2,7,16,0.4375
Phi-4,SVAMP,946,3,10,16,0.625
Phi-4,SVAMP,947,2,11,16,0.6875
Phi-4,SVAMP,948,2,8,16,0.5
Phi-4,SVAMP,949,2,8,16,0.5
Phi-4,SVAMP,951,3,11,16,0.6875
Phi-4,SVAMP,952,6,11,16,0.6875
Phi-4,SVAMP,954,1,12,16,0.75
Phi-4,SVAMP,955,2,5,16,0.3125
Phi-4,SVAMP,957,7,11,16,0.6875
Phi-4,SVAMP,958,5,14,16,0.875
Phi-4,SVAMP,965,1,11,16,0.6875
Phi-4,SVAMP,966,4,12,16,0.75
Phi-4,SVAMP,971,2,5,16,0.3125
Phi-4,SVAMP,972,2,12,16,0.75
Phi-4,SVAMP,973,3,2,16,0.125
Phi-4,SVAMP,974,1,7,16,0.4375
Phi-4,SVAMP,975,2,3,16,0.1875
Phi-4,SVAMP,976,2,8,16,0.5
Phi-4,SVAMP,977,1,9,16,0.5625
Phi-4,SVAMP,978,3,8,16,0.5
Phi-4,SVAMP,979,2,11,16,0.6875
Phi-4,SVAMP,980,4,11,16,0.6875
Phi-4,SVAMP,981,1,8,16,0.5
Phi-4,SVAMP,983,1,10,16,0.625
Phi-4,SVAMP,985,1,8,16,0.5
Phi-4,SVAMP,986,1,9,16,0.5625
Phi-4,SVAMP,987,2,13,16,0.8125
Phi-4,SVAMP,988,2,8,16,0.5
Phi-4,SVAMP,990,3,7,16,0.4375
Phi-4,SVAMP,991,1,11,16,0.6875
Phi-4,SVAMP,992,1,12,16,0.75
Phi-4,SVAMP,993,2,7,16,0.4375
Phi-4,SVAMP,994,1,13,16,0.8125
Phi-4,SVAMP,996,1,9,16,0.5625
Phi-4,SVAMP,998,1,13,16,0.8125
Phi-4,SVAMP,999,3,8,16,0.5
Phi-4-Reas.,AQuA,0,4,16,16,1.0
Phi-4-Reas.,AQuA,1,2,14,16,0.875
Phi-4-Reas.,AQuA,2,1,13,16,0.8125
Phi-4-Reas.,AQuA,4,5,11,16,0.6875
Phi-4-Reas.,AQuA,5,1,7,16,0.4375
Phi-4-Reas.,AQuA,7,1,14,16,0.875
Phi-4-Reas.,AQuA,11,3,15,16,0.9375
Phi-4-Reas.,AQuA,12,2,8,16,0.5
Phi-4-Reas.,AQuA,13,3,11,16,0.6875
Phi-4-Reas.,AQuA,15,5,12,16,0.75
Phi-4-Reas.,AQuA,17,1,9,16,0.5625
Phi-4-Reas.,AQuA,18,2,7,16,0.4375
Phi-4-Reas.,AQuA,19,3,10,16,0.625
Phi-4-Reas.,AQuA,22,3,11,16,0.6875
Phi-4-Reas.,AQuA,23,2,14,16,0.875
Phi-4-Reas.,AQuA,24,1,9,16,0.5625
Phi-4-Reas.,AQuA,25,3,15,16,0.9375
Phi-4-Reas.,AQuA,26,2,8,16,0.5
Phi-4-Reas.,AQuA,27,4,16,16,1.0
Phi-4-Reas.,AQuA,28,3,8,16,0.5
Phi-4-Reas.,AQuA,29,2,10,16,0.625
Phi-4-Reas.,AQuA,30,3,12,16,0.75
Phi-4-Reas.,AQuA,33,4,9,16,0.5625
Phi-4-Reas.,AQuA,34,3,13,16,0.8125
Phi-4-Reas.,AQuA,36,2,14,16,0.875
Phi-4-Reas.,AQuA,37,2,12,16,0.75
Phi-4-Reas.,AQuA,38,4,16,16,1.0
Phi-4-Reas.,AQuA,39,1,12,16,0.75
Phi-4-Reas.,AQuA,40,1,13,16,0.8125
Phi-4-Reas.,AQuA,41,4,13,16,0.8125
Phi-4-Reas.,AQuA,43,3,14,16,0.875
Phi-4-Reas.,AQuA,45,5,13,16,0.8125
Phi-4-Reas.,AQuA,46,2,8,16,0.5
Phi-4-Reas.,AQuA,47,1,15,16,0.9375
Phi-4-Reas.,AQuA,48,1,6,16,0.375
Phi-4-Reas.,AQuA,52,2,4,16,0.25
Phi-4-Reas.,AQuA,53,2,12,16,0.75
Phi-4-Reas.,AQuA,54,4,11,16,0.6875
Phi-4-Reas.,AQuA,55,2,9,16,0.5625
Phi-4-Reas.,AQuA,57,2,11,16,0.6875
Phi-4-Reas.,AQuA,60,1,9,16,0.5625
Phi-4-Reas.,AQuA,62,2,13,16,0.8125
Phi-4-Reas.,AQuA,63,1,6,16,0.375
Phi-4-Reas.,AQuA,64,1,0,16,0.0
Phi-4-Reas.,AQuA,65,4,13,16,0.8125
Phi-4-Reas.,AQuA,66,3,8,16,0.5
Phi-4-Reas.,AQuA,71,2,14,16,0.875
Phi-4-Reas.,AQuA,72,2,14,16,0.875
Phi-4-Reas.,AQuA,73,5,10,16,0.625
Phi-4-Reas.,AQuA,75,1,6,16,0.375
Phi-4-Reas.,AQuA,76,3,11,16,0.6875
Phi-4-Reas.,AQuA,78,5,13,16,0.8125
Phi-4-Reas.,AQuA,79,1,10,16,0.625
Phi-4-Reas.,AQuA,80,10,12,16,0.75
Phi-4-Reas.,AQuA,81,2,15,16,0.9375
Phi-4-Reas.,AQuA,82,1,8,16,0.5
Phi-4-Reas.,AQuA,83,2,12,16,0.75
Phi-4-Reas.,AQuA,84,2,8,16,0.5
Phi-4-Reas.,AQuA,87,1,12,16,0.75
Phi-4-Reas.,AQuA,89,2,8,16,0.5
Phi-4-Reas.,AQuA,91,7,11,16,0.6875
Phi-4-Reas.,AQuA,94,1,13,16,0.8125
Phi-4-Reas.,AQuA,95,2,8,16,0.5
Phi-4-Reas.,AQuA,96,1,9,16,0.5625
Phi-4-Reas.,AQuA,97,4,10,16,0.625
Phi-4-Reas.,AQuA,98,2,12,16,0.75
Phi-4-Reas.,AQuA,100,2,13,16,0.8125
Phi-4-Reas.,AQuA,101,8,13,16,0.8125
Phi-4-Reas.,AQuA,105,11,14,16,0.875
Phi-4-Reas.,AQuA,109,1,14,16,0.875
Phi-4-Reas.,AQuA,110,3,9,16,0.5625
Phi-4-Reas.,AQuA,111,2,11,16,0.6875
Phi-4-Reas.,AQuA,113,2,7,16,0.4375
Phi-4-Reas.,AQuA,116,2,11,16,0.6875
Phi-4-Reas.,AQuA,118,2,15,16,0.9375
Phi-4-Reas.,AQuA,119,1,9,16,0.5625
Phi-4-Reas.,AQuA,120,2,4,16,0.25
Phi-4-Reas.,AQuA,123,3,14,16,0.875
Phi-4-Reas.,AQuA,124,1,0,16,0.0
Phi-4-Reas.,AQuA,126,3,4,16,0.25
Phi-4-Reas.,AQuA,127,1,9,16,0.5625
Phi-4-Reas.,AQuA,128,10,15,16,0.9375
Phi-4-Reas.,AQuA,129,1,11,16,0.6875
Phi-4-Reas.,AQuA,130,7,13,16,0.8125
Phi-4-Reas.,AQuA,131,2,6,16,0.375
Phi-4-Reas.,AQuA,132,1,4,16,0.25
Phi-4-Reas.,AQuA,133,1,12,16,0.75
Phi-4-Reas.,AQuA,134,3,10,16,0.625
Phi-4-Reas.,AQuA,137,4,11,16,0.6875
Phi-4-Reas.,AQuA,138,2,11,16,0.6875
Phi-4-Reas.,AQuA,141,3,14,16,0.875
Phi-4-Reas.,AQuA,142,1,12,16,0.75
Phi-4-Reas.,AQuA,143,3,15,16,0.9375
Phi-4-Reas.,AQuA,144,4,10,16,0.625
Phi-4-Reas.,AQuA,145,1,10,16,0.625
Phi-4-Reas.,AQuA,147,1,11,16,0.6875
Phi-4-Reas.,AQuA,148,5,13,16,0.8125
Phi-4-Reas.,AQuA,149,1,10,16,0.625
Phi-4-Reas.,AQuA,150,3,13,16,0.8125
Phi-4-Reas.,AQuA,155,1,7,16,0.4375
Phi-4-Reas.,AQuA,161,6,13,16,0.8125
Phi-4-Reas.,AQuA,166,4,11,16,0.6875
Phi-4-Reas.,AQuA,167,1,8,16,0.5
Phi-4-Reas.,AQuA,168,1,11,16,0.6875
Phi-4-Reas.,AQuA,170,3,14,16,0.875
Phi-4-Reas.,AQuA,171,1,14,16,0.875
Phi-4-Reas.,AQuA,173,3,12,16,0.75
Phi-4-Reas.,AQuA,174,5,15,16,0.9375
Phi-4-Reas.,AQuA,175,2,11,16,0.6875
Phi-4-Reas.,AQuA,177,4,12,16,0.75
Phi-4-Reas.,AQuA,179,3,12,16,0.75
Phi-4-Reas.,AQuA,180,2,14,16,0.875
Phi-4-Reas.,AQuA,183,2,10,16,0.625
Phi-4-Reas.,AQuA,185,4,11,16,0.6875
Phi-4-Reas.,AQuA,189,2,14,16,0.875
Phi-4-Reas.,AQuA,190,1,9,16,0.5625
Phi-4-Reas.,AQuA,191,1,14,16,0.875
Phi-4-Reas.,AQuA,192,4,12,16,0.75
Phi-4-Reas.,AQuA,194,7,15,16,0.9375
Phi-4-Reas.,AQuA,196,2,11,16,0.6875
Phi-4-Reas.,AQuA,197,1,7,16,0.4375
Phi-4-Reas.,AQuA,200,5,10,16,0.625
Phi-4-Reas.,AQuA,202,2,12,16,0.75
Phi-4-Reas.,AQuA,203,3,12,16,0.75
Phi-4-Reas.,AQuA,204,2,8,16,0.5
Phi-4-Reas.,AQuA,205,2,7,16,0.4375
Phi-4-Reas.,AQuA,206,1,10,16,0.625
Phi-4-Reas.,AQuA,208,1,11,16,0.6875
Phi-4-Reas.,AQuA,213,11,9,16,0.5625
Phi-4-Reas.,AQuA,214,4,10,16,0.625
Phi-4-Reas.,AQuA,215,3,14,16,0.875
Phi-4-Reas.,AQuA,218,1,14,16,0.875
Phi-4-Reas.,AQuA,219,1,14,16,0.875
Phi-4-Reas.,AQuA,220,4,4,16,0.25
Phi-4-Reas.,AQuA,221,1,12,16,0.75
Phi-4-Reas.,AQuA,222,2,6,16,0.375
Phi-4-Reas.,AQuA,223,2,12,16,0.75
Phi-4-Reas.,AQuA,224,1,13,16,0.8125
Phi-4-Reas.,AQuA,226,1,12,16,0.75
Phi-4-Reas.,AQuA,227,2,13,16,0.8125
Phi-4-Reas.,AQuA,228,1,0,16,0.0
Phi-4-Reas.,AQuA,229,4,11,16,0.6875
Phi-4-Reas.,AQuA,231,1,9,16,0.5625
Phi-4-Reas.,AQuA,233,1,13,16,0.8125
Phi-4-Reas.,AQuA,234,1,7,16,0.4375
Phi-4-Reas.,AQuA,235,1,13,16,0.8125
Phi-4-Reas.,AQuA,236,1,5,16,0.3125
Phi-4-Reas.,AQuA,239,7,7,16,0.4375
Phi-4-Reas.,AQuA,240,2,13,16,0.8125
Phi-4-Reas.,AQuA,242,4,15,16,0.9375
Phi-4-Reas.,AQuA,243,2,11,16,0.6875
Phi-4-Reas.,AQuA,245,3,0,16,0.0
Phi-4-Reas.,AQuA,249,2,14,16,0.875
Phi-4-Reas.,AQuA,251,1,11,16,0.6875
Phi-4-Reas.,AQuA,252,1,4,16,0.25
Phi-4-Reas.,CSQA,0,2,16,16,1.0
Phi-4-Reas.,CSQA,2,4,16,16,1.0
Phi-4-Reas.,CSQA,3,2,16,16,1.0
Phi-4-Reas.,CSQA,4,1,10,16,0.625
Phi-4-Reas.,CSQA,6,3,16,16,1.0
Phi-4-Reas.,CSQA,8,4,15,16,0.9375
Phi-4-Reas.,CSQA,9,4,0,16,0.0
Phi-4-Reas.,CSQA,10,1,2,16,0.125
Phi-4-Reas.,CSQA,11,3,16,16,1.0
Phi-4-Reas.,CSQA,12,1,15,16,0.9375
Phi-4-Reas.,CSQA,13,2,11,16,0.6875
Phi-4-Reas.,CSQA,14,2,15,16,0.9375
Phi-4-Reas.,CSQA,15,3,13,16,0.8125
Phi-4-Reas.,CSQA,18,3,12,16,0.75
Phi-4-Reas.,CSQA,20,1,9,16,0.5625
Phi-4-Reas.,CSQA,21,2,16,16,1.0
Phi-4-Reas.,CSQA,23,1,13,16,0.8125
Phi-4-Reas.,CSQA,24,2,13,16,0.8125
Phi-4-Reas.,CSQA,25,3,16,16,1.0
Phi-4-Reas.,CSQA,26,3,12,16,0.75
Phi-4-Reas.,CSQA,27,2,16,16,1.0
Phi-4-Reas.,CSQA,29,2,14,16,0.875
Phi-4-Reas.,CSQA,30,2,15,16,0.9375
Phi-4-Reas.,CSQA,31,1,8,16,0.5
Phi-4-Reas.,CSQA,32,1,16,16,1.0
Phi-4-Reas.,CSQA,33,3,13,16,0.8125
Phi-4-Reas.,CSQA,35,5,15,16,0.9375
Phi-4-Reas.,CSQA,36,3,14,16,0.875
Phi-4-Reas.,CSQA,37,3,13,16,0.8125
Phi-4-Reas.,CSQA,38,1,14,16,0.875
Phi-4-Reas.,CSQA,40,1,13,16,0.8125
Phi-4-Reas.,CSQA,41,4,14,16,0.875
Phi-4-Reas.,CSQA,42,2,14,16,0.875
Phi-4-Reas.,CSQA,43,2,16,16,1.0
Phi-4-Reas.,CSQA,44,2,15,16,0.9375
Phi-4-Reas.,CSQA,45,3,11,16,0.6875
Phi-4-Reas.,CSQA,47,3,16,16,1.0
Phi-4-Reas.,CSQA,48,2,2,16,0.125
Phi-4-Reas.,CSQA,49,2,13,16,0.8125
Phi-4-Reas.,CSQA,51,2,15,16,0.9375
Phi-4-Reas.,CSQA,52,3,16,16,1.0
Phi-4-Reas.,CSQA,53,4,15,16,0.9375
Phi-4-Reas.,CSQA,54,1,16,16,1.0
Phi-4-Reas.,CSQA,55,5,15,16,0.9375
Phi-4-Reas.,CSQA,57,1,13,16,0.8125
Phi-4-Reas.,CSQA,58,3,0,16,0.0
Phi-4-Reas.,CSQA,59,1,0,16,0.0
Phi-4-Reas.,CSQA,60,1,15,16,0.9375
Phi-4-Reas.,CSQA,62,1,15,16,0.9375
Phi-4-Reas.,CSQA,65,2,11,16,0.6875
Phi-4-Reas.,CSQA,66,2,14,16,0.875
Phi-4-Reas.,CSQA,67,2,0,16,0.0
Phi-4-Reas.,CSQA,68,1,11,16,0.6875
Phi-4-Reas.,CSQA,69,3,14,16,0.875
Phi-4-Reas.,CSQA,70,3,15,16,0.9375
Phi-4-Reas.,CSQA,71,1,12,16,0.75
Phi-4-Reas.,CSQA,72,1,15,16,0.9375
Phi-4-Reas.,CSQA,73,1,4,16,0.25
Phi-4-Reas.,CSQA,75,2,13,16,0.8125
Phi-4-Reas.,CSQA,76,1,10,16,0.625
Phi-4-Reas.,CSQA,77,1,15,16,0.9375
Phi-4-Reas.,CSQA,80,4,16,16,1.0
Phi-4-Reas.,CSQA,82,2,16,16,1.0
Phi-4-Reas.,CSQA,83,1,16,16,1.0
Phi-4-Reas.,CSQA,84,1,11,16,0.6875
Phi-4-Reas.,CSQA,85,1,16,16,1.0
Phi-4-Reas.,CSQA,86,2,12,16,0.75
Phi-4-Reas.,CSQA,90,1,16,16,1.0
Phi-4-Reas.,CSQA,91,1,13,16,0.8125
Phi-4-Reas.,CSQA,92,1,15,16,0.9375
Phi-4-Reas.,CSQA,93,1,5,16,0.3125
Phi-4-Reas.,CSQA,94,1,16,16,1.0
Phi-4-Reas.,CSQA,95,1,0,16,0.0
Phi-4-Reas.,CSQA,97,4,15,16,0.9375
Phi-4-Reas.,CSQA,98,1,12,16,0.75
Phi-4-Reas.,CSQA,99,2,14,16,0.875
Phi-4-Reas.,CSQA,100,3,3,16,0.1875
Phi-4-Reas.,CSQA,101,4,15,16,0.9375
Phi-4-Reas.,CSQA,102,1,16,16,1.0
Phi-4-Reas.,CSQA,103,2,15,16,0.9375
Phi-4-Reas.,CSQA,105,1,12,16,0.75
Phi-4-Reas.,CSQA,106,2,15,16,0.9375
Phi-4-Reas.,CSQA,107,2,8,16,0.5
Phi-4-Reas.,CSQA,108,2,4,16,0.25
Phi-4-Reas.,CSQA,109,2,13,16,0.8125
Phi-4-Reas.,CSQA,110,1,14,16,0.875
Phi-4-Reas.,CSQA,113,5,14,16,0.875
Phi-4-Reas.,CSQA,115,1,11,16,0.6875
Phi-4-Reas.,CSQA,116,1,14,16,0.875
Phi-4-Reas.,CSQA,117,1,0,16,0.0
Phi-4-Reas.,CSQA,118,4,13,16,0.8125
Phi-4-Reas.,CSQA,119,1,12,16,0.75
Phi-4-Reas.,CSQA,120,2,12,16,0.75
Phi-4-Reas.,CSQA,121,3,14,16,0.875
Phi-4-Reas.,CSQA,122,3,16,16,1.0
Phi-4-Reas.,CSQA,124,1,14,16,0.875
Phi-4-Reas.,CSQA,125,2,11,16,0.6875
Phi-4-Reas.,CSQA,126,1,14,16,0.875
Phi-4-Reas.,CSQA,127,3,15,16,0.9375
Phi-4-Reas.,CSQA,128,2,16,16,1.0
Phi-4-Reas.,CSQA,129,3,15,16,0.9375
Phi-4-Reas.,CSQA,130,3,14,16,0.875
Phi-4-Reas.,CSQA,131,5,13,16,0.8125
Phi-4-Reas.,CSQA,132,3,15,16,0.9375
Phi-4-Reas.,CSQA,133,3,16,16,1.0
Phi-4-Reas.,CSQA,134,2,15,16,0.9375
Phi-4-Reas.,CSQA,135,5,14,16,0.875
Phi-4-Reas.,CSQA,136,3,15,16,0.9375
Phi-4-Reas.,CSQA,137,2,13,16,0.8125
Phi-4-Reas.,CSQA,140,1,14,16,0.875
Phi-4-Reas.,CSQA,141,3,14,16,0.875
Phi-4-Reas.,CSQA,142,2,10,16,0.625
Phi-4-Reas.,CSQA,143,1,7,16,0.4375
Phi-4-Reas.,CSQA,144,4,0,16,0.0
Phi-4-Reas.,CSQA,145,1,15,16,0.9375
Phi-4-Reas.,CSQA,146,2,15,16,0.9375
Phi-4-Reas.,CSQA,147,1,11,16,0.6875
Phi-4-Reas.,CSQA,148,5,13,16,0.8125
Phi-4-Reas.,CSQA,149,3,14,16,0.875
Phi-4-Reas.,CSQA,150,3,16,16,1.0
Phi-4-Reas.,CSQA,151,2,15,16,0.9375
Phi-4-Reas.,CSQA,152,1,15,16,0.9375
Phi-4-Reas.,CSQA,153,1,15,16,0.9375
Phi-4-Reas.,CSQA,154,1,15,16,0.9375
Phi-4-Reas.,CSQA,155,2,14,16,0.875
Phi-4-Reas.,CSQA,159,1,13,16,0.8125
Phi-4-Reas.,CSQA,162,1,14,16,0.875
Phi-4-Reas.,CSQA,163,2,13,16,0.8125
Phi-4-Reas.,CSQA,164,1,15,16,0.9375
Phi-4-Reas.,CSQA,165,1,12,16,0.75
Phi-4-Reas.,CSQA,166,2,15,16,0.9375
Phi-4-Reas.,CSQA,167,3,14,16,0.875
Phi-4-Reas.,CSQA,168,3,16,16,1.0
Phi-4-Reas.,CSQA,169,3,15,16,0.9375
Phi-4-Reas.,CSQA,170,1,14,16,0.875
Phi-4-Reas.,CSQA,171,2,14,16,0.875
Phi-4-Reas.,CSQA,173,2,14,16,0.875
Phi-4-Reas.,CSQA,175,2,15,16,0.9375
Phi-4-Reas.,CSQA,178,2,12,16,0.75
Phi-4-Reas.,CSQA,181,3,13,16,0.8125
Phi-4-Reas.,CSQA,184,2,15,16,0.9375
Phi-4-Reas.,CSQA,185,3,1,16,0.0625
Phi-4-Reas.,CSQA,186,1,11,16,0.6875
Phi-4-Reas.,CSQA,188,3,13,16,0.8125
Phi-4-Reas.,CSQA,189,2,14,16,0.875
Phi-4-Reas.,CSQA,190,2,15,16,0.9375
Phi-4-Reas.,CSQA,191,1,0,16,0.0
Phi-4-Reas.,CSQA,192,3,10,16,0.625
Phi-4-Reas.,CSQA,193,1,9,16,0.5625
Phi-4-Reas.,CSQA,194,3,15,16,0.9375
Phi-4-Reas.,CSQA,195,5,15,16,0.9375
Phi-4-Reas.,CSQA,196,1,16,16,1.0
Phi-4-Reas.,CSQA,197,1,8,16,0.5
Phi-4-Reas.,CSQA,198,2,14,16,0.875
Phi-4-Reas.,CSQA,199,1,12,16,0.75
Phi-4-Reas.,CSQA,200,5,13,16,0.8125
Phi-4-Reas.,CSQA,201,2,14,16,0.875
Phi-4-Reas.,CSQA,202,1,1,16,0.0625
Phi-4-Reas.,CSQA,203,2,14,16,0.875
Phi-4-Reas.,CSQA,204,3,16,16,1.0
Phi-4-Reas.,CSQA,208,2,15,16,0.9375
Phi-4-Reas.,CSQA,210,1,14,16,0.875
Phi-4-Reas.,CSQA,212,1,13,16,0.8125
Phi-4-Reas.,CSQA,213,1,9,16,0.5625
Phi-4-Reas.,CSQA,214,1,15,16,0.9375
Phi-4-Reas.,CSQA,215,3,15,16,0.9375
Phi-4-Reas.,CSQA,217,1,15,16,0.9375
Phi-4-Reas.,CSQA,219,1,9,16,0.5625
Phi-4-Reas.,CSQA,220,1,6,16,0.375
Phi-4-Reas.,CSQA,221,2,4,16,0.25
Phi-4-Reas.,CSQA,223,3,15,16,0.9375
Phi-4-Reas.,CSQA,224,2,15,16,0.9375
Phi-4-Reas.,CSQA,225,2,16,16,1.0
Phi-4-Reas.,CSQA,228,2,15,16,0.9375
Phi-4-Reas.,CSQA,230,2,15,16,0.9375
Phi-4-Reas.,CSQA,231,1,16,16,1.0
Phi-4-Reas.,CSQA,232,1,0,16,0.0
Phi-4-Reas.,CSQA,233,1,15,16,0.9375
Phi-4-Reas.,CSQA,234,4,16,16,1.0
Phi-4-Reas.,CSQA,235,2,16,16,1.0
Phi-4-Reas.,CSQA,236,1,13,16,0.8125
Phi-4-Reas.,CSQA,238,1,3,16,0.1875
Phi-4-Reas.,CSQA,239,3,16,16,1.0
Phi-4-Reas.,CSQA,240,2,16,16,1.0
Phi-4-Reas.,CSQA,241,3,14,16,0.875
Phi-4-Reas.,CSQA,242,3,13,16,0.8125
Phi-4-Reas.,CSQA,243,3,13,16,0.8125
Phi-4-Reas.,CSQA,244,4,14,16,0.875
Phi-4-Reas.,CSQA,246,2,14,16,0.875
Phi-4-Reas.,CSQA,247,1,12,16,0.75
Phi-4-Reas.,CSQA,248,1,0,16,0.0
Phi-4-Reas.,CSQA,249,1,16,16,1.0
Phi-4-Reas.,CSQA,251,1,7,16,0.4375
Phi-4-Reas.,CSQA,252,2,14,16,0.875
Phi-4-Reas.,CSQA,253,1,16,16,1.0
Phi-4-Reas.,CSQA,254,3,13,16,0.8125
Phi-4-Reas.,CSQA,255,2,15,16,0.9375
Phi-4-Reas.,CSQA,256,1,6,16,0.375
Phi-4-Reas.,CSQA,257,1,13,16,0.8125
Phi-4-Reas.,CSQA,258,1,13,16,0.8125
Phi-4-Reas.,CSQA,261,1,15,16,0.9375
Phi-4-Reas.,CSQA,262,2,14,16,0.875
Phi-4-Reas.,CSQA,263,1,15,16,0.9375
Phi-4-Reas.,CSQA,264,1,13,16,0.8125
Phi-4-Reas.,CSQA,265,1,14,16,0.875
Phi-4-Reas.,CSQA,268,2,15,16,0.9375
Phi-4-Reas.,CSQA,269,5,14,16,0.875
Phi-4-Reas.,CSQA,271,4,13,16,0.8125
Phi-4-Reas.,CSQA,272,1,16,16,1.0
Phi-4-Reas.,CSQA,273,1,3,16,0.1875
Phi-4-Reas.,CSQA,274,1,15,16,0.9375
Phi-4-Reas.,CSQA,275,4,15,16,0.9375
Phi-4-Reas.,CSQA,276,1,15,16,0.9375
Phi-4-Reas.,CSQA,277,2,14,16,0.875
Phi-4-Reas.,CSQA,278,2,13,16,0.8125
Phi-4-Reas.,CSQA,280,4,14,16,0.875
Phi-4-Reas.,CSQA,283,3,15,16,0.9375
Phi-4-Reas.,CSQA,284,1,14,16,0.875
Phi-4-Reas.,CSQA,285,2,15,16,0.9375
Phi-4-Reas.,CSQA,286,1,15,16,0.9375
Phi-4-Reas.,CSQA,287,2,0,16,0.0
Phi-4-Reas.,CSQA,288,5,16,16,1.0
Phi-4-Reas.,CSQA,289,6,13,16,0.8125
Phi-4-Reas.,CSQA,291,3,2,16,0.125
Phi-4-Reas.,CSQA,292,1,14,16,0.875
Phi-4-Reas.,CSQA,293,2,13,16,0.8125
Phi-4-Reas.,CSQA,294,2,10,16,0.625
Phi-4-Reas.,CSQA,295,3,15,16,0.9375
Phi-4-Reas.,CSQA,296,3,13,16,0.8125
Phi-4-Reas.,CSQA,297,1,15,16,0.9375
Phi-4-Reas.,CSQA,298,1,14,16,0.875
Phi-4-Reas.,CSQA,300,2,15,16,0.9375
Phi-4-Reas.,CSQA,301,1,15,16,0.9375
Phi-4-Reas.,CSQA,303,1,14,16,0.875
Phi-4-Reas.,CSQA,304,2,9,16,0.5625
Phi-4-Reas.,CSQA,305,2,3,16,0.1875
Phi-4-Reas.,CSQA,307,1,15,16,0.9375
Phi-4-Reas.,CSQA,309,6,14,16,0.875
Phi-4-Reas.,CSQA,310,1,10,16,0.625
Phi-4-Reas.,CSQA,311,1,16,16,1.0
Phi-4-Reas.,CSQA,314,2,16,16,1.0
Phi-4-Reas.,CSQA,315,1,15,16,0.9375
Phi-4-Reas.,CSQA,316,2,0,16,0.0
Phi-4-Reas.,CSQA,317,2,13,16,0.8125
Phi-4-Reas.,CSQA,318,2,9,16,0.5625
Phi-4-Reas.,CSQA,319,1,15,16,0.9375
Phi-4-Reas.,CSQA,320,2,11,16,0.6875
Phi-4-Reas.,CSQA,322,1,15,16,0.9375
Phi-4-Reas.,CSQA,323,3,0,16,0.0
Phi-4-Reas.,CSQA,324,3,14,16,0.875
Phi-4-Reas.,CSQA,326,1,14,16,0.875
Phi-4-Reas.,CSQA,327,3,12,16,0.75
Phi-4-Reas.,CSQA,328,1,15,16,0.9375
Phi-4-Reas.,CSQA,329,2,15,16,0.9375
Phi-4-Reas.,CSQA,330,1,15,16,0.9375
Phi-4-Reas.,CSQA,331,2,15,16,0.9375
Phi-4-Reas.,CSQA,332,4,16,16,1.0
Phi-4-Reas.,CSQA,333,1,11,16,0.6875
Phi-4-Reas.,CSQA,334,2,15,16,0.9375
Phi-4-Reas.,CSQA,335,2,16,16,1.0
Phi-4-Reas.,CSQA,338,1,14,16,0.875
Phi-4-Reas.,CSQA,340,5,14,16,0.875
Phi-4-Reas.,CSQA,341,4,12,16,0.75
Phi-4-Reas.,CSQA,343,1,0,16,0.0
Phi-4-Reas.,CSQA,344,2,13,16,0.8125
Phi-4-Reas.,CSQA,345,1,4,16,0.25
Phi-4-Reas.,CSQA,346,3,11,16,0.6875
Phi-4-Reas.,CSQA,347,4,14,16,0.875
Phi-4-Reas.,CSQA,348,2,11,16,0.6875
Phi-4-Reas.,CSQA,349,1,14,16,0.875
Phi-4-Reas.,CSQA,350,1,15,16,0.9375
Phi-4-Reas.,CSQA,351,2,15,16,0.9375
Phi-4-Reas.,CSQA,352,1,14,16,0.875
Phi-4-Reas.,CSQA,354,2,16,16,1.0
Phi-4-Reas.,CSQA,356,1,1,16,0.0625
Phi-4-Reas.,CSQA,359,5,14,16,0.875
Phi-4-Reas.,CSQA,360,1,13,16,0.8125
Phi-4-Reas.,CSQA,361,4,14,16,0.875
Phi-4-Reas.,CSQA,362,4,12,16,0.75
Phi-4-Reas.,CSQA,363,3,13,16,0.8125
Phi-4-Reas.,CSQA,366,1,15,16,0.9375
Phi-4-Reas.,CSQA,368,1,13,16,0.8125
Phi-4-Reas.,CSQA,369,1,16,16,1.0
Phi-4-Reas.,CSQA,371,1,2,16,0.125
Phi-4-Reas.,CSQA,373,3,15,16,0.9375
Phi-4-Reas.,CSQA,374,4,10,16,0.625
Phi-4-Reas.,CSQA,376,1,14,16,0.875
Phi-4-Reas.,CSQA,378,1,11,16,0.6875
Phi-4-Reas.,CSQA,379,2,13,16,0.8125
Phi-4-Reas.,CSQA,380,2,16,16,1.0
Phi-4-Reas.,CSQA,383,1,11,16,0.6875
Phi-4-Reas.,CSQA,384,2,16,16,1.0
Phi-4-Reas.,CSQA,385,1,4,16,0.25
Phi-4-Reas.,CSQA,389,1,16,16,1.0
Phi-4-Reas.,CSQA,390,2,0,16,0.0
Phi-4-Reas.,CSQA,391,2,0,16,0.0
Phi-4-Reas.,CSQA,393,3,16,16,1.0
Phi-4-Reas.,CSQA,394,2,10,16,0.625
Phi-4-Reas.,CSQA,395,3,16,16,1.0
Phi-4-Reas.,CSQA,399,3,12,16,0.75
Phi-4-Reas.,CSQA,400,2,15,16,0.9375
Phi-4-Reas.,CSQA,402,5,15,16,0.9375
Phi-4-Reas.,CSQA,403,3,14,16,0.875
Phi-4-Reas.,CSQA,407,2,11,16,0.6875
Phi-4-Reas.,CSQA,408,1,1,16,0.0625
Phi-4-Reas.,CSQA,410,2,5,16,0.3125
Phi-4-Reas.,CSQA,412,4,0,16,0.0
Phi-4-Reas.,CSQA,413,1,1,16,0.0625
Phi-4-Reas.,CSQA,414,3,15,16,0.9375
Phi-4-Reas.,CSQA,415,2,12,16,0.75
Phi-4-Reas.,CSQA,416,1,16,16,1.0
Phi-4-Reas.,CSQA,418,3,10,16,0.625
Phi-4-Reas.,CSQA,420,2,14,16,0.875
Phi-4-Reas.,CSQA,421,4,15,16,0.9375
Phi-4-Reas.,CSQA,422,5,7,16,0.4375
Phi-4-Reas.,CSQA,423,3,15,16,0.9375
Phi-4-Reas.,CSQA,424,2,15,16,0.9375
Phi-4-Reas.,CSQA,426,6,13,16,0.8125
Phi-4-Reas.,CSQA,427,2,16,16,1.0
Phi-4-Reas.,CSQA,428,1,7,16,0.4375
Phi-4-Reas.,CSQA,429,5,12,16,0.75
Phi-4-Reas.,CSQA,430,3,14,16,0.875
Phi-4-Reas.,CSQA,431,2,4,16,0.25
Phi-4-Reas.,CSQA,432,2,15,16,0.9375
Phi-4-Reas.,CSQA,433,3,14,16,0.875
Phi-4-Reas.,CSQA,434,2,15,16,0.9375
Phi-4-Reas.,CSQA,436,2,0,16,0.0
Phi-4-Reas.,CSQA,438,2,12,16,0.75
Phi-4-Reas.,CSQA,439,2,14,16,0.875
Phi-4-Reas.,CSQA,440,4,15,16,0.9375
Phi-4-Reas.,CSQA,441,1,14,16,0.875
Phi-4-Reas.,CSQA,442,4,13,16,0.8125
Phi-4-Reas.,CSQA,443,1,13,16,0.8125
Phi-4-Reas.,CSQA,444,2,15,16,0.9375
Phi-4-Reas.,CSQA,445,1,14,16,0.875
Phi-4-Reas.,CSQA,447,1,16,16,1.0
Phi-4-Reas.,CSQA,448,2,0,16,0.0
Phi-4-Reas.,CSQA,449,1,15,16,0.9375
Phi-4-Reas.,CSQA,450,1,0,16,0.0
Phi-4-Reas.,CSQA,452,2,15,16,0.9375
Phi-4-Reas.,CSQA,453,1,15,16,0.9375
Phi-4-Reas.,CSQA,455,2,12,16,0.75
Phi-4-Reas.,CSQA,456,1,5,16,0.3125
Phi-4-Reas.,CSQA,457,1,16,16,1.0
Phi-4-Reas.,CSQA,458,3,16,16,1.0
Phi-4-Reas.,CSQA,459,2,13,16,0.8125
Phi-4-Reas.,CSQA,460,4,14,16,0.875
Phi-4-Reas.,CSQA,461,5,16,16,1.0
Phi-4-Reas.,CSQA,462,1,11,16,0.6875
Phi-4-Reas.,CSQA,463,2,15,16,0.9375
Phi-4-Reas.,CSQA,466,3,12,16,0.75
Phi-4-Reas.,CSQA,467,2,14,16,0.875
Phi-4-Reas.,CSQA,468,2,6,16,0.375
Phi-4-Reas.,CSQA,469,2,16,16,1.0
Phi-4-Reas.,CSQA,470,1,4,16,0.25
Phi-4-Reas.,CSQA,471,1,14,16,0.875
Phi-4-Reas.,CSQA,472,4,16,16,1.0
Phi-4-Reas.,CSQA,473,2,7,16,0.4375
Phi-4-Reas.,CSQA,474,2,15,16,0.9375
Phi-4-Reas.,CSQA,475,5,15,16,0.9375
Phi-4-Reas.,CSQA,476,1,13,16,0.8125
Phi-4-Reas.,CSQA,477,2,15,16,0.9375
Phi-4-Reas.,CSQA,478,5,13,16,0.8125
Phi-4-Reas.,CSQA,479,2,16,16,1.0
Phi-4-Reas.,CSQA,481,2,14,16,0.875
Phi-4-Reas.,CSQA,482,3,2,16,0.125
Phi-4-Reas.,CSQA,483,1,14,16,0.875
Phi-4-Reas.,CSQA,484,1,13,16,0.8125
Phi-4-Reas.,CSQA,485,2,13,16,0.8125
Phi-4-Reas.,CSQA,486,1,14,16,0.875
Phi-4-Reas.,CSQA,487,4,14,16,0.875
Phi-4-Reas.,CSQA,488,3,15,16,0.9375
Phi-4-Reas.,CSQA,489,2,0,16,0.0
Phi-4-Reas.,CSQA,490,2,15,16,0.9375
Phi-4-Reas.,CSQA,491,2,15,16,0.9375
Phi-4-Reas.,CSQA,492,1,14,16,0.875
Phi-4-Reas.,CSQA,494,1,13,16,0.8125
Phi-4-Reas.,CSQA,495,1,16,16,1.0
Phi-4-Reas.,CSQA,496,1,14,16,0.875
Phi-4-Reas.,CSQA,497,1,6,16,0.375
Phi-4-Reas.,CSQA,498,2,0,16,0.0
Phi-4-Reas.,CSQA,499,3,16,16,1.0
Phi-4-Reas.,CSQA,500,5,16,16,1.0
Phi-4-Reas.,CSQA,501,1,0,16,0.0
Phi-4-Reas.,CSQA,502,1,16,16,1.0
Phi-4-Reas.,CSQA,503,1,10,16,0.625
Phi-4-Reas.,CSQA,504,2,0,16,0.0
Phi-4-Reas.,CSQA,505,3,7,16,0.4375
Phi-4-Reas.,CSQA,506,4,14,16,0.875
Phi-4-Reas.,CSQA,508,2,14,16,0.875
Phi-4-Reas.,CSQA,509,2,16,16,1.0
Phi-4-Reas.,CSQA,511,1,0,16,0.0
Phi-4-Reas.,CSQA,512,2,13,16,0.8125
Phi-4-Reas.,CSQA,514,3,15,16,0.9375
Phi-4-Reas.,CSQA,515,1,16,16,1.0
Phi-4-Reas.,CSQA,516,1,14,16,0.875
Phi-4-Reas.,CSQA,518,1,13,16,0.8125
Phi-4-Reas.,CSQA,519,5,10,16,0.625
Phi-4-Reas.,CSQA,521,2,13,16,0.8125
Phi-4-Reas.,CSQA,522,1,15,16,0.9375
Phi-4-Reas.,CSQA,523,2,8,16,0.5
Phi-4-Reas.,CSQA,524,5,14,16,0.875
Phi-4-Reas.,CSQA,525,4,15,16,0.9375
Phi-4-Reas.,CSQA,526,3,15,16,0.9375
Phi-4-Reas.,CSQA,527,2,15,16,0.9375
Phi-4-Reas.,CSQA,528,1,9,16,0.5625
Phi-4-Reas.,CSQA,529,1,11,16,0.6875
Phi-4-Reas.,CSQA,531,2,15,16,0.9375
Phi-4-Reas.,CSQA,532,2,16,16,1.0
Phi-4-Reas.,CSQA,533,1,14,16,0.875
Phi-4-Reas.,CSQA,534,2,16,16,1.0
Phi-4-Reas.,CSQA,535,2,15,16,0.9375
Phi-4-Reas.,CSQA,537,3,16,16,1.0
Phi-4-Reas.,CSQA,538,3,15,16,0.9375
Phi-4-Reas.,CSQA,539,5,16,16,1.0
Phi-4-Reas.,CSQA,540,1,13,16,0.8125
Phi-4-Reas.,CSQA,541,2,14,16,0.875
Phi-4-Reas.,CSQA,542,1,6,16,0.375
Phi-4-Reas.,CSQA,543,3,11,16,0.6875
Phi-4-Reas.,CSQA,545,4,15,16,0.9375
Phi-4-Reas.,CSQA,546,3,15,16,0.9375
Phi-4-Reas.,CSQA,547,1,8,16,0.5
Phi-4-Reas.,CSQA,548,2,15,16,0.9375
Phi-4-Reas.,CSQA,549,2,13,16,0.8125
Phi-4-Reas.,CSQA,550,3,14,16,0.875
Phi-4-Reas.,CSQA,551,2,14,16,0.875
Phi-4-Reas.,CSQA,552,2,5,16,0.3125
Phi-4-Reas.,CSQA,553,1,14,16,0.875
Phi-4-Reas.,CSQA,554,2,14,16,0.875
Phi-4-Reas.,CSQA,555,2,16,16,1.0
Phi-4-Reas.,CSQA,556,1,11,16,0.6875
Phi-4-Reas.,CSQA,558,3,13,16,0.8125
Phi-4-Reas.,CSQA,559,3,10,16,0.625
Phi-4-Reas.,CSQA,560,2,2,16,0.125
Phi-4-Reas.,CSQA,561,3,15,16,0.9375
Phi-4-Reas.,CSQA,562,1,14,16,0.875
Phi-4-Reas.,CSQA,563,2,16,16,1.0
Phi-4-Reas.,CSQA,564,1,13,16,0.8125
Phi-4-Reas.,CSQA,565,3,13,16,0.8125
Phi-4-Reas.,CSQA,567,2,4,16,0.25
Phi-4-Reas.,CSQA,568,3,14,16,0.875
Phi-4-Reas.,CSQA,570,2,15,16,0.9375
Phi-4-Reas.,CSQA,571,1,14,16,0.875
Phi-4-Reas.,CSQA,572,2,15,16,0.9375
Phi-4-Reas.,CSQA,573,5,15,16,0.9375
Phi-4-Reas.,CSQA,574,1,0,16,0.0
Phi-4-Reas.,CSQA,575,2,5,16,0.3125
Phi-4-Reas.,CSQA,577,1,13,16,0.8125
Phi-4-Reas.,CSQA,578,2,14,16,0.875
Phi-4-Reas.,CSQA,580,2,7,16,0.4375
Phi-4-Reas.,CSQA,581,2,1,16,0.0625
Phi-4-Reas.,CSQA,583,2,14,16,0.875
Phi-4-Reas.,CSQA,584,4,14,16,0.875
Phi-4-Reas.,CSQA,586,1,16,16,1.0
Phi-4-Reas.,CSQA,587,2,16,16,1.0
Phi-4-Reas.,CSQA,588,1,13,16,0.8125
Phi-4-Reas.,CSQA,589,2,12,16,0.75
Phi-4-Reas.,CSQA,590,3,14,16,0.875
Phi-4-Reas.,CSQA,591,1,0,16,0.0
Phi-4-Reas.,CSQA,592,2,13,16,0.8125
Phi-4-Reas.,CSQA,593,3,15,16,0.9375
Phi-4-Reas.,CSQA,594,1,15,16,0.9375
Phi-4-Reas.,CSQA,595,3,16,16,1.0
Phi-4-Reas.,CSQA,596,1,14,16,0.875
Phi-4-Reas.,CSQA,597,1,15,16,0.9375
Phi-4-Reas.,CSQA,598,5,16,16,1.0
Phi-4-Reas.,CSQA,599,2,13,16,0.8125
Phi-4-Reas.,CSQA,600,1,16,16,1.0
Phi-4-Reas.,CSQA,601,3,2,16,0.125
Phi-4-Reas.,CSQA,603,2,0,16,0.0
Phi-4-Reas.,CSQA,604,3,15,16,0.9375
Phi-4-Reas.,CSQA,605,2,14,16,0.875
Phi-4-Reas.,CSQA,606,1,15,16,0.9375
Phi-4-Reas.,CSQA,607,1,16,16,1.0
Phi-4-Reas.,CSQA,608,1,10,16,0.625
Phi-4-Reas.,CSQA,609,4,13,16,0.8125
Phi-4-Reas.,CSQA,610,1,15,16,0.9375
Phi-4-Reas.,CSQA,611,3,14,16,0.875
Phi-4-Reas.,CSQA,612,2,12,16,0.75
Phi-4-Reas.,CSQA,613,2,13,16,0.8125
Phi-4-Reas.,CSQA,614,1,14,16,0.875
Phi-4-Reas.,CSQA,615,4,15,16,0.9375
Phi-4-Reas.,CSQA,616,2,4,16,0.25
Phi-4-Reas.,CSQA,617,3,1,16,0.0625
Phi-4-Reas.,CSQA,618,1,15,16,0.9375
Phi-4-Reas.,CSQA,620,3,16,16,1.0
Phi-4-Reas.,CSQA,621,1,15,16,0.9375
Phi-4-Reas.,CSQA,622,2,15,16,0.9375
Phi-4-Reas.,CSQA,623,2,13,16,0.8125
Phi-4-Reas.,CSQA,624,1,11,16,0.6875
Phi-4-Reas.,CSQA,627,1,9,16,0.5625
Phi-4-Reas.,CSQA,628,1,16,16,1.0
Phi-4-Reas.,CSQA,629,1,14,16,0.875
Phi-4-Reas.,CSQA,630,1,16,16,1.0
Phi-4-Reas.,CSQA,631,4,15,16,0.9375
Phi-4-Reas.,CSQA,632,2,15,16,0.9375
Phi-4-Reas.,CSQA,633,1,0,16,0.0
Phi-4-Reas.,CSQA,634,3,0,16,0.0
Phi-4-Reas.,CSQA,635,1,2,16,0.125
Phi-4-Reas.,CSQA,636,3,0,16,0.0
Phi-4-Reas.,CSQA,638,2,14,16,0.875
Phi-4-Reas.,CSQA,639,2,16,16,1.0
Phi-4-Reas.,CSQA,643,2,12,16,0.75
Phi-4-Reas.,CSQA,644,4,16,16,1.0
Phi-4-Reas.,CSQA,645,1,2,16,0.125
Phi-4-Reas.,CSQA,646,3,15,16,0.9375
Phi-4-Reas.,CSQA,648,3,0,16,0.0
Phi-4-Reas.,CSQA,649,3,16,16,1.0
Phi-4-Reas.,CSQA,650,2,14,16,0.875
Phi-4-Reas.,CSQA,651,2,14,16,0.875
Phi-4-Reas.,CSQA,652,5,16,16,1.0
Phi-4-Reas.,CSQA,653,3,9,16,0.5625
Phi-4-Reas.,CSQA,654,3,15,16,0.9375
Phi-4-Reas.,CSQA,655,3,8,16,0.5
Phi-4-Reas.,CSQA,657,1,15,16,0.9375
Phi-4-Reas.,CSQA,658,1,14,16,0.875
Phi-4-Reas.,CSQA,659,4,14,16,0.875
Phi-4-Reas.,CSQA,660,2,12,16,0.75
Phi-4-Reas.,CSQA,662,3,16,16,1.0
Phi-4-Reas.,CSQA,664,2,15,16,0.9375
Phi-4-Reas.,CSQA,665,2,10,16,0.625
Phi-4-Reas.,CSQA,666,3,8,16,0.5
Phi-4-Reas.,CSQA,667,1,2,16,0.125
Phi-4-Reas.,CSQA,668,1,16,16,1.0
Phi-4-Reas.,CSQA,670,1,4,16,0.25
Phi-4-Reas.,CSQA,671,2,6,16,0.375
Phi-4-Reas.,CSQA,672,1,1,16,0.0625
Phi-4-Reas.,CSQA,673,2,15,16,0.9375
Phi-4-Reas.,CSQA,674,2,9,16,0.5625
Phi-4-Reas.,CSQA,675,4,13,16,0.8125
Phi-4-Reas.,CSQA,676,1,10,16,0.625
Phi-4-Reas.,CSQA,677,2,16,16,1.0
Phi-4-Reas.,CSQA,678,4,15,16,0.9375
Phi-4-Reas.,CSQA,680,4,15,16,0.9375
Phi-4-Reas.,CSQA,682,2,15,16,0.9375
Phi-4-Reas.,CSQA,683,1,15,16,0.9375
Phi-4-Reas.,CSQA,685,2,12,16,0.75
Phi-4-Reas.,CSQA,686,2,14,16,0.875
Phi-4-Reas.,CSQA,687,1,12,16,0.75
Phi-4-Reas.,CSQA,688,1,11,16,0.6875
Phi-4-Reas.,CSQA,689,1,16,16,1.0
Phi-4-Reas.,CSQA,690,2,0,16,0.0
Phi-4-Reas.,CSQA,691,2,15,16,0.9375
Phi-4-Reas.,CSQA,693,1,13,16,0.8125
Phi-4-Reas.,CSQA,695,2,14,16,0.875
Phi-4-Reas.,CSQA,696,2,15,16,0.9375
Phi-4-Reas.,CSQA,697,4,11,16,0.6875
Phi-4-Reas.,CSQA,698,1,11,16,0.6875
Phi-4-Reas.,CSQA,700,3,12,16,0.75
Phi-4-Reas.,CSQA,701,2,16,16,1.0
Phi-4-Reas.,CSQA,702,2,15,16,0.9375
Phi-4-Reas.,CSQA,703,2,7,16,0.4375
Phi-4-Reas.,CSQA,705,1,5,16,0.3125
Phi-4-Reas.,CSQA,706,3,15,16,0.9375
Phi-4-Reas.,CSQA,708,2,10,16,0.625
Phi-4-Reas.,CSQA,709,2,15,16,0.9375
Phi-4-Reas.,CSQA,710,2,16,16,1.0
Phi-4-Reas.,CSQA,712,1,13,16,0.8125
Phi-4-Reas.,CSQA,713,1,15,16,0.9375
Phi-4-Reas.,CSQA,714,1,14,16,0.875
Phi-4-Reas.,CSQA,716,3,8,16,0.5
Phi-4-Reas.,CSQA,717,1,1,16,0.0625
Phi-4-Reas.,CSQA,718,5,16,16,1.0
Phi-4-Reas.,CSQA,719,2,15,16,0.9375
Phi-4-Reas.,CSQA,720,1,15,16,0.9375
Phi-4-Reas.,CSQA,722,1,11,16,0.6875
Phi-4-Reas.,CSQA,724,1,10,16,0.625
Phi-4-Reas.,CSQA,725,3,15,16,0.9375
Phi-4-Reas.,CSQA,726,1,15,16,0.9375
Phi-4-Reas.,CSQA,728,1,0,16,0.0
Phi-4-Reas.,CSQA,729,3,14,16,0.875
Phi-4-Reas.,CSQA,730,2,13,16,0.8125
Phi-4-Reas.,CSQA,731,3,16,16,1.0
Phi-4-Reas.,CSQA,732,2,12,16,0.75
Phi-4-Reas.,CSQA,733,1,9,16,0.5625
Phi-4-Reas.,CSQA,734,1,6,16,0.375
Phi-4-Reas.,CSQA,736,3,16,16,1.0
Phi-4-Reas.,CSQA,737,3,15,16,0.9375
Phi-4-Reas.,CSQA,738,2,15,16,0.9375
Phi-4-Reas.,CSQA,740,1,14,16,0.875
Phi-4-Reas.,CSQA,741,2,14,16,0.875
Phi-4-Reas.,CSQA,742,2,16,16,1.0
Phi-4-Reas.,CSQA,743,1,15,16,0.9375
Phi-4-Reas.,CSQA,744,1,15,16,0.9375
Phi-4-Reas.,CSQA,745,1,15,16,0.9375
Phi-4-Reas.,CSQA,746,2,15,16,0.9375
Phi-4-Reas.,CSQA,748,3,14,16,0.875
Phi-4-Reas.,CSQA,749,3,16,16,1.0
Phi-4-Reas.,CSQA,751,2,8,16,0.5
Phi-4-Reas.,CSQA,753,1,6,16,0.375
Phi-4-Reas.,CSQA,757,5,14,16,0.875
Phi-4-Reas.,CSQA,758,2,11,16,0.6875
Phi-4-Reas.,CSQA,759,6,16,16,1.0
Phi-4-Reas.,CSQA,761,1,1,16,0.0625
Phi-4-Reas.,CSQA,762,2,15,16,0.9375
Phi-4-Reas.,CSQA,763,1,15,16,0.9375
Phi-4-Reas.,CSQA,765,4,14,16,0.875
Phi-4-Reas.,CSQA,767,3,14,16,0.875
Phi-4-Reas.,CSQA,768,2,13,16,0.8125
Phi-4-Reas.,CSQA,769,2,14,16,0.875
Phi-4-Reas.,CSQA,771,1,14,16,0.875
Phi-4-Reas.,CSQA,772,5,15,16,0.9375
Phi-4-Reas.,CSQA,773,1,9,16,0.5625
Phi-4-Reas.,CSQA,774,1,16,16,1.0
Phi-4-Reas.,CSQA,775,2,13,16,0.8125
Phi-4-Reas.,CSQA,776,1,15,16,0.9375
Phi-4-Reas.,CSQA,778,3,16,16,1.0
Phi-4-Reas.,CSQA,779,1,0,16,0.0
Phi-4-Reas.,CSQA,780,1,15,16,0.9375
Phi-4-Reas.,CSQA,781,1,14,16,0.875
Phi-4-Reas.,CSQA,782,1,14,16,0.875
Phi-4-Reas.,CSQA,783,1,9,16,0.5625
Phi-4-Reas.,CSQA,784,1,14,16,0.875
Phi-4-Reas.,CSQA,785,1,15,16,0.9375
Phi-4-Reas.,CSQA,788,2,13,16,0.8125
Phi-4-Reas.,CSQA,790,1,16,16,1.0
Phi-4-Reas.,CSQA,791,1,4,16,0.25
Phi-4-Reas.,CSQA,792,2,16,16,1.0
Phi-4-Reas.,CSQA,793,3,14,16,0.875
Phi-4-Reas.,CSQA,794,1,15,16,0.9375
Phi-4-Reas.,CSQA,798,2,16,16,1.0
Phi-4-Reas.,CSQA,800,1,6,16,0.375
Phi-4-Reas.,CSQA,801,1,12,16,0.75
Phi-4-Reas.,CSQA,803,1,15,16,0.9375
Phi-4-Reas.,CSQA,805,1,9,16,0.5625
Phi-4-Reas.,CSQA,807,2,0,16,0.0
Phi-4-Reas.,CSQA,808,1,0,16,0.0
Phi-4-Reas.,CSQA,810,2,16,16,1.0
Phi-4-Reas.,CSQA,811,1,14,16,0.875
Phi-4-Reas.,CSQA,812,3,12,16,0.75
Phi-4-Reas.,CSQA,813,6,14,16,0.875
Phi-4-Reas.,CSQA,814,2,14,16,0.875
Phi-4-Reas.,CSQA,815,1,1,16,0.0625
Phi-4-Reas.,CSQA,816,2,5,16,0.3125
Phi-4-Reas.,CSQA,817,1,15,16,0.9375
Phi-4-Reas.,CSQA,820,2,14,16,0.875
Phi-4-Reas.,CSQA,821,2,12,16,0.75
Phi-4-Reas.,CSQA,823,2,15,16,0.9375
Phi-4-Reas.,CSQA,824,2,14,16,0.875
Phi-4-Reas.,CSQA,825,1,12,16,0.75
Phi-4-Reas.,CSQA,826,1,16,16,1.0
Phi-4-Reas.,CSQA,827,1,15,16,0.9375
Phi-4-Reas.,CSQA,828,2,14,16,0.875
Phi-4-Reas.,CSQA,829,2,11,16,0.6875
Phi-4-Reas.,CSQA,830,1,14,16,0.875
Phi-4-Reas.,CSQA,831,2,15,16,0.9375
Phi-4-Reas.,CSQA,832,2,16,16,1.0
Phi-4-Reas.,CSQA,833,1,16,16,1.0
Phi-4-Reas.,CSQA,834,2,1,16,0.0625
Phi-4-Reas.,CSQA,835,2,14,16,0.875
Phi-4-Reas.,CSQA,836,1,3,16,0.1875
Phi-4-Reas.,CSQA,837,2,14,16,0.875
Phi-4-Reas.,CSQA,838,4,14,16,0.875
Phi-4-Reas.,CSQA,841,2,15,16,0.9375
Phi-4-Reas.,CSQA,845,3,15,16,0.9375
Phi-4-Reas.,CSQA,846,1,2,16,0.125
Phi-4-Reas.,CSQA,847,2,13,16,0.8125
Phi-4-Reas.,CSQA,848,2,15,16,0.9375
Phi-4-Reas.,CSQA,849,1,16,16,1.0
Phi-4-Reas.,CSQA,850,1,0,16,0.0
Phi-4-Reas.,CSQA,851,3,12,16,0.75
Phi-4-Reas.,CSQA,853,2,15,16,0.9375
Phi-4-Reas.,CSQA,855,1,4,16,0.25
Phi-4-Reas.,CSQA,856,3,15,16,0.9375
Phi-4-Reas.,CSQA,857,1,15,16,0.9375
Phi-4-Reas.,CSQA,858,2,13,16,0.8125
Phi-4-Reas.,CSQA,859,1,0,16,0.0
Phi-4-Reas.,CSQA,860,3,14,16,0.875
Phi-4-Reas.,CSQA,861,1,15,16,0.9375
Phi-4-Reas.,CSQA,862,2,0,16,0.0
Phi-4-Reas.,CSQA,864,1,16,16,1.0
Phi-4-Reas.,CSQA,865,1,15,16,0.9375
Phi-4-Reas.,CSQA,868,1,14,16,0.875
Phi-4-Reas.,CSQA,869,1,14,16,0.875
Phi-4-Reas.,CSQA,870,2,13,16,0.8125
Phi-4-Reas.,CSQA,871,2,15,16,0.9375
Phi-4-Reas.,CSQA,872,2,15,16,0.9375
Phi-4-Reas.,CSQA,873,3,14,16,0.875
Phi-4-Reas.,CSQA,874,4,15,16,0.9375
Phi-4-Reas.,CSQA,875,2,6,16,0.375
Phi-4-Reas.,CSQA,876,1,11,16,0.6875
Phi-4-Reas.,CSQA,877,2,15,16,0.9375
Phi-4-Reas.,CSQA,878,1,12,16,0.75
Phi-4-Reas.,CSQA,879,1,14,16,0.875
Phi-4-Reas.,CSQA,882,1,15,16,0.9375
Phi-4-Reas.,CSQA,883,4,8,16,0.5
Phi-4-Reas.,CSQA,885,3,12,16,0.75
Phi-4-Reas.,CSQA,886,3,12,16,0.75
Phi-4-Reas.,CSQA,888,3,16,16,1.0
Phi-4-Reas.,CSQA,889,2,15,16,0.9375
Phi-4-Reas.,CSQA,891,3,6,16,0.375
Phi-4-Reas.,CSQA,893,2,15,16,0.9375
Phi-4-Reas.,CSQA,894,1,16,16,1.0
Phi-4-Reas.,CSQA,895,4,15,16,0.9375
Phi-4-Reas.,CSQA,896,1,14,16,0.875
Phi-4-Reas.,CSQA,897,3,15,16,0.9375
Phi-4-Reas.,CSQA,898,3,1,16,0.0625
Phi-4-Reas.,CSQA,900,3,15,16,0.9375
Phi-4-Reas.,CSQA,901,1,2,16,0.125
Phi-4-Reas.,CSQA,902,3,13,16,0.8125
Phi-4-Reas.,CSQA,904,2,14,16,0.875
Phi-4-Reas.,CSQA,905,1,10,16,0.625
Phi-4-Reas.,CSQA,906,3,16,16,1.0
Phi-4-Reas.,CSQA,907,3,15,16,0.9375
Phi-4-Reas.,CSQA,909,1,15,16,0.9375
Phi-4-Reas.,CSQA,910,1,14,16,0.875
Phi-4-Reas.,CSQA,911,3,15,16,0.9375
Phi-4-Reas.,CSQA,912,4,12,16,0.75
Phi-4-Reas.,CSQA,913,3,1,16,0.0625
Phi-4-Reas.,CSQA,914,2,1,16,0.0625
Phi-4-Reas.,CSQA,915,4,0,16,0.0
Phi-4-Reas.,CSQA,916,3,14,16,0.875
Phi-4-Reas.,CSQA,917,4,10,16,0.625
Phi-4-Reas.,CSQA,918,2,16,16,1.0
Phi-4-Reas.,CSQA,920,4,15,16,0.9375
Phi-4-Reas.,CSQA,921,2,14,16,0.875
Phi-4-Reas.,CSQA,922,3,15,16,0.9375
Phi-4-Reas.,CSQA,923,1,8,16,0.5
Phi-4-Reas.,CSQA,925,1,12,16,0.75
Phi-4-Reas.,CSQA,926,2,15,16,0.9375
Phi-4-Reas.,CSQA,927,1,14,16,0.875
Phi-4-Reas.,CSQA,928,2,16,16,1.0
Phi-4-Reas.,CSQA,929,1,13,16,0.8125
Phi-4-Reas.,CSQA,930,5,15,16,0.9375
Phi-4-Reas.,CSQA,931,2,13,16,0.8125
Phi-4-Reas.,CSQA,933,3,3,16,0.1875
Phi-4-Reas.,CSQA,934,1,15,16,0.9375
Phi-4-Reas.,CSQA,935,2,13,16,0.8125
Phi-4-Reas.,CSQA,936,1,11,16,0.6875
Phi-4-Reas.,CSQA,937,1,14,16,0.875
Phi-4-Reas.,CSQA,938,1,2,16,0.125
Phi-4-Reas.,CSQA,940,2,15,16,0.9375
Phi-4-Reas.,CSQA,942,2,14,16,0.875
Phi-4-Reas.,CSQA,943,5,9,16,0.5625
Phi-4-Reas.,CSQA,944,1,16,16,1.0
Phi-4-Reas.,CSQA,946,3,15,16,0.9375
Phi-4-Reas.,CSQA,947,3,13,16,0.8125
Phi-4-Reas.,CSQA,948,4,14,16,0.875
Phi-4-Reas.,CSQA,949,3,16,16,1.0
Phi-4-Reas.,CSQA,950,1,13,16,0.8125
Phi-4-Reas.,CSQA,952,2,15,16,0.9375
Phi-4-Reas.,CSQA,953,3,15,16,0.9375
Phi-4-Reas.,CSQA,955,2,14,16,0.875
Phi-4-Reas.,CSQA,957,2,13,16,0.8125
Phi-4-Reas.,CSQA,958,1,12,16,0.75
Phi-4-Reas.,CSQA,959,3,15,16,0.9375
Phi-4-Reas.,CSQA,960,2,15,16,0.9375
Phi-4-Reas.,CSQA,961,1,15,16,0.9375
Phi-4-Reas.,CSQA,962,1,16,16,1.0
Phi-4-Reas.,CSQA,964,4,16,16,1.0
Phi-4-Reas.,CSQA,965,1,14,16,0.875
Phi-4-Reas.,CSQA,967,1,15,16,0.9375
Phi-4-Reas.,CSQA,970,1,0,16,0.0
Phi-4-Reas.,CSQA,971,2,15,16,0.9375
Phi-4-Reas.,CSQA,972,1,16,16,1.0
Phi-4-Reas.,CSQA,973,2,13,16,0.8125
Phi-4-Reas.,CSQA,975,5,13,16,0.8125
Phi-4-Reas.,CSQA,976,2,14,16,0.875
Phi-4-Reas.,CSQA,977,2,14,16,0.875
Phi-4-Reas.,CSQA,979,2,14,16,0.875
Phi-4-Reas.,CSQA,980,2,0,16,0.0
Phi-4-Reas.,CSQA,981,2,15,16,0.9375
Phi-4-Reas.,CSQA,982,2,16,16,1.0
Phi-4-Reas.,CSQA,984,1,14,16,0.875
Phi-4-Reas.,CSQA,985,1,15,16,0.9375
Phi-4-Reas.,CSQA,986,1,16,16,1.0
Phi-4-Reas.,CSQA,987,4,16,16,1.0
Phi-4-Reas.,CSQA,989,2,13,16,0.8125
Phi-4-Reas.,CSQA,990,2,1,16,0.0625
Phi-4-Reas.,CSQA,991,3,16,16,1.0
Phi-4-Reas.,CSQA,993,2,12,16,0.75
Phi-4-Reas.,CSQA,994,4,16,16,1.0
Phi-4-Reas.,CSQA,995,2,16,16,1.0
Phi-4-Reas.,CSQA,996,1,11,16,0.6875
Phi-4-Reas.,CSQA,997,1,13,16,0.8125
Phi-4-Reas.,CSQA,998,2,13,16,0.8125
Phi-4-Reas.,CSQA,999,1,15,16,0.9375
Phi-4-Reas.,CSQA,1000,3,14,16,0.875
Phi-4-Reas.,CSQA,1001,1,15,16,0.9375
Phi-4-Reas.,CSQA,1002,2,15,16,0.9375
Phi-4-Reas.,CSQA,1003,1,1,16,0.0625
Phi-4-Reas.,CSQA,1004,1,0,16,0.0
Phi-4-Reas.,CSQA,1006,4,6,16,0.375
Phi-4-Reas.,CSQA,1007,3,13,16,0.8125
Phi-4-Reas.,CSQA,1008,2,12,16,0.75
Phi-4-Reas.,CSQA,1009,2,3,16,0.1875
Phi-4-Reas.,CSQA,1010,2,8,16,0.5
Phi-4-Reas.,CSQA,1011,2,13,16,0.8125
Phi-4-Reas.,CSQA,1013,2,15,16,0.9375
Phi-4-Reas.,CSQA,1014,1,4,16,0.25
Phi-4-Reas.,CSQA,1015,1,10,16,0.625
Phi-4-Reas.,CSQA,1016,1,7,16,0.4375
Phi-4-Reas.,CSQA,1017,1,13,16,0.8125
Phi-4-Reas.,CSQA,1018,3,14,16,0.875
Phi-4-Reas.,CSQA,1019,1,14,16,0.875
Phi-4-Reas.,CSQA,1020,1,14,16,0.875
Phi-4-Reas.,CSQA,1021,1,8,16,0.5
Phi-4-Reas.,CSQA,1022,2,16,16,1.0
Phi-4-Reas.,CSQA,1023,3,12,16,0.75
Phi-4-Reas.,CSQA,1024,1,14,16,0.875
Phi-4-Reas.,CSQA,1025,1,15,16,0.9375
Phi-4-Reas.,CSQA,1027,1,15,16,0.9375
Phi-4-Reas.,CSQA,1028,1,16,16,1.0
Phi-4-Reas.,CSQA,1029,2,12,16,0.75
Phi-4-Reas.,CSQA,1030,1,14,16,0.875
Phi-4-Reas.,CSQA,1031,1,15,16,0.9375
Phi-4-Reas.,CSQA,1033,1,16,16,1.0
Phi-4-Reas.,CSQA,1034,3,14,16,0.875
Phi-4-Reas.,CSQA,1035,2,7,16,0.4375
Phi-4-Reas.,CSQA,1036,2,13,16,0.8125
Phi-4-Reas.,CSQA,1037,1,14,16,0.875
Phi-4-Reas.,CSQA,1038,3,14,16,0.875
Phi-4-Reas.,CSQA,1039,1,1,16,0.0625
Phi-4-Reas.,CSQA,1040,2,12,16,0.75
Phi-4-Reas.,CSQA,1041,1,14,16,0.875
Phi-4-Reas.,CSQA,1042,1,15,16,0.9375
Phi-4-Reas.,CSQA,1043,2,11,16,0.6875
Phi-4-Reas.,CSQA,1044,3,15,16,0.9375
Phi-4-Reas.,CSQA,1045,2,14,16,0.875
Phi-4-Reas.,CSQA,1046,2,13,16,0.8125
Phi-4-Reas.,CSQA,1047,4,15,16,0.9375
Phi-4-Reas.,CSQA,1048,1,16,16,1.0
Phi-4-Reas.,CSQA,1049,2,14,16,0.875
Phi-4-Reas.,CSQA,1050,2,13,16,0.8125
Phi-4-Reas.,CSQA,1051,2,15,16,0.9375
Phi-4-Reas.,CSQA,1052,2,14,16,0.875
Phi-4-Reas.,CSQA,1054,3,14,16,0.875
Phi-4-Reas.,CSQA,1055,3,15,16,0.9375
Phi-4-Reas.,CSQA,1056,1,15,16,0.9375
Phi-4-Reas.,CSQA,1057,1,10,16,0.625
Phi-4-Reas.,CSQA,1058,2,15,16,0.9375
Phi-4-Reas.,CSQA,1059,1,10,16,0.625
Phi-4-Reas.,CSQA,1060,1,15,16,0.9375
Phi-4-Reas.,CSQA,1061,2,15,16,0.9375
Phi-4-Reas.,CSQA,1062,1,15,16,0.9375
Phi-4-Reas.,CSQA,1063,1,15,16,0.9375
Phi-4-Reas.,CSQA,1064,2,15,16,0.9375
Phi-4-Reas.,CSQA,1065,1,16,16,1.0
Phi-4-Reas.,CSQA,1066,2,14,16,0.875
Phi-4-Reas.,CSQA,1068,2,14,16,0.875
Phi-4-Reas.,CSQA,1069,3,15,16,0.9375
Phi-4-Reas.,CSQA,1070,2,15,16,0.9375
Phi-4-Reas.,CSQA,1071,1,15,16,0.9375
Phi-4-Reas.,CSQA,1072,2,14,16,0.875
Phi-4-Reas.,CSQA,1073,2,2,16,0.125
Phi-4-Reas.,CSQA,1075,3,13,16,0.8125
Phi-4-Reas.,CSQA,1078,1,16,16,1.0
Phi-4-Reas.,CSQA,1079,1,10,16,0.625
Phi-4-Reas.,CSQA,1080,5,14,16,0.875
Phi-4-Reas.,CSQA,1081,3,14,16,0.875
Phi-4-Reas.,CSQA,1082,1,16,16,1.0
Phi-4-Reas.,CSQA,1084,1,14,16,0.875
Phi-4-Reas.,CSQA,1085,1,13,16,0.8125
Phi-4-Reas.,CSQA,1087,2,15,16,0.9375
Phi-4-Reas.,CSQA,1088,1,7,16,0.4375
Phi-4-Reas.,CSQA,1089,3,13,16,0.8125
Phi-4-Reas.,CSQA,1090,1,14,16,0.875
Phi-4-Reas.,CSQA,1091,4,14,16,0.875
Phi-4-Reas.,CSQA,1092,2,12,16,0.75
Phi-4-Reas.,CSQA,1094,2,14,16,0.875
Phi-4-Reas.,CSQA,1095,2,14,16,0.875
Phi-4-Reas.,CSQA,1096,1,14,16,0.875
Phi-4-Reas.,CSQA,1097,3,14,16,0.875
Phi-4-Reas.,CSQA,1098,1,12,16,0.75
Phi-4-Reas.,CSQA,1099,3,15,16,0.9375
Phi-4-Reas.,CSQA,1100,3,16,16,1.0
Phi-4-Reas.,CSQA,1101,4,14,16,0.875
Phi-4-Reas.,CSQA,1102,1,16,16,1.0
Phi-4-Reas.,CSQA,1103,1,14,16,0.875
Phi-4-Reas.,CSQA,1104,1,14,16,0.875
Phi-4-Reas.,CSQA,1105,1,10,16,0.625
Phi-4-Reas.,CSQA,1106,1,16,16,1.0
Phi-4-Reas.,CSQA,1108,6,16,16,1.0
Phi-4-Reas.,CSQA,1111,1,15,16,0.9375
Phi-4-Reas.,CSQA,1112,2,10,16,0.625
Phi-4-Reas.,CSQA,1114,1,16,16,1.0
Phi-4-Reas.,CSQA,1115,2,12,16,0.75
Phi-4-Reas.,CSQA,1117,1,15,16,0.9375
Phi-4-Reas.,CSQA,1118,2,12,16,0.75
Phi-4-Reas.,CSQA,1119,3,15,16,0.9375
Phi-4-Reas.,CSQA,1120,1,13,16,0.8125
Phi-4-Reas.,CSQA,1124,1,9,16,0.5625
Phi-4-Reas.,CSQA,1125,4,15,16,0.9375
Phi-4-Reas.,CSQA,1126,2,14,16,0.875
Phi-4-Reas.,CSQA,1127,1,15,16,0.9375
Phi-4-Reas.,CSQA,1128,1,16,16,1.0
Phi-4-Reas.,CSQA,1129,1,13,16,0.8125
Phi-4-Reas.,CSQA,1130,1,12,16,0.75
Phi-4-Reas.,CSQA,1133,3,2,16,0.125
Phi-4-Reas.,CSQA,1134,2,10,16,0.625
Phi-4-Reas.,CSQA,1135,1,5,16,0.3125
Phi-4-Reas.,CSQA,1136,4,15,16,0.9375
Phi-4-Reas.,CSQA,1137,1,15,16,0.9375
Phi-4-Reas.,CSQA,1138,2,12,16,0.75
Phi-4-Reas.,CSQA,1139,2,0,16,0.0
Phi-4-Reas.,CSQA,1140,2,15,16,0.9375
Phi-4-Reas.,CSQA,1141,5,16,16,1.0
Phi-4-Reas.,CSQA,1142,2,13,16,0.8125
Phi-4-Reas.,CSQA,1143,1,6,16,0.375
Phi-4-Reas.,CSQA,1144,2,15,16,0.9375
Phi-4-Reas.,CSQA,1145,2,13,16,0.8125
Phi-4-Reas.,CSQA,1146,2,14,16,0.875
Phi-4-Reas.,CSQA,1147,3,13,16,0.8125
Phi-4-Reas.,CSQA,1150,3,10,16,0.625
Phi-4-Reas.,CSQA,1151,3,15,16,0.9375
Phi-4-Reas.,CSQA,1152,1,12,16,0.75
Phi-4-Reas.,CSQA,1154,1,15,16,0.9375
Phi-4-Reas.,CSQA,1155,1,7,16,0.4375
Phi-4-Reas.,CSQA,1157,2,16,16,1.0
Phi-4-Reas.,CSQA,1159,3,16,16,1.0
Phi-4-Reas.,CSQA,1160,4,13,16,0.8125
Phi-4-Reas.,CSQA,1161,2,14,16,0.875
Phi-4-Reas.,CSQA,1162,2,10,16,0.625
Phi-4-Reas.,CSQA,1163,1,15,16,0.9375
Phi-4-Reas.,CSQA,1165,2,16,16,1.0
Phi-4-Reas.,CSQA,1166,3,16,16,1.0
Phi-4-Reas.,CSQA,1167,1,9,16,0.5625
Phi-4-Reas.,CSQA,1168,3,15,16,0.9375
Phi-4-Reas.,CSQA,1169,1,16,16,1.0
Phi-4-Reas.,CSQA,1174,4,16,16,1.0
Phi-4-Reas.,CSQA,1175,2,12,16,0.75
Phi-4-Reas.,CSQA,1176,1,14,16,0.875
Phi-4-Reas.,CSQA,1177,3,14,16,0.875
Phi-4-Reas.,CSQA,1178,1,6,16,0.375
Phi-4-Reas.,CSQA,1179,2,14,16,0.875
Phi-4-Reas.,CSQA,1180,1,12,16,0.75
Phi-4-Reas.,CSQA,1181,2,15,16,0.9375
Phi-4-Reas.,CSQA,1183,1,10,16,0.625
Phi-4-Reas.,CSQA,1185,1,15,16,0.9375
Phi-4-Reas.,CSQA,1186,2,13,16,0.8125
Phi-4-Reas.,CSQA,1188,1,14,16,0.875
Phi-4-Reas.,CSQA,1189,2,14,16,0.875
Phi-4-Reas.,CSQA,1190,1,14,16,0.875
Phi-4-Reas.,CSQA,1191,2,13,16,0.8125
Phi-4-Reas.,CSQA,1192,4,12,16,0.75
Phi-4-Reas.,CSQA,1194,1,13,16,0.8125
Phi-4-Reas.,CSQA,1196,1,15,16,0.9375
Phi-4-Reas.,CSQA,1197,2,14,16,0.875
Phi-4-Reas.,CSQA,1199,4,14,16,0.875
Phi-4-Reas.,CSQA,1200,3,16,16,1.0
Phi-4-Reas.,CSQA,1201,1,16,16,1.0
Phi-4-Reas.,CSQA,1202,3,14,16,0.875
Phi-4-Reas.,CSQA,1203,1,2,16,0.125
Phi-4-Reas.,CSQA,1204,1,16,16,1.0
Phi-4-Reas.,CSQA,1205,1,16,16,1.0
Phi-4-Reas.,CSQA,1206,3,14,16,0.875
Phi-4-Reas.,CSQA,1207,1,0,16,0.0
Phi-4-Reas.,CSQA,1208,1,0,16,0.0
Phi-4-Reas.,CSQA,1210,1,6,16,0.375
Phi-4-Reas.,CSQA,1211,1,3,16,0.1875
Phi-4-Reas.,CSQA,1215,2,10,16,0.625
Phi-4-Reas.,CSQA,1216,1,16,16,1.0
Phi-4-Reas.,CSQA,1217,1,13,16,0.8125
Phi-4-Reas.,CSQA,1218,2,12,16,0.75
Phi-4-Reas.,CSQA,1219,1,14,16,0.875
Phi-4-Reas.,CSQA,1220,1,14,16,0.875
Phi-4-Reas.,GPQA,0,2,4,16,0.25
Phi-4-Reas.,GPQA,1,5,11,16,0.6875
Phi-4-Reas.,GPQA,2,1,9,16,0.5625
Phi-4-Reas.,GPQA,3,1,7,16,0.4375
Phi-4-Reas.,GPQA,5,3,14,16,0.875
Phi-4-Reas.,GPQA,7,9,16,16,1.0
Phi-4-Reas.,GPQA,8,4,2,16,0.125
Phi-4-Reas.,GPQA,12,4,13,16,0.8125
Phi-4-Reas.,GPQA,13,9,12,16,0.75
Phi-4-Reas.,GPQA,14,2,8,16,0.5
Phi-4-Reas.,GPQA,15,2,12,16,0.75
Phi-4-Reas.,GPQA,16,2,6,16,0.375
Phi-4-Reas.,GPQA,17,1,6,16,0.375
Phi-4-Reas.,GPQA,19,1,8,16,0.5
Phi-4-Reas.,GPQA,20,4,9,16,0.5625
Phi-4-Reas.,GPQA,22,3,2,16,0.125
Phi-4-Reas.,GPQA,23,4,14,16,0.875
Phi-4-Reas.,GPQA,24,1,10,16,0.625
Phi-4-Reas.,GPQA,25,4,3,16,0.1875
Phi-4-Reas.,GPQA,26,1,5,16,0.3125
Phi-4-Reas.,GPQA,28,3,10,16,0.625
Phi-4-Reas.,GPQA,29,1,5,16,0.3125
Phi-4-Reas.,GPQA,30,1,2,16,0.125
Phi-4-Reas.,GPQA,31,1,9,16,0.5625
Phi-4-Reas.,GPQA,32,5,12,16,0.75
Phi-4-Reas.,GPQA,33,5,12,16,0.75
Phi-4-Reas.,GPQA,34,1,6,16,0.375
Phi-4-Reas.,GPQA,37,2,3,16,0.1875
Phi-4-Reas.,GPQA,38,6,13,16,0.8125
Phi-4-Reas.,GPQA,41,1,4,16,0.25
Phi-4-Reas.,GPQA,42,2,11,16,0.6875
Phi-4-Reas.,GPQA,43,5,15,16,0.9375
Phi-4-Reas.,GPQA,44,2,13,16,0.8125
Phi-4-Reas.,GPQA,45,2,13,16,0.8125
Phi-4-Reas.,GPQA,46,2,7,16,0.4375
Phi-4-Reas.,GPQA,47,1,2,16,0.125
Phi-4-Reas.,GPQA,48,1,11,16,0.6875
Phi-4-Reas.,GPQA,49,2,8,16,0.5
Phi-4-Reas.,GPQA,51,1,12,16,0.75
Phi-4-Reas.,GPQA,52,3,16,16,1.0
Phi-4-Reas.,GPQA,53,2,8,16,0.5
Phi-4-Reas.,GPQA,55,1,4,16,0.25
Phi-4-Reas.,GPQA,56,3,4,16,0.25
Phi-4-Reas.,GPQA,58,1,8,16,0.5
Phi-4-Reas.,GPQA,59,1,1,16,0.0625
Phi-4-Reas.,GPQA,61,1,14,16,0.875
Phi-4-Reas.,GPQA,62,1,10,16,0.625
Phi-4-Reas.,GPQA,63,1,8,16,0.5
Phi-4-Reas.,GPQA,65,1,12,16,0.75
Phi-4-Reas.,GPQA,66,1,9,16,0.5625
Phi-4-Reas.,GPQA,67,2,11,16,0.6875
Phi-4-Reas.,GPQA,68,2,6,16,0.375
Phi-4-Reas.,GPQA,69,1,13,16,0.8125
Phi-4-Reas.,GPQA,71,1,13,16,0.8125
Phi-4-Reas.,GPQA,72,1,9,16,0.5625
Phi-4-Reas.,GPQA,75,1,10,16,0.625
Phi-4-Reas.,GPQA,77,9,16,16,1.0
Phi-4-Reas.,GPQA,78,2,8,16,0.5
Phi-4-Reas.,GPQA,80,4,3,16,0.1875
Phi-4-Reas.,GPQA,81,2,6,16,0.375
Phi-4-Reas.,GPQA,82,4,1,16,0.0625
Phi-4-Reas.,GPQA,83,8,12,16,0.75
Phi-4-Reas.,GPQA,85,2,4,16,0.25
Phi-4-Reas.,GPQA,86,1,12,16,0.75
Phi-4-Reas.,GPQA,87,1,7,16,0.4375
Phi-4-Reas.,GPQA,88,2,8,16,0.5
Phi-4-Reas.,GPQA,90,1,2,16,0.125
Phi-4-Reas.,GPQA,91,2,7,16,0.4375
Phi-4-Reas.,GPQA,94,1,5,16,0.3125
Phi-4-Reas.,GPQA,95,2,10,16,0.625
Phi-4-Reas.,GPQA,96,3,4,16,0.25
Phi-4-Reas.,GPQA,97,1,7,16,0.4375
Phi-4-Reas.,GPQA,98,1,13,16,0.8125
Phi-4-Reas.,GPQA,99,1,11,16,0.6875
Phi-4-Reas.,GPQA,100,2,10,16,0.625
Phi-4-Reas.,GPQA,101,2,10,16,0.625
Phi-4-Reas.,GPQA,104,4,13,16,0.8125
Phi-4-Reas.,GPQA,105,2,2,16,0.125
Phi-4-Reas.,GPQA,106,1,5,16,0.3125
Phi-4-Reas.,GPQA,108,2,11,16,0.6875
Phi-4-Reas.,GPQA,109,1,14,16,0.875
Phi-4-Reas.,GPQA,110,9,14,16,0.875
Phi-4-Reas.,GPQA,111,3,14,16,0.875
Phi-4-Reas.,GPQA,112,2,8,16,0.5
Phi-4-Reas.,GPQA,114,2,7,16,0.4375
Phi-4-Reas.,GPQA,116,1,8,16,0.5
Phi-4-Reas.,GPQA,119,2,13,16,0.8125
Phi-4-Reas.,GPQA,120,2,12,16,0.75
Phi-4-Reas.,GPQA,121,1,0,16,0.0
Phi-4-Reas.,GPQA,123,2,11,16,0.6875
Phi-4-Reas.,GPQA,124,3,10,16,0.625
Phi-4-Reas.,GPQA,130,2,0,16,0.0
Phi-4-Reas.,GPQA,131,2,14,16,0.875
Phi-4-Reas.,GPQA,132,1,11,16,0.6875
Phi-4-Reas.,GPQA,133,4,11,16,0.6875
Phi-4-Reas.,GPQA,135,2,8,16,0.5
Phi-4-Reas.,GPQA,136,2,6,16,0.375
Phi-4-Reas.,GPQA,137,2,0,16,0.0
Phi-4-Reas.,GPQA,142,2,9,16,0.5625
Phi-4-Reas.,GPQA,143,2,10,16,0.625
Phi-4-Reas.,GPQA,145,2,2,16,0.125
Phi-4-Reas.,GPQA,147,6,13,16,0.8125
Phi-4-Reas.,GPQA,148,1,0,16,0.0
Phi-4-Reas.,GPQA,149,1,3,16,0.1875
Phi-4-Reas.,GPQA,151,1,3,16,0.1875
Phi-4-Reas.,GPQA,153,1,7,16,0.4375
Phi-4-Reas.,GPQA,154,2,8,16,0.5
Phi-4-Reas.,GPQA,156,2,4,16,0.25
Phi-4-Reas.,GPQA,163,4,13,16,0.8125
Phi-4-Reas.,GPQA,164,2,12,16,0.75
Phi-4-Reas.,GPQA,165,1,11,16,0.6875
Phi-4-Reas.,GPQA,166,2,12,16,0.75
Phi-4-Reas.,GPQA,167,1,14,16,0.875
Phi-4-Reas.,GPQA,168,3,6,16,0.375
Phi-4-Reas.,GPQA,169,2,14,16,0.875
Phi-4-Reas.,GPQA,170,2,1,16,0.0625
Phi-4-Reas.,GPQA,171,1,10,16,0.625
Phi-4-Reas.,GPQA,173,1,4,16,0.25
Phi-4-Reas.,GPQA,174,1,14,16,0.875
Phi-4-Reas.,GPQA,175,1,6,16,0.375
Phi-4-Reas.,GPQA,177,2,9,16,0.5625
Phi-4-Reas.,GPQA,182,3,15,16,0.9375
Phi-4-Reas.,GPQA,183,1,9,16,0.5625
Phi-4-Reas.,GPQA,184,2,0,16,0.0
Phi-4-Reas.,GPQA,185,8,6,16,0.375
Phi-4-Reas.,GPQA,186,5,5,16,0.3125
Phi-4-Reas.,GPQA,187,5,13,16,0.8125
Phi-4-Reas.,GPQA,188,2,14,16,0.875
Phi-4-Reas.,GPQA,189,4,3,16,0.1875
Phi-4-Reas.,GPQA,190,1,3,16,0.1875
Phi-4-Reas.,GPQA,194,5,12,16,0.75
Phi-4-Reas.,GPQA,196,3,9,16,0.5625
Phi-4-Reas.,GPQA,197,6,9,16,0.5625
Phi-4-Reas.,GPQA,198,1,0,16,0.0
Phi-4-Reas.,GPQA,199,4,11,16,0.6875
Phi-4-Reas.,GPQA,201,1,6,16,0.375
Phi-4-Reas.,GPQA,202,2,1,16,0.0625
Phi-4-Reas.,GPQA,203,4,6,16,0.375
Phi-4-Reas.,GPQA,204,1,1,16,0.0625
Phi-4-Reas.,GPQA,205,2,8,16,0.5
Phi-4-Reas.,GPQA,207,1,11,16,0.6875
Phi-4-Reas.,GPQA,209,1,10,16,0.625
Phi-4-Reas.,GPQA,211,2,8,16,0.5
Phi-4-Reas.,GPQA,212,1,8,16,0.5
Phi-4-Reas.,GPQA,215,1,10,16,0.625
Phi-4-Reas.,GPQA,217,2,5,16,0.3125
Phi-4-Reas.,GPQA,218,2,3,16,0.1875
Phi-4-Reas.,GPQA,219,5,14,16,0.875
Phi-4-Reas.,GPQA,220,2,4,16,0.25
Phi-4-Reas.,GPQA,221,1,5,16,0.3125
Phi-4-Reas.,GPQA,222,12,10,16,0.625
Phi-4-Reas.,GPQA,223,1,10,16,0.625
Phi-4-Reas.,GPQA,224,1,6,16,0.375
Phi-4-Reas.,GPQA,225,3,9,16,0.5625
Phi-4-Reas.,GPQA,227,1,6,16,0.375
Phi-4-Reas.,GPQA,228,3,3,16,0.1875
Phi-4-Reas.,GPQA,230,1,9,16,0.5625
Phi-4-Reas.,GPQA,231,1,8,16,0.5
Phi-4-Reas.,GPQA,232,1,14,16,0.875
Phi-4-Reas.,GPQA,233,4,9,16,0.5625
Phi-4-Reas.,GPQA,236,2,3,16,0.1875
Phi-4-Reas.,GPQA,238,1,4,16,0.25
Phi-4-Reas.,GPQA,240,1,7,16,0.4375
Phi-4-Reas.,GPQA,241,2,3,16,0.1875
Phi-4-Reas.,GPQA,242,1,2,16,0.125
Phi-4-Reas.,GPQA,243,1,2,16,0.125
Phi-4-Reas.,GPQA,244,1,7,16,0.4375
Phi-4-Reas.,GPQA,245,2,2,16,0.125
Phi-4-Reas.,GPQA,246,1,7,16,0.4375
Phi-4-Reas.,GPQA,247,5,11,16,0.6875
Phi-4-Reas.,GPQA,248,2,9,16,0.5625
Phi-4-Reas.,GPQA,249,1,8,16,0.5
Phi-4-Reas.,GPQA,250,1,3,16,0.1875
Phi-4-Reas.,GPQA,251,1,13,16,0.8125
Phi-4-Reas.,GPQA,252,1,3,16,0.1875
Phi-4-Reas.,GPQA,253,1,5,16,0.3125
Phi-4-Reas.,GPQA,256,1,11,16,0.6875
Phi-4-Reas.,GPQA,257,1,2,16,0.125
Phi-4-Reas.,GPQA,261,1,10,16,0.625
Phi-4-Reas.,GPQA,262,1,2,16,0.125
Phi-4-Reas.,GPQA,263,1,6,16,0.375
Phi-4-Reas.,GPQA,266,5,12,16,0.75
Phi-4-Reas.,GPQA,268,3,14,16,0.875
Phi-4-Reas.,GPQA,269,2,9,16,0.5625
Phi-4-Reas.,GPQA,270,1,13,16,0.8125
Phi-4-Reas.,GPQA,271,3,7,16,0.4375
Phi-4-Reas.,GPQA,272,1,7,16,0.4375
Phi-4-Reas.,GPQA,273,2,12,16,0.75
Phi-4-Reas.,GPQA,274,1,7,16,0.4375
Phi-4-Reas.,GPQA,275,2,9,16,0.5625
Phi-4-Reas.,GPQA,277,2,10,16,0.625
Phi-4-Reas.,GPQA,278,2,1,16,0.0625
Phi-4-Reas.,GPQA,279,1,7,16,0.4375
Phi-4-Reas.,GPQA,280,3,7,16,0.4375
Phi-4-Reas.,GPQA,282,3,1,16,0.0625
Phi-4-Reas.,GPQA,283,2,9,16,0.5625
Phi-4-Reas.,GPQA,284,1,9,16,0.5625
Phi-4-Reas.,GPQA,285,5,11,16,0.6875
Phi-4-Reas.,GPQA,286,2,10,16,0.625
Phi-4-Reas.,GPQA,287,5,16,16,1.0
Phi-4-Reas.,GPQA,289,1,4,16,0.25
Phi-4-Reas.,GPQA,290,1,13,16,0.8125
Phi-4-Reas.,GPQA,291,4,5,16,0.3125
Phi-4-Reas.,GPQA,292,1,5,16,0.3125
Phi-4-Reas.,GPQA,293,6,14,16,0.875
Phi-4-Reas.,GPQA,294,2,5,16,0.3125
Phi-4-Reas.,GPQA,295,7,13,16,0.8125
Phi-4-Reas.,GPQA,296,1,1,16,0.0625
Phi-4-Reas.,GPQA,297,2,9,16,0.5625
Phi-4-Reas.,GPQA,298,3,0,16,0.0
Phi-4-Reas.,GPQA,299,3,11,16,0.6875
Phi-4-Reas.,GPQA,300,2,2,16,0.125
Phi-4-Reas.,GPQA,301,5,0,16,0.0
Phi-4-Reas.,GPQA,302,1,14,16,0.875
Phi-4-Reas.,GPQA,303,1,9,16,0.5625
Phi-4-Reas.,GPQA,305,1,11,16,0.6875
Phi-4-Reas.,GPQA,306,2,9,16,0.5625
Phi-4-Reas.,GPQA,307,2,7,16,0.4375
Phi-4-Reas.,GPQA,309,3,4,16,0.25
Phi-4-Reas.,GPQA,310,1,10,16,0.625
Phi-4-Reas.,GPQA,311,2,10,16,0.625
Phi-4-Reas.,GPQA,312,2,11,16,0.6875
Phi-4-Reas.,GPQA,315,2,7,16,0.4375
Phi-4-Reas.,GPQA,316,2,9,16,0.5625
Phi-4-Reas.,GPQA,317,5,11,16,0.6875
Phi-4-Reas.,GPQA,318,1,12,16,0.75
Phi-4-Reas.,GPQA,319,2,6,16,0.375
Phi-4-Reas.,GPQA,321,3,2,16,0.125
Phi-4-Reas.,GPQA,322,3,10,16,0.625
Phi-4-Reas.,GPQA,323,1,3,16,0.1875
Phi-4-Reas.,GPQA,326,5,13,16,0.8125
Phi-4-Reas.,GPQA,327,3,14,16,0.875
Phi-4-Reas.,GPQA,328,2,6,16,0.375
Phi-4-Reas.,GPQA,329,1,3,16,0.1875
Phi-4-Reas.,GPQA,332,7,3,16,0.1875
Phi-4-Reas.,GPQA,333,3,7,16,0.4375
Phi-4-Reas.,GPQA,334,1,10,16,0.625
Phi-4-Reas.,GPQA,335,3,14,16,0.875
Phi-4-Reas.,GPQA,336,4,5,16,0.3125
Phi-4-Reas.,GPQA,337,1,7,16,0.4375
Phi-4-Reas.,GPQA,338,2,12,16,0.75
Phi-4-Reas.,GPQA,339,3,12,16,0.75
Phi-4-Reas.,GPQA,340,1,4,16,0.25
Phi-4-Reas.,GPQA,342,2,11,16,0.6875
Phi-4-Reas.,GPQA,344,3,3,16,0.1875
Phi-4-Reas.,GPQA,345,2,1,16,0.0625
Phi-4-Reas.,GPQA,346,1,3,16,0.1875
Phi-4-Reas.,GPQA,347,1,4,16,0.25
Phi-4-Reas.,GPQA,349,1,1,16,0.0625
Phi-4-Reas.,GPQA,350,1,2,16,0.125
Phi-4-Reas.,GPQA,351,2,1,16,0.0625
Phi-4-Reas.,GPQA,352,2,11,16,0.6875
Phi-4-Reas.,GPQA,353,1,12,16,0.75
Phi-4-Reas.,GPQA,354,2,7,16,0.4375
Phi-4-Reas.,GPQA,355,3,12,16,0.75
Phi-4-Reas.,GPQA,356,2,4,16,0.25
Phi-4-Reas.,GPQA,357,2,9,16,0.5625
Phi-4-Reas.,GPQA,359,4,5,16,0.3125
Phi-4-Reas.,GPQA,360,2,11,16,0.6875
Phi-4-Reas.,GPQA,361,2,15,16,0.9375
Phi-4-Reas.,GPQA,362,3,11,16,0.6875
Phi-4-Reas.,GPQA,363,3,14,16,0.875
Phi-4-Reas.,GPQA,366,1,8,16,0.5
Phi-4-Reas.,GPQA,367,2,8,16,0.5
Phi-4-Reas.,GPQA,368,1,9,16,0.5625
Phi-4-Reas.,GPQA,371,2,5,16,0.3125
Phi-4-Reas.,GPQA,372,1,7,16,0.4375
Phi-4-Reas.,GPQA,374,1,8,16,0.5
Phi-4-Reas.,GPQA,375,1,13,16,0.8125
Phi-4-Reas.,GPQA,377,2,2,16,0.125
Phi-4-Reas.,GPQA,379,2,16,16,1.0
Phi-4-Reas.,GPQA,381,2,3,16,0.1875
Phi-4-Reas.,GPQA,382,3,6,16,0.375
Phi-4-Reas.,GPQA,383,1,2,16,0.125
Phi-4-Reas.,GPQA,385,2,11,16,0.6875
Phi-4-Reas.,GPQA,386,1,4,16,0.25
Phi-4-Reas.,GPQA,387,3,11,16,0.6875
Phi-4-Reas.,GPQA,389,1,0,16,0.0
Phi-4-Reas.,GPQA,390,2,3,16,0.1875
Phi-4-Reas.,GPQA,392,1,10,16,0.625
Phi-4-Reas.,GPQA,393,2,14,16,0.875
Phi-4-Reas.,GPQA,394,1,7,16,0.4375
Phi-4-Reas.,GPQA,398,2,7,16,0.4375
Phi-4-Reas.,GPQA,399,6,12,16,0.75
Phi-4-Reas.,GPQA,400,2,11,16,0.6875
Phi-4-Reas.,GPQA,401,2,14,16,0.875
Phi-4-Reas.,GPQA,403,10,12,16,0.75
Phi-4-Reas.,GPQA,405,2,13,16,0.8125
Phi-4-Reas.,GPQA,406,1,1,16,0.0625
Phi-4-Reas.,GPQA,409,1,14,16,0.875
Phi-4-Reas.,GPQA,410,1,7,16,0.4375
Phi-4-Reas.,GPQA,411,7,14,16,0.875
Phi-4-Reas.,GPQA,414,1,4,16,0.25
Phi-4-Reas.,GPQA,416,1,14,16,0.875
Phi-4-Reas.,GPQA,417,1,5,16,0.3125
Phi-4-Reas.,GPQA,418,2,13,16,0.8125
Phi-4-Reas.,GPQA,419,1,4,16,0.25
Phi-4-Reas.,GPQA,420,1,6,16,0.375
Phi-4-Reas.,GPQA,421,1,7,16,0.4375
Phi-4-Reas.,GPQA,422,3,13,16,0.8125
Phi-4-Reas.,GPQA,423,3,12,16,0.75
Phi-4-Reas.,GPQA,426,1,2,16,0.125
Phi-4-Reas.,GPQA,428,1,1,16,0.0625
Phi-4-Reas.,GPQA,430,2,4,16,0.25
Phi-4-Reas.,GPQA,432,4,1,16,0.0625
Phi-4-Reas.,GPQA,433,1,8,16,0.5
Phi-4-Reas.,GPQA,434,1,12,16,0.75
Phi-4-Reas.,GPQA,435,1,2,16,0.125
Phi-4-Reas.,GPQA,437,1,10,16,0.625
Phi-4-Reas.,GPQA,438,1,5,16,0.3125
Phi-4-Reas.,GPQA,439,2,5,16,0.3125
Phi-4-Reas.,GPQA,440,6,8,16,0.5
Phi-4-Reas.,GPQA,441,5,3,16,0.1875
Phi-4-Reas.,GPQA,443,3,10,16,0.625
Phi-4-Reas.,GPQA,445,1,8,16,0.5
Phi-4-Reas.,GPQA,447,2,0,16,0.0
Phi-4-Reas.,GSM8K,1,1,15,16,0.9375
Phi-4-Reas.,GSM8K,3,4,16,16,1.0
Phi-4-Reas.,GSM8K,4,1,16,16,1.0
Phi-4-Reas.,GSM8K,5,1,16,16,1.0
Phi-4-Reas.,GSM8K,6,3,16,16,1.0
Phi-4-Reas.,GSM8K,7,2,14,16,0.875
Phi-4-Reas.,GSM8K,9,1,16,16,1.0
Phi-4-Reas.,GSM8K,10,1,16,16,1.0
Phi-4-Reas.,GSM8K,11,3,16,16,1.0
Phi-4-Reas.,GSM8K,12,2,2,16,0.125
Phi-4-Reas.,GSM8K,14,2,16,16,1.0
Phi-4-Reas.,GSM8K,15,2,16,16,1.0
Phi-4-Reas.,GSM8K,16,1,16,16,1.0
Phi-4-Reas.,GSM8K,17,1,16,16,1.0
Phi-4-Reas.,GSM8K,18,3,16,16,1.0
Phi-4-Reas.,GSM8K,21,1,15,16,0.9375
Phi-4-Reas.,GSM8K,22,2,16,16,1.0
Phi-4-Reas.,GSM8K,23,1,16,16,1.0
Phi-4-Reas.,GSM8K,25,2,16,16,1.0
Phi-4-Reas.,GSM8K,26,2,16,16,1.0
Phi-4-Reas.,GSM8K,27,3,16,16,1.0
Phi-4-Reas.,GSM8K,28,1,16,16,1.0
Phi-4-Reas.,GSM8K,29,1,16,16,1.0
Phi-4-Reas.,GSM8K,30,3,16,16,1.0
Phi-4-Reas.,GSM8K,31,2,16,16,1.0
Phi-4-Reas.,GSM8K,32,2,16,16,1.0
Phi-4-Reas.,GSM8K,33,1,16,16,1.0
Phi-4-Reas.,GSM8K,34,1,16,16,1.0
Phi-4-Reas.,GSM8K,35,3,16,16,1.0
Phi-4-Reas.,GSM8K,36,3,15,16,0.9375
Phi-4-Reas.,GSM8K,38,1,14,16,0.875
Phi-4-Reas.,GSM8K,39,1,16,16,1.0
Phi-4-Reas.,GSM8K,40,4,16,16,1.0
Phi-4-Reas.,GSM8K,42,2,16,16,1.0
Phi-4-Reas.,GSM8K,43,1,16,16,1.0
Phi-4-Reas.,GSM8K,44,2,16,16,1.0
Phi-4-Reas.,GSM8K,45,3,15,16,0.9375
Phi-4-Reas.,GSM8K,46,2,16,16,1.0
Phi-4-Reas.,GSM8K,47,3,16,16,1.0
Phi-4-Reas.,GSM8K,49,1,16,16,1.0
Phi-4-Reas.,GSM8K,50,1,16,16,1.0
Phi-4-Reas.,GSM8K,52,2,16,16,1.0
Phi-4-Reas.,GSM8K,53,1,16,16,1.0
Phi-4-Reas.,GSM8K,54,2,16,16,1.0
Phi-4-Reas.,GSM8K,56,1,15,16,0.9375
Phi-4-Reas.,GSM8K,57,1,12,16,0.75
Phi-4-Reas.,GSM8K,59,1,16,16,1.0
Phi-4-Reas.,GSM8K,60,1,15,16,0.9375
Phi-4-Reas.,GSM8K,62,1,6,16,0.375
Phi-4-Reas.,GSM8K,63,1,16,16,1.0
Phi-4-Reas.,GSM8K,65,1,16,16,1.0
Phi-4-Reas.,GSM8K,67,4,16,16,1.0
Phi-4-Reas.,GSM8K,68,4,16,16,1.0
Phi-4-Reas.,GSM8K,71,3,16,16,1.0
Phi-4-Reas.,GSM8K,73,1,16,16,1.0
Phi-4-Reas.,GSM8K,74,4,16,16,1.0
Phi-4-Reas.,GSM8K,75,2,16,16,1.0
Phi-4-Reas.,GSM8K,76,1,16,16,1.0
Phi-4-Reas.,GSM8K,77,2,16,16,1.0
Phi-4-Reas.,GSM8K,79,1,16,16,1.0
Phi-4-Reas.,GSM8K,80,1,16,16,1.0
Phi-4-Reas.,GSM8K,81,1,16,16,1.0
Phi-4-Reas.,GSM8K,82,1,16,16,1.0
Phi-4-Reas.,GSM8K,83,3,16,16,1.0
Phi-4-Reas.,GSM8K,84,4,15,16,0.9375
Phi-4-Reas.,GSM8K,85,1,8,16,0.5
Phi-4-Reas.,GSM8K,86,1,16,16,1.0
Phi-4-Reas.,GSM8K,88,4,16,16,1.0
Phi-4-Reas.,GSM8K,90,3,15,16,0.9375
Phi-4-Reas.,GSM8K,91,4,16,16,1.0
Phi-4-Reas.,GSM8K,92,3,16,16,1.0
Phi-4-Reas.,GSM8K,94,2,16,16,1.0
Phi-4-Reas.,GSM8K,95,2,16,16,1.0
Phi-4-Reas.,GSM8K,96,2,16,16,1.0
Phi-4-Reas.,GSM8K,97,1,16,16,1.0
Phi-4-Reas.,GSM8K,101,2,15,16,0.9375
Phi-4-Reas.,GSM8K,104,3,16,16,1.0
Phi-4-Reas.,GSM8K,105,2,16,16,1.0
Phi-4-Reas.,GSM8K,106,1,16,16,1.0
Phi-4-Reas.,GSM8K,107,1,15,16,0.9375
Phi-4-Reas.,GSM8K,108,2,16,16,1.0
Phi-4-Reas.,GSM8K,110,2,15,16,0.9375
Phi-4-Reas.,GSM8K,111,2,16,16,1.0
Phi-4-Reas.,GSM8K,112,1,16,16,1.0
Phi-4-Reas.,GSM8K,113,1,15,16,0.9375
Phi-4-Reas.,GSM8K,114,1,14,16,0.875
Phi-4-Reas.,GSM8K,115,1,16,16,1.0
Phi-4-Reas.,GSM8K,117,4,16,16,1.0
Phi-4-Reas.,GSM8K,118,3,16,16,1.0
Phi-4-Reas.,GSM8K,122,1,16,16,1.0
Phi-4-Reas.,GSM8K,123,2,16,16,1.0
Phi-4-Reas.,GSM8K,124,1,16,16,1.0
Phi-4-Reas.,GSM8K,125,1,16,16,1.0
Phi-4-Reas.,GSM8K,126,5,16,16,1.0
Phi-4-Reas.,GSM8K,127,1,16,16,1.0
Phi-4-Reas.,GSM8K,129,1,16,16,1.0
Phi-4-Reas.,GSM8K,130,1,15,16,0.9375
Phi-4-Reas.,GSM8K,132,1,15,16,0.9375
Phi-4-Reas.,GSM8K,133,3,16,16,1.0
Phi-4-Reas.,GSM8K,134,3,16,16,1.0
Phi-4-Reas.,GSM8K,135,1,16,16,1.0
Phi-4-Reas.,GSM8K,136,2,16,16,1.0
Phi-4-Reas.,GSM8K,137,1,16,16,1.0
Phi-4-Reas.,GSM8K,138,1,16,16,1.0
Phi-4-Reas.,GSM8K,141,4,16,16,1.0
Phi-4-Reas.,GSM8K,142,1,16,16,1.0
Phi-4-Reas.,GSM8K,143,1,16,16,1.0
Phi-4-Reas.,GSM8K,144,1,16,16,1.0
Phi-4-Reas.,GSM8K,145,1,16,16,1.0
Phi-4-Reas.,GSM8K,146,1,16,16,1.0
Phi-4-Reas.,GSM8K,149,2,16,16,1.0
Phi-4-Reas.,GSM8K,150,2,14,16,0.875
Phi-4-Reas.,GSM8K,151,2,16,16,1.0
Phi-4-Reas.,GSM8K,152,1,16,16,1.0
Phi-4-Reas.,GSM8K,153,1,16,16,1.0
Phi-4-Reas.,GSM8K,154,3,16,16,1.0
Phi-4-Reas.,GSM8K,155,4,16,16,1.0
Phi-4-Reas.,GSM8K,156,4,15,16,0.9375
Phi-4-Reas.,GSM8K,158,1,16,16,1.0
Phi-4-Reas.,GSM8K,159,1,16,16,1.0
Phi-4-Reas.,GSM8K,160,2,16,16,1.0
Phi-4-Reas.,GSM8K,161,2,15,16,0.9375
Phi-4-Reas.,GSM8K,162,1,16,16,1.0
Phi-4-Reas.,GSM8K,164,1,16,16,1.0
Phi-4-Reas.,GSM8K,166,1,16,16,1.0
Phi-4-Reas.,GSM8K,167,3,16,16,1.0
Phi-4-Reas.,GSM8K,168,1,16,16,1.0
Phi-4-Reas.,GSM8K,169,3,16,16,1.0
Phi-4-Reas.,GSM8K,171,2,16,16,1.0
Phi-4-Reas.,GSM8K,172,3,16,16,1.0
Phi-4-Reas.,GSM8K,173,1,16,16,1.0
Phi-4-Reas.,GSM8K,174,2,15,16,0.9375
Phi-4-Reas.,GSM8K,176,1,16,16,1.0
Phi-4-Reas.,GSM8K,177,1,16,16,1.0
Phi-4-Reas.,GSM8K,178,2,15,16,0.9375
Phi-4-Reas.,GSM8K,179,4,16,16,1.0
Phi-4-Reas.,GSM8K,181,2,16,16,1.0
Phi-4-Reas.,GSM8K,183,2,16,16,1.0
Phi-4-Reas.,GSM8K,184,1,16,16,1.0
Phi-4-Reas.,GSM8K,185,3,16,16,1.0
Phi-4-Reas.,GSM8K,187,1,0,16,0.0
Phi-4-Reas.,GSM8K,188,1,16,16,1.0
Phi-4-Reas.,GSM8K,190,3,16,16,1.0
Phi-4-Reas.,GSM8K,191,1,16,16,1.0
Phi-4-Reas.,GSM8K,192,1,16,16,1.0
Phi-4-Reas.,GSM8K,193,1,15,16,0.9375
Phi-4-Reas.,GSM8K,195,4,16,16,1.0
Phi-4-Reas.,GSM8K,196,2,16,16,1.0
Phi-4-Reas.,GSM8K,197,1,14,16,0.875
Phi-4-Reas.,GSM8K,198,3,16,16,1.0
Phi-4-Reas.,GSM8K,200,5,16,16,1.0
Phi-4-Reas.,GSM8K,202,5,16,16,1.0
Phi-4-Reas.,GSM8K,203,1,16,16,1.0
Phi-4-Reas.,GSM8K,204,3,16,16,1.0
Phi-4-Reas.,GSM8K,206,2,16,16,1.0
Phi-4-Reas.,GSM8K,207,1,16,16,1.0
Phi-4-Reas.,GSM8K,208,3,16,16,1.0
Phi-4-Reas.,GSM8K,209,1,16,16,1.0
Phi-4-Reas.,GSM8K,211,3,16,16,1.0
Phi-4-Reas.,GSM8K,212,4,16,16,1.0
Phi-4-Reas.,GSM8K,213,1,16,16,1.0
Phi-4-Reas.,GSM8K,214,1,16,16,1.0
Phi-4-Reas.,GSM8K,215,1,16,16,1.0
Phi-4-Reas.,GSM8K,216,1,16,16,1.0
Phi-4-Reas.,GSM8K,218,3,16,16,1.0
Phi-4-Reas.,GSM8K,219,1,16,16,1.0
Phi-4-Reas.,GSM8K,220,1,15,16,0.9375
Phi-4-Reas.,GSM8K,222,3,16,16,1.0
Phi-4-Reas.,GSM8K,223,2,15,16,0.9375
Phi-4-Reas.,GSM8K,224,3,16,16,1.0
Phi-4-Reas.,GSM8K,225,2,16,16,1.0
Phi-4-Reas.,GSM8K,226,2,16,16,1.0
Phi-4-Reas.,GSM8K,227,3,16,16,1.0
Phi-4-Reas.,GSM8K,228,2,16,16,1.0
Phi-4-Reas.,GSM8K,229,1,16,16,1.0
Phi-4-Reas.,GSM8K,231,5,16,16,1.0
Phi-4-Reas.,GSM8K,232,2,14,16,0.875
Phi-4-Reas.,GSM8K,233,1,16,16,1.0
Phi-4-Reas.,GSM8K,234,1,16,16,1.0
Phi-4-Reas.,GSM8K,235,2,16,16,1.0
Phi-4-Reas.,GSM8K,237,2,16,16,1.0
Phi-4-Reas.,GSM8K,238,6,16,16,1.0
Phi-4-Reas.,GSM8K,240,3,16,16,1.0
Phi-4-Reas.,GSM8K,241,1,10,16,0.625
Phi-4-Reas.,GSM8K,244,2,15,16,0.9375
Phi-4-Reas.,GSM8K,246,3,15,16,0.9375
Phi-4-Reas.,GSM8K,247,1,16,16,1.0
Phi-4-Reas.,GSM8K,248,2,16,16,1.0
Phi-4-Reas.,GSM8K,249,4,16,16,1.0
Phi-4-Reas.,GSM8K,250,4,16,16,1.0
Phi-4-Reas.,GSM8K,251,1,15,16,0.9375
Phi-4-Reas.,GSM8K,252,2,16,16,1.0
Phi-4-Reas.,GSM8K,253,2,16,16,1.0
Phi-4-Reas.,GSM8K,254,4,15,16,0.9375
Phi-4-Reas.,GSM8K,255,1,0,16,0.0
Phi-4-Reas.,GSM8K,256,9,16,16,1.0
Phi-4-Reas.,GSM8K,257,3,16,16,1.0
Phi-4-Reas.,GSM8K,258,1,16,16,1.0
Phi-4-Reas.,GSM8K,259,3,16,16,1.0
Phi-4-Reas.,GSM8K,261,1,16,16,1.0
Phi-4-Reas.,GSM8K,263,1,16,16,1.0
Phi-4-Reas.,GSM8K,264,2,16,16,1.0
Phi-4-Reas.,GSM8K,265,6,16,16,1.0
Phi-4-Reas.,GSM8K,266,3,15,16,0.9375
Phi-4-Reas.,GSM8K,268,4,16,16,1.0
Phi-4-Reas.,GSM8K,269,2,16,16,1.0
Phi-4-Reas.,GSM8K,270,3,15,16,0.9375
Phi-4-Reas.,GSM8K,271,1,16,16,1.0
Phi-4-Reas.,GSM8K,272,4,16,16,1.0
Phi-4-Reas.,GSM8K,273,1,16,16,1.0
Phi-4-Reas.,GSM8K,274,1,16,16,1.0
Phi-4-Reas.,GSM8K,276,3,16,16,1.0
Phi-4-Reas.,GSM8K,277,1,16,16,1.0
Phi-4-Reas.,GSM8K,278,4,16,16,1.0
Phi-4-Reas.,GSM8K,279,7,16,16,1.0
Phi-4-Reas.,GSM8K,280,2,16,16,1.0
Phi-4-Reas.,GSM8K,281,4,16,16,1.0
Phi-4-Reas.,GSM8K,282,2,16,16,1.0
Phi-4-Reas.,GSM8K,283,1,16,16,1.0
Phi-4-Reas.,GSM8K,284,2,15,16,0.9375
Phi-4-Reas.,GSM8K,285,3,16,16,1.0
Phi-4-Reas.,GSM8K,287,2,16,16,1.0
Phi-4-Reas.,GSM8K,288,3,14,16,0.875
Phi-4-Reas.,GSM8K,290,1,16,16,1.0
Phi-4-Reas.,GSM8K,292,1,16,16,1.0
Phi-4-Reas.,GSM8K,293,1,16,16,1.0
Phi-4-Reas.,GSM8K,294,3,16,16,1.0
Phi-4-Reas.,GSM8K,295,2,16,16,1.0
Phi-4-Reas.,GSM8K,298,1,13,16,0.8125
Phi-4-Reas.,GSM8K,302,1,16,16,1.0
Phi-4-Reas.,GSM8K,304,1,11,16,0.6875
Phi-4-Reas.,GSM8K,305,2,16,16,1.0
Phi-4-Reas.,GSM8K,306,2,2,16,0.125
Phi-4-Reas.,GSM8K,308,1,16,16,1.0
Phi-4-Reas.,GSM8K,309,1,15,16,0.9375
Phi-4-Reas.,GSM8K,310,1,16,16,1.0
Phi-4-Reas.,GSM8K,311,1,16,16,1.0
Phi-4-Reas.,GSM8K,312,4,15,16,0.9375
Phi-4-Reas.,GSM8K,313,2,16,16,1.0
Phi-4-Reas.,GSM8K,314,6,16,16,1.0
Phi-4-Reas.,GSM8K,317,1,16,16,1.0
Phi-4-Reas.,GSM8K,318,2,16,16,1.0
Phi-4-Reas.,GSM8K,321,2,16,16,1.0
Phi-4-Reas.,GSM8K,325,1,15,16,0.9375
Phi-4-Reas.,GSM8K,326,3,16,16,1.0
Phi-4-Reas.,GSM8K,327,5,16,16,1.0
Phi-4-Reas.,GSM8K,329,2,16,16,1.0
Phi-4-Reas.,GSM8K,330,1,16,16,1.0
Phi-4-Reas.,GSM8K,332,1,16,16,1.0
Phi-4-Reas.,GSM8K,333,5,16,16,1.0
Phi-4-Reas.,GSM8K,334,2,15,16,0.9375
Phi-4-Reas.,GSM8K,335,1,16,16,1.0
Phi-4-Reas.,GSM8K,337,3,16,16,1.0
Phi-4-Reas.,GSM8K,338,1,16,16,1.0
Phi-4-Reas.,GSM8K,339,1,16,16,1.0
Phi-4-Reas.,GSM8K,341,3,15,16,0.9375
Phi-4-Reas.,GSM8K,343,1,16,16,1.0
Phi-4-Reas.,GSM8K,344,4,16,16,1.0
Phi-4-Reas.,GSM8K,345,1,16,16,1.0
Phi-4-Reas.,GSM8K,346,1,16,16,1.0
Phi-4-Reas.,GSM8K,348,1,15,16,0.9375
Phi-4-Reas.,GSM8K,349,1,16,16,1.0
Phi-4-Reas.,GSM8K,350,1,16,16,1.0
Phi-4-Reas.,GSM8K,351,1,16,16,1.0
Phi-4-Reas.,GSM8K,354,3,16,16,1.0
Phi-4-Reas.,GSM8K,355,3,16,16,1.0
Phi-4-Reas.,GSM8K,358,1,16,16,1.0
Phi-4-Reas.,GSM8K,359,4,16,16,1.0
Phi-4-Reas.,GSM8K,361,1,16,16,1.0
Phi-4-Reas.,GSM8K,362,2,16,16,1.0
Phi-4-Reas.,GSM8K,363,1,16,16,1.0
Phi-4-Reas.,GSM8K,364,1,16,16,1.0
Phi-4-Reas.,GSM8K,365,1,15,16,0.9375
Phi-4-Reas.,GSM8K,367,1,16,16,1.0
Phi-4-Reas.,GSM8K,368,1,0,16,0.0
Phi-4-Reas.,GSM8K,372,2,16,16,1.0
Phi-4-Reas.,GSM8K,374,3,16,16,1.0
Phi-4-Reas.,GSM8K,375,1,16,16,1.0
Phi-4-Reas.,GSM8K,377,1,16,16,1.0
Phi-4-Reas.,GSM8K,378,1,16,16,1.0
Phi-4-Reas.,GSM8K,379,1,16,16,1.0
Phi-4-Reas.,GSM8K,380,1,2,16,0.125
Phi-4-Reas.,GSM8K,381,5,15,16,0.9375
Phi-4-Reas.,GSM8K,382,2,16,16,1.0
Phi-4-Reas.,GSM8K,383,2,16,16,1.0
Phi-4-Reas.,GSM8K,384,1,16,16,1.0
Phi-4-Reas.,GSM8K,385,1,16,16,1.0
Phi-4-Reas.,GSM8K,387,1,16,16,1.0
Phi-4-Reas.,GSM8K,389,1,16,16,1.0
Phi-4-Reas.,GSM8K,390,2,16,16,1.0
Phi-4-Reas.,GSM8K,391,4,16,16,1.0
Phi-4-Reas.,GSM8K,395,1,16,16,1.0
Phi-4-Reas.,GSM8K,396,2,16,16,1.0
Phi-4-Reas.,GSM8K,397,1,16,16,1.0
Phi-4-Reas.,GSM8K,398,6,16,16,1.0
Phi-4-Reas.,GSM8K,399,4,16,16,1.0
Phi-4-Reas.,GSM8K,401,1,16,16,1.0
Phi-4-Reas.,GSM8K,402,2,16,16,1.0
Phi-4-Reas.,GSM8K,404,2,16,16,1.0
Phi-4-Reas.,GSM8K,405,2,16,16,1.0
Phi-4-Reas.,GSM8K,407,2,16,16,1.0
Phi-4-Reas.,GSM8K,409,1,9,16,0.5625
Phi-4-Reas.,GSM8K,412,3,16,16,1.0
Phi-4-Reas.,GSM8K,413,1,16,16,1.0
Phi-4-Reas.,GSM8K,414,1,16,16,1.0
Phi-4-Reas.,GSM8K,415,1,15,16,0.9375
Phi-4-Reas.,GSM8K,416,4,16,16,1.0
Phi-4-Reas.,GSM8K,417,3,16,16,1.0
Phi-4-Reas.,GSM8K,420,3,16,16,1.0
Phi-4-Reas.,GSM8K,421,1,16,16,1.0
Phi-4-Reas.,GSM8K,422,1,16,16,1.0
Phi-4-Reas.,GSM8K,424,4,16,16,1.0
Phi-4-Reas.,GSM8K,425,1,15,16,0.9375
Phi-4-Reas.,GSM8K,426,2,16,16,1.0
Phi-4-Reas.,GSM8K,429,3,16,16,1.0
Phi-4-Reas.,GSM8K,430,1,16,16,1.0
Phi-4-Reas.,GSM8K,431,1,16,16,1.0
Phi-4-Reas.,GSM8K,432,5,16,16,1.0
Phi-4-Reas.,GSM8K,433,1,15,16,0.9375
Phi-4-Reas.,GSM8K,434,1,16,16,1.0
Phi-4-Reas.,GSM8K,435,2,16,16,1.0
Phi-4-Reas.,GSM8K,436,1,16,16,1.0
Phi-4-Reas.,GSM8K,437,1,16,16,1.0
Phi-4-Reas.,GSM8K,438,4,16,16,1.0
Phi-4-Reas.,GSM8K,440,1,16,16,1.0
Phi-4-Reas.,GSM8K,441,1,16,16,1.0
Phi-4-Reas.,GSM8K,443,1,15,16,0.9375
Phi-4-Reas.,GSM8K,444,1,16,16,1.0
Phi-4-Reas.,GSM8K,446,1,16,16,1.0
Phi-4-Reas.,GSM8K,447,2,16,16,1.0
Phi-4-Reas.,GSM8K,448,1,16,16,1.0
Phi-4-Reas.,GSM8K,450,1,15,16,0.9375
Phi-4-Reas.,GSM8K,452,6,16,16,1.0
Phi-4-Reas.,GSM8K,453,1,16,16,1.0
Phi-4-Reas.,GSM8K,454,4,0,16,0.0
Phi-4-Reas.,GSM8K,455,3,16,16,1.0
Phi-4-Reas.,GSM8K,456,2,16,16,1.0
Phi-4-Reas.,GSM8K,457,1,15,16,0.9375
Phi-4-Reas.,GSM8K,458,2,16,16,1.0
Phi-4-Reas.,GSM8K,459,3,16,16,1.0
Phi-4-Reas.,GSM8K,460,4,16,16,1.0
Phi-4-Reas.,GSM8K,461,1,16,16,1.0
Phi-4-Reas.,GSM8K,462,5,16,16,1.0
Phi-4-Reas.,GSM8K,464,6,15,16,0.9375
Phi-4-Reas.,GSM8K,465,5,15,16,0.9375
Phi-4-Reas.,GSM8K,466,2,16,16,1.0
Phi-4-Reas.,GSM8K,467,3,16,16,1.0
Phi-4-Reas.,GSM8K,468,1,16,16,1.0
Phi-4-Reas.,GSM8K,469,3,16,16,1.0
Phi-4-Reas.,GSM8K,470,1,16,16,1.0
Phi-4-Reas.,GSM8K,472,2,16,16,1.0
Phi-4-Reas.,GSM8K,473,1,16,16,1.0
Phi-4-Reas.,GSM8K,474,3,16,16,1.0
Phi-4-Reas.,GSM8K,476,1,16,16,1.0
Phi-4-Reas.,GSM8K,477,1,16,16,1.0
Phi-4-Reas.,GSM8K,478,2,16,16,1.0
Phi-4-Reas.,GSM8K,479,1,16,16,1.0
Phi-4-Reas.,GSM8K,481,3,16,16,1.0
Phi-4-Reas.,GSM8K,482,1,16,16,1.0
Phi-4-Reas.,GSM8K,484,1,16,16,1.0
Phi-4-Reas.,GSM8K,486,2,16,16,1.0
Phi-4-Reas.,GSM8K,487,2,16,16,1.0
Phi-4-Reas.,GSM8K,489,2,16,16,1.0
Phi-4-Reas.,GSM8K,490,2,16,16,1.0
Phi-4-Reas.,GSM8K,491,1,16,16,1.0
Phi-4-Reas.,GSM8K,492,1,16,16,1.0
Phi-4-Reas.,GSM8K,493,3,14,16,0.875
Phi-4-Reas.,GSM8K,495,1,16,16,1.0
Phi-4-Reas.,GSM8K,496,1,16,16,1.0
Phi-4-Reas.,GSM8K,497,1,16,16,1.0
Phi-4-Reas.,GSM8K,498,7,16,16,1.0
Phi-4-Reas.,GSM8K,499,1,16,16,1.0
Phi-4-Reas.,GSM8K,500,8,16,16,1.0
Phi-4-Reas.,GSM8K,501,2,16,16,1.0
Phi-4-Reas.,GSM8K,503,2,15,16,0.9375
Phi-4-Reas.,GSM8K,506,2,15,16,0.9375
Phi-4-Reas.,GSM8K,507,1,16,16,1.0
Phi-4-Reas.,GSM8K,508,3,15,16,0.9375
Phi-4-Reas.,GSM8K,512,1,16,16,1.0
Phi-4-Reas.,GSM8K,513,3,16,16,1.0
Phi-4-Reas.,GSM8K,514,2,16,16,1.0
Phi-4-Reas.,GSM8K,517,1,16,16,1.0
Phi-4-Reas.,GSM8K,519,2,16,16,1.0
Phi-4-Reas.,GSM8K,520,1,15,16,0.9375
Phi-4-Reas.,GSM8K,522,8,16,16,1.0
Phi-4-Reas.,GSM8K,523,2,16,16,1.0
Phi-4-Reas.,GSM8K,524,2,16,16,1.0
Phi-4-Reas.,GSM8K,526,1,16,16,1.0
Phi-4-Reas.,GSM8K,528,2,16,16,1.0
Phi-4-Reas.,GSM8K,529,1,14,16,0.875
Phi-4-Reas.,GSM8K,530,1,16,16,1.0
Phi-4-Reas.,GSM8K,532,2,16,16,1.0
Phi-4-Reas.,GSM8K,533,5,16,16,1.0
Phi-4-Reas.,GSM8K,536,5,16,16,1.0
Phi-4-Reas.,GSM8K,537,3,16,16,1.0
Phi-4-Reas.,GSM8K,538,1,16,16,1.0
Phi-4-Reas.,GSM8K,541,1,16,16,1.0
Phi-4-Reas.,GSM8K,542,2,16,16,1.0
Phi-4-Reas.,GSM8K,543,3,16,16,1.0
Phi-4-Reas.,GSM8K,545,2,16,16,1.0
Phi-4-Reas.,GSM8K,546,1,16,16,1.0
Phi-4-Reas.,GSM8K,547,2,16,16,1.0
Phi-4-Reas.,GSM8K,548,1,16,16,1.0
Phi-4-Reas.,GSM8K,549,1,16,16,1.0
Phi-4-Reas.,GSM8K,550,2,16,16,1.0
Phi-4-Reas.,GSM8K,551,3,16,16,1.0
Phi-4-Reas.,GSM8K,552,2,16,16,1.0
Phi-4-Reas.,GSM8K,553,2,16,16,1.0
Phi-4-Reas.,GSM8K,554,3,16,16,1.0
Phi-4-Reas.,GSM8K,555,3,16,16,1.0
Phi-4-Reas.,GSM8K,556,4,15,16,0.9375
Phi-4-Reas.,GSM8K,557,2,16,16,1.0
Phi-4-Reas.,GSM8K,558,4,16,16,1.0
Phi-4-Reas.,GSM8K,559,1,16,16,1.0
Phi-4-Reas.,GSM8K,560,5,15,16,0.9375
Phi-4-Reas.,GSM8K,561,7,16,16,1.0
Phi-4-Reas.,GSM8K,562,1,16,16,1.0
Phi-4-Reas.,GSM8K,565,4,16,16,1.0
Phi-4-Reas.,GSM8K,566,2,16,16,1.0
Phi-4-Reas.,GSM8K,567,1,16,16,1.0
Phi-4-Reas.,GSM8K,568,4,16,16,1.0
Phi-4-Reas.,GSM8K,570,1,16,16,1.0
Phi-4-Reas.,GSM8K,571,3,16,16,1.0
Phi-4-Reas.,GSM8K,572,2,15,16,0.9375
Phi-4-Reas.,GSM8K,574,2,16,16,1.0
Phi-4-Reas.,GSM8K,575,2,16,16,1.0
Phi-4-Reas.,GSM8K,576,1,16,16,1.0
Phi-4-Reas.,GSM8K,577,1,16,16,1.0
Phi-4-Reas.,GSM8K,579,5,16,16,1.0
Phi-4-Reas.,GSM8K,581,4,16,16,1.0
Phi-4-Reas.,GSM8K,582,2,15,16,0.9375
Phi-4-Reas.,GSM8K,583,1,15,16,0.9375
Phi-4-Reas.,GSM8K,584,1,16,16,1.0
Phi-4-Reas.,GSM8K,585,2,16,16,1.0
Phi-4-Reas.,GSM8K,586,3,16,16,1.0
Phi-4-Reas.,GSM8K,587,6,16,16,1.0
Phi-4-Reas.,GSM8K,589,2,16,16,1.0
Phi-4-Reas.,GSM8K,590,1,3,16,0.1875
Phi-4-Reas.,GSM8K,591,5,16,16,1.0
Phi-4-Reas.,GSM8K,594,4,16,16,1.0
Phi-4-Reas.,GSM8K,595,2,15,16,0.9375
Phi-4-Reas.,GSM8K,597,3,16,16,1.0
Phi-4-Reas.,GSM8K,598,1,16,16,1.0
Phi-4-Reas.,GSM8K,599,2,16,16,1.0
Phi-4-Reas.,GSM8K,601,1,13,16,0.8125
Phi-4-Reas.,GSM8K,603,1,16,16,1.0
Phi-4-Reas.,GSM8K,604,2,16,16,1.0
Phi-4-Reas.,GSM8K,605,5,16,16,1.0
Phi-4-Reas.,GSM8K,608,1,15,16,0.9375
Phi-4-Reas.,GSM8K,610,2,16,16,1.0
Phi-4-Reas.,GSM8K,612,2,16,16,1.0
Phi-4-Reas.,GSM8K,613,2,15,16,0.9375
Phi-4-Reas.,GSM8K,615,7,16,16,1.0
Phi-4-Reas.,GSM8K,616,2,16,16,1.0
Phi-4-Reas.,GSM8K,617,1,16,16,1.0
Phi-4-Reas.,GSM8K,618,2,16,16,1.0
Phi-4-Reas.,GSM8K,619,2,16,16,1.0
Phi-4-Reas.,GSM8K,621,1,16,16,1.0
Phi-4-Reas.,GSM8K,622,2,16,16,1.0
Phi-4-Reas.,GSM8K,623,4,16,16,1.0
Phi-4-Reas.,GSM8K,624,5,16,16,1.0
Phi-4-Reas.,GSM8K,627,3,16,16,1.0
Phi-4-Reas.,GSM8K,628,1,16,16,1.0
Phi-4-Reas.,GSM8K,629,3,16,16,1.0
Phi-4-Reas.,GSM8K,630,3,15,16,0.9375
Phi-4-Reas.,GSM8K,631,3,16,16,1.0
Phi-4-Reas.,GSM8K,632,5,16,16,1.0
Phi-4-Reas.,GSM8K,633,4,16,16,1.0
Phi-4-Reas.,GSM8K,634,2,15,16,0.9375
Phi-4-Reas.,GSM8K,637,1,16,16,1.0
Phi-4-Reas.,GSM8K,638,2,16,16,1.0
Phi-4-Reas.,GSM8K,639,1,16,16,1.0
Phi-4-Reas.,GSM8K,640,2,14,16,0.875
Phi-4-Reas.,GSM8K,642,1,16,16,1.0
Phi-4-Reas.,GSM8K,644,4,16,16,1.0
Phi-4-Reas.,GSM8K,645,2,16,16,1.0
Phi-4-Reas.,GSM8K,646,2,16,16,1.0
Phi-4-Reas.,GSM8K,647,3,16,16,1.0
Phi-4-Reas.,GSM8K,649,1,0,16,0.0
Phi-4-Reas.,GSM8K,650,2,16,16,1.0
Phi-4-Reas.,GSM8K,651,3,15,16,0.9375
Phi-4-Reas.,GSM8K,652,2,4,16,0.25
Phi-4-Reas.,GSM8K,653,1,16,16,1.0
Phi-4-Reas.,GSM8K,655,1,16,16,1.0
Phi-4-Reas.,GSM8K,657,3,16,16,1.0
Phi-4-Reas.,GSM8K,658,1,16,16,1.0
Phi-4-Reas.,GSM8K,659,8,16,16,1.0
Phi-4-Reas.,GSM8K,660,1,15,16,0.9375
Phi-4-Reas.,GSM8K,662,1,16,16,1.0
Phi-4-Reas.,GSM8K,663,1,16,16,1.0
Phi-4-Reas.,GSM8K,664,1,14,16,0.875
Phi-4-Reas.,GSM8K,665,4,16,16,1.0
Phi-4-Reas.,GSM8K,667,3,16,16,1.0
Phi-4-Reas.,GSM8K,668,1,16,16,1.0
Phi-4-Reas.,GSM8K,669,2,16,16,1.0
Phi-4-Reas.,GSM8K,670,2,16,16,1.0
Phi-4-Reas.,GSM8K,671,1,16,16,1.0
Phi-4-Reas.,GSM8K,673,1,16,16,1.0
Phi-4-Reas.,GSM8K,674,1,16,16,1.0
Phi-4-Reas.,GSM8K,676,3,16,16,1.0
Phi-4-Reas.,GSM8K,678,1,16,16,1.0
Phi-4-Reas.,GSM8K,679,2,16,16,1.0
Phi-4-Reas.,GSM8K,680,2,16,16,1.0
Phi-4-Reas.,GSM8K,681,4,16,16,1.0
Phi-4-Reas.,GSM8K,682,2,16,16,1.0
Phi-4-Reas.,GSM8K,683,1,16,16,1.0
Phi-4-Reas.,GSM8K,685,3,16,16,1.0
Phi-4-Reas.,GSM8K,686,4,16,16,1.0
Phi-4-Reas.,GSM8K,687,3,16,16,1.0
Phi-4-Reas.,GSM8K,688,2,16,16,1.0
Phi-4-Reas.,GSM8K,689,2,16,16,1.0
Phi-4-Reas.,GSM8K,693,6,16,16,1.0
Phi-4-Reas.,GSM8K,694,1,16,16,1.0
Phi-4-Reas.,GSM8K,695,1,16,16,1.0
Phi-4-Reas.,GSM8K,696,4,16,16,1.0
Phi-4-Reas.,GSM8K,699,1,16,16,1.0
Phi-4-Reas.,GSM8K,700,2,16,16,1.0
Phi-4-Reas.,GSM8K,702,1,16,16,1.0
Phi-4-Reas.,GSM8K,703,3,16,16,1.0
Phi-4-Reas.,GSM8K,705,1,16,16,1.0
Phi-4-Reas.,GSM8K,707,1,16,16,1.0
Phi-4-Reas.,GSM8K,709,3,15,16,0.9375
Phi-4-Reas.,GSM8K,710,5,16,16,1.0
Phi-4-Reas.,GSM8K,711,1,12,16,0.75
Phi-4-Reas.,GSM8K,712,3,16,16,1.0
Phi-4-Reas.,GSM8K,713,2,16,16,1.0
Phi-4-Reas.,GSM8K,714,2,16,16,1.0
Phi-4-Reas.,GSM8K,715,2,15,16,0.9375
Phi-4-Reas.,GSM8K,716,1,16,16,1.0
Phi-4-Reas.,GSM8K,717,1,16,16,1.0
Phi-4-Reas.,GSM8K,718,1,16,16,1.0
Phi-4-Reas.,GSM8K,719,5,16,16,1.0
Phi-4-Reas.,GSM8K,721,1,15,16,0.9375
Phi-4-Reas.,GSM8K,723,3,16,16,1.0
Phi-4-Reas.,GSM8K,724,4,14,16,0.875
Phi-4-Reas.,GSM8K,725,1,15,16,0.9375
Phi-4-Reas.,GSM8K,726,3,15,16,0.9375
Phi-4-Reas.,GSM8K,727,2,16,16,1.0
Phi-4-Reas.,GSM8K,728,2,16,16,1.0
Phi-4-Reas.,GSM8K,729,2,16,16,1.0
Phi-4-Reas.,GSM8K,732,2,16,16,1.0
Phi-4-Reas.,GSM8K,734,2,16,16,1.0
Phi-4-Reas.,GSM8K,735,4,16,16,1.0
Phi-4-Reas.,GSM8K,736,2,16,16,1.0
Phi-4-Reas.,GSM8K,737,1,16,16,1.0
Phi-4-Reas.,GSM8K,738,1,16,16,1.0
Phi-4-Reas.,GSM8K,739,1,16,16,1.0
Phi-4-Reas.,GSM8K,741,4,16,16,1.0
Phi-4-Reas.,GSM8K,742,1,16,16,1.0
Phi-4-Reas.,GSM8K,743,1,16,16,1.0
Phi-4-Reas.,GSM8K,744,1,16,16,1.0
Phi-4-Reas.,GSM8K,745,2,14,16,0.875
Phi-4-Reas.,GSM8K,746,4,16,16,1.0
Phi-4-Reas.,GSM8K,748,4,16,16,1.0
Phi-4-Reas.,GSM8K,750,1,16,16,1.0
Phi-4-Reas.,GSM8K,751,2,16,16,1.0
Phi-4-Reas.,GSM8K,752,1,5,16,0.3125
Phi-4-Reas.,GSM8K,753,1,14,16,0.875
Phi-4-Reas.,GSM8K,755,2,16,16,1.0
Phi-4-Reas.,GSM8K,756,1,16,16,1.0
Phi-4-Reas.,GSM8K,757,4,16,16,1.0
Phi-4-Reas.,GSM8K,758,2,16,16,1.0
Phi-4-Reas.,GSM8K,759,2,16,16,1.0
Phi-4-Reas.,GSM8K,760,1,15,16,0.9375
Phi-4-Reas.,GSM8K,761,5,16,16,1.0
Phi-4-Reas.,GSM8K,763,2,16,16,1.0
Phi-4-Reas.,GSM8K,765,1,16,16,1.0
Phi-4-Reas.,GSM8K,766,3,16,16,1.0
Phi-4-Reas.,GSM8K,767,2,16,16,1.0
Phi-4-Reas.,GSM8K,768,1,0,16,0.0
Phi-4-Reas.,GSM8K,769,1,16,16,1.0
Phi-4-Reas.,GSM8K,771,2,16,16,1.0
Phi-4-Reas.,GSM8K,772,1,16,16,1.0
Phi-4-Reas.,GSM8K,773,2,16,16,1.0
Phi-4-Reas.,GSM8K,774,1,16,16,1.0
Phi-4-Reas.,GSM8K,775,2,16,16,1.0
Phi-4-Reas.,GSM8K,776,3,14,16,0.875
Phi-4-Reas.,GSM8K,778,3,16,16,1.0
Phi-4-Reas.,GSM8K,779,2,15,16,0.9375
Phi-4-Reas.,GSM8K,781,1,15,16,0.9375
Phi-4-Reas.,GSM8K,782,1,0,16,0.0
Phi-4-Reas.,GSM8K,783,1,16,16,1.0
Phi-4-Reas.,GSM8K,785,2,16,16,1.0
Phi-4-Reas.,GSM8K,786,4,15,16,0.9375
Phi-4-Reas.,GSM8K,791,4,16,16,1.0
Phi-4-Reas.,GSM8K,793,1,15,16,0.9375
Phi-4-Reas.,GSM8K,794,3,16,16,1.0
Phi-4-Reas.,GSM8K,795,2,16,16,1.0
Phi-4-Reas.,GSM8K,797,2,15,16,0.9375
Phi-4-Reas.,GSM8K,798,1,15,16,0.9375
Phi-4-Reas.,GSM8K,799,8,16,16,1.0
Phi-4-Reas.,GSM8K,801,4,14,16,0.875
Phi-4-Reas.,GSM8K,802,4,16,16,1.0
Phi-4-Reas.,GSM8K,803,3,15,16,0.9375
Phi-4-Reas.,GSM8K,805,2,16,16,1.0
Phi-4-Reas.,GSM8K,806,4,16,16,1.0
Phi-4-Reas.,GSM8K,808,1,16,16,1.0
Phi-4-Reas.,GSM8K,810,2,16,16,1.0
Phi-4-Reas.,GSM8K,812,2,16,16,1.0
Phi-4-Reas.,GSM8K,814,2,0,16,0.0
Phi-4-Reas.,GSM8K,815,1,16,16,1.0
Phi-4-Reas.,GSM8K,816,1,16,16,1.0
Phi-4-Reas.,GSM8K,817,1,16,16,1.0
Phi-4-Reas.,GSM8K,818,1,16,16,1.0
Phi-4-Reas.,GSM8K,819,1,16,16,1.0
Phi-4-Reas.,GSM8K,820,1,16,16,1.0
Phi-4-Reas.,GSM8K,821,2,16,16,1.0
Phi-4-Reas.,GSM8K,822,1,16,16,1.0
Phi-4-Reas.,GSM8K,823,2,0,16,0.0
Phi-4-Reas.,GSM8K,824,5,16,16,1.0
Phi-4-Reas.,GSM8K,825,3,16,16,1.0
Phi-4-Reas.,GSM8K,826,5,16,16,1.0
Phi-4-Reas.,GSM8K,828,1,16,16,1.0
Phi-4-Reas.,GSM8K,829,3,16,16,1.0
Phi-4-Reas.,GSM8K,830,1,11,16,0.6875
Phi-4-Reas.,GSM8K,832,1,16,16,1.0
Phi-4-Reas.,GSM8K,833,4,16,16,1.0
Phi-4-Reas.,GSM8K,836,2,16,16,1.0
Phi-4-Reas.,GSM8K,837,1,15,16,0.9375
Phi-4-Reas.,GSM8K,838,1,16,16,1.0
Phi-4-Reas.,GSM8K,839,4,16,16,1.0
Phi-4-Reas.,GSM8K,841,2,16,16,1.0
Phi-4-Reas.,GSM8K,842,1,16,16,1.0
Phi-4-Reas.,GSM8K,843,2,16,16,1.0
Phi-4-Reas.,GSM8K,844,1,16,16,1.0
Phi-4-Reas.,GSM8K,846,2,16,16,1.0
Phi-4-Reas.,GSM8K,847,1,16,16,1.0
Phi-4-Reas.,GSM8K,848,2,15,16,0.9375
Phi-4-Reas.,GSM8K,849,1,15,16,0.9375
Phi-4-Reas.,GSM8K,850,2,16,16,1.0
Phi-4-Reas.,GSM8K,851,1,16,16,1.0
Phi-4-Reas.,GSM8K,853,1,16,16,1.0
Phi-4-Reas.,GSM8K,854,1,15,16,0.9375
Phi-4-Reas.,GSM8K,855,6,16,16,1.0
Phi-4-Reas.,GSM8K,857,1,16,16,1.0
Phi-4-Reas.,GSM8K,860,1,16,16,1.0
Phi-4-Reas.,GSM8K,861,5,16,16,1.0
Phi-4-Reas.,GSM8K,862,3,15,16,0.9375
Phi-4-Reas.,GSM8K,863,3,16,16,1.0
Phi-4-Reas.,GSM8K,864,1,15,16,0.9375
Phi-4-Reas.,GSM8K,866,3,16,16,1.0
Phi-4-Reas.,GSM8K,867,6,16,16,1.0
Phi-4-Reas.,GSM8K,868,2,16,16,1.0
Phi-4-Reas.,GSM8K,869,1,16,16,1.0
Phi-4-Reas.,GSM8K,871,6,16,16,1.0
Phi-4-Reas.,GSM8K,872,2,16,16,1.0
Phi-4-Reas.,GSM8K,873,5,16,16,1.0
Phi-4-Reas.,GSM8K,875,1,16,16,1.0
Phi-4-Reas.,GSM8K,876,5,16,16,1.0
Phi-4-Reas.,GSM8K,877,1,15,16,0.9375
Phi-4-Reas.,GSM8K,878,2,16,16,1.0
Phi-4-Reas.,GSM8K,879,4,15,16,0.9375
Phi-4-Reas.,GSM8K,881,2,16,16,1.0
Phi-4-Reas.,GSM8K,882,1,16,16,1.0
Phi-4-Reas.,GSM8K,883,2,16,16,1.0
Phi-4-Reas.,GSM8K,884,3,16,16,1.0
Phi-4-Reas.,GSM8K,885,3,16,16,1.0
Phi-4-Reas.,GSM8K,886,1,16,16,1.0
Phi-4-Reas.,GSM8K,887,2,16,16,1.0
Phi-4-Reas.,GSM8K,888,1,16,16,1.0
Phi-4-Reas.,GSM8K,889,3,16,16,1.0
Phi-4-Reas.,GSM8K,890,1,16,16,1.0
Phi-4-Reas.,GSM8K,891,2,16,16,1.0
Phi-4-Reas.,GSM8K,892,1,16,16,1.0
Phi-4-Reas.,GSM8K,893,1,16,16,1.0
Phi-4-Reas.,GSM8K,895,10,15,16,0.9375
Phi-4-Reas.,GSM8K,896,2,16,16,1.0
Phi-4-Reas.,GSM8K,897,1,16,16,1.0
Phi-4-Reas.,GSM8K,898,1,16,16,1.0
Phi-4-Reas.,GSM8K,899,5,16,16,1.0
Phi-4-Reas.,GSM8K,900,2,15,16,0.9375
Phi-4-Reas.,GSM8K,901,1,13,16,0.8125
Phi-4-Reas.,GSM8K,903,4,16,16,1.0
Phi-4-Reas.,GSM8K,904,2,16,16,1.0
Phi-4-Reas.,GSM8K,905,1,16,16,1.0
Phi-4-Reas.,GSM8K,907,5,16,16,1.0
Phi-4-Reas.,GSM8K,908,5,16,16,1.0
Phi-4-Reas.,GSM8K,909,4,16,16,1.0
Phi-4-Reas.,GSM8K,910,4,16,16,1.0
Phi-4-Reas.,GSM8K,913,1,16,16,1.0
Phi-4-Reas.,GSM8K,914,1,16,16,1.0
Phi-4-Reas.,GSM8K,915,7,16,16,1.0
Phi-4-Reas.,GSM8K,916,1,16,16,1.0
Phi-4-Reas.,GSM8K,917,3,15,16,0.9375
Phi-4-Reas.,GSM8K,918,1,16,16,1.0
Phi-4-Reas.,GSM8K,919,3,16,16,1.0
Phi-4-Reas.,GSM8K,920,10,16,16,1.0
Phi-4-Reas.,GSM8K,921,4,16,16,1.0
Phi-4-Reas.,GSM8K,922,1,12,16,0.75
Phi-4-Reas.,GSM8K,923,2,16,16,1.0
Phi-4-Reas.,GSM8K,924,1,16,16,1.0
Phi-4-Reas.,GSM8K,925,2,16,16,1.0
Phi-4-Reas.,GSM8K,927,2,16,16,1.0
Phi-4-Reas.,GSM8K,928,3,16,16,1.0
Phi-4-Reas.,GSM8K,929,4,16,16,1.0
Phi-4-Reas.,GSM8K,931,2,16,16,1.0
Phi-4-Reas.,GSM8K,933,3,16,16,1.0
Phi-4-Reas.,GSM8K,935,5,16,16,1.0
Phi-4-Reas.,GSM8K,937,1,15,16,0.9375
Phi-4-Reas.,GSM8K,938,4,16,16,1.0
Phi-4-Reas.,GSM8K,939,1,16,16,1.0
Phi-4-Reas.,GSM8K,940,1,16,16,1.0
Phi-4-Reas.,GSM8K,941,1,15,16,0.9375
Phi-4-Reas.,GSM8K,944,2,16,16,1.0
Phi-4-Reas.,GSM8K,947,4,16,16,1.0
Phi-4-Reas.,GSM8K,948,2,16,16,1.0
Phi-4-Reas.,GSM8K,949,3,16,16,1.0
Phi-4-Reas.,GSM8K,950,2,16,16,1.0
Phi-4-Reas.,GSM8K,951,1,0,16,0.0
Phi-4-Reas.,GSM8K,954,2,16,16,1.0
Phi-4-Reas.,GSM8K,956,2,16,16,1.0
Phi-4-Reas.,GSM8K,957,1,16,16,1.0
Phi-4-Reas.,GSM8K,958,1,16,16,1.0
Phi-4-Reas.,GSM8K,961,1,16,16,1.0
Phi-4-Reas.,GSM8K,963,7,16,16,1.0
Phi-4-Reas.,GSM8K,965,2,16,16,1.0
Phi-4-Reas.,GSM8K,967,1,16,16,1.0
Phi-4-Reas.,GSM8K,968,3,13,16,0.8125
Phi-4-Reas.,GSM8K,970,3,16,16,1.0
Phi-4-Reas.,GSM8K,973,3,16,16,1.0
Phi-4-Reas.,GSM8K,974,1,15,16,0.9375
Phi-4-Reas.,GSM8K,975,1,16,16,1.0
Phi-4-Reas.,GSM8K,976,1,15,16,0.9375
Phi-4-Reas.,GSM8K,977,1,15,16,0.9375
Phi-4-Reas.,GSM8K,978,4,16,16,1.0
Phi-4-Reas.,GSM8K,979,2,16,16,1.0
Phi-4-Reas.,GSM8K,980,1,16,16,1.0
Phi-4-Reas.,GSM8K,981,3,16,16,1.0
Phi-4-Reas.,GSM8K,982,2,16,16,1.0
Phi-4-Reas.,GSM8K,983,3,16,16,1.0
Phi-4-Reas.,GSM8K,985,6,16,16,1.0
Phi-4-Reas.,GSM8K,986,3,16,16,1.0
Phi-4-Reas.,GSM8K,987,1,15,16,0.9375
Phi-4-Reas.,GSM8K,988,2,15,16,0.9375
Phi-4-Reas.,GSM8K,990,1,15,16,0.9375
Phi-4-Reas.,GSM8K,992,3,16,16,1.0
Phi-4-Reas.,GSM8K,993,2,16,16,1.0
Phi-4-Reas.,GSM8K,994,3,16,16,1.0
Phi-4-Reas.,GSM8K,995,2,16,16,1.0
Phi-4-Reas.,GSM8K,996,1,16,16,1.0
Phi-4-Reas.,GSM8K,997,1,14,16,0.875
Phi-4-Reas.,GSM8K,999,3,16,16,1.0
Phi-4-Reas.,GSM8K,1000,2,14,16,0.875
Phi-4-Reas.,GSM8K,1001,3,0,16,0.0
Phi-4-Reas.,GSM8K,1002,2,16,16,1.0
Phi-4-Reas.,GSM8K,1004,2,16,16,1.0
Phi-4-Reas.,GSM8K,1005,1,15,16,0.9375
Phi-4-Reas.,GSM8K,1006,1,16,16,1.0
Phi-4-Reas.,GSM8K,1007,3,15,16,0.9375
Phi-4-Reas.,GSM8K,1008,5,16,16,1.0
Phi-4-Reas.,GSM8K,1009,3,16,16,1.0
Phi-4-Reas.,GSM8K,1010,7,16,16,1.0
Phi-4-Reas.,GSM8K,1011,6,14,16,0.875
Phi-4-Reas.,GSM8K,1014,2,16,16,1.0
Phi-4-Reas.,GSM8K,1016,3,15,16,0.9375
Phi-4-Reas.,GSM8K,1018,1,16,16,1.0
Phi-4-Reas.,GSM8K,1020,3,16,16,1.0
Phi-4-Reas.,GSM8K,1022,1,16,16,1.0
Phi-4-Reas.,GSM8K,1024,2,16,16,1.0
Phi-4-Reas.,GSM8K,1025,1,16,16,1.0
Phi-4-Reas.,GSM8K,1026,3,16,16,1.0
Phi-4-Reas.,GSM8K,1027,1,16,16,1.0
Phi-4-Reas.,GSM8K,1029,1,16,16,1.0
Phi-4-Reas.,GSM8K,1032,2,15,16,0.9375
Phi-4-Reas.,GSM8K,1033,1,15,16,0.9375
Phi-4-Reas.,GSM8K,1036,1,15,16,0.9375
Phi-4-Reas.,GSM8K,1039,2,15,16,0.9375
Phi-4-Reas.,GSM8K,1040,2,16,16,1.0
Phi-4-Reas.,GSM8K,1041,2,16,16,1.0
Phi-4-Reas.,GSM8K,1043,1,16,16,1.0
Phi-4-Reas.,GSM8K,1044,1,16,16,1.0
Phi-4-Reas.,GSM8K,1045,2,16,16,1.0
Phi-4-Reas.,GSM8K,1046,2,13,16,0.8125
Phi-4-Reas.,GSM8K,1047,3,15,16,0.9375
Phi-4-Reas.,GSM8K,1050,3,15,16,0.9375
Phi-4-Reas.,GSM8K,1051,5,15,16,0.9375
Phi-4-Reas.,GSM8K,1052,3,16,16,1.0
Phi-4-Reas.,GSM8K,1053,2,16,16,1.0
Phi-4-Reas.,GSM8K,1054,2,16,16,1.0
Phi-4-Reas.,GSM8K,1055,2,16,16,1.0
Phi-4-Reas.,GSM8K,1056,3,15,16,0.9375
Phi-4-Reas.,GSM8K,1058,4,15,16,0.9375
Phi-4-Reas.,GSM8K,1060,1,15,16,0.9375
Phi-4-Reas.,GSM8K,1061,2,16,16,1.0
Phi-4-Reas.,GSM8K,1063,1,16,16,1.0
Phi-4-Reas.,GSM8K,1064,4,16,16,1.0
Phi-4-Reas.,GSM8K,1066,4,16,16,1.0
Phi-4-Reas.,GSM8K,1068,1,16,16,1.0
Phi-4-Reas.,GSM8K,1069,2,16,16,1.0
Phi-4-Reas.,GSM8K,1070,2,16,16,1.0
Phi-4-Reas.,GSM8K,1072,1,16,16,1.0
Phi-4-Reas.,GSM8K,1073,1,16,16,1.0
Phi-4-Reas.,GSM8K,1074,1,14,16,0.875
Phi-4-Reas.,GSM8K,1076,4,16,16,1.0
Phi-4-Reas.,GSM8K,1077,1,16,16,1.0
Phi-4-Reas.,GSM8K,1078,1,16,16,1.0
Phi-4-Reas.,GSM8K,1079,1,15,16,0.9375
Phi-4-Reas.,GSM8K,1080,2,14,16,0.875
Phi-4-Reas.,GSM8K,1081,2,16,16,1.0
Phi-4-Reas.,GSM8K,1083,1,16,16,1.0
Phi-4-Reas.,GSM8K,1084,1,16,16,1.0
Phi-4-Reas.,GSM8K,1085,2,16,16,1.0
Phi-4-Reas.,GSM8K,1086,2,16,16,1.0
Phi-4-Reas.,GSM8K,1087,3,16,16,1.0
Phi-4-Reas.,GSM8K,1089,1,16,16,1.0
Phi-4-Reas.,GSM8K,1090,5,16,16,1.0
Phi-4-Reas.,GSM8K,1093,5,16,16,1.0
Phi-4-Reas.,GSM8K,1096,1,16,16,1.0
Phi-4-Reas.,GSM8K,1097,1,16,16,1.0
Phi-4-Reas.,GSM8K,1098,2,15,16,0.9375
Phi-4-Reas.,GSM8K,1099,1,16,16,1.0
Phi-4-Reas.,GSM8K,1101,2,16,16,1.0
Phi-4-Reas.,GSM8K,1102,3,16,16,1.0
Phi-4-Reas.,GSM8K,1103,1,16,16,1.0
Phi-4-Reas.,GSM8K,1104,2,16,16,1.0
Phi-4-Reas.,GSM8K,1106,4,16,16,1.0
Phi-4-Reas.,GSM8K,1107,1,16,16,1.0
Phi-4-Reas.,GSM8K,1109,1,16,16,1.0
Phi-4-Reas.,GSM8K,1111,2,16,16,1.0
Phi-4-Reas.,GSM8K,1113,2,16,16,1.0
Phi-4-Reas.,GSM8K,1114,2,16,16,1.0
Phi-4-Reas.,GSM8K,1115,1,16,16,1.0
Phi-4-Reas.,GSM8K,1116,3,16,16,1.0
Phi-4-Reas.,GSM8K,1117,1,16,16,1.0
Phi-4-Reas.,GSM8K,1118,6,16,16,1.0
Phi-4-Reas.,GSM8K,1120,1,16,16,1.0
Phi-4-Reas.,GSM8K,1121,2,16,16,1.0
Phi-4-Reas.,GSM8K,1125,3,15,16,0.9375
Phi-4-Reas.,GSM8K,1126,1,16,16,1.0
Phi-4-Reas.,GSM8K,1127,2,15,16,0.9375
Phi-4-Reas.,GSM8K,1128,2,16,16,1.0
Phi-4-Reas.,GSM8K,1130,1,16,16,1.0
Phi-4-Reas.,GSM8K,1132,2,16,16,1.0
Phi-4-Reas.,GSM8K,1133,1,16,16,1.0
Phi-4-Reas.,GSM8K,1134,3,16,16,1.0
Phi-4-Reas.,GSM8K,1139,2,15,16,0.9375
Phi-4-Reas.,GSM8K,1141,1,16,16,1.0
Phi-4-Reas.,GSM8K,1143,1,16,16,1.0
Phi-4-Reas.,GSM8K,1144,1,16,16,1.0
Phi-4-Reas.,GSM8K,1146,1,14,16,0.875
Phi-4-Reas.,GSM8K,1148,2,16,16,1.0
Phi-4-Reas.,GSM8K,1149,3,15,16,0.9375
Phi-4-Reas.,GSM8K,1150,3,16,16,1.0
Phi-4-Reas.,GSM8K,1151,1,16,16,1.0
Phi-4-Reas.,GSM8K,1152,2,16,16,1.0
Phi-4-Reas.,GSM8K,1153,2,16,16,1.0
Phi-4-Reas.,GSM8K,1155,2,15,16,0.9375
Phi-4-Reas.,GSM8K,1157,3,16,16,1.0
Phi-4-Reas.,GSM8K,1159,2,16,16,1.0
Phi-4-Reas.,GSM8K,1161,1,2,16,0.125
Phi-4-Reas.,GSM8K,1162,3,16,16,1.0
Phi-4-Reas.,GSM8K,1163,2,16,16,1.0
Phi-4-Reas.,GSM8K,1164,4,16,16,1.0
Phi-4-Reas.,GSM8K,1167,2,16,16,1.0
Phi-4-Reas.,GSM8K,1168,1,16,16,1.0
Phi-4-Reas.,GSM8K,1169,1,16,16,1.0
Phi-4-Reas.,GSM8K,1170,1,16,16,1.0
Phi-4-Reas.,GSM8K,1171,1,16,16,1.0
Phi-4-Reas.,GSM8K,1172,1,16,16,1.0
Phi-4-Reas.,GSM8K,1173,1,15,16,0.9375
Phi-4-Reas.,GSM8K,1174,3,14,16,0.875
Phi-4-Reas.,GSM8K,1175,6,16,16,1.0
Phi-4-Reas.,GSM8K,1177,2,16,16,1.0
Phi-4-Reas.,GSM8K,1178,3,16,16,1.0
Phi-4-Reas.,GSM8K,1179,3,16,16,1.0
Phi-4-Reas.,GSM8K,1180,1,16,16,1.0
Phi-4-Reas.,GSM8K,1181,9,16,16,1.0
Phi-4-Reas.,GSM8K,1182,1,16,16,1.0
Phi-4-Reas.,GSM8K,1185,2,15,16,0.9375
Phi-4-Reas.,GSM8K,1187,2,14,16,0.875
Phi-4-Reas.,GSM8K,1188,3,16,16,1.0
Phi-4-Reas.,GSM8K,1189,5,16,16,1.0
Phi-4-Reas.,GSM8K,1191,2,16,16,1.0
Phi-4-Reas.,GSM8K,1192,1,9,16,0.5625
Phi-4-Reas.,GSM8K,1194,4,16,16,1.0
Phi-4-Reas.,GSM8K,1195,1,16,16,1.0
Phi-4-Reas.,GSM8K,1197,3,16,16,1.0
Phi-4-Reas.,GSM8K,1198,2,15,16,0.9375
Phi-4-Reas.,GSM8K,1200,2,16,16,1.0
Phi-4-Reas.,GSM8K,1201,3,16,16,1.0
Phi-4-Reas.,GSM8K,1203,2,14,16,0.875
Phi-4-Reas.,GSM8K,1204,3,16,16,1.0
Phi-4-Reas.,GSM8K,1207,1,15,16,0.9375
Phi-4-Reas.,GSM8K,1208,2,16,16,1.0
Phi-4-Reas.,GSM8K,1209,3,16,16,1.0
Phi-4-Reas.,GSM8K,1210,3,16,16,1.0
Phi-4-Reas.,GSM8K,1212,1,16,16,1.0
Phi-4-Reas.,GSM8K,1214,1,16,16,1.0
Phi-4-Reas.,GSM8K,1216,1,16,16,1.0
Phi-4-Reas.,GSM8K,1217,1,16,16,1.0
Phi-4-Reas.,GSM8K,1218,1,13,16,0.8125
Phi-4-Reas.,GSM8K,1219,2,16,16,1.0
Phi-4-Reas.,GSM8K,1220,2,16,16,1.0
Phi-4-Reas.,GSM8K,1221,1,16,16,1.0
Phi-4-Reas.,GSM8K,1222,2,16,16,1.0
Phi-4-Reas.,GSM8K,1223,1,16,16,1.0
Phi-4-Reas.,GSM8K,1224,1,16,16,1.0
Phi-4-Reas.,GSM8K,1225,3,16,16,1.0
Phi-4-Reas.,GSM8K,1228,1,16,16,1.0
Phi-4-Reas.,GSM8K,1231,5,16,16,1.0
Phi-4-Reas.,GSM8K,1232,2,16,16,1.0
Phi-4-Reas.,GSM8K,1233,4,16,16,1.0
Phi-4-Reas.,GSM8K,1234,2,16,16,1.0
Phi-4-Reas.,GSM8K,1236,2,15,16,0.9375
Phi-4-Reas.,GSM8K,1237,1,16,16,1.0
Phi-4-Reas.,GSM8K,1238,2,16,16,1.0
Phi-4-Reas.,GSM8K,1239,1,15,16,0.9375
Phi-4-Reas.,GSM8K,1242,3,16,16,1.0
Phi-4-Reas.,GSM8K,1243,1,15,16,0.9375
Phi-4-Reas.,GSM8K,1244,1,16,16,1.0
Phi-4-Reas.,GSM8K,1245,6,16,16,1.0
Phi-4-Reas.,GSM8K,1246,2,16,16,1.0
Phi-4-Reas.,GSM8K,1247,1,14,16,0.875
Phi-4-Reas.,GSM8K,1249,2,10,16,0.625
Phi-4-Reas.,GSM8K,1250,2,16,16,1.0
Phi-4-Reas.,GSM8K,1252,3,16,16,1.0
Phi-4-Reas.,GSM8K,1253,1,16,16,1.0
Phi-4-Reas.,GSM8K,1254,1,16,16,1.0
Phi-4-Reas.,GSM8K,1255,1,16,16,1.0
Phi-4-Reas.,GSM8K,1256,1,16,16,1.0
Phi-4-Reas.,GSM8K,1257,2,16,16,1.0
Phi-4-Reas.,GSM8K,1258,2,16,16,1.0
Phi-4-Reas.,GSM8K,1259,5,16,16,1.0
Phi-4-Reas.,GSM8K,1260,1,16,16,1.0
Phi-4-Reas.,GSM8K,1261,4,16,16,1.0
Phi-4-Reas.,GSM8K,1264,3,16,16,1.0
Phi-4-Reas.,GSM8K,1266,2,16,16,1.0
Phi-4-Reas.,GSM8K,1267,3,16,16,1.0
Phi-4-Reas.,GSM8K,1268,3,16,16,1.0
Phi-4-Reas.,GSM8K,1269,1,16,16,1.0
Phi-4-Reas.,GSM8K,1270,2,16,16,1.0
Phi-4-Reas.,GSM8K,1271,1,16,16,1.0
Phi-4-Reas.,GSM8K,1272,2,16,16,1.0
Phi-4-Reas.,GSM8K,1274,1,16,16,1.0
Phi-4-Reas.,GSM8K,1275,1,15,16,0.9375
Phi-4-Reas.,GSM8K,1276,1,16,16,1.0
Phi-4-Reas.,GSM8K,1277,1,16,16,1.0
Phi-4-Reas.,GSM8K,1278,1,16,16,1.0
Phi-4-Reas.,GSM8K,1280,4,15,16,0.9375
Phi-4-Reas.,GSM8K,1281,2,16,16,1.0
Phi-4-Reas.,GSM8K,1282,2,16,16,1.0
Phi-4-Reas.,GSM8K,1283,1,16,16,1.0
Phi-4-Reas.,GSM8K,1285,3,16,16,1.0
Phi-4-Reas.,GSM8K,1286,2,16,16,1.0
Phi-4-Reas.,GSM8K,1288,1,13,16,0.8125
Phi-4-Reas.,GSM8K,1289,2,16,16,1.0
Phi-4-Reas.,GSM8K,1290,3,16,16,1.0
Phi-4-Reas.,GSM8K,1291,2,16,16,1.0
Phi-4-Reas.,GSM8K,1292,2,16,16,1.0
Phi-4-Reas.,GSM8K,1293,2,16,16,1.0
Phi-4-Reas.,GSM8K,1295,1,16,16,1.0
Phi-4-Reas.,GSM8K,1296,2,16,16,1.0
Phi-4-Reas.,GSM8K,1297,3,15,16,0.9375
Phi-4-Reas.,GSM8K,1298,5,16,16,1.0
Phi-4-Reas.,GSM8K,1300,1,16,16,1.0
Phi-4-Reas.,GSM8K,1301,7,16,16,1.0
Phi-4-Reas.,GSM8K,1302,1,16,16,1.0
Phi-4-Reas.,GSM8K,1304,1,16,16,1.0
Phi-4-Reas.,GSM8K,1305,1,16,16,1.0
Phi-4-Reas.,GSM8K,1307,2,16,16,1.0
Phi-4-Reas.,GSM8K,1308,4,15,16,0.9375
Phi-4-Reas.,GSM8K,1309,3,0,16,0.0
Phi-4-Reas.,GSM8K,1310,1,16,16,1.0
Phi-4-Reas.,GSM8K,1312,1,16,16,1.0
Phi-4-Reas.,GSM8K,1313,4,16,16,1.0
Phi-4-Reas.,GSM8K,1315,1,16,16,1.0
Phi-4-Reas.,GSM8K,1317,4,16,16,1.0
Phi-4-Reas.,MATH500,0,1,16,16,1.0
Phi-4-Reas.,MATH500,1,4,16,16,1.0
Phi-4-Reas.,MATH500,2,7,16,16,1.0
Phi-4-Reas.,MATH500,3,1,16,16,1.0
Phi-4-Reas.,MATH500,4,2,16,16,1.0
Phi-4-Reas.,MATH500,5,1,16,16,1.0
Phi-4-Reas.,MATH500,6,2,16,16,1.0
Phi-4-Reas.,MATH500,7,1,14,16,0.875
Phi-4-Reas.,MATH500,8,6,16,16,1.0
Phi-4-Reas.,MATH500,12,3,15,16,0.9375
Phi-4-Reas.,MATH500,15,4,16,16,1.0
Phi-4-Reas.,MATH500,16,3,15,16,0.9375
Phi-4-Reas.,MATH500,20,3,15,16,0.9375
Phi-4-Reas.,MATH500,21,2,16,16,1.0
Phi-4-Reas.,MATH500,22,1,16,16,1.0
Phi-4-Reas.,MATH500,23,10,15,16,0.9375
Phi-4-Reas.,MATH500,24,1,16,16,1.0
Phi-4-Reas.,MATH500,25,3,0,16,0.0
Phi-4-Reas.,MATH500,26,1,14,16,0.875
Phi-4-Reas.,MATH500,29,1,16,16,1.0
Phi-4-Reas.,MATH500,31,2,16,16,1.0
Phi-4-Reas.,MATH500,33,2,16,16,1.0
Phi-4-Reas.,MATH500,34,3,15,16,0.9375
Phi-4-Reas.,MATH500,35,2,15,16,0.9375
Phi-4-Reas.,MATH500,36,1,13,16,0.8125
Phi-4-Reas.,MATH500,37,1,14,16,0.875
Phi-4-Reas.,MATH500,38,1,16,16,1.0
Phi-4-Reas.,MATH500,39,9,16,16,1.0
Phi-4-Reas.,MATH500,40,1,16,16,1.0
Phi-4-Reas.,MATH500,42,1,16,16,1.0
Phi-4-Reas.,MATH500,44,2,16,16,1.0
Phi-4-Reas.,MATH500,45,2,16,16,1.0
Phi-4-Reas.,MATH500,47,1,15,16,0.9375
Phi-4-Reas.,MATH500,48,3,16,16,1.0
Phi-4-Reas.,MATH500,49,4,16,16,1.0
Phi-4-Reas.,MATH500,51,2,15,16,0.9375
Phi-4-Reas.,MATH500,52,3,16,16,1.0
Phi-4-Reas.,MATH500,54,2,16,16,1.0
Phi-4-Reas.,MATH500,56,1,16,16,1.0
Phi-4-Reas.,MATH500,57,1,16,16,1.0
Phi-4-Reas.,MATH500,58,2,16,16,1.0
Phi-4-Reas.,MATH500,59,3,16,16,1.0
Phi-4-Reas.,MATH500,60,4,4,16,0.25
Phi-4-Reas.,MATH500,62,9,16,16,1.0
Phi-4-Reas.,MATH500,63,3,15,16,0.9375
Phi-4-Reas.,MATH500,64,1,2,16,0.125
Phi-4-Reas.,MATH500,65,1,16,16,1.0
Phi-4-Reas.,MATH500,66,4,16,16,1.0
Phi-4-Reas.,MATH500,68,1,15,16,0.9375
Phi-4-Reas.,MATH500,70,1,16,16,1.0
Phi-4-Reas.,MATH500,71,1,3,16,0.1875
Phi-4-Reas.,MATH500,72,2,16,16,1.0
Phi-4-Reas.,MATH500,73,3,16,16,1.0
Phi-4-Reas.,MATH500,74,3,16,16,1.0
Phi-4-Reas.,MATH500,77,2,16,16,1.0
Phi-4-Reas.,MATH500,78,9,16,16,1.0
Phi-4-Reas.,MATH500,79,1,16,16,1.0
Phi-4-Reas.,MATH500,81,1,16,16,1.0
Phi-4-Reas.,MATH500,82,1,16,16,1.0
Phi-4-Reas.,MATH500,84,13,13,16,0.8125
Phi-4-Reas.,MATH500,86,1,16,16,1.0
Phi-4-Reas.,MATH500,87,8,16,16,1.0
Phi-4-Reas.,MATH500,89,12,16,16,1.0
Phi-4-Reas.,MATH500,93,4,16,16,1.0
Phi-4-Reas.,MATH500,95,4,16,16,1.0
Phi-4-Reas.,MATH500,97,1,16,16,1.0
Phi-4-Reas.,MATH500,99,10,15,16,0.9375
Phi-4-Reas.,MATH500,100,1,3,16,0.1875
Phi-4-Reas.,MATH500,101,1,8,16,0.5
Phi-4-Reas.,MATH500,102,4,16,16,1.0
Phi-4-Reas.,MATH500,105,1,15,16,0.9375
Phi-4-Reas.,MATH500,106,2,16,16,1.0
Phi-4-Reas.,MATH500,109,2,16,16,1.0
Phi-4-Reas.,MATH500,111,2,16,16,1.0
Phi-4-Reas.,MATH500,112,2,16,16,1.0
Phi-4-Reas.,MATH500,113,3,16,16,1.0
Phi-4-Reas.,MATH500,114,2,15,16,0.9375
Phi-4-Reas.,MATH500,115,1,16,16,1.0
Phi-4-Reas.,MATH500,116,4,16,16,1.0
Phi-4-Reas.,MATH500,117,3,16,16,1.0
Phi-4-Reas.,MATH500,118,6,16,16,1.0
Phi-4-Reas.,MATH500,121,2,16,16,1.0
Phi-4-Reas.,MATH500,124,3,16,16,1.0
Phi-4-Reas.,MATH500,127,2,14,16,0.875
Phi-4-Reas.,MATH500,131,4,16,16,1.0
Phi-4-Reas.,MATH500,132,1,16,16,1.0
Phi-4-Reas.,MATH500,133,2,16,16,1.0
Phi-4-Reas.,MATH500,134,1,13,16,0.8125
Phi-4-Reas.,MATH500,137,1,16,16,1.0
Phi-4-Reas.,MATH500,140,1,16,16,1.0
Phi-4-Reas.,MATH500,142,1,15,16,0.9375
Phi-4-Reas.,MATH500,143,2,16,16,1.0
Phi-4-Reas.,MATH500,144,2,16,16,1.0
Phi-4-Reas.,MATH500,146,5,16,16,1.0
Phi-4-Reas.,MATH500,147,1,14,16,0.875
Phi-4-Reas.,MATH500,149,1,16,16,1.0
Phi-4-Reas.,MATH500,150,6,15,16,0.9375
Phi-4-Reas.,MATH500,151,2,16,16,1.0
Phi-4-Reas.,MATH500,152,1,15,16,0.9375
Phi-4-Reas.,MATH500,154,1,0,16,0.0
Phi-4-Reas.,MATH500,158,2,16,16,1.0
Phi-4-Reas.,MATH500,159,1,16,16,1.0
Phi-4-Reas.,MATH500,160,3,15,16,0.9375
Phi-4-Reas.,MATH500,167,2,16,16,1.0
Phi-4-Reas.,MATH500,169,3,16,16,1.0
Phi-4-Reas.,MATH500,170,1,8,16,0.5
Phi-4-Reas.,MATH500,171,2,16,16,1.0
Phi-4-Reas.,MATH500,172,3,16,16,1.0
Phi-4-Reas.,MATH500,174,2,16,16,1.0
Phi-4-Reas.,MATH500,175,1,16,16,1.0
Phi-4-Reas.,MATH500,177,1,15,16,0.9375
Phi-4-Reas.,MATH500,178,2,16,16,1.0
Phi-4-Reas.,MATH500,179,1,16,16,1.0
Phi-4-Reas.,MATH500,181,1,16,16,1.0
Phi-4-Reas.,MATH500,182,1,16,16,1.0
Phi-4-Reas.,MATH500,183,3,14,16,0.875
Phi-4-Reas.,MATH500,184,1,7,16,0.4375
Phi-4-Reas.,MATH500,185,3,15,16,0.9375
Phi-4-Reas.,MATH500,187,3,16,16,1.0
Phi-4-Reas.,MATH500,188,3,15,16,0.9375
Phi-4-Reas.,MATH500,190,1,14,16,0.875
Phi-4-Reas.,MATH500,191,2,16,16,1.0
Phi-4-Reas.,MATH500,193,1,16,16,1.0
Phi-4-Reas.,MATH500,195,4,15,16,0.9375
Phi-4-Reas.,MATH500,196,3,16,16,1.0
Phi-4-Reas.,MATH500,197,4,14,16,0.875
Phi-4-Reas.,MATH500,198,1,16,16,1.0
Phi-4-Reas.,MATH500,200,2,16,16,1.0
Phi-4-Reas.,MATH500,203,4,16,16,1.0
Phi-4-Reas.,MATH500,205,8,4,16,0.25
Phi-4-Reas.,MATH500,206,5,16,16,1.0
Phi-4-Reas.,MATH500,208,1,16,16,1.0
Phi-4-Reas.,MATH500,211,1,15,16,0.9375
Phi-4-Reas.,MATH500,212,2,16,16,1.0
Phi-4-Reas.,MATH500,213,3,14,16,0.875
Phi-4-Reas.,MATH500,214,1,15,16,0.9375
Phi-4-Reas.,MATH500,218,1,16,16,1.0
Phi-4-Reas.,MATH500,220,1,16,16,1.0
Phi-4-Reas.,MATH500,225,1,16,16,1.0
Phi-4-Reas.,MATH500,227,2,16,16,1.0
Phi-4-Reas.,MATH500,228,1,1,16,0.0625
Phi-4-Reas.,MATH500,230,2,16,16,1.0
Phi-4-Reas.,MATH500,231,5,16,16,1.0
Phi-4-Reas.,MATH500,233,4,16,16,1.0
Phi-4-Reas.,MATH500,234,1,16,16,1.0
Phi-4-Reas.,MATH500,235,5,15,16,0.9375
Phi-4-Reas.,MATH500,237,1,16,16,1.0
Phi-4-Reas.,MATH500,238,1,16,16,1.0
Phi-4-Reas.,MATH500,239,1,2,16,0.125
Phi-4-Reas.,MATH500,245,12,16,16,1.0
Phi-4-Reas.,MATH500,247,2,15,16,0.9375
Phi-4-Reas.,MATH500,248,2,11,16,0.6875
Phi-4-Reas.,MATH500,249,2,15,16,0.9375
Phi-4-Reas.,MATH500,250,4,16,16,1.0
Phi-4-Reas.,MATH500,252,2,16,16,1.0
Phi-4-Reas.,MATH500,253,1,16,16,1.0
Phi-4-Reas.,MATH500,254,3,16,16,1.0
Phi-4-Reas.,MATH500,255,2,16,16,1.0
Phi-4-Reas.,MATH500,256,3,15,16,0.9375
Phi-4-Reas.,MATH500,258,3,16,16,1.0
Phi-4-Reas.,MATH500,259,3,16,16,1.0
Phi-4-Reas.,MATH500,260,7,15,16,0.9375
Phi-4-Reas.,MATH500,261,1,16,16,1.0
Phi-4-Reas.,MATH500,262,1,16,16,1.0
Phi-4-Reas.,MATH500,263,1,16,16,1.0
Phi-4-Reas.,MATH500,265,5,14,16,0.875
Phi-4-Reas.,MATH500,271,1,16,16,1.0
Phi-4-Reas.,MATH500,275,2,16,16,1.0
Phi-4-Reas.,MATH500,277,1,15,16,0.9375
Phi-4-Reas.,MATH500,278,1,16,16,1.0
Phi-4-Reas.,MATH500,279,1,16,16,1.0
Phi-4-Reas.,MATH500,280,1,16,16,1.0
Phi-4-Reas.,MATH500,282,5,15,16,0.9375
Phi-4-Reas.,MATH500,283,2,16,16,1.0
Phi-4-Reas.,MATH500,288,3,14,16,0.875
Phi-4-Reas.,MATH500,290,8,16,16,1.0
Phi-4-Reas.,MATH500,291,1,15,16,0.9375
Phi-4-Reas.,MATH500,292,8,9,16,0.5625
Phi-4-Reas.,MATH500,293,2,14,16,0.875
Phi-4-Reas.,MATH500,294,1,16,16,1.0
Phi-4-Reas.,MATH500,295,1,5,16,0.3125
Phi-4-Reas.,MATH500,298,10,7,16,0.4375
Phi-4-Reas.,MATH500,300,1,16,16,1.0
Phi-4-Reas.,MATH500,302,1,16,16,1.0
Phi-4-Reas.,MATH500,305,3,16,16,1.0
Phi-4-Reas.,MATH500,307,1,15,16,0.9375
Phi-4-Reas.,MATH500,311,7,15,16,0.9375
Phi-4-Reas.,MATH500,312,2,15,16,0.9375
Phi-4-Reas.,MATH500,313,1,16,16,1.0
Phi-4-Reas.,MATH500,318,5,16,16,1.0
Phi-4-Reas.,MATH500,319,1,16,16,1.0
Phi-4-Reas.,MATH500,321,1,16,16,1.0
Phi-4-Reas.,MATH500,322,3,15,16,0.9375
Phi-4-Reas.,MATH500,325,4,16,16,1.0
Phi-4-Reas.,MATH500,326,3,13,16,0.8125
Phi-4-Reas.,MATH500,327,1,3,16,0.1875
Phi-4-Reas.,MATH500,329,2,15,16,0.9375
Phi-4-Reas.,MATH500,331,2,16,16,1.0
Phi-4-Reas.,MATH500,334,5,16,16,1.0
Phi-4-Reas.,MATH500,335,4,14,16,0.875
Phi-4-Reas.,MATH500,336,3,16,16,1.0
Phi-4-Reas.,MATH500,337,1,16,16,1.0
Phi-4-Reas.,MATH500,338,5,15,16,0.9375
Phi-4-Reas.,MATH500,340,2,1,16,0.0625
Phi-4-Reas.,MATH500,341,4,16,16,1.0
Phi-4-Reas.,MATH500,342,1,16,16,1.0
Phi-4-Reas.,MATH500,343,2,16,16,1.0
Phi-4-Reas.,MATH500,345,3,16,16,1.0
Phi-4-Reas.,MATH500,346,5,16,16,1.0
Phi-4-Reas.,MATH500,347,4,15,16,0.9375
Phi-4-Reas.,MATH500,349,1,15,16,0.9375
Phi-4-Reas.,MATH500,351,2,11,16,0.6875
Phi-4-Reas.,MATH500,353,1,16,16,1.0
Phi-4-Reas.,MATH500,354,1,15,16,0.9375
Phi-4-Reas.,MATH500,355,2,14,16,0.875
Phi-4-Reas.,MATH500,357,3,16,16,1.0
Phi-4-Reas.,MATH500,359,3,16,16,1.0
Phi-4-Reas.,MATH500,362,2,16,16,1.0
Phi-4-Reas.,MATH500,363,2,16,16,1.0
Phi-4-Reas.,MATH500,366,2,16,16,1.0
Phi-4-Reas.,MATH500,367,1,16,16,1.0
Phi-4-Reas.,MATH500,368,1,16,16,1.0
Phi-4-Reas.,MATH500,373,3,16,16,1.0
Phi-4-Reas.,MATH500,374,3,16,16,1.0
Phi-4-Reas.,MATH500,375,1,16,16,1.0
Phi-4-Reas.,MATH500,376,7,16,16,1.0
Phi-4-Reas.,MATH500,378,5,16,16,1.0
Phi-4-Reas.,MATH500,379,2,0,16,0.0
Phi-4-Reas.,MATH500,383,3,15,16,0.9375
Phi-4-Reas.,MATH500,384,2,16,16,1.0
Phi-4-Reas.,MATH500,386,4,16,16,1.0
Phi-4-Reas.,MATH500,387,1,16,16,1.0
Phi-4-Reas.,MATH500,388,2,16,16,1.0
Phi-4-Reas.,MATH500,391,2,16,16,1.0
Phi-4-Reas.,MATH500,394,4,13,16,0.8125
Phi-4-Reas.,MATH500,397,2,15,16,0.9375
Phi-4-Reas.,MATH500,398,3,16,16,1.0
Phi-4-Reas.,MATH500,399,1,16,16,1.0
Phi-4-Reas.,MATH500,402,1,16,16,1.0
Phi-4-Reas.,MATH500,403,7,16,16,1.0
Phi-4-Reas.,MATH500,404,1,16,16,1.0
Phi-4-Reas.,MATH500,405,2,16,16,1.0
Phi-4-Reas.,MATH500,406,1,16,16,1.0
Phi-4-Reas.,MATH500,407,2,16,16,1.0
Phi-4-Reas.,MATH500,408,3,12,16,0.75
Phi-4-Reas.,MATH500,410,1,15,16,0.9375
Phi-4-Reas.,MATH500,413,3,16,16,1.0
Phi-4-Reas.,MATH500,414,2,15,16,0.9375
Phi-4-Reas.,MATH500,415,4,16,16,1.0
Phi-4-Reas.,MATH500,416,5,16,16,1.0
Phi-4-Reas.,MATH500,418,2,16,16,1.0
Phi-4-Reas.,MATH500,419,4,3,16,0.1875
Phi-4-Reas.,MATH500,420,7,13,16,0.8125
Phi-4-Reas.,MATH500,421,1,12,16,0.75
Phi-4-Reas.,MATH500,423,2,16,16,1.0
Phi-4-Reas.,MATH500,424,3,15,16,0.9375
Phi-4-Reas.,MATH500,426,1,16,16,1.0
Phi-4-Reas.,MATH500,428,4,16,16,1.0
Phi-4-Reas.,MATH500,429,2,15,16,0.9375
Phi-4-Reas.,MATH500,430,2,16,16,1.0
Phi-4-Reas.,MATH500,431,1,13,16,0.8125
Phi-4-Reas.,MATH500,435,2,15,16,0.9375
Phi-4-Reas.,MATH500,436,3,16,16,1.0
Phi-4-Reas.,MATH500,439,1,13,16,0.8125
Phi-4-Reas.,MATH500,440,12,16,16,1.0
Phi-4-Reas.,MATH500,442,5,16,16,1.0
Phi-4-Reas.,MATH500,443,4,16,16,1.0
Phi-4-Reas.,MATH500,446,5,16,16,1.0
Phi-4-Reas.,MATH500,450,2,16,16,1.0
Phi-4-Reas.,MATH500,451,1,16,16,1.0
Phi-4-Reas.,MATH500,452,2,15,16,0.9375
Phi-4-Reas.,MATH500,453,1,16,16,1.0
Phi-4-Reas.,MATH500,454,7,16,16,1.0
Phi-4-Reas.,MATH500,455,1,16,16,1.0
Phi-4-Reas.,MATH500,456,11,1,16,0.0625
Phi-4-Reas.,MATH500,457,3,16,16,1.0
Phi-4-Reas.,MATH500,459,6,14,16,0.875
Phi-4-Reas.,MATH500,461,1,16,16,1.0
Phi-4-Reas.,MATH500,463,1,16,16,1.0
Phi-4-Reas.,MATH500,464,1,15,16,0.9375
Phi-4-Reas.,MATH500,465,1,15,16,0.9375
Phi-4-Reas.,MATH500,469,3,15,16,0.9375
Phi-4-Reas.,MATH500,470,1,16,16,1.0
Phi-4-Reas.,MATH500,473,3,16,16,1.0
Phi-4-Reas.,MATH500,474,1,16,16,1.0
Phi-4-Reas.,MATH500,476,2,16,16,1.0
Phi-4-Reas.,MATH500,477,1,10,16,0.625
Phi-4-Reas.,MATH500,479,1,16,16,1.0
Phi-4-Reas.,MATH500,483,1,10,16,0.625
Phi-4-Reas.,MATH500,484,4,16,16,1.0
Phi-4-Reas.,MATH500,485,5,16,16,1.0
Phi-4-Reas.,MATH500,488,1,16,16,1.0
Phi-4-Reas.,MATH500,492,2,15,16,0.9375
Phi-4-Reas.,MATH500,493,2,16,16,1.0
Phi-4-Reas.,MATH500,496,7,15,16,0.9375
Phi-4-Reas.,MATH500,497,3,6,16,0.375
Phi-4-Reas.,SVAMP,0,1,16,16,1.0
Phi-4-Reas.,SVAMP,1,2,16,16,1.0
Phi-4-Reas.,SVAMP,3,1,15,16,0.9375
Phi-4-Reas.,SVAMP,5,1,16,16,1.0
Phi-4-Reas.,SVAMP,6,1,16,16,1.0
Phi-4-Reas.,SVAMP,8,2,16,16,1.0
Phi-4-Reas.,SVAMP,9,3,16,16,1.0
Phi-4-Reas.,SVAMP,10,2,16,16,1.0
Phi-4-Reas.,SVAMP,11,3,16,16,1.0
Phi-4-Reas.,SVAMP,12,3,16,16,1.0
Phi-4-Reas.,SVAMP,13,2,16,16,1.0
Phi-4-Reas.,SVAMP,14,1,15,16,0.9375
Phi-4-Reas.,SVAMP,15,2,16,16,1.0
Phi-4-Reas.,SVAMP,16,2,16,16,1.0
Phi-4-Reas.,SVAMP,19,2,16,16,1.0
Phi-4-Reas.,SVAMP,20,2,16,16,1.0
Phi-4-Reas.,SVAMP,23,2,16,16,1.0
Phi-4-Reas.,SVAMP,25,1,16,16,1.0
Phi-4-Reas.,SVAMP,28,1,16,16,1.0
Phi-4-Reas.,SVAMP,29,3,16,16,1.0
Phi-4-Reas.,SVAMP,30,4,16,16,1.0
Phi-4-Reas.,SVAMP,31,1,16,16,1.0
Phi-4-Reas.,SVAMP,32,2,16,16,1.0
Phi-4-Reas.,SVAMP,34,2,16,16,1.0
Phi-4-Reas.,SVAMP,35,1,16,16,1.0
Phi-4-Reas.,SVAMP,36,1,16,16,1.0
Phi-4-Reas.,SVAMP,37,1,16,16,1.0
Phi-4-Reas.,SVAMP,38,1,16,16,1.0
Phi-4-Reas.,SVAMP,40,4,16,16,1.0
Phi-4-Reas.,SVAMP,42,4,16,16,1.0
Phi-4-Reas.,SVAMP,45,1,16,16,1.0
Phi-4-Reas.,SVAMP,47,2,16,16,1.0
Phi-4-Reas.,SVAMP,48,1,16,16,1.0
Phi-4-Reas.,SVAMP,49,2,16,16,1.0
Phi-4-Reas.,SVAMP,50,1,16,16,1.0
Phi-4-Reas.,SVAMP,51,1,16,16,1.0
Phi-4-Reas.,SVAMP,53,4,16,16,1.0
Phi-4-Reas.,SVAMP,55,4,16,16,1.0
Phi-4-Reas.,SVAMP,56,1,16,16,1.0
Phi-4-Reas.,SVAMP,58,2,15,16,0.9375
Phi-4-Reas.,SVAMP,59,3,16,16,1.0
Phi-4-Reas.,SVAMP,60,2,16,16,1.0
Phi-4-Reas.,SVAMP,61,8,16,16,1.0
Phi-4-Reas.,SVAMP,65,1,16,16,1.0
Phi-4-Reas.,SVAMP,67,1,15,16,0.9375
Phi-4-Reas.,SVAMP,71,2,16,16,1.0
Phi-4-Reas.,SVAMP,73,1,16,16,1.0
Phi-4-Reas.,SVAMP,75,4,0,16,0.0
Phi-4-Reas.,SVAMP,76,2,16,16,1.0
Phi-4-Reas.,SVAMP,77,2,16,16,1.0
Phi-4-Reas.,SVAMP,78,4,16,16,1.0
Phi-4-Reas.,SVAMP,80,2,16,16,1.0
Phi-4-Reas.,SVAMP,81,1,16,16,1.0
Phi-4-Reas.,SVAMP,83,1,16,16,1.0
Phi-4-Reas.,SVAMP,84,3,16,16,1.0
Phi-4-Reas.,SVAMP,85,1,16,16,1.0
Phi-4-Reas.,SVAMP,86,4,16,16,1.0
Phi-4-Reas.,SVAMP,87,1,15,16,0.9375
Phi-4-Reas.,SVAMP,88,4,15,16,0.9375
Phi-4-Reas.,SVAMP,90,1,16,16,1.0
Phi-4-Reas.,SVAMP,91,1,16,16,1.0
Phi-4-Reas.,SVAMP,92,1,16,16,1.0
Phi-4-Reas.,SVAMP,93,1,16,16,1.0
Phi-4-Reas.,SVAMP,94,1,0,16,0.0
Phi-4-Reas.,SVAMP,95,3,16,16,1.0
Phi-4-Reas.,SVAMP,96,1,16,16,1.0
Phi-4-Reas.,SVAMP,97,2,16,16,1.0
Phi-4-Reas.,SVAMP,98,1,16,16,1.0
Phi-4-Reas.,SVAMP,99,4,16,16,1.0
Phi-4-Reas.,SVAMP,100,1,16,16,1.0
Phi-4-Reas.,SVAMP,101,2,16,16,1.0
Phi-4-Reas.,SVAMP,102,2,16,16,1.0
Phi-4-Reas.,SVAMP,103,2,15,16,0.9375
Phi-4-Reas.,SVAMP,104,1,13,16,0.8125
Phi-4-Reas.,SVAMP,106,1,16,16,1.0
Phi-4-Reas.,SVAMP,107,3,16,16,1.0
Phi-4-Reas.,SVAMP,108,7,16,16,1.0
Phi-4-Reas.,SVAMP,109,2,16,16,1.0
Phi-4-Reas.,SVAMP,110,1,13,16,0.8125
Phi-4-Reas.,SVAMP,111,2,16,16,1.0
Phi-4-Reas.,SVAMP,112,5,16,16,1.0
Phi-4-Reas.,SVAMP,113,1,16,16,1.0
Phi-4-Reas.,SVAMP,114,2,15,16,0.9375
Phi-4-Reas.,SVAMP,115,2,16,16,1.0
Phi-4-Reas.,SVAMP,116,3,15,16,0.9375
Phi-4-Reas.,SVAMP,117,2,15,16,0.9375
Phi-4-Reas.,SVAMP,118,5,16,16,1.0
Phi-4-Reas.,SVAMP,120,1,16,16,1.0
Phi-4-Reas.,SVAMP,121,2,13,16,0.8125
Phi-4-Reas.,SVAMP,122,1,15,16,0.9375
Phi-4-Reas.,SVAMP,123,3,16,16,1.0
Phi-4-Reas.,SVAMP,124,1,16,16,1.0
Phi-4-Reas.,SVAMP,125,3,16,16,1.0
Phi-4-Reas.,SVAMP,126,1,16,16,1.0
Phi-4-Reas.,SVAMP,127,5,16,16,1.0
Phi-4-Reas.,SVAMP,128,2,16,16,1.0
Phi-4-Reas.,SVAMP,129,1,16,16,1.0
Phi-4-Reas.,SVAMP,130,2,16,16,1.0
Phi-4-Reas.,SVAMP,134,5,16,16,1.0
Phi-4-Reas.,SVAMP,135,4,16,16,1.0
Phi-4-Reas.,SVAMP,137,1,16,16,1.0
Phi-4-Reas.,SVAMP,139,2,16,16,1.0
Phi-4-Reas.,SVAMP,140,1,15,16,0.9375
Phi-4-Reas.,SVAMP,141,4,16,16,1.0
Phi-4-Reas.,SVAMP,143,2,16,16,1.0
Phi-4-Reas.,SVAMP,144,1,15,16,0.9375
Phi-4-Reas.,SVAMP,145,2,15,16,0.9375
Phi-4-Reas.,SVAMP,146,1,16,16,1.0
Phi-4-Reas.,SVAMP,147,1,16,16,1.0
Phi-4-Reas.,SVAMP,149,2,15,16,0.9375
Phi-4-Reas.,SVAMP,151,5,16,16,1.0
Phi-4-Reas.,SVAMP,152,2,16,16,1.0
Phi-4-Reas.,SVAMP,153,1,16,16,1.0
Phi-4-Reas.,SVAMP,154,2,16,16,1.0
Phi-4-Reas.,SVAMP,155,1,16,16,1.0
Phi-4-Reas.,SVAMP,157,1,16,16,1.0
Phi-4-Reas.,SVAMP,158,5,16,16,1.0
Phi-4-Reas.,SVAMP,159,5,15,16,0.9375
Phi-4-Reas.,SVAMP,161,5,16,16,1.0
Phi-4-Reas.,SVAMP,162,4,16,16,1.0
Phi-4-Reas.,SVAMP,164,4,16,16,1.0
Phi-4-Reas.,SVAMP,165,1,16,16,1.0
Phi-4-Reas.,SVAMP,166,2,16,16,1.0
Phi-4-Reas.,SVAMP,167,3,15,16,0.9375
Phi-4-Reas.,SVAMP,168,2,16,16,1.0
Phi-4-Reas.,SVAMP,169,5,15,16,0.9375
Phi-4-Reas.,SVAMP,172,1,15,16,0.9375
Phi-4-Reas.,SVAMP,173,4,16,16,1.0
Phi-4-Reas.,SVAMP,174,2,15,16,0.9375
Phi-4-Reas.,SVAMP,175,2,16,16,1.0
Phi-4-Reas.,SVAMP,177,1,16,16,1.0
Phi-4-Reas.,SVAMP,178,2,16,16,1.0
Phi-4-Reas.,SVAMP,179,2,16,16,1.0
Phi-4-Reas.,SVAMP,180,2,16,16,1.0
Phi-4-Reas.,SVAMP,181,6,15,16,0.9375
Phi-4-Reas.,SVAMP,182,1,13,16,0.8125
Phi-4-Reas.,SVAMP,183,3,16,16,1.0
Phi-4-Reas.,SVAMP,184,2,16,16,1.0
Phi-4-Reas.,SVAMP,186,5,16,16,1.0
Phi-4-Reas.,SVAMP,187,2,16,16,1.0
Phi-4-Reas.,SVAMP,188,5,16,16,1.0
Phi-4-Reas.,SVAMP,190,4,16,16,1.0
Phi-4-Reas.,SVAMP,192,2,16,16,1.0
Phi-4-Reas.,SVAMP,193,2,16,16,1.0
Phi-4-Reas.,SVAMP,195,2,16,16,1.0
Phi-4-Reas.,SVAMP,196,1,16,16,1.0
Phi-4-Reas.,SVAMP,197,2,16,16,1.0
Phi-4-Reas.,SVAMP,198,4,16,16,1.0
Phi-4-Reas.,SVAMP,199,3,16,16,1.0
Phi-4-Reas.,SVAMP,200,1,16,16,1.0
Phi-4-Reas.,SVAMP,201,1,15,16,0.9375
Phi-4-Reas.,SVAMP,203,3,15,16,0.9375
Phi-4-Reas.,SVAMP,205,1,16,16,1.0
Phi-4-Reas.,SVAMP,208,1,16,16,1.0
Phi-4-Reas.,SVAMP,209,1,16,16,1.0
Phi-4-Reas.,SVAMP,212,4,15,16,0.9375
Phi-4-Reas.,SVAMP,213,1,16,16,1.0
Phi-4-Reas.,SVAMP,214,1,16,16,1.0
Phi-4-Reas.,SVAMP,216,1,16,16,1.0
Phi-4-Reas.,SVAMP,217,1,16,16,1.0
Phi-4-Reas.,SVAMP,219,3,15,16,0.9375
Phi-4-Reas.,SVAMP,220,3,14,16,0.875
Phi-4-Reas.,SVAMP,222,2,15,16,0.9375
Phi-4-Reas.,SVAMP,224,3,14,16,0.875
Phi-4-Reas.,SVAMP,225,1,16,16,1.0
Phi-4-Reas.,SVAMP,227,1,16,16,1.0
Phi-4-Reas.,SVAMP,228,1,16,16,1.0
Phi-4-Reas.,SVAMP,229,1,16,16,1.0
Phi-4-Reas.,SVAMP,232,4,16,16,1.0
Phi-4-Reas.,SVAMP,234,1,0,16,0.0
Phi-4-Reas.,SVAMP,235,1,16,16,1.0
Phi-4-Reas.,SVAMP,239,3,16,16,1.0
Phi-4-Reas.,SVAMP,240,2,16,16,1.0
Phi-4-Reas.,SVAMP,241,3,15,16,0.9375
Phi-4-Reas.,SVAMP,242,1,16,16,1.0
Phi-4-Reas.,SVAMP,245,2,16,16,1.0
Phi-4-Reas.,SVAMP,246,2,16,16,1.0
Phi-4-Reas.,SVAMP,247,4,16,16,1.0
Phi-4-Reas.,SVAMP,248,2,15,16,0.9375
Phi-4-Reas.,SVAMP,250,2,16,16,1.0
Phi-4-Reas.,SVAMP,252,2,16,16,1.0
Phi-4-Reas.,SVAMP,254,1,16,16,1.0
Phi-4-Reas.,SVAMP,256,5,16,16,1.0
Phi-4-Reas.,SVAMP,257,2,16,16,1.0
Phi-4-Reas.,SVAMP,259,2,16,16,1.0
Phi-4-Reas.,SVAMP,260,1,16,16,1.0
Phi-4-Reas.,SVAMP,261,2,11,16,0.6875
Phi-4-Reas.,SVAMP,263,5,6,16,0.375
Phi-4-Reas.,SVAMP,264,2,16,16,1.0
Phi-4-Reas.,SVAMP,266,1,16,16,1.0
Phi-4-Reas.,SVAMP,267,1,16,16,1.0
Phi-4-Reas.,SVAMP,268,3,16,16,1.0
Phi-4-Reas.,SVAMP,269,3,16,16,1.0
Phi-4-Reas.,SVAMP,271,2,16,16,1.0
Phi-4-Reas.,SVAMP,272,1,16,16,1.0
Phi-4-Reas.,SVAMP,273,4,16,16,1.0
Phi-4-Reas.,SVAMP,274,7,16,16,1.0
Phi-4-Reas.,SVAMP,275,3,16,16,1.0
Phi-4-Reas.,SVAMP,276,2,16,16,1.0
Phi-4-Reas.,SVAMP,277,1,16,16,1.0
Phi-4-Reas.,SVAMP,280,2,15,16,0.9375
Phi-4-Reas.,SVAMP,281,4,16,16,1.0
Phi-4-Reas.,SVAMP,282,2,16,16,1.0
Phi-4-Reas.,SVAMP,283,2,16,16,1.0
Phi-4-Reas.,SVAMP,284,3,16,16,1.0
Phi-4-Reas.,SVAMP,285,2,16,16,1.0
Phi-4-Reas.,SVAMP,287,1,3,16,0.1875
Phi-4-Reas.,SVAMP,288,2,16,16,1.0
Phi-4-Reas.,SVAMP,289,5,16,16,1.0
Phi-4-Reas.,SVAMP,293,2,16,16,1.0
Phi-4-Reas.,SVAMP,295,1,16,16,1.0
Phi-4-Reas.,SVAMP,296,2,15,16,0.9375
Phi-4-Reas.,SVAMP,297,2,16,16,1.0
Phi-4-Reas.,SVAMP,298,3,16,16,1.0
Phi-4-Reas.,SVAMP,299,1,16,16,1.0
Phi-4-Reas.,SVAMP,300,1,16,16,1.0
Phi-4-Reas.,SVAMP,301,1,16,16,1.0
Phi-4-Reas.,SVAMP,302,1,16,16,1.0
Phi-4-Reas.,SVAMP,303,1,16,16,1.0
Phi-4-Reas.,SVAMP,304,1,16,16,1.0
Phi-4-Reas.,SVAMP,305,4,16,16,1.0
Phi-4-Reas.,SVAMP,306,2,16,16,1.0
Phi-4-Reas.,SVAMP,307,6,16,16,1.0
Phi-4-Reas.,SVAMP,308,4,16,16,1.0
Phi-4-Reas.,SVAMP,309,2,16,16,1.0
Phi-4-Reas.,SVAMP,311,2,16,16,1.0
Phi-4-Reas.,SVAMP,312,2,15,16,0.9375
Phi-4-Reas.,SVAMP,313,2,16,16,1.0
Phi-4-Reas.,SVAMP,314,1,16,16,1.0
Phi-4-Reas.,SVAMP,315,1,16,16,1.0
Phi-4-Reas.,SVAMP,316,1,16,16,1.0
Phi-4-Reas.,SVAMP,317,1,16,16,1.0
Phi-4-Reas.,SVAMP,318,1,16,16,1.0
Phi-4-Reas.,SVAMP,319,4,16,16,1.0
Phi-4-Reas.,SVAMP,320,1,16,16,1.0
Phi-4-Reas.,SVAMP,322,5,14,16,0.875
Phi-4-Reas.,SVAMP,324,1,16,16,1.0
Phi-4-Reas.,SVAMP,326,2,16,16,1.0
Phi-4-Reas.,SVAMP,327,1,16,16,1.0
Phi-4-Reas.,SVAMP,328,1,15,16,0.9375
Phi-4-Reas.,SVAMP,330,1,16,16,1.0
Phi-4-Reas.,SVAMP,331,2,16,16,1.0
Phi-4-Reas.,SVAMP,332,1,15,16,0.9375
Phi-4-Reas.,SVAMP,333,3,16,16,1.0
Phi-4-Reas.,SVAMP,335,3,16,16,1.0
Phi-4-Reas.,SVAMP,336,1,16,16,1.0
Phi-4-Reas.,SVAMP,338,1,16,16,1.0
Phi-4-Reas.,SVAMP,339,2,16,16,1.0
Phi-4-Reas.,SVAMP,340,1,16,16,1.0
Phi-4-Reas.,SVAMP,341,5,16,16,1.0
Phi-4-Reas.,SVAMP,343,1,16,16,1.0
Phi-4-Reas.,SVAMP,344,2,16,16,1.0
Phi-4-Reas.,SVAMP,345,1,16,16,1.0
Phi-4-Reas.,SVAMP,347,1,15,16,0.9375
Phi-4-Reas.,SVAMP,348,3,16,16,1.0
Phi-4-Reas.,SVAMP,349,3,16,16,1.0
Phi-4-Reas.,SVAMP,350,1,12,16,0.75
Phi-4-Reas.,SVAMP,351,5,0,16,0.0
Phi-4-Reas.,SVAMP,353,2,15,16,0.9375
Phi-4-Reas.,SVAMP,355,2,16,16,1.0
Phi-4-Reas.,SVAMP,357,1,16,16,1.0
Phi-4-Reas.,SVAMP,359,1,16,16,1.0
Phi-4-Reas.,SVAMP,361,6,16,16,1.0
Phi-4-Reas.,SVAMP,362,1,16,16,1.0
Phi-4-Reas.,SVAMP,363,3,14,16,0.875
Phi-4-Reas.,SVAMP,364,4,16,16,1.0
Phi-4-Reas.,SVAMP,365,7,16,16,1.0
Phi-4-Reas.,SVAMP,367,1,16,16,1.0
Phi-4-Reas.,SVAMP,368,1,16,16,1.0
Phi-4-Reas.,SVAMP,370,6,16,16,1.0
Phi-4-Reas.,SVAMP,371,2,16,16,1.0
Phi-4-Reas.,SVAMP,373,1,16,16,1.0
Phi-4-Reas.,SVAMP,374,2,16,16,1.0
Phi-4-Reas.,SVAMP,375,4,16,16,1.0
Phi-4-Reas.,SVAMP,377,3,16,16,1.0
Phi-4-Reas.,SVAMP,378,1,16,16,1.0
Phi-4-Reas.,SVAMP,379,1,16,16,1.0
Phi-4-Reas.,SVAMP,380,1,16,16,1.0
Phi-4-Reas.,SVAMP,381,1,16,16,1.0
Phi-4-Reas.,SVAMP,382,2,16,16,1.0
Phi-4-Reas.,SVAMP,383,3,16,16,1.0
Phi-4-Reas.,SVAMP,384,1,16,16,1.0
Phi-4-Reas.,SVAMP,385,3,16,16,1.0
Phi-4-Reas.,SVAMP,388,1,16,16,1.0
Phi-4-Reas.,SVAMP,389,1,16,16,1.0
Phi-4-Reas.,SVAMP,390,3,15,16,0.9375
Phi-4-Reas.,SVAMP,391,4,16,16,1.0
Phi-4-Reas.,SVAMP,392,1,16,16,1.0
Phi-4-Reas.,SVAMP,394,1,16,16,1.0
Phi-4-Reas.,SVAMP,396,1,16,16,1.0
Phi-4-Reas.,SVAMP,397,1,16,16,1.0
Phi-4-Reas.,SVAMP,398,1,14,16,0.875
Phi-4-Reas.,SVAMP,399,2,16,16,1.0
Phi-4-Reas.,SVAMP,400,4,16,16,1.0
Phi-4-Reas.,SVAMP,401,3,16,16,1.0
Phi-4-Reas.,SVAMP,403,1,16,16,1.0
Phi-4-Reas.,SVAMP,405,1,16,16,1.0
Phi-4-Reas.,SVAMP,406,1,16,16,1.0
Phi-4-Reas.,SVAMP,407,4,15,16,0.9375
Phi-4-Reas.,SVAMP,410,2,16,16,1.0
Phi-4-Reas.,SVAMP,411,3,16,16,1.0
Phi-4-Reas.,SVAMP,412,1,16,16,1.0
Phi-4-Reas.,SVAMP,413,2,16,16,1.0
Phi-4-Reas.,SVAMP,416,1,16,16,1.0
Phi-4-Reas.,SVAMP,418,2,15,16,0.9375
Phi-4-Reas.,SVAMP,419,3,16,16,1.0
Phi-4-Reas.,SVAMP,420,2,16,16,1.0
Phi-4-Reas.,SVAMP,422,1,16,16,1.0
Phi-4-Reas.,SVAMP,423,1,16,16,1.0
Phi-4-Reas.,SVAMP,425,1,16,16,1.0
Phi-4-Reas.,SVAMP,427,2,16,16,1.0
Phi-4-Reas.,SVAMP,428,3,16,16,1.0
Phi-4-Reas.,SVAMP,429,4,16,16,1.0
Phi-4-Reas.,SVAMP,430,3,16,16,1.0
Phi-4-Reas.,SVAMP,431,3,16,16,1.0
Phi-4-Reas.,SVAMP,432,3,16,16,1.0
Phi-4-Reas.,SVAMP,434,3,16,16,1.0
Phi-4-Reas.,SVAMP,435,2,16,16,1.0
Phi-4-Reas.,SVAMP,436,2,16,16,1.0
Phi-4-Reas.,SVAMP,438,2,15,16,0.9375
Phi-4-Reas.,SVAMP,440,2,16,16,1.0
Phi-4-Reas.,SVAMP,441,4,16,16,1.0
Phi-4-Reas.,SVAMP,442,1,15,16,0.9375
Phi-4-Reas.,SVAMP,444,1,16,16,1.0
Phi-4-Reas.,SVAMP,445,2,16,16,1.0
Phi-4-Reas.,SVAMP,448,2,16,16,1.0
Phi-4-Reas.,SVAMP,449,2,14,16,0.875
Phi-4-Reas.,SVAMP,450,4,16,16,1.0
Phi-4-Reas.,SVAMP,451,4,16,16,1.0
Phi-4-Reas.,SVAMP,452,1,10,16,0.625
Phi-4-Reas.,SVAMP,454,2,16,16,1.0
Phi-4-Reas.,SVAMP,455,1,16,16,1.0
Phi-4-Reas.,SVAMP,456,2,16,16,1.0
Phi-4-Reas.,SVAMP,457,1,16,16,1.0
Phi-4-Reas.,SVAMP,459,2,16,16,1.0
Phi-4-Reas.,SVAMP,461,3,15,16,0.9375
Phi-4-Reas.,SVAMP,462,2,0,16,0.0
Phi-4-Reas.,SVAMP,463,9,16,16,1.0
Phi-4-Reas.,SVAMP,464,1,16,16,1.0
Phi-4-Reas.,SVAMP,465,2,16,16,1.0
Phi-4-Reas.,SVAMP,468,4,16,16,1.0
Phi-4-Reas.,SVAMP,469,3,16,16,1.0
Phi-4-Reas.,SVAMP,470,1,16,16,1.0
Phi-4-Reas.,SVAMP,473,2,16,16,1.0
Phi-4-Reas.,SVAMP,475,3,16,16,1.0
Phi-4-Reas.,SVAMP,476,1,16,16,1.0
Phi-4-Reas.,SVAMP,477,2,16,16,1.0
Phi-4-Reas.,SVAMP,478,1,16,16,1.0
Phi-4-Reas.,SVAMP,479,1,16,16,1.0
Phi-4-Reas.,SVAMP,480,1,16,16,1.0
Phi-4-Reas.,SVAMP,481,2,16,16,1.0
Phi-4-Reas.,SVAMP,484,2,15,16,0.9375
Phi-4-Reas.,SVAMP,485,1,0,16,0.0
Phi-4-Reas.,SVAMP,486,1,16,16,1.0
Phi-4-Reas.,SVAMP,487,1,12,16,0.75
Phi-4-Reas.,SVAMP,488,10,16,16,1.0
Phi-4-Reas.,SVAMP,489,2,16,16,1.0
Phi-4-Reas.,SVAMP,491,1,16,16,1.0
Phi-4-Reas.,SVAMP,492,1,16,16,1.0
Phi-4-Reas.,SVAMP,493,1,16,16,1.0
Phi-4-Reas.,SVAMP,494,3,16,16,1.0
Phi-4-Reas.,SVAMP,495,2,16,16,1.0
Phi-4-Reas.,SVAMP,496,2,16,16,1.0
Phi-4-Reas.,SVAMP,498,1,16,16,1.0
Phi-4-Reas.,SVAMP,501,2,15,16,0.9375
Phi-4-Reas.,SVAMP,502,1,16,16,1.0
Phi-4-Reas.,SVAMP,505,2,15,16,0.9375
Phi-4-Reas.,SVAMP,507,3,15,16,0.9375
Phi-4-Reas.,SVAMP,508,1,16,16,1.0
Phi-4-Reas.,SVAMP,509,2,16,16,1.0
Phi-4-Reas.,SVAMP,510,1,15,16,0.9375
Phi-4-Reas.,SVAMP,512,1,15,16,0.9375
Phi-4-Reas.,SVAMP,514,2,16,16,1.0
Phi-4-Reas.,SVAMP,515,3,0,16,0.0
Phi-4-Reas.,SVAMP,516,1,15,16,0.9375
Phi-4-Reas.,SVAMP,518,5,16,16,1.0
Phi-4-Reas.,SVAMP,519,1,16,16,1.0
Phi-4-Reas.,SVAMP,520,4,16,16,1.0
Phi-4-Reas.,SVAMP,521,5,15,16,0.9375
Phi-4-Reas.,SVAMP,522,1,7,16,0.4375
Phi-4-Reas.,SVAMP,523,3,15,16,0.9375
Phi-4-Reas.,SVAMP,524,6,16,16,1.0
Phi-4-Reas.,SVAMP,525,2,16,16,1.0
Phi-4-Reas.,SVAMP,528,3,16,16,1.0
Phi-4-Reas.,SVAMP,529,1,16,16,1.0
Phi-4-Reas.,SVAMP,530,1,16,16,1.0
Phi-4-Reas.,SVAMP,533,3,16,16,1.0
Phi-4-Reas.,SVAMP,534,1,16,16,1.0
Phi-4-Reas.,SVAMP,535,1,16,16,1.0
Phi-4-Reas.,SVAMP,536,1,16,16,1.0
Phi-4-Reas.,SVAMP,537,3,15,16,0.9375
Phi-4-Reas.,SVAMP,538,2,16,16,1.0
Phi-4-Reas.,SVAMP,539,2,16,16,1.0
Phi-4-Reas.,SVAMP,541,1,16,16,1.0
Phi-4-Reas.,SVAMP,542,1,16,16,1.0
Phi-4-Reas.,SVAMP,543,1,16,16,1.0
Phi-4-Reas.,SVAMP,544,3,16,16,1.0
Phi-4-Reas.,SVAMP,545,2,16,16,1.0
Phi-4-Reas.,SVAMP,547,2,16,16,1.0
Phi-4-Reas.,SVAMP,548,1,16,16,1.0
Phi-4-Reas.,SVAMP,549,3,16,16,1.0
Phi-4-Reas.,SVAMP,551,4,16,16,1.0
Phi-4-Reas.,SVAMP,554,2,14,16,0.875
Phi-4-Reas.,SVAMP,555,1,16,16,1.0
Phi-4-Reas.,SVAMP,557,6,15,16,0.9375
Phi-4-Reas.,SVAMP,558,2,16,16,1.0
Phi-4-Reas.,SVAMP,559,1,16,16,1.0
Phi-4-Reas.,SVAMP,560,1,16,16,1.0
Phi-4-Reas.,SVAMP,565,4,16,16,1.0
Phi-4-Reas.,SVAMP,567,4,16,16,1.0
Phi-4-Reas.,SVAMP,568,1,16,16,1.0
Phi-4-Reas.,SVAMP,570,4,15,16,0.9375
Phi-4-Reas.,SVAMP,572,6,16,16,1.0
Phi-4-Reas.,SVAMP,573,3,16,16,1.0
Phi-4-Reas.,SVAMP,574,1,16,16,1.0
Phi-4-Reas.,SVAMP,576,1,16,16,1.0
Phi-4-Reas.,SVAMP,577,4,16,16,1.0
Phi-4-Reas.,SVAMP,578,2,11,16,0.6875
Phi-4-Reas.,SVAMP,580,6,16,16,1.0
Phi-4-Reas.,SVAMP,581,1,16,16,1.0
Phi-4-Reas.,SVAMP,582,2,16,16,1.0
Phi-4-Reas.,SVAMP,583,1,16,16,1.0
Phi-4-Reas.,SVAMP,584,7,16,16,1.0
Phi-4-Reas.,SVAMP,585,4,15,16,0.9375
Phi-4-Reas.,SVAMP,586,1,16,16,1.0
Phi-4-Reas.,SVAMP,587,1,15,16,0.9375
Phi-4-Reas.,SVAMP,589,2,15,16,0.9375
Phi-4-Reas.,SVAMP,590,2,16,16,1.0
Phi-4-Reas.,SVAMP,591,4,16,16,1.0
Phi-4-Reas.,SVAMP,592,4,16,16,1.0
Phi-4-Reas.,SVAMP,593,1,16,16,1.0
Phi-4-Reas.,SVAMP,594,2,16,16,1.0
Phi-4-Reas.,SVAMP,595,1,0,16,0.0
Phi-4-Reas.,SVAMP,596,2,16,16,1.0
Phi-4-Reas.,SVAMP,597,1,16,16,1.0
Phi-4-Reas.,SVAMP,598,2,16,16,1.0
Phi-4-Reas.,SVAMP,599,1,16,16,1.0
Phi-4-Reas.,SVAMP,600,4,16,16,1.0
Phi-4-Reas.,SVAMP,601,2,16,16,1.0
Phi-4-Reas.,SVAMP,602,1,16,16,1.0
Phi-4-Reas.,SVAMP,603,1,16,16,1.0
Phi-4-Reas.,SVAMP,605,1,16,16,1.0
Phi-4-Reas.,SVAMP,606,2,16,16,1.0
Phi-4-Reas.,SVAMP,608,2,15,16,0.9375
Phi-4-Reas.,SVAMP,609,2,16,16,1.0
Phi-4-Reas.,SVAMP,610,5,16,16,1.0
Phi-4-Reas.,SVAMP,612,1,16,16,1.0
Phi-4-Reas.,SVAMP,613,1,16,16,1.0
Phi-4-Reas.,SVAMP,616,4,16,16,1.0
Phi-4-Reas.,SVAMP,617,3,16,16,1.0
Phi-4-Reas.,SVAMP,618,1,16,16,1.0
Phi-4-Reas.,SVAMP,619,1,16,16,1.0
Phi-4-Reas.,SVAMP,620,1,16,16,1.0
Phi-4-Reas.,SVAMP,621,2,16,16,1.0
Phi-4-Reas.,SVAMP,622,4,15,16,0.9375
Phi-4-Reas.,SVAMP,623,4,16,16,1.0
Phi-4-Reas.,SVAMP,624,2,13,16,0.8125
Phi-4-Reas.,SVAMP,626,3,16,16,1.0
Phi-4-Reas.,SVAMP,627,1,16,16,1.0
Phi-4-Reas.,SVAMP,628,2,16,16,1.0
Phi-4-Reas.,SVAMP,629,2,16,16,1.0
Phi-4-Reas.,SVAMP,630,2,16,16,1.0
Phi-4-Reas.,SVAMP,631,1,16,16,1.0
Phi-4-Reas.,SVAMP,632,2,16,16,1.0
Phi-4-Reas.,SVAMP,634,1,15,16,0.9375
Phi-4-Reas.,SVAMP,635,1,15,16,0.9375
Phi-4-Reas.,SVAMP,636,3,16,16,1.0
Phi-4-Reas.,SVAMP,637,1,16,16,1.0
Phi-4-Reas.,SVAMP,638,1,15,16,0.9375
Phi-4-Reas.,SVAMP,639,1,16,16,1.0
Phi-4-Reas.,SVAMP,640,1,16,16,1.0
Phi-4-Reas.,SVAMP,643,3,15,16,0.9375
Phi-4-Reas.,SVAMP,644,2,15,16,0.9375
Phi-4-Reas.,SVAMP,646,1,16,16,1.0
Phi-4-Reas.,SVAMP,647,1,16,16,1.0
Phi-4-Reas.,SVAMP,649,3,16,16,1.0
Phi-4-Reas.,SVAMP,650,1,16,16,1.0
Phi-4-Reas.,SVAMP,651,3,15,16,0.9375
Phi-4-Reas.,SVAMP,653,4,16,16,1.0
Phi-4-Reas.,SVAMP,654,4,16,16,1.0
Phi-4-Reas.,SVAMP,656,4,16,16,1.0
Phi-4-Reas.,SVAMP,657,4,16,16,1.0
Phi-4-Reas.,SVAMP,659,1,15,16,0.9375
Phi-4-Reas.,SVAMP,660,2,16,16,1.0
Phi-4-Reas.,SVAMP,661,1,15,16,0.9375
Phi-4-Reas.,SVAMP,663,2,16,16,1.0
Phi-4-Reas.,SVAMP,664,3,16,16,1.0
Phi-4-Reas.,SVAMP,665,2,15,16,0.9375
Phi-4-Reas.,SVAMP,667,1,16,16,1.0
Phi-4-Reas.,SVAMP,668,1,16,16,1.0
Phi-4-Reas.,SVAMP,669,2,16,16,1.0
Phi-4-Reas.,SVAMP,671,1,16,16,1.0
Phi-4-Reas.,SVAMP,672,1,16,16,1.0
Phi-4-Reas.,SVAMP,673,7,16,16,1.0
Phi-4-Reas.,SVAMP,674,5,16,16,1.0
Phi-4-Reas.,SVAMP,675,2,16,16,1.0
Phi-4-Reas.,SVAMP,676,2,16,16,1.0
Phi-4-Reas.,SVAMP,677,4,15,16,0.9375
Phi-4-Reas.,SVAMP,678,1,15,16,0.9375
Phi-4-Reas.,SVAMP,679,1,0,16,0.0
Phi-4-Reas.,SVAMP,681,1,16,16,1.0
Phi-4-Reas.,SVAMP,682,2,16,16,1.0
Phi-4-Reas.,SVAMP,684,1,15,16,0.9375
Phi-4-Reas.,SVAMP,685,2,15,16,0.9375
Phi-4-Reas.,SVAMP,686,2,16,16,1.0
Phi-4-Reas.,SVAMP,687,3,15,16,0.9375
Phi-4-Reas.,SVAMP,689,2,15,16,0.9375
Phi-4-Reas.,SVAMP,690,1,16,16,1.0
Phi-4-Reas.,SVAMP,691,2,16,16,1.0
Phi-4-Reas.,SVAMP,692,1,16,16,1.0
Phi-4-Reas.,SVAMP,693,2,16,16,1.0
Phi-4-Reas.,SVAMP,694,1,16,16,1.0
Phi-4-Reas.,SVAMP,696,1,16,16,1.0
Phi-4-Reas.,SVAMP,697,1,16,16,1.0
Phi-4-Reas.,SVAMP,698,4,16,16,1.0
Phi-4-Reas.,SVAMP,699,1,16,16,1.0
Phi-4-Reas.,SVAMP,700,1,16,16,1.0
Phi-4-Reas.,SVAMP,702,1,16,16,1.0
Phi-4-Reas.,SVAMP,704,2,16,16,1.0
Phi-4-Reas.,SVAMP,705,4,16,16,1.0
Phi-4-Reas.,SVAMP,707,2,16,16,1.0
Phi-4-Reas.,SVAMP,708,2,16,16,1.0
Phi-4-Reas.,SVAMP,709,3,16,16,1.0
Phi-4-Reas.,SVAMP,710,3,0,16,0.0
Phi-4-Reas.,SVAMP,712,1,1,16,0.0625
Phi-4-Reas.,SVAMP,713,3,15,16,0.9375
Phi-4-Reas.,SVAMP,714,1,16,16,1.0
Phi-4-Reas.,SVAMP,715,1,16,16,1.0
Phi-4-Reas.,SVAMP,716,1,16,16,1.0
Phi-4-Reas.,SVAMP,718,2,16,16,1.0
Phi-4-Reas.,SVAMP,719,1,16,16,1.0
Phi-4-Reas.,SVAMP,720,1,16,16,1.0
Phi-4-Reas.,SVAMP,721,1,15,16,0.9375
Phi-4-Reas.,SVAMP,723,1,16,16,1.0
Phi-4-Reas.,SVAMP,724,2,16,16,1.0
Phi-4-Reas.,SVAMP,725,1,16,16,1.0
Phi-4-Reas.,SVAMP,727,1,16,16,1.0
Phi-4-Reas.,SVAMP,728,2,16,16,1.0
Phi-4-Reas.,SVAMP,729,2,16,16,1.0
Phi-4-Reas.,SVAMP,732,2,16,16,1.0
Phi-4-Reas.,SVAMP,733,2,16,16,1.0
Phi-4-Reas.,SVAMP,734,1,16,16,1.0
Phi-4-Reas.,SVAMP,735,1,16,16,1.0
Phi-4-Reas.,SVAMP,737,3,16,16,1.0
Phi-4-Reas.,SVAMP,738,1,16,16,1.0
Phi-4-Reas.,SVAMP,739,1,16,16,1.0
Phi-4-Reas.,SVAMP,740,1,16,16,1.0
Phi-4-Reas.,SVAMP,741,1,16,16,1.0
Phi-4-Reas.,SVAMP,743,1,15,16,0.9375
Phi-4-Reas.,SVAMP,746,2,16,16,1.0
Phi-4-Reas.,SVAMP,749,1,16,16,1.0
Phi-4-Reas.,SVAMP,750,1,16,16,1.0
Phi-4-Reas.,SVAMP,751,2,14,16,0.875
Phi-4-Reas.,SVAMP,752,1,16,16,1.0
Phi-4-Reas.,SVAMP,753,6,16,16,1.0
Phi-4-Reas.,SVAMP,755,1,16,16,1.0
Phi-4-Reas.,SVAMP,756,1,16,16,1.0
Phi-4-Reas.,SVAMP,758,2,16,16,1.0
Phi-4-Reas.,SVAMP,759,3,16,16,1.0
Phi-4-Reas.,SVAMP,760,2,16,16,1.0
Phi-4-Reas.,SVAMP,761,6,16,16,1.0
Phi-4-Reas.,SVAMP,763,4,16,16,1.0
Phi-4-Reas.,SVAMP,764,2,15,16,0.9375
Phi-4-Reas.,SVAMP,765,2,16,16,1.0
Phi-4-Reas.,SVAMP,769,1,16,16,1.0
Phi-4-Reas.,SVAMP,770,4,16,16,1.0
Phi-4-Reas.,SVAMP,771,3,15,16,0.9375
Phi-4-Reas.,SVAMP,772,4,16,16,1.0
Phi-4-Reas.,SVAMP,773,1,16,16,1.0
Phi-4-Reas.,SVAMP,774,3,15,16,0.9375
Phi-4-Reas.,SVAMP,775,2,16,16,1.0
Phi-4-Reas.,SVAMP,776,1,15,16,0.9375
Phi-4-Reas.,SVAMP,779,1,16,16,1.0
Phi-4-Reas.,SVAMP,780,1,16,16,1.0
Phi-4-Reas.,SVAMP,781,1,15,16,0.9375
Phi-4-Reas.,SVAMP,782,1,16,16,1.0
Phi-4-Reas.,SVAMP,783,4,16,16,1.0
Phi-4-Reas.,SVAMP,784,2,16,16,1.0
Phi-4-Reas.,SVAMP,785,3,16,16,1.0
Phi-4-Reas.,SVAMP,786,1,16,16,1.0
Phi-4-Reas.,SVAMP,787,2,15,16,0.9375
Phi-4-Reas.,SVAMP,788,1,16,16,1.0
Phi-4-Reas.,SVAMP,789,1,16,16,1.0
Phi-4-Reas.,SVAMP,790,1,16,16,1.0
Phi-4-Reas.,SVAMP,791,2,15,16,0.9375
Phi-4-Reas.,SVAMP,793,1,16,16,1.0
Phi-4-Reas.,SVAMP,795,4,14,16,0.875
Phi-4-Reas.,SVAMP,796,1,16,16,1.0
Phi-4-Reas.,SVAMP,797,2,16,16,1.0
Phi-4-Reas.,SVAMP,800,3,16,16,1.0
Phi-4-Reas.,SVAMP,801,1,15,16,0.9375
Phi-4-Reas.,SVAMP,803,4,16,16,1.0
Phi-4-Reas.,SVAMP,804,1,16,16,1.0
Phi-4-Reas.,SVAMP,805,5,16,16,1.0
Phi-4-Reas.,SVAMP,806,1,15,16,0.9375
Phi-4-Reas.,SVAMP,808,3,16,16,1.0
Phi-4-Reas.,SVAMP,809,1,15,16,0.9375
Phi-4-Reas.,SVAMP,810,1,15,16,0.9375
Phi-4-Reas.,SVAMP,811,2,14,16,0.875
Phi-4-Reas.,SVAMP,813,2,16,16,1.0
Phi-4-Reas.,SVAMP,814,2,16,16,1.0
Phi-4-Reas.,SVAMP,815,3,16,16,1.0
Phi-4-Reas.,SVAMP,816,4,16,16,1.0
Phi-4-Reas.,SVAMP,817,2,16,16,1.0
Phi-4-Reas.,SVAMP,819,2,16,16,1.0
Phi-4-Reas.,SVAMP,820,4,16,16,1.0
Phi-4-Reas.,SVAMP,821,1,16,16,1.0
Phi-4-Reas.,SVAMP,822,1,16,16,1.0
Phi-4-Reas.,SVAMP,823,2,15,16,0.9375
Phi-4-Reas.,SVAMP,824,5,16,16,1.0
Phi-4-Reas.,SVAMP,825,3,16,16,1.0
Phi-4-Reas.,SVAMP,826,1,16,16,1.0
Phi-4-Reas.,SVAMP,827,2,16,16,1.0
Phi-4-Reas.,SVAMP,828,3,16,16,1.0
Phi-4-Reas.,SVAMP,829,1,16,16,1.0
Phi-4-Reas.,SVAMP,831,3,16,16,1.0
Phi-4-Reas.,SVAMP,832,4,16,16,1.0
Phi-4-Reas.,SVAMP,833,3,16,16,1.0
Phi-4-Reas.,SVAMP,834,2,16,16,1.0
Phi-4-Reas.,SVAMP,835,3,16,16,1.0
Phi-4-Reas.,SVAMP,836,1,15,16,0.9375
Phi-4-Reas.,SVAMP,837,1,16,16,1.0
Phi-4-Reas.,SVAMP,838,1,16,16,1.0
Phi-4-Reas.,SVAMP,840,3,16,16,1.0
Phi-4-Reas.,SVAMP,843,1,15,16,0.9375
Phi-4-Reas.,SVAMP,844,6,16,16,1.0
Phi-4-Reas.,SVAMP,845,2,15,16,0.9375
Phi-4-Reas.,SVAMP,846,3,15,16,0.9375
Phi-4-Reas.,SVAMP,850,3,16,16,1.0
Phi-4-Reas.,SVAMP,851,2,16,16,1.0
Phi-4-Reas.,SVAMP,852,2,16,16,1.0
Phi-4-Reas.,SVAMP,853,2,16,16,1.0
Phi-4-Reas.,SVAMP,854,3,16,16,1.0
Phi-4-Reas.,SVAMP,856,1,16,16,1.0
Phi-4-Reas.,SVAMP,857,1,8,16,0.5
Phi-4-Reas.,SVAMP,858,2,16,16,1.0
Phi-4-Reas.,SVAMP,859,1,16,16,1.0
Phi-4-Reas.,SVAMP,860,1,3,16,0.1875
Phi-4-Reas.,SVAMP,862,2,16,16,1.0
Phi-4-Reas.,SVAMP,863,2,16,16,1.0
Phi-4-Reas.,SVAMP,865,1,15,16,0.9375
Phi-4-Reas.,SVAMP,866,1,14,16,0.875
Phi-4-Reas.,SVAMP,867,3,15,16,0.9375
Phi-4-Reas.,SVAMP,868,1,16,16,1.0
Phi-4-Reas.,SVAMP,869,2,15,16,0.9375
Phi-4-Reas.,SVAMP,870,1,16,16,1.0
Phi-4-Reas.,SVAMP,871,1,16,16,1.0
Phi-4-Reas.,SVAMP,872,1,16,16,1.0
Phi-4-Reas.,SVAMP,874,4,16,16,1.0
Phi-4-Reas.,SVAMP,875,1,16,16,1.0
Phi-4-Reas.,SVAMP,876,2,16,16,1.0
Phi-4-Reas.,SVAMP,877,4,16,16,1.0
Phi-4-Reas.,SVAMP,878,2,16,16,1.0
Phi-4-Reas.,SVAMP,880,2,16,16,1.0
Phi-4-Reas.,SVAMP,883,3,10,16,0.625
Phi-4-Reas.,SVAMP,884,4,16,16,1.0
Phi-4-Reas.,SVAMP,885,3,16,16,1.0
Phi-4-Reas.,SVAMP,886,1,15,16,0.9375
Phi-4-Reas.,SVAMP,887,1,16,16,1.0
Phi-4-Reas.,SVAMP,888,3,16,16,1.0
Phi-4-Reas.,SVAMP,889,2,15,16,0.9375
Phi-4-Reas.,SVAMP,890,1,16,16,1.0
Phi-4-Reas.,SVAMP,891,6,16,16,1.0
Phi-4-Reas.,SVAMP,892,1,16,16,1.0
Phi-4-Reas.,SVAMP,893,3,15,16,0.9375
Phi-4-Reas.,SVAMP,894,1,15,16,0.9375
Phi-4-Reas.,SVAMP,895,3,16,16,1.0
Phi-4-Reas.,SVAMP,896,1,16,16,1.0
Phi-4-Reas.,SVAMP,897,3,16,16,1.0
Phi-4-Reas.,SVAMP,899,1,16,16,1.0
Phi-4-Reas.,SVAMP,900,2,16,16,1.0
Phi-4-Reas.,SVAMP,901,2,16,16,1.0
Phi-4-Reas.,SVAMP,903,5,15,16,0.9375
Phi-4-Reas.,SVAMP,904,3,16,16,1.0
Phi-4-Reas.,SVAMP,905,2,16,16,1.0
Phi-4-Reas.,SVAMP,906,1,15,16,0.9375
Phi-4-Reas.,SVAMP,908,1,16,16,1.0
Phi-4-Reas.,SVAMP,909,1,16,16,1.0
Phi-4-Reas.,SVAMP,910,1,14,16,0.875
Phi-4-Reas.,SVAMP,912,2,16,16,1.0
Phi-4-Reas.,SVAMP,913,1,16,16,1.0
Phi-4-Reas.,SVAMP,915,2,16,16,1.0
Phi-4-Reas.,SVAMP,916,3,16,16,1.0
Phi-4-Reas.,SVAMP,918,1,16,16,1.0
Phi-4-Reas.,SVAMP,920,5,16,16,1.0
Phi-4-Reas.,SVAMP,921,1,16,16,1.0
Phi-4-Reas.,SVAMP,922,3,16,16,1.0
Phi-4-Reas.,SVAMP,924,2,15,16,0.9375
Phi-4-Reas.,SVAMP,925,1,16,16,1.0
Phi-4-Reas.,SVAMP,926,3,16,16,1.0
Phi-4-Reas.,SVAMP,927,1,0,16,0.0
Phi-4-Reas.,SVAMP,928,1,16,16,1.0
Phi-4-Reas.,SVAMP,931,2,13,16,0.8125
Phi-4-Reas.,SVAMP,933,1,16,16,1.0
Phi-4-Reas.,SVAMP,934,1,16,16,1.0
Phi-4-Reas.,SVAMP,935,1,16,16,1.0
Phi-4-Reas.,SVAMP,937,1,16,16,1.0
Phi-4-Reas.,SVAMP,938,3,16,16,1.0
Phi-4-Reas.,SVAMP,939,4,16,16,1.0
Phi-4-Reas.,SVAMP,940,1,16,16,1.0
Phi-4-Reas.,SVAMP,941,1,16,16,1.0
Phi-4-Reas.,SVAMP,943,3,16,16,1.0
Phi-4-Reas.,SVAMP,944,1,16,16,1.0
Phi-4-Reas.,SVAMP,945,4,16,16,1.0
Phi-4-Reas.,SVAMP,946,1,16,16,1.0
Phi-4-Reas.,SVAMP,947,1,16,16,1.0
Phi-4-Reas.,SVAMP,948,2,15,16,0.9375
Phi-4-Reas.,SVAMP,949,3,16,16,1.0
Phi-4-Reas.,SVAMP,950,1,16,16,1.0
Phi-4-Reas.,SVAMP,951,9,16,16,1.0
Phi-4-Reas.,SVAMP,952,4,15,16,0.9375
Phi-4-Reas.,SVAMP,954,4,16,16,1.0
Phi-4-Reas.,SVAMP,956,3,15,16,0.9375
Phi-4-Reas.,SVAMP,957,1,16,16,1.0
Phi-4-Reas.,SVAMP,958,1,16,16,1.0
Phi-4-Reas.,SVAMP,961,3,16,16,1.0
Phi-4-Reas.,SVAMP,964,2,16,16,1.0
Phi-4-Reas.,SVAMP,965,1,16,16,1.0
Phi-4-Reas.,SVAMP,966,1,16,16,1.0
Phi-4-Reas.,SVAMP,967,1,16,16,1.0
Phi-4-Reas.,SVAMP,968,2,16,16,1.0
Phi-4-Reas.,SVAMP,969,4,16,16,1.0
Phi-4-Reas.,SVAMP,970,2,16,16,1.0
Phi-4-Reas.,SVAMP,972,1,16,16,1.0
Phi-4-Reas.,SVAMP,973,3,0,16,0.0
Phi-4-Reas.,SVAMP,974,3,14,16,0.875
Phi-4-Reas.,SVAMP,976,1,16,16,1.0
Phi-4-Reas.,SVAMP,977,2,16,16,1.0
Phi-4-Reas.,SVAMP,978,2,16,16,1.0
Phi-4-Reas.,SVAMP,979,2,15,16,0.9375
Phi-4-Reas.,SVAMP,980,2,16,16,1.0
Phi-4-Reas.,SVAMP,981,1,16,16,1.0
Phi-4-Reas.,SVAMP,982,1,16,16,1.0
Phi-4-Reas.,SVAMP,984,2,16,16,1.0
Phi-4-Reas.,SVAMP,985,2,16,16,1.0
Phi-4-Reas.,SVAMP,987,2,16,16,1.0
Phi-4-Reas.,SVAMP,990,3,16,16,1.0
Phi-4-Reas.,SVAMP,991,1,16,16,1.0
Phi-4-Reas.,SVAMP,992,3,16,16,1.0
Phi-4-Reas.,SVAMP,994,1,16,16,1.0
Phi-4-Reas.,SVAMP,995,2,15,16,0.9375
Phi-4-Reas.,SVAMP,996,2,16,16,1.0
Phi-4-Reas.,SVAMP,998,2,16,16,1.0
Phi-4-Reas.,SVAMP,999,1,15,16,0.9375
Qwen2.5-7B,AQuA,1,2,12,16,0.75
Qwen2.5-7B,AQuA,2,1,15,16,0.9375
Qwen2.5-7B,AQuA,4,2,15,16,0.9375
Qwen2.5-7B,AQuA,9,2,10,16,0.625
Qwen2.5-7B,AQuA,11,3,15,16,0.9375
Qwen2.5-7B,AQuA,13,5,10,16,0.625
Qwen2.5-7B,AQuA,14,1,11,16,0.6875
Qwen2.5-7B,AQuA,15,1,13,16,0.8125
Qwen2.5-7B,AQuA,16,2,13,16,0.8125
Qwen2.5-7B,AQuA,17,2,11,16,0.6875
Qwen2.5-7B,AQuA,18,3,15,16,0.9375
Qwen2.5-7B,AQuA,19,2,10,16,0.625
Qwen2.5-7B,AQuA,23,3,11,16,0.6875
Qwen2.5-7B,AQuA,24,8,14,16,0.875
Qwen2.5-7B,AQuA,26,5,13,16,0.8125
Qwen2.5-7B,AQuA,27,7,16,16,1.0
Qwen2.5-7B,AQuA,28,1,15,16,0.9375
Qwen2.5-7B,AQuA,29,1,11,16,0.6875
Qwen2.5-7B,AQuA,30,3,11,16,0.6875
Qwen2.5-7B,AQuA,31,3,10,16,0.625
Qwen2.5-7B,AQuA,33,4,11,16,0.6875
Qwen2.5-7B,AQuA,34,2,13,16,0.8125
Qwen2.5-7B,AQuA,35,1,15,16,0.9375
Qwen2.5-7B,AQuA,36,1,11,16,0.6875
Qwen2.5-7B,AQuA,37,1,12,16,0.75
Qwen2.5-7B,AQuA,38,4,15,16,0.9375
Qwen2.5-7B,AQuA,39,3,15,16,0.9375
Qwen2.5-7B,AQuA,41,3,13,16,0.8125
Qwen2.5-7B,AQuA,42,4,8,16,0.5
Qwen2.5-7B,AQuA,43,3,16,16,1.0
Qwen2.5-7B,AQuA,44,2,13,16,0.8125
Qwen2.5-7B,AQuA,45,5,13,16,0.8125
Qwen2.5-7B,AQuA,46,4,10,16,0.625
Qwen2.5-7B,AQuA,47,1,14,16,0.875
Qwen2.5-7B,AQuA,48,3,14,16,0.875
Qwen2.5-7B,AQuA,49,1,10,16,0.625
Qwen2.5-7B,AQuA,50,3,14,16,0.875
Qwen2.5-7B,AQuA,51,1,13,16,0.8125
Qwen2.5-7B,AQuA,53,5,14,16,0.875
Qwen2.5-7B,AQuA,54,2,12,16,0.75
Qwen2.5-7B,AQuA,55,5,12,16,0.75
Qwen2.5-7B,AQuA,57,3,8,16,0.5
Qwen2.5-7B,AQuA,60,3,13,16,0.8125
Qwen2.5-7B,AQuA,63,1,13,16,0.8125
Qwen2.5-7B,AQuA,65,4,9,16,0.5625
Qwen2.5-7B,AQuA,70,3,11,16,0.6875
Qwen2.5-7B,AQuA,71,2,14,16,0.875
Qwen2.5-7B,AQuA,72,2,9,16,0.5625
Qwen2.5-7B,AQuA,73,5,11,16,0.6875
Qwen2.5-7B,AQuA,74,2,16,16,1.0
Qwen2.5-7B,AQuA,76,1,15,16,0.9375
Qwen2.5-7B,AQuA,78,5,13,16,0.8125
Qwen2.5-7B,AQuA,80,4,11,16,0.6875
Qwen2.5-7B,AQuA,81,1,14,16,0.875
Qwen2.5-7B,AQuA,82,6,15,16,0.9375
Qwen2.5-7B,AQuA,84,1,11,16,0.6875
Qwen2.5-7B,AQuA,87,2,13,16,0.8125
Qwen2.5-7B,AQuA,91,8,15,16,0.9375
Qwen2.5-7B,AQuA,94,1,15,16,0.9375
Qwen2.5-7B,AQuA,96,1,13,16,0.8125
Qwen2.5-7B,AQuA,97,7,10,16,0.625
Qwen2.5-7B,AQuA,98,5,10,16,0.625
Qwen2.5-7B,AQuA,99,4,8,16,0.5
Qwen2.5-7B,AQuA,100,1,15,16,0.9375
Qwen2.5-7B,AQuA,102,2,13,16,0.8125
Qwen2.5-7B,AQuA,103,1,13,16,0.8125
Qwen2.5-7B,AQuA,105,1,8,16,0.5
Qwen2.5-7B,AQuA,111,3,13,16,0.8125
Qwen2.5-7B,AQuA,113,4,13,16,0.8125
Qwen2.5-7B,AQuA,118,5,11,16,0.6875
Qwen2.5-7B,AQuA,119,1,11,16,0.6875
Qwen2.5-7B,AQuA,120,2,13,16,0.8125
Qwen2.5-7B,AQuA,121,1,12,16,0.75
Qwen2.5-7B,AQuA,123,5,11,16,0.6875
Qwen2.5-7B,AQuA,124,4,1,16,0.0625
Qwen2.5-7B,AQuA,127,2,13,16,0.8125
Qwen2.5-7B,AQuA,128,2,11,16,0.6875
Qwen2.5-7B,AQuA,129,9,14,16,0.875
Qwen2.5-7B,AQuA,130,4,13,16,0.8125
Qwen2.5-7B,AQuA,131,4,9,16,0.5625
Qwen2.5-7B,AQuA,133,4,15,16,0.9375
Qwen2.5-7B,AQuA,134,5,16,16,1.0
Qwen2.5-7B,AQuA,137,3,10,16,0.625
Qwen2.5-7B,AQuA,138,9,14,16,0.875
Qwen2.5-7B,AQuA,141,1,12,16,0.75
Qwen2.5-7B,AQuA,143,4,12,16,0.75
Qwen2.5-7B,AQuA,144,5,9,16,0.5625
Qwen2.5-7B,AQuA,146,1,4,16,0.25
Qwen2.5-7B,AQuA,147,1,15,16,0.9375
Qwen2.5-7B,AQuA,148,3,12,16,0.75
Qwen2.5-7B,AQuA,151,2,14,16,0.875
Qwen2.5-7B,AQuA,152,1,0,16,0.0
Qwen2.5-7B,AQuA,153,4,13,16,0.8125
Qwen2.5-7B,AQuA,155,2,11,16,0.6875
Qwen2.5-7B,AQuA,156,3,11,16,0.6875
Qwen2.5-7B,AQuA,157,2,8,16,0.5
Qwen2.5-7B,AQuA,163,1,9,16,0.5625
Qwen2.5-7B,AQuA,166,5,8,16,0.5
Qwen2.5-7B,AQuA,167,6,12,16,0.75
Qwen2.5-7B,AQuA,170,2,11,16,0.6875
Qwen2.5-7B,AQuA,171,1,13,16,0.8125
Qwen2.5-7B,AQuA,173,1,7,16,0.4375
Qwen2.5-7B,AQuA,174,2,12,16,0.75
Qwen2.5-7B,AQuA,177,6,10,16,0.625
Qwen2.5-7B,AQuA,179,1,11,16,0.6875
Qwen2.5-7B,AQuA,180,3,11,16,0.6875
Qwen2.5-7B,AQuA,183,4,8,16,0.5
Qwen2.5-7B,AQuA,188,1,5,16,0.3125
Qwen2.5-7B,AQuA,189,1,11,16,0.6875
Qwen2.5-7B,AQuA,190,3,11,16,0.6875
Qwen2.5-7B,AQuA,192,3,11,16,0.6875
Qwen2.5-7B,AQuA,194,4,12,16,0.75
Qwen2.5-7B,AQuA,195,1,15,16,0.9375
Qwen2.5-7B,AQuA,203,10,10,16,0.625
Qwen2.5-7B,AQuA,204,3,14,16,0.875
Qwen2.5-7B,AQuA,206,4,13,16,0.8125
Qwen2.5-7B,AQuA,209,1,14,16,0.875
Qwen2.5-7B,AQuA,210,2,7,16,0.4375
Qwen2.5-7B,AQuA,212,1,12,16,0.75
Qwen2.5-7B,AQuA,215,3,10,16,0.625
Qwen2.5-7B,AQuA,218,4,14,16,0.875
Qwen2.5-7B,AQuA,219,3,16,16,1.0
Qwen2.5-7B,AQuA,220,3,13,16,0.8125
Qwen2.5-7B,AQuA,221,4,15,16,0.9375
Qwen2.5-7B,AQuA,222,1,9,16,0.5625
Qwen2.5-7B,AQuA,223,1,12,16,0.75
Qwen2.5-7B,AQuA,226,1,16,16,1.0
Qwen2.5-7B,AQuA,229,2,11,16,0.6875
Qwen2.5-7B,AQuA,231,3,11,16,0.6875
Qwen2.5-7B,AQuA,233,5,12,16,0.75
Qwen2.5-7B,AQuA,234,2,11,16,0.6875
Qwen2.5-7B,AQuA,235,2,13,16,0.8125
Qwen2.5-7B,AQuA,239,1,10,16,0.625
Qwen2.5-7B,AQuA,242,4,15,16,0.9375
Qwen2.5-7B,AQuA,243,1,9,16,0.5625
Qwen2.5-7B,AQuA,244,2,13,16,0.8125
Qwen2.5-7B,AQuA,245,1,0,16,0.0
Qwen2.5-7B,AQuA,247,3,11,16,0.6875
Qwen2.5-7B,AQuA,248,1,6,16,0.375
Qwen2.5-7B,AQuA,249,3,12,16,0.75
Qwen2.5-7B,AQuA,250,2,8,16,0.5
Qwen2.5-7B,AQuA,251,2,13,16,0.8125
Qwen2.5-7B,CSQA,1,1,16,16,1.0
Qwen2.5-7B,CSQA,2,1,16,16,1.0
Qwen2.5-7B,CSQA,3,2,16,16,1.0
Qwen2.5-7B,CSQA,4,4,13,16,0.8125
Qwen2.5-7B,CSQA,5,4,16,16,1.0
Qwen2.5-7B,CSQA,6,8,16,16,1.0
Qwen2.5-7B,CSQA,7,2,16,16,1.0
Qwen2.5-7B,CSQA,8,2,16,16,1.0
Qwen2.5-7B,CSQA,11,1,16,16,1.0
Qwen2.5-7B,CSQA,12,1,16,16,1.0
Qwen2.5-7B,CSQA,14,1,16,16,1.0
Qwen2.5-7B,CSQA,15,1,16,16,1.0
Qwen2.5-7B,CSQA,16,1,16,16,1.0
Qwen2.5-7B,CSQA,17,2,16,16,1.0
Qwen2.5-7B,CSQA,18,3,15,16,0.9375
Qwen2.5-7B,CSQA,20,5,13,16,0.8125
Qwen2.5-7B,CSQA,21,1,16,16,1.0
Qwen2.5-7B,CSQA,24,6,15,16,0.9375
Qwen2.5-7B,CSQA,25,1,16,16,1.0
Qwen2.5-7B,CSQA,26,2,16,16,1.0
Qwen2.5-7B,CSQA,27,1,15,16,0.9375
Qwen2.5-7B,CSQA,28,1,16,16,1.0
Qwen2.5-7B,CSQA,29,2,16,16,1.0
Qwen2.5-7B,CSQA,30,3,16,16,1.0
Qwen2.5-7B,CSQA,31,1,16,16,1.0
Qwen2.5-7B,CSQA,32,3,13,16,0.8125
Qwen2.5-7B,CSQA,33,2,13,16,0.8125
Qwen2.5-7B,CSQA,34,1,4,16,0.25
Qwen2.5-7B,CSQA,35,1,16,16,1.0
Qwen2.5-7B,CSQA,36,1,16,16,1.0
Qwen2.5-7B,CSQA,37,6,16,16,1.0
Qwen2.5-7B,CSQA,39,2,8,16,0.5
Qwen2.5-7B,CSQA,40,1,16,16,1.0
Qwen2.5-7B,CSQA,43,1,16,16,1.0
Qwen2.5-7B,CSQA,45,2,14,16,0.875
Qwen2.5-7B,CSQA,46,3,2,16,0.125
Qwen2.5-7B,CSQA,47,4,16,16,1.0
Qwen2.5-7B,CSQA,48,1,1,16,0.0625
Qwen2.5-7B,CSQA,49,1,4,16,0.25
Qwen2.5-7B,CSQA,51,1,16,16,1.0
Qwen2.5-7B,CSQA,53,1,16,16,1.0
Qwen2.5-7B,CSQA,55,3,16,16,1.0
Qwen2.5-7B,CSQA,58,2,0,16,0.0
Qwen2.5-7B,CSQA,59,1,3,16,0.1875
Qwen2.5-7B,CSQA,60,5,15,16,0.9375
Qwen2.5-7B,CSQA,62,3,5,16,0.3125
Qwen2.5-7B,CSQA,63,1,16,16,1.0
Qwen2.5-7B,CSQA,64,1,16,16,1.0
Qwen2.5-7B,CSQA,65,2,15,16,0.9375
Qwen2.5-7B,CSQA,68,1,2,16,0.125
Qwen2.5-7B,CSQA,69,5,16,16,1.0
Qwen2.5-7B,CSQA,70,1,16,16,1.0
Qwen2.5-7B,CSQA,72,1,14,16,0.875
Qwen2.5-7B,CSQA,73,1,16,16,1.0
Qwen2.5-7B,CSQA,74,1,8,16,0.5
Qwen2.5-7B,CSQA,75,2,12,16,0.75
Qwen2.5-7B,CSQA,76,2,16,16,1.0
Qwen2.5-7B,CSQA,77,1,16,16,1.0
Qwen2.5-7B,CSQA,78,1,6,16,0.375
Qwen2.5-7B,CSQA,79,1,0,16,0.0
Qwen2.5-7B,CSQA,80,1,16,16,1.0
Qwen2.5-7B,CSQA,81,1,15,16,0.9375
Qwen2.5-7B,CSQA,82,1,16,16,1.0
Qwen2.5-7B,CSQA,83,1,16,16,1.0
Qwen2.5-7B,CSQA,84,2,16,16,1.0
Qwen2.5-7B,CSQA,86,4,16,16,1.0
Qwen2.5-7B,CSQA,87,3,1,16,0.0625
Qwen2.5-7B,CSQA,88,3,16,16,1.0
Qwen2.5-7B,CSQA,93,1,16,16,1.0
Qwen2.5-7B,CSQA,94,3,16,16,1.0
Qwen2.5-7B,CSQA,95,3,0,16,0.0
Qwen2.5-7B,CSQA,96,3,15,16,0.9375
Qwen2.5-7B,CSQA,97,2,14,16,0.875
Qwen2.5-7B,CSQA,99,1,11,16,0.6875
Qwen2.5-7B,CSQA,100,2,14,16,0.875
Qwen2.5-7B,CSQA,103,2,11,16,0.6875
Qwen2.5-7B,CSQA,104,1,16,16,1.0
Qwen2.5-7B,CSQA,105,1,13,16,0.8125
Qwen2.5-7B,CSQA,111,1,11,16,0.6875
Qwen2.5-7B,CSQA,112,4,14,16,0.875
Qwen2.5-7B,CSQA,115,1,12,16,0.75
Qwen2.5-7B,CSQA,118,1,16,16,1.0
Qwen2.5-7B,CSQA,122,2,8,16,0.5
Qwen2.5-7B,CSQA,124,2,16,16,1.0
Qwen2.5-7B,CSQA,126,1,16,16,1.0
Qwen2.5-7B,CSQA,127,1,16,16,1.0
Qwen2.5-7B,CSQA,128,7,16,16,1.0
Qwen2.5-7B,CSQA,129,3,16,16,1.0
Qwen2.5-7B,CSQA,131,7,16,16,1.0
Qwen2.5-7B,CSQA,132,1,16,16,1.0
Qwen2.5-7B,CSQA,133,1,16,16,1.0
Qwen2.5-7B,CSQA,135,10,16,16,1.0
Qwen2.5-7B,CSQA,137,1,16,16,1.0
Qwen2.5-7B,CSQA,141,1,16,16,1.0
Qwen2.5-7B,CSQA,142,1,2,16,0.125
Qwen2.5-7B,CSQA,145,3,5,16,0.3125
Qwen2.5-7B,CSQA,148,1,16,16,1.0
Qwen2.5-7B,CSQA,149,2,14,16,0.875
Qwen2.5-7B,CSQA,150,1,16,16,1.0
Qwen2.5-7B,CSQA,151,3,16,16,1.0
Qwen2.5-7B,CSQA,153,2,15,16,0.9375
Qwen2.5-7B,CSQA,154,3,16,16,1.0
Qwen2.5-7B,CSQA,157,1,7,16,0.4375
Qwen2.5-7B,CSQA,160,1,16,16,1.0
Qwen2.5-7B,CSQA,161,3,16,16,1.0
Qwen2.5-7B,CSQA,163,4,16,16,1.0
Qwen2.5-7B,CSQA,164,3,16,16,1.0
Qwen2.5-7B,CSQA,165,1,9,16,0.5625
Qwen2.5-7B,CSQA,166,1,16,16,1.0
Qwen2.5-7B,CSQA,167,2,16,16,1.0
Qwen2.5-7B,CSQA,169,2,16,16,1.0
Qwen2.5-7B,CSQA,170,2,16,16,1.0
Qwen2.5-7B,CSQA,173,5,16,16,1.0
Qwen2.5-7B,CSQA,174,5,0,16,0.0
Qwen2.5-7B,CSQA,175,1,16,16,1.0
Qwen2.5-7B,CSQA,176,1,16,16,1.0
Qwen2.5-7B,CSQA,177,3,1,16,0.0625
Qwen2.5-7B,CSQA,178,2,7,16,0.4375
Qwen2.5-7B,CSQA,179,4,5,16,0.3125
Qwen2.5-7B,CSQA,180,3,16,16,1.0
Qwen2.5-7B,CSQA,181,4,16,16,1.0
Qwen2.5-7B,CSQA,183,3,11,16,0.6875
Qwen2.5-7B,CSQA,184,2,16,16,1.0
Qwen2.5-7B,CSQA,185,2,2,16,0.125
Qwen2.5-7B,CSQA,187,3,16,16,1.0
Qwen2.5-7B,CSQA,188,2,16,16,1.0
Qwen2.5-7B,CSQA,189,2,16,16,1.0
Qwen2.5-7B,CSQA,191,1,2,16,0.125
Qwen2.5-7B,CSQA,194,4,16,16,1.0
Qwen2.5-7B,CSQA,195,2,16,16,1.0
Qwen2.5-7B,CSQA,196,2,16,16,1.0
Qwen2.5-7B,CSQA,198,1,10,16,0.625
Qwen2.5-7B,CSQA,199,3,8,16,0.5
Qwen2.5-7B,CSQA,201,2,4,16,0.25
Qwen2.5-7B,CSQA,202,1,16,16,1.0
Qwen2.5-7B,CSQA,204,1,16,16,1.0
Qwen2.5-7B,CSQA,205,2,3,16,0.1875
Qwen2.5-7B,CSQA,206,3,10,16,0.625
Qwen2.5-7B,CSQA,208,1,16,16,1.0
Qwen2.5-7B,CSQA,209,4,15,16,0.9375
Qwen2.5-7B,CSQA,210,2,16,16,1.0
Qwen2.5-7B,CSQA,211,2,6,16,0.375
Qwen2.5-7B,CSQA,214,7,16,16,1.0
Qwen2.5-7B,CSQA,215,1,16,16,1.0
Qwen2.5-7B,CSQA,216,4,0,16,0.0
Qwen2.5-7B,CSQA,217,4,16,16,1.0
Qwen2.5-7B,CSQA,219,1,16,16,1.0
Qwen2.5-7B,CSQA,221,3,10,16,0.625
Qwen2.5-7B,CSQA,222,7,15,16,0.9375
Qwen2.5-7B,CSQA,224,1,16,16,1.0
Qwen2.5-7B,CSQA,226,1,16,16,1.0
Qwen2.5-7B,CSQA,227,2,16,16,1.0
Qwen2.5-7B,CSQA,228,4,16,16,1.0
Qwen2.5-7B,CSQA,229,1,14,16,0.875
Qwen2.5-7B,CSQA,230,1,16,16,1.0
Qwen2.5-7B,CSQA,231,1,16,16,1.0
Qwen2.5-7B,CSQA,232,2,5,16,0.3125
Qwen2.5-7B,CSQA,233,3,16,16,1.0
Qwen2.5-7B,CSQA,234,4,16,16,1.0
Qwen2.5-7B,CSQA,237,2,8,16,0.5
Qwen2.5-7B,CSQA,238,3,16,16,1.0
Qwen2.5-7B,CSQA,239,3,16,16,1.0
Qwen2.5-7B,CSQA,240,1,16,16,1.0
Qwen2.5-7B,CSQA,242,3,16,16,1.0
Qwen2.5-7B,CSQA,243,2,16,16,1.0
Qwen2.5-7B,CSQA,244,1,16,16,1.0
Qwen2.5-7B,CSQA,246,1,13,16,0.8125
Qwen2.5-7B,CSQA,247,2,15,16,0.9375
Qwen2.5-7B,CSQA,249,1,7,16,0.4375
Qwen2.5-7B,CSQA,251,2,3,16,0.1875
Qwen2.5-7B,CSQA,252,1,16,16,1.0
Qwen2.5-7B,CSQA,254,2,16,16,1.0
Qwen2.5-7B,CSQA,255,1,16,16,1.0
Qwen2.5-7B,CSQA,256,3,6,16,0.375
Qwen2.5-7B,CSQA,257,1,16,16,1.0
Qwen2.5-7B,CSQA,259,2,16,16,1.0
Qwen2.5-7B,CSQA,261,4,3,16,0.1875
Qwen2.5-7B,CSQA,262,2,12,16,0.75
Qwen2.5-7B,CSQA,263,1,16,16,1.0
Qwen2.5-7B,CSQA,264,1,16,16,1.0
Qwen2.5-7B,CSQA,265,1,15,16,0.9375
Qwen2.5-7B,CSQA,266,2,16,16,1.0
Qwen2.5-7B,CSQA,268,1,16,16,1.0
Qwen2.5-7B,CSQA,269,1,16,16,1.0
Qwen2.5-7B,CSQA,270,2,16,16,1.0
Qwen2.5-7B,CSQA,271,1,16,16,1.0
Qwen2.5-7B,CSQA,272,2,16,16,1.0
Qwen2.5-7B,CSQA,273,2,4,16,0.25
Qwen2.5-7B,CSQA,276,3,16,16,1.0
Qwen2.5-7B,CSQA,278,10,16,16,1.0
Qwen2.5-7B,CSQA,279,2,16,16,1.0
Qwen2.5-7B,CSQA,282,1,14,16,0.875
Qwen2.5-7B,CSQA,284,1,16,16,1.0
Qwen2.5-7B,CSQA,285,1,16,16,1.0
Qwen2.5-7B,CSQA,286,1,16,16,1.0
Qwen2.5-7B,CSQA,287,1,0,16,0.0
Qwen2.5-7B,CSQA,288,1,16,16,1.0
Qwen2.5-7B,CSQA,290,2,16,16,1.0
Qwen2.5-7B,CSQA,291,1,0,16,0.0
Qwen2.5-7B,CSQA,292,1,14,16,0.875
Qwen2.5-7B,CSQA,294,5,15,16,0.9375
Qwen2.5-7B,CSQA,295,5,16,16,1.0
Qwen2.5-7B,CSQA,297,6,16,16,1.0
Qwen2.5-7B,CSQA,298,4,16,16,1.0
Qwen2.5-7B,CSQA,300,1,16,16,1.0
Qwen2.5-7B,CSQA,301,3,16,16,1.0
Qwen2.5-7B,CSQA,302,1,13,16,0.8125
Qwen2.5-7B,CSQA,303,2,16,16,1.0
Qwen2.5-7B,CSQA,304,1,16,16,1.0
Qwen2.5-7B,CSQA,305,3,2,16,0.125
Qwen2.5-7B,CSQA,306,2,16,16,1.0
Qwen2.5-7B,CSQA,307,1,16,16,1.0
Qwen2.5-7B,CSQA,308,2,5,16,0.3125
Qwen2.5-7B,CSQA,310,3,7,16,0.4375
Qwen2.5-7B,CSQA,311,1,10,16,0.625
Qwen2.5-7B,CSQA,312,2,0,16,0.0
Qwen2.5-7B,CSQA,317,2,16,16,1.0
Qwen2.5-7B,CSQA,318,2,5,16,0.3125
Qwen2.5-7B,CSQA,320,1,16,16,1.0
Qwen2.5-7B,CSQA,323,2,5,16,0.3125
Qwen2.5-7B,CSQA,324,3,16,16,1.0
Qwen2.5-7B,CSQA,325,4,0,16,0.0
Qwen2.5-7B,CSQA,326,1,16,16,1.0
Qwen2.5-7B,CSQA,329,1,14,16,0.875
Qwen2.5-7B,CSQA,333,3,16,16,1.0
Qwen2.5-7B,CSQA,335,3,16,16,1.0
Qwen2.5-7B,CSQA,336,2,16,16,1.0
Qwen2.5-7B,CSQA,337,5,16,16,1.0
Qwen2.5-7B,CSQA,339,3,4,16,0.25
Qwen2.5-7B,CSQA,341,1,16,16,1.0
Qwen2.5-7B,CSQA,343,4,0,16,0.0
Qwen2.5-7B,CSQA,344,5,16,16,1.0
Qwen2.5-7B,CSQA,345,2,11,16,0.6875
Qwen2.5-7B,CSQA,347,2,16,16,1.0
Qwen2.5-7B,CSQA,348,1,0,16,0.0
Qwen2.5-7B,CSQA,351,6,16,16,1.0
Qwen2.5-7B,CSQA,352,5,16,16,1.0
Qwen2.5-7B,CSQA,353,3,0,16,0.0
Qwen2.5-7B,CSQA,355,1,16,16,1.0
Qwen2.5-7B,CSQA,356,1,1,16,0.0625
Qwen2.5-7B,CSQA,357,2,16,16,1.0
Qwen2.5-7B,CSQA,358,5,16,16,1.0
Qwen2.5-7B,CSQA,359,3,6,16,0.375
Qwen2.5-7B,CSQA,361,4,16,16,1.0
Qwen2.5-7B,CSQA,362,3,10,16,0.625
Qwen2.5-7B,CSQA,363,1,16,16,1.0
Qwen2.5-7B,CSQA,364,1,14,16,0.875
Qwen2.5-7B,CSQA,368,1,16,16,1.0
Qwen2.5-7B,CSQA,369,1,16,16,1.0
Qwen2.5-7B,CSQA,370,2,13,16,0.8125
Qwen2.5-7B,CSQA,372,1,6,16,0.375
Qwen2.5-7B,CSQA,374,4,16,16,1.0
Qwen2.5-7B,CSQA,377,1,13,16,0.8125
Qwen2.5-7B,CSQA,378,1,15,16,0.9375
Qwen2.5-7B,CSQA,380,1,16,16,1.0
Qwen2.5-7B,CSQA,381,1,15,16,0.9375
Qwen2.5-7B,CSQA,385,3,13,16,0.8125
Qwen2.5-7B,CSQA,387,1,16,16,1.0
Qwen2.5-7B,CSQA,389,5,16,16,1.0
Qwen2.5-7B,CSQA,390,1,0,16,0.0
Qwen2.5-7B,CSQA,391,2,9,16,0.5625
Qwen2.5-7B,CSQA,392,2,13,16,0.8125
Qwen2.5-7B,CSQA,393,1,11,16,0.6875
Qwen2.5-7B,CSQA,394,3,16,16,1.0
Qwen2.5-7B,CSQA,395,1,16,16,1.0
Qwen2.5-7B,CSQA,398,2,0,16,0.0
Qwen2.5-7B,CSQA,399,2,15,16,0.9375
Qwen2.5-7B,CSQA,400,3,16,16,1.0
Qwen2.5-7B,CSQA,402,1,16,16,1.0
Qwen2.5-7B,CSQA,404,2,11,16,0.6875
Qwen2.5-7B,CSQA,405,1,13,16,0.8125
Qwen2.5-7B,CSQA,406,2,6,16,0.375
Qwen2.5-7B,CSQA,407,3,16,16,1.0
Qwen2.5-7B,CSQA,409,2,16,16,1.0
Qwen2.5-7B,CSQA,410,3,9,16,0.5625
Qwen2.5-7B,CSQA,412,1,5,16,0.3125
Qwen2.5-7B,CSQA,417,5,15,16,0.9375
Qwen2.5-7B,CSQA,420,2,16,16,1.0
Qwen2.5-7B,CSQA,421,7,16,16,1.0
Qwen2.5-7B,CSQA,425,2,15,16,0.9375
Qwen2.5-7B,CSQA,426,2,16,16,1.0
Qwen2.5-7B,CSQA,428,1,13,16,0.8125
Qwen2.5-7B,CSQA,429,4,16,16,1.0
Qwen2.5-7B,CSQA,430,1,8,16,0.5
Qwen2.5-7B,CSQA,432,4,16,16,1.0
Qwen2.5-7B,CSQA,434,2,16,16,1.0
Qwen2.5-7B,CSQA,435,1,9,16,0.5625
Qwen2.5-7B,CSQA,437,1,14,16,0.875
Qwen2.5-7B,CSQA,438,2,15,16,0.9375
Qwen2.5-7B,CSQA,439,1,10,16,0.625
Qwen2.5-7B,CSQA,440,1,16,16,1.0
Qwen2.5-7B,CSQA,441,1,4,16,0.25
Qwen2.5-7B,CSQA,442,4,16,16,1.0
Qwen2.5-7B,CSQA,443,3,16,16,1.0
Qwen2.5-7B,CSQA,445,1,15,16,0.9375
Qwen2.5-7B,CSQA,447,1,16,16,1.0
Qwen2.5-7B,CSQA,448,3,0,16,0.0
Qwen2.5-7B,CSQA,449,1,16,16,1.0
Qwen2.5-7B,CSQA,452,2,16,16,1.0
Qwen2.5-7B,CSQA,454,1,8,16,0.5
Qwen2.5-7B,CSQA,455,2,16,16,1.0
Qwen2.5-7B,CSQA,457,5,16,16,1.0
Qwen2.5-7B,CSQA,458,2,16,16,1.0
Qwen2.5-7B,CSQA,459,1,15,16,0.9375
Qwen2.5-7B,CSQA,460,4,15,16,0.9375
Qwen2.5-7B,CSQA,461,4,16,16,1.0
Qwen2.5-7B,CSQA,463,1,16,16,1.0
Qwen2.5-7B,CSQA,464,1,4,16,0.25
Qwen2.5-7B,CSQA,466,2,16,16,1.0
Qwen2.5-7B,CSQA,467,3,16,16,1.0
Qwen2.5-7B,CSQA,468,4,1,16,0.0625
Qwen2.5-7B,CSQA,469,1,16,16,1.0
Qwen2.5-7B,CSQA,470,1,0,16,0.0
Qwen2.5-7B,CSQA,471,3,16,16,1.0
Qwen2.5-7B,CSQA,473,2,16,16,1.0
Qwen2.5-7B,CSQA,475,8,16,16,1.0
Qwen2.5-7B,CSQA,476,1,7,16,0.4375
Qwen2.5-7B,CSQA,478,1,16,16,1.0
Qwen2.5-7B,CSQA,479,9,16,16,1.0
Qwen2.5-7B,CSQA,480,2,1,16,0.0625
Qwen2.5-7B,CSQA,481,2,16,16,1.0
Qwen2.5-7B,CSQA,482,2,13,16,0.8125
Qwen2.5-7B,CSQA,484,8,0,16,0.0
Qwen2.5-7B,CSQA,485,1,13,16,0.8125
Qwen2.5-7B,CSQA,486,5,16,16,1.0
Qwen2.5-7B,CSQA,487,4,14,16,0.875
Qwen2.5-7B,CSQA,490,1,16,16,1.0
Qwen2.5-7B,CSQA,491,4,16,16,1.0
Qwen2.5-7B,CSQA,492,1,16,16,1.0
Qwen2.5-7B,CSQA,493,1,16,16,1.0
Qwen2.5-7B,CSQA,494,3,12,16,0.75
Qwen2.5-7B,CSQA,495,3,15,16,0.9375
Qwen2.5-7B,CSQA,499,5,16,16,1.0
Qwen2.5-7B,CSQA,500,1,16,16,1.0
Qwen2.5-7B,CSQA,501,1,0,16,0.0
Qwen2.5-7B,CSQA,502,1,16,16,1.0
Qwen2.5-7B,CSQA,503,6,14,16,0.875
Qwen2.5-7B,CSQA,507,2,16,16,1.0
Qwen2.5-7B,CSQA,508,1,16,16,1.0
Qwen2.5-7B,CSQA,509,7,16,16,1.0
Qwen2.5-7B,CSQA,510,1,16,16,1.0
Qwen2.5-7B,CSQA,511,2,5,16,0.3125
Qwen2.5-7B,CSQA,512,2,16,16,1.0
Qwen2.5-7B,CSQA,515,6,16,16,1.0
Qwen2.5-7B,CSQA,518,1,16,16,1.0
Qwen2.5-7B,CSQA,519,1,16,16,1.0
Qwen2.5-7B,CSQA,520,2,1,16,0.0625
Qwen2.5-7B,CSQA,523,5,11,16,0.6875
Qwen2.5-7B,CSQA,524,10,16,16,1.0
Qwen2.5-7B,CSQA,525,1,16,16,1.0
Qwen2.5-7B,CSQA,526,3,16,16,1.0
Qwen2.5-7B,CSQA,527,1,16,16,1.0
Qwen2.5-7B,CSQA,528,1,1,16,0.0625
Qwen2.5-7B,CSQA,529,1,15,16,0.9375
Qwen2.5-7B,CSQA,530,4,10,16,0.625
Qwen2.5-7B,CSQA,532,2,16,16,1.0
Qwen2.5-7B,CSQA,533,3,16,16,1.0
Qwen2.5-7B,CSQA,536,1,16,16,1.0
Qwen2.5-7B,CSQA,537,3,16,16,1.0
Qwen2.5-7B,CSQA,538,2,16,16,1.0
Qwen2.5-7B,CSQA,540,1,16,16,1.0
Qwen2.5-7B,CSQA,541,1,16,16,1.0
Qwen2.5-7B,CSQA,545,5,16,16,1.0
Qwen2.5-7B,CSQA,546,5,16,16,1.0
Qwen2.5-7B,CSQA,548,1,16,16,1.0
Qwen2.5-7B,CSQA,549,3,11,16,0.6875
Qwen2.5-7B,CSQA,550,2,16,16,1.0
Qwen2.5-7B,CSQA,551,1,11,16,0.6875
Qwen2.5-7B,CSQA,552,2,0,16,0.0
Qwen2.5-7B,CSQA,556,1,16,16,1.0
Qwen2.5-7B,CSQA,558,1,16,16,1.0
Qwen2.5-7B,CSQA,559,1,15,16,0.9375
Qwen2.5-7B,CSQA,561,2,16,16,1.0
Qwen2.5-7B,CSQA,563,5,16,16,1.0
Qwen2.5-7B,CSQA,564,6,16,16,1.0
Qwen2.5-7B,CSQA,565,2,16,16,1.0
Qwen2.5-7B,CSQA,567,2,6,16,0.375
Qwen2.5-7B,CSQA,569,1,15,16,0.9375
Qwen2.5-7B,CSQA,570,1,16,16,1.0
Qwen2.5-7B,CSQA,571,3,4,16,0.25
Qwen2.5-7B,CSQA,572,1,16,16,1.0
Qwen2.5-7B,CSQA,573,1,16,16,1.0
Qwen2.5-7B,CSQA,574,2,3,16,0.1875
Qwen2.5-7B,CSQA,576,1,0,16,0.0
Qwen2.5-7B,CSQA,577,1,13,16,0.8125
Qwen2.5-7B,CSQA,580,1,0,16,0.0
Qwen2.5-7B,CSQA,581,3,0,16,0.0
Qwen2.5-7B,CSQA,582,1,11,16,0.6875
Qwen2.5-7B,CSQA,584,1,16,16,1.0
Qwen2.5-7B,CSQA,586,2,16,16,1.0
Qwen2.5-7B,CSQA,587,1,16,16,1.0
Qwen2.5-7B,CSQA,589,1,16,16,1.0
Qwen2.5-7B,CSQA,590,1,15,16,0.9375
Qwen2.5-7B,CSQA,591,2,9,16,0.5625
Qwen2.5-7B,CSQA,592,2,16,16,1.0
Qwen2.5-7B,CSQA,593,1,16,16,1.0
Qwen2.5-7B,CSQA,595,1,16,16,1.0
Qwen2.5-7B,CSQA,596,2,16,16,1.0
Qwen2.5-7B,CSQA,597,1,16,16,1.0
Qwen2.5-7B,CSQA,598,3,16,16,1.0
Qwen2.5-7B,CSQA,599,3,16,16,1.0
Qwen2.5-7B,CSQA,600,6,16,16,1.0
Qwen2.5-7B,CSQA,601,2,15,16,0.9375
Qwen2.5-7B,CSQA,602,2,1,16,0.0625
Qwen2.5-7B,CSQA,603,3,8,16,0.5
Qwen2.5-7B,CSQA,605,2,14,16,0.875
Qwen2.5-7B,CSQA,606,1,16,16,1.0
Qwen2.5-7B,CSQA,607,2,16,16,1.0
Qwen2.5-7B,CSQA,609,1,16,16,1.0
Qwen2.5-7B,CSQA,611,4,16,16,1.0
Qwen2.5-7B,CSQA,613,5,16,16,1.0
Qwen2.5-7B,CSQA,614,1,16,16,1.0
Qwen2.5-7B,CSQA,615,2,16,16,1.0
Qwen2.5-7B,CSQA,618,2,16,16,1.0
Qwen2.5-7B,CSQA,619,2,16,16,1.0
Qwen2.5-7B,CSQA,620,4,16,16,1.0
Qwen2.5-7B,CSQA,621,4,16,16,1.0
Qwen2.5-7B,CSQA,623,1,16,16,1.0
Qwen2.5-7B,CSQA,624,3,16,16,1.0
Qwen2.5-7B,CSQA,625,1,16,16,1.0
Qwen2.5-7B,CSQA,626,1,16,16,1.0
Qwen2.5-7B,CSQA,629,2,15,16,0.9375
Qwen2.5-7B,CSQA,633,2,5,16,0.3125
Qwen2.5-7B,CSQA,634,4,3,16,0.1875
Qwen2.5-7B,CSQA,635,1,7,16,0.4375
Qwen2.5-7B,CSQA,636,2,0,16,0.0
Qwen2.5-7B,CSQA,638,3,8,16,0.5
Qwen2.5-7B,CSQA,640,1,0,16,0.0
Qwen2.5-7B,CSQA,642,1,16,16,1.0
Qwen2.5-7B,CSQA,643,2,10,16,0.625
Qwen2.5-7B,CSQA,645,1,0,16,0.0
Qwen2.5-7B,CSQA,646,4,16,16,1.0
Qwen2.5-7B,CSQA,647,3,10,16,0.625
Qwen2.5-7B,CSQA,648,2,2,16,0.125
Qwen2.5-7B,CSQA,650,3,16,16,1.0
Qwen2.5-7B,CSQA,651,1,16,16,1.0
Qwen2.5-7B,CSQA,654,1,16,16,1.0
Qwen2.5-7B,CSQA,655,2,14,16,0.875
Qwen2.5-7B,CSQA,656,1,16,16,1.0
Qwen2.5-7B,CSQA,657,1,16,16,1.0
Qwen2.5-7B,CSQA,658,3,16,16,1.0
Qwen2.5-7B,CSQA,659,1,16,16,1.0
Qwen2.5-7B,CSQA,661,3,10,16,0.625
Qwen2.5-7B,CSQA,662,1,15,16,0.9375
Qwen2.5-7B,CSQA,663,2,16,16,1.0
Qwen2.5-7B,CSQA,664,7,16,16,1.0
Qwen2.5-7B,CSQA,665,2,9,16,0.5625
Qwen2.5-7B,CSQA,667,4,12,16,0.75
Qwen2.5-7B,CSQA,668,1,16,16,1.0
Qwen2.5-7B,CSQA,669,1,0,16,0.0
Qwen2.5-7B,CSQA,670,3,11,16,0.6875
Qwen2.5-7B,CSQA,671,1,15,16,0.9375
Qwen2.5-7B,CSQA,672,3,1,16,0.0625
Qwen2.5-7B,CSQA,673,2,16,16,1.0
Qwen2.5-7B,CSQA,675,6,16,16,1.0
Qwen2.5-7B,CSQA,676,1,7,16,0.4375
Qwen2.5-7B,CSQA,677,1,16,16,1.0
Qwen2.5-7B,CSQA,678,1,16,16,1.0
Qwen2.5-7B,CSQA,679,2,16,16,1.0
Qwen2.5-7B,CSQA,682,2,16,16,1.0
Qwen2.5-7B,CSQA,683,9,15,16,0.9375
Qwen2.5-7B,CSQA,684,1,14,16,0.875
Qwen2.5-7B,CSQA,685,3,13,16,0.8125
Qwen2.5-7B,CSQA,686,3,16,16,1.0
Qwen2.5-7B,CSQA,687,2,16,16,1.0
Qwen2.5-7B,CSQA,688,1,15,16,0.9375
Qwen2.5-7B,CSQA,690,3,0,16,0.0
Qwen2.5-7B,CSQA,691,2,16,16,1.0
Qwen2.5-7B,CSQA,692,1,16,16,1.0
Qwen2.5-7B,CSQA,694,1,10,16,0.625
Qwen2.5-7B,CSQA,696,7,16,16,1.0
Qwen2.5-7B,CSQA,697,2,16,16,1.0
Qwen2.5-7B,CSQA,699,3,12,16,0.75
Qwen2.5-7B,CSQA,702,1,3,16,0.1875
Qwen2.5-7B,CSQA,706,2,16,16,1.0
Qwen2.5-7B,CSQA,710,4,16,16,1.0
Qwen2.5-7B,CSQA,711,2,16,16,1.0
Qwen2.5-7B,CSQA,712,1,16,16,1.0
Qwen2.5-7B,CSQA,713,2,16,16,1.0
Qwen2.5-7B,CSQA,715,2,7,16,0.4375
Qwen2.5-7B,CSQA,716,2,0,16,0.0
Qwen2.5-7B,CSQA,718,1,16,16,1.0
Qwen2.5-7B,CSQA,719,3,16,16,1.0
Qwen2.5-7B,CSQA,722,1,16,16,1.0
Qwen2.5-7B,CSQA,724,1,11,16,0.6875
Qwen2.5-7B,CSQA,726,2,16,16,1.0
Qwen2.5-7B,CSQA,727,2,16,16,1.0
Qwen2.5-7B,CSQA,728,1,0,16,0.0
Qwen2.5-7B,CSQA,729,1,16,16,1.0
Qwen2.5-7B,CSQA,730,5,12,16,0.75
Qwen2.5-7B,CSQA,731,1,16,16,1.0
Qwen2.5-7B,CSQA,733,1,5,16,0.3125
Qwen2.5-7B,CSQA,734,2,3,16,0.1875
Qwen2.5-7B,CSQA,735,4,6,16,0.375
Qwen2.5-7B,CSQA,737,2,16,16,1.0
Qwen2.5-7B,CSQA,738,2,16,16,1.0
Qwen2.5-7B,CSQA,739,2,14,16,0.875
Qwen2.5-7B,CSQA,740,1,16,16,1.0
Qwen2.5-7B,CSQA,741,1,16,16,1.0
Qwen2.5-7B,CSQA,742,6,16,16,1.0
Qwen2.5-7B,CSQA,743,2,15,16,0.9375
Qwen2.5-7B,CSQA,745,1,16,16,1.0
Qwen2.5-7B,CSQA,746,3,16,16,1.0
Qwen2.5-7B,CSQA,747,2,16,16,1.0
Qwen2.5-7B,CSQA,748,1,16,16,1.0
Qwen2.5-7B,CSQA,749,8,16,16,1.0
Qwen2.5-7B,CSQA,750,1,16,16,1.0
Qwen2.5-7B,CSQA,751,4,16,16,1.0
Qwen2.5-7B,CSQA,752,1,16,16,1.0
Qwen2.5-7B,CSQA,753,1,16,16,1.0
Qwen2.5-7B,CSQA,754,2,16,16,1.0
Qwen2.5-7B,CSQA,756,1,16,16,1.0
Qwen2.5-7B,CSQA,757,1,16,16,1.0
Qwen2.5-7B,CSQA,758,2,16,16,1.0
Qwen2.5-7B,CSQA,759,1,16,16,1.0
Qwen2.5-7B,CSQA,760,1,16,16,1.0
Qwen2.5-7B,CSQA,761,1,1,16,0.0625
Qwen2.5-7B,CSQA,763,1,16,16,1.0
Qwen2.5-7B,CSQA,764,4,4,16,0.25
Qwen2.5-7B,CSQA,765,8,16,16,1.0
Qwen2.5-7B,CSQA,766,1,16,16,1.0
Qwen2.5-7B,CSQA,767,2,16,16,1.0
Qwen2.5-7B,CSQA,768,3,16,16,1.0
Qwen2.5-7B,CSQA,769,2,16,16,1.0
Qwen2.5-7B,CSQA,771,1,5,16,0.3125
Qwen2.5-7B,CSQA,773,2,5,16,0.3125
Qwen2.5-7B,CSQA,775,2,5,16,0.3125
Qwen2.5-7B,CSQA,776,4,13,16,0.8125
Qwen2.5-7B,CSQA,779,3,9,16,0.5625
Qwen2.5-7B,CSQA,780,1,16,16,1.0
Qwen2.5-7B,CSQA,781,4,16,16,1.0
Qwen2.5-7B,CSQA,784,4,16,16,1.0
Qwen2.5-7B,CSQA,785,2,16,16,1.0
Qwen2.5-7B,CSQA,786,2,14,16,0.875
Qwen2.5-7B,CSQA,787,1,15,16,0.9375
Qwen2.5-7B,CSQA,789,4,1,16,0.0625
Qwen2.5-7B,CSQA,790,2,16,16,1.0
Qwen2.5-7B,CSQA,791,2,14,16,0.875
Qwen2.5-7B,CSQA,792,8,16,16,1.0
Qwen2.5-7B,CSQA,793,1,16,16,1.0
Qwen2.5-7B,CSQA,794,2,15,16,0.9375
Qwen2.5-7B,CSQA,795,2,16,16,1.0
Qwen2.5-7B,CSQA,797,2,6,16,0.375
Qwen2.5-7B,CSQA,798,2,16,16,1.0
Qwen2.5-7B,CSQA,800,3,1,16,0.0625
Qwen2.5-7B,CSQA,801,1,16,16,1.0
Qwen2.5-7B,CSQA,803,2,16,16,1.0
Qwen2.5-7B,CSQA,804,2,8,16,0.5
Qwen2.5-7B,CSQA,806,1,0,16,0.0
Qwen2.5-7B,CSQA,807,2,4,16,0.25
Qwen2.5-7B,CSQA,810,2,16,16,1.0
Qwen2.5-7B,CSQA,812,2,16,16,1.0
Qwen2.5-7B,CSQA,813,4,16,16,1.0
Qwen2.5-7B,CSQA,814,1,16,16,1.0
Qwen2.5-7B,CSQA,815,1,16,16,1.0
Qwen2.5-7B,CSQA,816,1,8,16,0.5
Qwen2.5-7B,CSQA,817,11,16,16,1.0
Qwen2.5-7B,CSQA,818,2,16,16,1.0
Qwen2.5-7B,CSQA,819,2,16,16,1.0
Qwen2.5-7B,CSQA,820,1,16,16,1.0
Qwen2.5-7B,CSQA,822,1,10,16,0.625
Qwen2.5-7B,CSQA,825,2,14,16,0.875
Qwen2.5-7B,CSQA,827,3,16,16,1.0
Qwen2.5-7B,CSQA,828,1,15,16,0.9375
Qwen2.5-7B,CSQA,829,1,15,16,0.9375
Qwen2.5-7B,CSQA,830,2,16,16,1.0
Qwen2.5-7B,CSQA,831,7,16,16,1.0
Qwen2.5-7B,CSQA,832,6,16,16,1.0
Qwen2.5-7B,CSQA,833,1,11,16,0.6875
Qwen2.5-7B,CSQA,834,2,5,16,0.3125
Qwen2.5-7B,CSQA,835,2,16,16,1.0
Qwen2.5-7B,CSQA,836,2,3,16,0.1875
Qwen2.5-7B,CSQA,837,2,16,16,1.0
Qwen2.5-7B,CSQA,839,2,16,16,1.0
Qwen2.5-7B,CSQA,840,6,15,16,0.9375
Qwen2.5-7B,CSQA,841,1,16,16,1.0
Qwen2.5-7B,CSQA,842,2,10,16,0.625
Qwen2.5-7B,CSQA,843,2,4,16,0.25
Qwen2.5-7B,CSQA,844,6,15,16,0.9375
Qwen2.5-7B,CSQA,845,1,16,16,1.0
Qwen2.5-7B,CSQA,847,2,11,16,0.6875
Qwen2.5-7B,CSQA,848,2,16,16,1.0
Qwen2.5-7B,CSQA,850,1,13,16,0.8125
Qwen2.5-7B,CSQA,851,1,16,16,1.0
Qwen2.5-7B,CSQA,852,1,16,16,1.0
Qwen2.5-7B,CSQA,853,1,16,16,1.0
Qwen2.5-7B,CSQA,854,2,16,16,1.0
Qwen2.5-7B,CSQA,855,3,2,16,0.125
Qwen2.5-7B,CSQA,857,8,16,16,1.0
Qwen2.5-7B,CSQA,859,2,0,16,0.0
Qwen2.5-7B,CSQA,860,3,16,16,1.0
Qwen2.5-7B,CSQA,861,1,4,16,0.25
Qwen2.5-7B,CSQA,862,1,14,16,0.875
Qwen2.5-7B,CSQA,863,1,16,16,1.0
Qwen2.5-7B,CSQA,865,1,16,16,1.0
Qwen2.5-7B,CSQA,868,1,16,16,1.0
Qwen2.5-7B,CSQA,869,5,16,16,1.0
Qwen2.5-7B,CSQA,870,1,16,16,1.0
Qwen2.5-7B,CSQA,872,1,16,16,1.0
Qwen2.5-7B,CSQA,874,3,16,16,1.0
Qwen2.5-7B,CSQA,875,1,9,16,0.5625
Qwen2.5-7B,CSQA,876,2,2,16,0.125
Qwen2.5-7B,CSQA,877,4,16,16,1.0
Qwen2.5-7B,CSQA,879,1,16,16,1.0
Qwen2.5-7B,CSQA,880,5,16,16,1.0
Qwen2.5-7B,CSQA,882,2,16,16,1.0
Qwen2.5-7B,CSQA,883,1,16,16,1.0
Qwen2.5-7B,CSQA,884,3,16,16,1.0
Qwen2.5-7B,CSQA,885,2,16,16,1.0
Qwen2.5-7B,CSQA,886,2,16,16,1.0
Qwen2.5-7B,CSQA,887,2,16,16,1.0
Qwen2.5-7B,CSQA,888,3,15,16,0.9375
Qwen2.5-7B,CSQA,889,1,16,16,1.0
Qwen2.5-7B,CSQA,890,1,0,16,0.0
Qwen2.5-7B,CSQA,891,2,6,16,0.375
Qwen2.5-7B,CSQA,893,3,16,16,1.0
Qwen2.5-7B,CSQA,894,4,16,16,1.0
Qwen2.5-7B,CSQA,896,2,16,16,1.0
Qwen2.5-7B,CSQA,898,2,0,16,0.0
Qwen2.5-7B,CSQA,899,2,16,16,1.0
Qwen2.5-7B,CSQA,900,1,16,16,1.0
Qwen2.5-7B,CSQA,902,1,10,16,0.625
Qwen2.5-7B,CSQA,903,1,3,16,0.1875
Qwen2.5-7B,CSQA,904,1,13,16,0.8125
Qwen2.5-7B,CSQA,905,3,15,16,0.9375
Qwen2.5-7B,CSQA,906,8,16,16,1.0
Qwen2.5-7B,CSQA,907,7,16,16,1.0
Qwen2.5-7B,CSQA,908,2,4,16,0.25
Qwen2.5-7B,CSQA,909,1,16,16,1.0
Qwen2.5-7B,CSQA,910,2,16,16,1.0
Qwen2.5-7B,CSQA,911,1,16,16,1.0
Qwen2.5-7B,CSQA,912,2,16,16,1.0
Qwen2.5-7B,CSQA,913,2,2,16,0.125
Qwen2.5-7B,CSQA,914,1,1,16,0.0625
Qwen2.5-7B,CSQA,915,3,0,16,0.0
Qwen2.5-7B,CSQA,917,1,5,16,0.3125
Qwen2.5-7B,CSQA,918,5,16,16,1.0
Qwen2.5-7B,CSQA,919,1,15,16,0.9375
Qwen2.5-7B,CSQA,920,1,16,16,1.0
Qwen2.5-7B,CSQA,921,1,16,16,1.0
Qwen2.5-7B,CSQA,923,2,13,16,0.8125
Qwen2.5-7B,CSQA,924,1,16,16,1.0
Qwen2.5-7B,CSQA,925,1,6,16,0.375
Qwen2.5-7B,CSQA,927,2,9,16,0.5625
Qwen2.5-7B,CSQA,928,2,16,16,1.0
Qwen2.5-7B,CSQA,929,5,16,16,1.0
Qwen2.5-7B,CSQA,930,1,16,16,1.0
Qwen2.5-7B,CSQA,933,2,1,16,0.0625
Qwen2.5-7B,CSQA,934,4,11,16,0.6875
Qwen2.5-7B,CSQA,935,1,16,16,1.0
Qwen2.5-7B,CSQA,936,1,16,16,1.0
Qwen2.5-7B,CSQA,938,1,1,16,0.0625
Qwen2.5-7B,CSQA,939,1,7,16,0.4375
Qwen2.5-7B,CSQA,942,6,16,16,1.0
Qwen2.5-7B,CSQA,943,1,15,16,0.9375
Qwen2.5-7B,CSQA,945,1,16,16,1.0
Qwen2.5-7B,CSQA,946,5,16,16,1.0
Qwen2.5-7B,CSQA,948,1,16,16,1.0
Qwen2.5-7B,CSQA,949,5,16,16,1.0
Qwen2.5-7B,CSQA,950,3,11,16,0.6875
Qwen2.5-7B,CSQA,951,3,4,16,0.25
Qwen2.5-7B,CSQA,953,7,16,16,1.0
Qwen2.5-7B,CSQA,954,1,16,16,1.0
Qwen2.5-7B,CSQA,955,1,14,16,0.875
Qwen2.5-7B,CSQA,956,1,16,16,1.0
Qwen2.5-7B,CSQA,957,2,15,16,0.9375
Qwen2.5-7B,CSQA,958,1,9,16,0.5625
Qwen2.5-7B,CSQA,959,8,16,16,1.0
Qwen2.5-7B,CSQA,960,2,15,16,0.9375
Qwen2.5-7B,CSQA,961,2,16,16,1.0
Qwen2.5-7B,CSQA,962,4,16,16,1.0
Qwen2.5-7B,CSQA,963,1,16,16,1.0
Qwen2.5-7B,CSQA,964,5,16,16,1.0
Qwen2.5-7B,CSQA,966,1,3,16,0.1875
Qwen2.5-7B,CSQA,968,1,4,16,0.25
Qwen2.5-7B,CSQA,969,1,15,16,0.9375
Qwen2.5-7B,CSQA,970,2,8,16,0.5
Qwen2.5-7B,CSQA,971,1,16,16,1.0
Qwen2.5-7B,CSQA,972,4,16,16,1.0
Qwen2.5-7B,CSQA,975,3,16,16,1.0
Qwen2.5-7B,CSQA,976,1,16,16,1.0
Qwen2.5-7B,CSQA,977,1,16,16,1.0
Qwen2.5-7B,CSQA,978,4,16,16,1.0
Qwen2.5-7B,CSQA,983,3,2,16,0.125
Qwen2.5-7B,CSQA,984,2,9,16,0.5625
Qwen2.5-7B,CSQA,986,1,16,16,1.0
Qwen2.5-7B,CSQA,987,5,16,16,1.0
Qwen2.5-7B,CSQA,988,2,16,16,1.0
Qwen2.5-7B,CSQA,990,2,0,16,0.0
Qwen2.5-7B,CSQA,991,2,16,16,1.0
Qwen2.5-7B,CSQA,992,2,1,16,0.0625
Qwen2.5-7B,CSQA,993,2,16,16,1.0
Qwen2.5-7B,CSQA,994,3,16,16,1.0
Qwen2.5-7B,CSQA,995,6,16,16,1.0
Qwen2.5-7B,CSQA,998,1,16,16,1.0
Qwen2.5-7B,CSQA,1000,4,16,16,1.0
Qwen2.5-7B,CSQA,1002,3,11,16,0.6875
Qwen2.5-7B,CSQA,1004,7,0,16,0.0
Qwen2.5-7B,CSQA,1007,2,16,16,1.0
Qwen2.5-7B,CSQA,1008,3,16,16,1.0
Qwen2.5-7B,CSQA,1009,3,0,16,0.0
Qwen2.5-7B,CSQA,1011,3,16,16,1.0
Qwen2.5-7B,CSQA,1012,2,7,16,0.4375
Qwen2.5-7B,CSQA,1013,3,16,16,1.0
Qwen2.5-7B,CSQA,1014,1,9,16,0.5625
Qwen2.5-7B,CSQA,1015,1,15,16,0.9375
Qwen2.5-7B,CSQA,1016,1,12,16,0.75
Qwen2.5-7B,CSQA,1017,1,1,16,0.0625
Qwen2.5-7B,CSQA,1018,2,16,16,1.0
Qwen2.5-7B,CSQA,1019,1,14,16,0.875
Qwen2.5-7B,CSQA,1020,3,16,16,1.0
Qwen2.5-7B,CSQA,1022,1,16,16,1.0
Qwen2.5-7B,CSQA,1023,1,10,16,0.625
Qwen2.5-7B,CSQA,1025,1,14,16,0.875
Qwen2.5-7B,CSQA,1026,1,12,16,0.75
Qwen2.5-7B,CSQA,1027,1,16,16,1.0
Qwen2.5-7B,CSQA,1029,2,14,16,0.875
Qwen2.5-7B,CSQA,1031,1,14,16,0.875
Qwen2.5-7B,CSQA,1032,1,14,16,0.875
Qwen2.5-7B,CSQA,1034,3,16,16,1.0
Qwen2.5-7B,CSQA,1036,6,16,16,1.0
Qwen2.5-7B,CSQA,1038,5,16,16,1.0
Qwen2.5-7B,CSQA,1040,1,14,16,0.875
Qwen2.5-7B,CSQA,1041,6,14,16,0.875
Qwen2.5-7B,CSQA,1042,2,16,16,1.0
Qwen2.5-7B,CSQA,1043,1,16,16,1.0
Qwen2.5-7B,CSQA,1044,1,16,16,1.0
Qwen2.5-7B,CSQA,1045,1,16,16,1.0
Qwen2.5-7B,CSQA,1046,2,9,16,0.5625
Qwen2.5-7B,CSQA,1047,6,16,16,1.0
Qwen2.5-7B,CSQA,1048,2,8,16,0.5
Qwen2.5-7B,CSQA,1050,1,16,16,1.0
Qwen2.5-7B,CSQA,1052,7,16,16,1.0
Qwen2.5-7B,CSQA,1053,2,16,16,1.0
Qwen2.5-7B,CSQA,1054,2,16,16,1.0
Qwen2.5-7B,CSQA,1057,3,16,16,1.0
Qwen2.5-7B,CSQA,1059,2,12,16,0.75
Qwen2.5-7B,CSQA,1061,1,16,16,1.0
Qwen2.5-7B,CSQA,1062,1,11,16,0.6875
Qwen2.5-7B,CSQA,1064,4,16,16,1.0
Qwen2.5-7B,CSQA,1066,1,16,16,1.0
Qwen2.5-7B,CSQA,1067,2,16,16,1.0
Qwen2.5-7B,CSQA,1070,2,16,16,1.0
Qwen2.5-7B,CSQA,1071,5,16,16,1.0
Qwen2.5-7B,CSQA,1072,2,16,16,1.0
Qwen2.5-7B,CSQA,1074,2,12,16,0.75
Qwen2.5-7B,CSQA,1075,1,6,16,0.375
Qwen2.5-7B,CSQA,1078,2,16,16,1.0
Qwen2.5-7B,CSQA,1079,4,16,16,1.0
Qwen2.5-7B,CSQA,1080,5,16,16,1.0
Qwen2.5-7B,CSQA,1081,1,16,16,1.0
Qwen2.5-7B,CSQA,1082,6,16,16,1.0
Qwen2.5-7B,CSQA,1083,1,16,16,1.0
Qwen2.5-7B,CSQA,1084,1,16,16,1.0
Qwen2.5-7B,CSQA,1085,3,16,16,1.0
Qwen2.5-7B,CSQA,1087,5,16,16,1.0
Qwen2.5-7B,CSQA,1088,1,14,16,0.875
Qwen2.5-7B,CSQA,1090,2,15,16,0.9375
Qwen2.5-7B,CSQA,1092,3,16,16,1.0
Qwen2.5-7B,CSQA,1093,2,10,16,0.625
Qwen2.5-7B,CSQA,1094,1,16,16,1.0
Qwen2.5-7B,CSQA,1095,1,16,16,1.0
Qwen2.5-7B,CSQA,1097,3,16,16,1.0
Qwen2.5-7B,CSQA,1098,1,16,16,1.0
Qwen2.5-7B,CSQA,1100,1,6,16,0.375
Qwen2.5-7B,CSQA,1101,10,16,16,1.0
Qwen2.5-7B,CSQA,1104,1,16,16,1.0
Qwen2.5-7B,CSQA,1105,2,6,16,0.375
Qwen2.5-7B,CSQA,1107,6,11,16,0.6875
Qwen2.5-7B,CSQA,1108,5,16,16,1.0
Qwen2.5-7B,CSQA,1109,1,13,16,0.8125
Qwen2.5-7B,CSQA,1110,1,1,16,0.0625
Qwen2.5-7B,CSQA,1111,1,12,16,0.75
Qwen2.5-7B,CSQA,1112,3,11,16,0.6875
Qwen2.5-7B,CSQA,1113,2,5,16,0.3125
Qwen2.5-7B,CSQA,1114,1,16,16,1.0
Qwen2.5-7B,CSQA,1117,1,14,16,0.875
Qwen2.5-7B,CSQA,1118,4,16,16,1.0
Qwen2.5-7B,CSQA,1119,3,16,16,1.0
Qwen2.5-7B,CSQA,1120,3,16,16,1.0
Qwen2.5-7B,CSQA,1121,1,16,16,1.0
Qwen2.5-7B,CSQA,1122,1,15,16,0.9375
Qwen2.5-7B,CSQA,1123,1,0,16,0.0
Qwen2.5-7B,CSQA,1124,1,16,16,1.0
Qwen2.5-7B,CSQA,1126,1,11,16,0.6875
Qwen2.5-7B,CSQA,1131,2,3,16,0.1875
Qwen2.5-7B,CSQA,1132,3,16,16,1.0
Qwen2.5-7B,CSQA,1133,1,0,16,0.0
Qwen2.5-7B,CSQA,1134,3,15,16,0.9375
Qwen2.5-7B,CSQA,1135,2,16,16,1.0
Qwen2.5-7B,CSQA,1138,1,10,16,0.625
Qwen2.5-7B,CSQA,1139,2,0,16,0.0
Qwen2.5-7B,CSQA,1141,4,16,16,1.0
Qwen2.5-7B,CSQA,1142,3,16,16,1.0
Qwen2.5-7B,CSQA,1146,5,16,16,1.0
Qwen2.5-7B,CSQA,1147,1,15,16,0.9375
Qwen2.5-7B,CSQA,1148,2,14,16,0.875
Qwen2.5-7B,CSQA,1151,2,2,16,0.125
Qwen2.5-7B,CSQA,1152,4,6,16,0.375
Qwen2.5-7B,CSQA,1153,5,1,16,0.0625
Qwen2.5-7B,CSQA,1154,1,16,16,1.0
Qwen2.5-7B,CSQA,1156,1,16,16,1.0
Qwen2.5-7B,CSQA,1157,2,16,16,1.0
Qwen2.5-7B,CSQA,1158,2,12,16,0.75
Qwen2.5-7B,CSQA,1161,1,16,16,1.0
Qwen2.5-7B,CSQA,1162,3,3,16,0.1875
Qwen2.5-7B,CSQA,1163,4,16,16,1.0
Qwen2.5-7B,CSQA,1164,1,16,16,1.0
Qwen2.5-7B,CSQA,1166,3,14,16,0.875
Qwen2.5-7B,CSQA,1167,2,7,16,0.4375
Qwen2.5-7B,CSQA,1168,2,16,16,1.0
Qwen2.5-7B,CSQA,1171,1,14,16,0.875
Qwen2.5-7B,CSQA,1172,1,1,16,0.0625
Qwen2.5-7B,CSQA,1173,1,11,16,0.6875
Qwen2.5-7B,CSQA,1174,1,16,16,1.0
Qwen2.5-7B,CSQA,1175,2,16,16,1.0
Qwen2.5-7B,CSQA,1176,2,16,16,1.0
Qwen2.5-7B,CSQA,1177,6,16,16,1.0
Qwen2.5-7B,CSQA,1179,1,16,16,1.0
Qwen2.5-7B,CSQA,1180,2,10,16,0.625
Qwen2.5-7B,CSQA,1181,3,16,16,1.0
Qwen2.5-7B,CSQA,1182,2,14,16,0.875
Qwen2.5-7B,CSQA,1183,1,16,16,1.0
Qwen2.5-7B,CSQA,1184,1,16,16,1.0
Qwen2.5-7B,CSQA,1186,3,15,16,0.9375
Qwen2.5-7B,CSQA,1187,2,14,16,0.875
Qwen2.5-7B,CSQA,1191,3,13,16,0.8125
Qwen2.5-7B,CSQA,1193,3,11,16,0.6875
Qwen2.5-7B,CSQA,1198,3,16,16,1.0
Qwen2.5-7B,CSQA,1199,3,16,16,1.0
Qwen2.5-7B,CSQA,1201,1,15,16,0.9375
Qwen2.5-7B,CSQA,1202,2,15,16,0.9375
Qwen2.5-7B,CSQA,1203,1,12,16,0.75
Qwen2.5-7B,CSQA,1204,2,16,16,1.0
Qwen2.5-7B,CSQA,1205,3,16,16,1.0
Qwen2.5-7B,CSQA,1206,1,16,16,1.0
Qwen2.5-7B,CSQA,1207,2,14,16,0.875
Qwen2.5-7B,CSQA,1208,3,0,16,0.0
Qwen2.5-7B,CSQA,1209,5,16,16,1.0
Qwen2.5-7B,CSQA,1211,2,1,16,0.0625
Qwen2.5-7B,CSQA,1212,2,16,16,1.0
Qwen2.5-7B,CSQA,1213,4,16,16,1.0
Qwen2.5-7B,CSQA,1214,2,12,16,0.75
Qwen2.5-7B,CSQA,1218,1,14,16,0.875
Qwen2.5-7B,CSQA,1219,2,16,16,1.0
Qwen2.5-7B,CSQA,1220,6,16,16,1.0
Qwen2.5-7B,GPQA,1,4,5,16,0.3125
Qwen2.5-7B,GPQA,3,2,8,16,0.5
Qwen2.5-7B,GPQA,5,2,12,16,0.75
Qwen2.5-7B,GPQA,7,8,3,16,0.1875
Qwen2.5-7B,GPQA,8,3,1,16,0.0625
Qwen2.5-7B,GPQA,11,3,3,16,0.1875
Qwen2.5-7B,GPQA,12,4,15,16,0.9375
Qwen2.5-7B,GPQA,13,1,4,16,0.25
Qwen2.5-7B,GPQA,14,1,9,16,0.5625
Qwen2.5-7B,GPQA,15,3,6,16,0.375
Qwen2.5-7B,GPQA,16,1,3,16,0.1875
Qwen2.5-7B,GPQA,18,5,9,16,0.5625
Qwen2.5-7B,GPQA,19,3,8,16,0.5
Qwen2.5-7B,GPQA,21,1,12,16,0.75
Qwen2.5-7B,GPQA,22,1,2,16,0.125
Qwen2.5-7B,GPQA,25,1,1,16,0.0625
Qwen2.5-7B,GPQA,26,1,2,16,0.125
Qwen2.5-7B,GPQA,29,6,2,16,0.125
Qwen2.5-7B,GPQA,30,2,9,16,0.5625
Qwen2.5-7B,GPQA,32,1,3,16,0.1875
Qwen2.5-7B,GPQA,33,9,1,16,0.0625
Qwen2.5-7B,GPQA,36,1,1,16,0.0625
Qwen2.5-7B,GPQA,40,3,1,16,0.0625
Qwen2.5-7B,GPQA,41,1,1,16,0.0625
Qwen2.5-7B,GPQA,44,4,12,16,0.75
Qwen2.5-7B,GPQA,45,1,9,16,0.5625
Qwen2.5-7B,GPQA,46,5,5,16,0.3125
Qwen2.5-7B,GPQA,48,2,3,16,0.1875
Qwen2.5-7B,GPQA,50,2,11,16,0.6875
Qwen2.5-7B,GPQA,52,4,16,16,1.0
Qwen2.5-7B,GPQA,53,2,6,16,0.375
Qwen2.5-7B,GPQA,56,1,1,16,0.0625
Qwen2.5-7B,GPQA,60,1,0,16,0.0
Qwen2.5-7B,GPQA,64,1,11,16,0.6875
Qwen2.5-7B,GPQA,66,1,6,16,0.375
Qwen2.5-7B,GPQA,71,1,4,16,0.25
Qwen2.5-7B,GPQA,72,4,0,16,0.0
Qwen2.5-7B,GPQA,74,2,0,16,0.0
Qwen2.5-7B,GPQA,75,7,1,16,0.0625
Qwen2.5-7B,GPQA,76,6,7,16,0.4375
Qwen2.5-7B,GPQA,77,3,7,16,0.4375
Qwen2.5-7B,GPQA,78,1,1,16,0.0625
Qwen2.5-7B,GPQA,80,3,3,16,0.1875
Qwen2.5-7B,GPQA,81,3,4,16,0.25
Qwen2.5-7B,GPQA,83,9,6,16,0.375
Qwen2.5-7B,GPQA,84,8,4,16,0.25
Qwen2.5-7B,GPQA,85,3,3,16,0.1875
Qwen2.5-7B,GPQA,87,4,10,16,0.625
Qwen2.5-7B,GPQA,90,5,3,16,0.1875
Qwen2.5-7B,GPQA,91,5,3,16,0.1875
Qwen2.5-7B,GPQA,94,4,1,16,0.0625
Qwen2.5-7B,GPQA,97,2,16,16,1.0
Qwen2.5-7B,GPQA,99,2,15,16,0.9375
Qwen2.5-7B,GPQA,103,1,14,16,0.875
Qwen2.5-7B,GPQA,104,4,11,16,0.6875
Qwen2.5-7B,GPQA,108,6,10,16,0.625
Qwen2.5-7B,GPQA,109,3,9,16,0.5625
Qwen2.5-7B,GPQA,111,2,11,16,0.6875
Qwen2.5-7B,GPQA,114,3,0,16,0.0
Qwen2.5-7B,GPQA,115,1,0,16,0.0
Qwen2.5-7B,GPQA,116,1,1,16,0.0625
Qwen2.5-7B,GPQA,118,2,12,16,0.75
Qwen2.5-7B,GPQA,120,5,3,16,0.1875
Qwen2.5-7B,GPQA,122,1,7,16,0.4375
Qwen2.5-7B,GPQA,123,2,9,16,0.5625
Qwen2.5-7B,GPQA,124,2,5,16,0.3125
Qwen2.5-7B,GPQA,125,4,3,16,0.1875
Qwen2.5-7B,GPQA,126,3,1,16,0.0625
Qwen2.5-7B,GPQA,131,4,11,16,0.6875
Qwen2.5-7B,GPQA,134,1,2,16,0.125
Qwen2.5-7B,GPQA,135,1,6,16,0.375
Qwen2.5-7B,GPQA,136,1,9,16,0.5625
Qwen2.5-7B,GPQA,137,5,1,16,0.0625
Qwen2.5-7B,GPQA,138,2,0,16,0.0
Qwen2.5-7B,GPQA,140,3,11,16,0.6875
Qwen2.5-7B,GPQA,143,3,7,16,0.4375
Qwen2.5-7B,GPQA,144,1,4,16,0.25
Qwen2.5-7B,GPQA,145,1,1,16,0.0625
Qwen2.5-7B,GPQA,146,3,6,16,0.375
Qwen2.5-7B,GPQA,147,7,14,16,0.875
Qwen2.5-7B,GPQA,149,4,0,16,0.0
Qwen2.5-7B,GPQA,153,3,2,16,0.125
Qwen2.5-7B,GPQA,156,1,3,16,0.1875
Qwen2.5-7B,GPQA,157,1,15,16,0.9375
Qwen2.5-7B,GPQA,158,1,4,16,0.25
Qwen2.5-7B,GPQA,159,2,3,16,0.1875
Qwen2.5-7B,GPQA,163,5,6,16,0.375
Qwen2.5-7B,GPQA,165,1,2,16,0.125
Qwen2.5-7B,GPQA,166,1,15,16,0.9375
Qwen2.5-7B,GPQA,171,4,11,16,0.6875
Qwen2.5-7B,GPQA,172,3,10,16,0.625
Qwen2.5-7B,GPQA,174,2,6,16,0.375
Qwen2.5-7B,GPQA,177,1,9,16,0.5625
Qwen2.5-7B,GPQA,178,3,0,16,0.0
Qwen2.5-7B,GPQA,179,4,7,16,0.4375
Qwen2.5-7B,GPQA,181,3,0,16,0.0
Qwen2.5-7B,GPQA,182,1,5,16,0.3125
Qwen2.5-7B,GPQA,185,6,1,16,0.0625
Qwen2.5-7B,GPQA,186,2,5,16,0.3125
Qwen2.5-7B,GPQA,187,11,15,16,0.9375
Qwen2.5-7B,GPQA,188,4,4,16,0.25
Qwen2.5-7B,GPQA,189,12,3,16,0.1875
Qwen2.5-7B,GPQA,193,6,12,16,0.75
Qwen2.5-7B,GPQA,194,2,16,16,1.0
Qwen2.5-7B,GPQA,195,2,6,16,0.375
Qwen2.5-7B,GPQA,197,2,2,16,0.125
Qwen2.5-7B,GPQA,199,2,13,16,0.8125
Qwen2.5-7B,GPQA,201,13,0,16,0.0
Qwen2.5-7B,GPQA,203,3,4,16,0.25
Qwen2.5-7B,GPQA,206,2,3,16,0.1875
Qwen2.5-7B,GPQA,208,5,15,16,0.9375
Qwen2.5-7B,GPQA,212,1,8,16,0.5
Qwen2.5-7B,GPQA,219,6,12,16,0.75
Qwen2.5-7B,GPQA,220,5,0,16,0.0
Qwen2.5-7B,GPQA,221,1,1,16,0.0625
Qwen2.5-7B,GPQA,222,11,13,16,0.8125
Qwen2.5-7B,GPQA,224,1,11,16,0.6875
Qwen2.5-7B,GPQA,228,6,3,16,0.1875
Qwen2.5-7B,GPQA,229,2,6,16,0.375
Qwen2.5-7B,GPQA,230,6,2,16,0.125
Qwen2.5-7B,GPQA,235,8,2,16,0.125
Qwen2.5-7B,GPQA,236,1,3,16,0.1875
Qwen2.5-7B,GPQA,240,1,8,16,0.5
Qwen2.5-7B,GPQA,241,2,0,16,0.0
Qwen2.5-7B,GPQA,247,6,7,16,0.4375
Qwen2.5-7B,GPQA,251,7,14,16,0.875
Qwen2.5-7B,GPQA,253,1,9,16,0.5625
Qwen2.5-7B,GPQA,254,2,4,16,0.25
Qwen2.5-7B,GPQA,255,1,1,16,0.0625
Qwen2.5-7B,GPQA,257,3,9,16,0.5625
Qwen2.5-7B,GPQA,258,1,9,16,0.5625
Qwen2.5-7B,GPQA,259,1,3,16,0.1875
Qwen2.5-7B,GPQA,262,2,6,16,0.375
Qwen2.5-7B,GPQA,264,2,0,16,0.0
Qwen2.5-7B,GPQA,266,1,9,16,0.5625
Qwen2.5-7B,GPQA,270,2,0,16,0.0
Qwen2.5-7B,GPQA,274,1,12,16,0.75
Qwen2.5-7B,GPQA,276,3,1,16,0.0625
Qwen2.5-7B,GPQA,277,6,3,16,0.1875
Qwen2.5-7B,GPQA,279,11,4,16,0.25
Qwen2.5-7B,GPQA,280,1,10,16,0.625
Qwen2.5-7B,GPQA,282,1,8,16,0.5
Qwen2.5-7B,GPQA,283,2,0,16,0.0
Qwen2.5-7B,GPQA,284,1,5,16,0.3125
Qwen2.5-7B,GPQA,285,4,2,16,0.125
Qwen2.5-7B,GPQA,287,10,15,16,0.9375
Qwen2.5-7B,GPQA,288,1,7,16,0.4375
Qwen2.5-7B,GPQA,289,2,2,16,0.125
Qwen2.5-7B,GPQA,293,4,0,16,0.0
Qwen2.5-7B,GPQA,295,3,16,16,1.0
Qwen2.5-7B,GPQA,297,5,14,16,0.875
Qwen2.5-7B,GPQA,298,1,0,16,0.0
Qwen2.5-7B,GPQA,300,4,6,16,0.375
Qwen2.5-7B,GPQA,301,7,0,16,0.0
Qwen2.5-7B,GPQA,305,1,10,16,0.625
Qwen2.5-7B,GPQA,307,1,11,16,0.6875
Qwen2.5-7B,GPQA,313,1,2,16,0.125
Qwen2.5-7B,GPQA,315,5,4,16,0.25
Qwen2.5-7B,GPQA,316,1,8,16,0.5
Qwen2.5-7B,GPQA,317,2,4,16,0.25
Qwen2.5-7B,GPQA,322,4,0,16,0.0
Qwen2.5-7B,GPQA,323,2,2,16,0.125
Qwen2.5-7B,GPQA,324,5,4,16,0.25
Qwen2.5-7B,GPQA,326,8,9,16,0.5625
Qwen2.5-7B,GPQA,327,4,7,16,0.4375
Qwen2.5-7B,GPQA,328,1,1,16,0.0625
Qwen2.5-7B,GPQA,331,1,8,16,0.5
Qwen2.5-7B,GPQA,332,6,11,16,0.6875
Qwen2.5-7B,GPQA,333,1,13,16,0.8125
Qwen2.5-7B,GPQA,334,1,0,16,0.0
Qwen2.5-7B,GPQA,335,8,2,16,0.125
Qwen2.5-7B,GPQA,336,4,0,16,0.0
Qwen2.5-7B,GPQA,337,1,2,16,0.125
Qwen2.5-7B,GPQA,338,1,3,16,0.1875
Qwen2.5-7B,GPQA,339,5,15,16,0.9375
Qwen2.5-7B,GPQA,340,1,2,16,0.125
Qwen2.5-7B,GPQA,341,2,1,16,0.0625
Qwen2.5-7B,GPQA,344,7,3,16,0.1875
Qwen2.5-7B,GPQA,347,2,8,16,0.5
Qwen2.5-7B,GPQA,353,4,12,16,0.75
Qwen2.5-7B,GPQA,358,1,2,16,0.125
Qwen2.5-7B,GPQA,359,1,3,16,0.1875
Qwen2.5-7B,GPQA,361,8,16,16,1.0
Qwen2.5-7B,GPQA,363,3,7,16,0.4375
Qwen2.5-7B,GPQA,364,6,2,16,0.125
Qwen2.5-7B,GPQA,366,1,1,16,0.0625
Qwen2.5-7B,GPQA,369,3,2,16,0.125
Qwen2.5-7B,GPQA,373,2,12,16,0.75
Qwen2.5-7B,GPQA,375,4,12,16,0.75
Qwen2.5-7B,GPQA,379,3,15,16,0.9375
Qwen2.5-7B,GPQA,380,1,2,16,0.125
Qwen2.5-7B,GPQA,382,1,4,16,0.25
Qwen2.5-7B,GPQA,384,1,5,16,0.3125
Qwen2.5-7B,GPQA,385,1,11,16,0.6875
Qwen2.5-7B,GPQA,387,4,5,16,0.3125
Qwen2.5-7B,GPQA,388,3,2,16,0.125
Qwen2.5-7B,GPQA,393,1,1,16,0.0625
Qwen2.5-7B,GPQA,395,3,11,16,0.6875
Qwen2.5-7B,GPQA,397,6,1,16,0.0625
Qwen2.5-7B,GPQA,399,6,5,16,0.3125
Qwen2.5-7B,GPQA,401,1,2,16,0.125
Qwen2.5-7B,GPQA,402,6,0,16,0.0
Qwen2.5-7B,GPQA,403,11,9,16,0.5625
Qwen2.5-7B,GPQA,404,2,1,16,0.0625
Qwen2.5-7B,GPQA,405,1,15,16,0.9375
Qwen2.5-7B,GPQA,406,1,0,16,0.0
Qwen2.5-7B,GPQA,407,1,7,16,0.4375
Qwen2.5-7B,GPQA,408,2,4,16,0.25
Qwen2.5-7B,GPQA,409,2,7,16,0.4375
Qwen2.5-7B,GPQA,411,12,11,16,0.6875
Qwen2.5-7B,GPQA,413,1,1,16,0.0625
Qwen2.5-7B,GPQA,418,4,14,16,0.875
Qwen2.5-7B,GPQA,421,1,4,16,0.25
Qwen2.5-7B,GPQA,422,2,1,16,0.0625
Qwen2.5-7B,GPQA,423,4,4,16,0.25
Qwen2.5-7B,GPQA,424,3,3,16,0.1875
Qwen2.5-7B,GPQA,425,2,15,16,0.9375
Qwen2.5-7B,GPQA,426,7,0,16,0.0
Qwen2.5-7B,GPQA,428,2,0,16,0.0
Qwen2.5-7B,GPQA,431,1,1,16,0.0625
Qwen2.5-7B,GPQA,432,2,0,16,0.0
Qwen2.5-7B,GPQA,434,5,8,16,0.5
Qwen2.5-7B,GPQA,438,3,6,16,0.375
Qwen2.5-7B,GPQA,439,5,0,16,0.0
Qwen2.5-7B,GPQA,442,1,4,16,0.25
Qwen2.5-7B,GPQA,447,3,4,16,0.25
Qwen2.5-7B,GSM8K,1,1,15,16,0.9375
Qwen2.5-7B,GSM8K,2,1,10,16,0.625
Qwen2.5-7B,GSM8K,3,2,12,16,0.75
Qwen2.5-7B,GSM8K,6,3,12,16,0.75
Qwen2.5-7B,GSM8K,10,1,13,16,0.8125
Qwen2.5-7B,GSM8K,11,2,14,16,0.875
Qwen2.5-7B,GSM8K,14,4,14,16,0.875
Qwen2.5-7B,GSM8K,16,2,8,16,0.5
Qwen2.5-7B,GSM8K,18,5,15,16,0.9375
Qwen2.5-7B,GSM8K,19,1,11,16,0.6875
Qwen2.5-7B,GSM8K,20,2,14,16,0.875
Qwen2.5-7B,GSM8K,21,3,4,16,0.25
Qwen2.5-7B,GSM8K,22,1,12,16,0.75
Qwen2.5-7B,GSM8K,23,3,13,16,0.8125
Qwen2.5-7B,GSM8K,24,1,14,16,0.875
Qwen2.5-7B,GSM8K,26,2,13,16,0.8125
Qwen2.5-7B,GSM8K,27,7,15,16,0.9375
Qwen2.5-7B,GSM8K,28,1,13,16,0.8125
Qwen2.5-7B,GSM8K,29,1,15,16,0.9375
Qwen2.5-7B,GSM8K,30,2,13,16,0.8125
Qwen2.5-7B,GSM8K,33,1,14,16,0.875
Qwen2.5-7B,GSM8K,34,1,16,16,1.0
Qwen2.5-7B,GSM8K,35,1,15,16,0.9375
Qwen2.5-7B,GSM8K,36,2,13,16,0.8125
Qwen2.5-7B,GSM8K,40,3,16,16,1.0
Qwen2.5-7B,GSM8K,41,2,12,16,0.75
Qwen2.5-7B,GSM8K,42,5,12,16,0.75
Qwen2.5-7B,GSM8K,44,2,15,16,0.9375
Qwen2.5-7B,GSM8K,45,4,14,16,0.875
Qwen2.5-7B,GSM8K,47,2,15,16,0.9375
Qwen2.5-7B,GSM8K,48,3,14,16,0.875
Qwen2.5-7B,GSM8K,49,1,14,16,0.875
Qwen2.5-7B,GSM8K,52,1,14,16,0.875
Qwen2.5-7B,GSM8K,53,2,16,16,1.0
Qwen2.5-7B,GSM8K,54,1,15,16,0.9375
Qwen2.5-7B,GSM8K,55,1,14,16,0.875
Qwen2.5-7B,GSM8K,56,1,15,16,0.9375
Qwen2.5-7B,GSM8K,57,1,12,16,0.75
Qwen2.5-7B,GSM8K,58,1,13,16,0.8125
Qwen2.5-7B,GSM8K,59,2,14,16,0.875
Qwen2.5-7B,GSM8K,60,2,13,16,0.8125
Qwen2.5-7B,GSM8K,64,6,13,16,0.8125
Qwen2.5-7B,GSM8K,66,1,14,16,0.875
Qwen2.5-7B,GSM8K,67,1,13,16,0.8125
Qwen2.5-7B,GSM8K,68,1,13,16,0.8125
Qwen2.5-7B,GSM8K,70,1,14,16,0.875
Qwen2.5-7B,GSM8K,71,4,13,16,0.8125
Qwen2.5-7B,GSM8K,72,2,10,16,0.625
Qwen2.5-7B,GSM8K,74,3,13,16,0.8125
Qwen2.5-7B,GSM8K,75,1,8,16,0.5
Qwen2.5-7B,GSM8K,77,5,15,16,0.9375
Qwen2.5-7B,GSM8K,78,1,15,16,0.9375
Qwen2.5-7B,GSM8K,79,2,13,16,0.8125
Qwen2.5-7B,GSM8K,81,3,14,16,0.875
Qwen2.5-7B,GSM8K,82,2,12,16,0.75
Qwen2.5-7B,GSM8K,83,1,16,16,1.0
Qwen2.5-7B,GSM8K,84,1,16,16,1.0
Qwen2.5-7B,GSM8K,85,3,14,16,0.875
Qwen2.5-7B,GSM8K,86,4,13,16,0.8125
Qwen2.5-7B,GSM8K,88,3,13,16,0.8125
Qwen2.5-7B,GSM8K,90,4,11,16,0.6875
Qwen2.5-7B,GSM8K,91,1,15,16,0.9375
Qwen2.5-7B,GSM8K,93,2,6,16,0.375
Qwen2.5-7B,GSM8K,94,1,15,16,0.9375
Qwen2.5-7B,GSM8K,96,3,15,16,0.9375
Qwen2.5-7B,GSM8K,99,1,14,16,0.875
Qwen2.5-7B,GSM8K,100,2,13,16,0.8125
Qwen2.5-7B,GSM8K,103,4,12,16,0.75
Qwen2.5-7B,GSM8K,104,2,15,16,0.9375
Qwen2.5-7B,GSM8K,105,4,12,16,0.75
Qwen2.5-7B,GSM8K,106,1,13,16,0.8125
Qwen2.5-7B,GSM8K,109,2,13,16,0.8125
Qwen2.5-7B,GSM8K,110,1,12,16,0.75
Qwen2.5-7B,GSM8K,112,1,14,16,0.875
Qwen2.5-7B,GSM8K,113,2,15,16,0.9375
Qwen2.5-7B,GSM8K,117,1,14,16,0.875
Qwen2.5-7B,GSM8K,118,1,14,16,0.875
Qwen2.5-7B,GSM8K,120,8,13,16,0.8125
Qwen2.5-7B,GSM8K,121,1,15,16,0.9375
Qwen2.5-7B,GSM8K,122,1,10,16,0.625
Qwen2.5-7B,GSM8K,123,5,13,16,0.8125
Qwen2.5-7B,GSM8K,126,2,15,16,0.9375
Qwen2.5-7B,GSM8K,127,2,15,16,0.9375
Qwen2.5-7B,GSM8K,128,3,14,16,0.875
Qwen2.5-7B,GSM8K,129,2,14,16,0.875
Qwen2.5-7B,GSM8K,130,1,15,16,0.9375
Qwen2.5-7B,GSM8K,131,4,13,16,0.8125
Qwen2.5-7B,GSM8K,133,1,14,16,0.875
Qwen2.5-7B,GSM8K,134,1,15,16,0.9375
Qwen2.5-7B,GSM8K,135,1,12,16,0.75
Qwen2.5-7B,GSM8K,136,7,12,16,0.75
Qwen2.5-7B,GSM8K,137,1,14,16,0.875
Qwen2.5-7B,GSM8K,138,1,16,16,1.0
Qwen2.5-7B,GSM8K,140,4,11,16,0.6875
Qwen2.5-7B,GSM8K,142,2,13,16,0.8125
Qwen2.5-7B,GSM8K,143,1,9,16,0.5625
Qwen2.5-7B,GSM8K,144,3,11,16,0.6875
Qwen2.5-7B,GSM8K,146,2,14,16,0.875
Qwen2.5-7B,GSM8K,150,2,11,16,0.6875
Qwen2.5-7B,GSM8K,151,2,16,16,1.0
Qwen2.5-7B,GSM8K,152,2,15,16,0.9375
Qwen2.5-7B,GSM8K,154,1,11,16,0.6875
Qwen2.5-7B,GSM8K,155,5,12,16,0.75
Qwen2.5-7B,GSM8K,156,6,11,16,0.6875
Qwen2.5-7B,GSM8K,158,2,15,16,0.9375
Qwen2.5-7B,GSM8K,159,5,15,16,0.9375
Qwen2.5-7B,GSM8K,160,7,13,16,0.8125
Qwen2.5-7B,GSM8K,161,1,14,16,0.875
Qwen2.5-7B,GSM8K,165,4,7,16,0.4375
Qwen2.5-7B,GSM8K,166,3,15,16,0.9375
Qwen2.5-7B,GSM8K,167,3,14,16,0.875
Qwen2.5-7B,GSM8K,169,2,15,16,0.9375
Qwen2.5-7B,GSM8K,170,2,13,16,0.8125
Qwen2.5-7B,GSM8K,171,1,14,16,0.875
Qwen2.5-7B,GSM8K,172,1,7,16,0.4375
Qwen2.5-7B,GSM8K,178,1,14,16,0.875
Qwen2.5-7B,GSM8K,179,4,12,16,0.75
Qwen2.5-7B,GSM8K,180,1,14,16,0.875
Qwen2.5-7B,GSM8K,181,2,11,16,0.6875
Qwen2.5-7B,GSM8K,183,4,9,16,0.5625
Qwen2.5-7B,GSM8K,185,2,16,16,1.0
Qwen2.5-7B,GSM8K,190,8,13,16,0.8125
Qwen2.5-7B,GSM8K,191,1,14,16,0.875
Qwen2.5-7B,GSM8K,194,1,12,16,0.75
Qwen2.5-7B,GSM8K,195,2,16,16,1.0
Qwen2.5-7B,GSM8K,196,1,11,16,0.6875
Qwen2.5-7B,GSM8K,197,1,15,16,0.9375
Qwen2.5-7B,GSM8K,198,2,14,16,0.875
Qwen2.5-7B,GSM8K,199,4,10,16,0.625
Qwen2.5-7B,GSM8K,200,4,13,16,0.8125
Qwen2.5-7B,GSM8K,201,1,13,16,0.8125
Qwen2.5-7B,GSM8K,202,2,16,16,1.0
Qwen2.5-7B,GSM8K,203,1,15,16,0.9375
Qwen2.5-7B,GSM8K,204,1,15,16,0.9375
Qwen2.5-7B,GSM8K,206,1,12,16,0.75
Qwen2.5-7B,GSM8K,207,4,14,16,0.875
Qwen2.5-7B,GSM8K,208,2,13,16,0.8125
Qwen2.5-7B,GSM8K,211,1,15,16,0.9375
Qwen2.5-7B,GSM8K,212,2,15,16,0.9375
Qwen2.5-7B,GSM8K,215,4,14,16,0.875
Qwen2.5-7B,GSM8K,216,1,15,16,0.9375
Qwen2.5-7B,GSM8K,217,1,12,16,0.75
Qwen2.5-7B,GSM8K,219,1,13,16,0.8125
Qwen2.5-7B,GSM8K,220,4,16,16,1.0
Qwen2.5-7B,GSM8K,221,4,15,16,0.9375
Qwen2.5-7B,GSM8K,223,3,11,16,0.6875
Qwen2.5-7B,GSM8K,227,2,16,16,1.0
Qwen2.5-7B,GSM8K,228,1,14,16,0.875
Qwen2.5-7B,GSM8K,229,1,14,16,0.875
Qwen2.5-7B,GSM8K,230,3,14,16,0.875
Qwen2.5-7B,GSM8K,231,2,13,16,0.8125
Qwen2.5-7B,GSM8K,232,6,13,16,0.8125
Qwen2.5-7B,GSM8K,233,1,12,16,0.75
Qwen2.5-7B,GSM8K,234,3,13,16,0.8125
Qwen2.5-7B,GSM8K,235,2,16,16,1.0
Qwen2.5-7B,GSM8K,237,3,15,16,0.9375
Qwen2.5-7B,GSM8K,238,2,13,16,0.8125
Qwen2.5-7B,GSM8K,239,1,12,16,0.75
Qwen2.5-7B,GSM8K,244,1,15,16,0.9375
Qwen2.5-7B,GSM8K,245,2,13,16,0.8125
Qwen2.5-7B,GSM8K,246,1,13,16,0.8125
Qwen2.5-7B,GSM8K,247,1,14,16,0.875
Qwen2.5-7B,GSM8K,248,3,13,16,0.8125
Qwen2.5-7B,GSM8K,249,3,12,16,0.75
Qwen2.5-7B,GSM8K,250,4,12,16,0.75
Qwen2.5-7B,GSM8K,251,2,13,16,0.8125
Qwen2.5-7B,GSM8K,252,2,12,16,0.75
Qwen2.5-7B,GSM8K,253,1,16,16,1.0
Qwen2.5-7B,GSM8K,254,2,14,16,0.875
Qwen2.5-7B,GSM8K,255,1,0,16,0.0
Qwen2.5-7B,GSM8K,256,3,14,16,0.875
Qwen2.5-7B,GSM8K,258,2,15,16,0.9375
Qwen2.5-7B,GSM8K,260,3,13,16,0.8125
Qwen2.5-7B,GSM8K,261,3,14,16,0.875
Qwen2.5-7B,GSM8K,262,4,12,16,0.75
Qwen2.5-7B,GSM8K,264,1,16,16,1.0
Qwen2.5-7B,GSM8K,265,8,12,16,0.75
Qwen2.5-7B,GSM8K,266,2,9,16,0.5625
Qwen2.5-7B,GSM8K,268,3,13,16,0.8125
Qwen2.5-7B,GSM8K,269,5,13,16,0.8125
Qwen2.5-7B,GSM8K,270,2,14,16,0.875
Qwen2.5-7B,GSM8K,272,5,15,16,0.9375
Qwen2.5-7B,GSM8K,274,1,13,16,0.8125
Qwen2.5-7B,GSM8K,275,1,14,16,0.875
Qwen2.5-7B,GSM8K,277,5,13,16,0.8125
Qwen2.5-7B,GSM8K,278,2,15,16,0.9375
Qwen2.5-7B,GSM8K,280,3,16,16,1.0
Qwen2.5-7B,GSM8K,281,1,14,16,0.875
Qwen2.5-7B,GSM8K,283,4,14,16,0.875
Qwen2.5-7B,GSM8K,284,1,13,16,0.8125
Qwen2.5-7B,GSM8K,285,1,14,16,0.875
Qwen2.5-7B,GSM8K,286,2,12,16,0.75
Qwen2.5-7B,GSM8K,287,1,14,16,0.875
Qwen2.5-7B,GSM8K,288,4,13,16,0.8125
Qwen2.5-7B,GSM8K,289,4,11,16,0.6875
Qwen2.5-7B,GSM8K,294,1,14,16,0.875
Qwen2.5-7B,GSM8K,295,1,16,16,1.0
Qwen2.5-7B,GSM8K,296,1,16,16,1.0
Qwen2.5-7B,GSM8K,300,5,12,16,0.75
Qwen2.5-7B,GSM8K,302,1,14,16,0.875
Qwen2.5-7B,GSM8K,304,1,13,16,0.8125
Qwen2.5-7B,GSM8K,305,1,14,16,0.875
Qwen2.5-7B,GSM8K,306,3,4,16,0.25
Qwen2.5-7B,GSM8K,309,1,15,16,0.9375
Qwen2.5-7B,GSM8K,311,1,12,16,0.75
Qwen2.5-7B,GSM8K,313,1,12,16,0.75
Qwen2.5-7B,GSM8K,314,2,14,16,0.875
Qwen2.5-7B,GSM8K,316,1,10,16,0.625
Qwen2.5-7B,GSM8K,317,3,14,16,0.875
Qwen2.5-7B,GSM8K,318,1,14,16,0.875
Qwen2.5-7B,GSM8K,320,2,10,16,0.625
Qwen2.5-7B,GSM8K,321,2,15,16,0.9375
Qwen2.5-7B,GSM8K,323,1,15,16,0.9375
Qwen2.5-7B,GSM8K,324,1,14,16,0.875
Qwen2.5-7B,GSM8K,325,1,11,16,0.6875
Qwen2.5-7B,GSM8K,326,1,14,16,0.875
Qwen2.5-7B,GSM8K,327,2,13,16,0.8125
Qwen2.5-7B,GSM8K,328,1,16,16,1.0
Qwen2.5-7B,GSM8K,329,1,15,16,0.9375
Qwen2.5-7B,GSM8K,331,1,12,16,0.75
Qwen2.5-7B,GSM8K,332,3,14,16,0.875
Qwen2.5-7B,GSM8K,333,1,13,16,0.8125
Qwen2.5-7B,GSM8K,334,2,11,16,0.6875
Qwen2.5-7B,GSM8K,335,7,12,16,0.75
Qwen2.5-7B,GSM8K,336,1,13,16,0.8125
Qwen2.5-7B,GSM8K,337,3,16,16,1.0
Qwen2.5-7B,GSM8K,338,1,12,16,0.75
Qwen2.5-7B,GSM8K,341,1,12,16,0.75
Qwen2.5-7B,GSM8K,343,1,7,16,0.4375
Qwen2.5-7B,GSM8K,344,5,12,16,0.75
Qwen2.5-7B,GSM8K,346,1,14,16,0.875
Qwen2.5-7B,GSM8K,347,2,15,16,0.9375
Qwen2.5-7B,GSM8K,348,4,12,16,0.75
Qwen2.5-7B,GSM8K,349,2,9,16,0.5625
Qwen2.5-7B,GSM8K,350,2,13,16,0.8125
Qwen2.5-7B,GSM8K,351,2,14,16,0.875
Qwen2.5-7B,GSM8K,352,2,15,16,0.9375
Qwen2.5-7B,GSM8K,354,1,11,16,0.6875
Qwen2.5-7B,GSM8K,355,3,14,16,0.875
Qwen2.5-7B,GSM8K,356,2,16,16,1.0
Qwen2.5-7B,GSM8K,362,1,14,16,0.875
Qwen2.5-7B,GSM8K,363,1,10,16,0.625
Qwen2.5-7B,GSM8K,364,1,14,16,0.875
Qwen2.5-7B,GSM8K,365,1,14,16,0.875
Qwen2.5-7B,GSM8K,368,1,0,16,0.0
Qwen2.5-7B,GSM8K,372,3,15,16,0.9375
Qwen2.5-7B,GSM8K,373,1,12,16,0.75
Qwen2.5-7B,GSM8K,374,2,13,16,0.8125
Qwen2.5-7B,GSM8K,375,1,14,16,0.875
Qwen2.5-7B,GSM8K,376,2,12,16,0.75
Qwen2.5-7B,GSM8K,377,2,13,16,0.8125
Qwen2.5-7B,GSM8K,379,2,14,16,0.875
Qwen2.5-7B,GSM8K,380,1,1,16,0.0625
Qwen2.5-7B,GSM8K,381,4,14,16,0.875
Qwen2.5-7B,GSM8K,382,3,12,16,0.75
Qwen2.5-7B,GSM8K,386,2,14,16,0.875
Qwen2.5-7B,GSM8K,387,4,15,16,0.9375
Qwen2.5-7B,GSM8K,388,2,16,16,1.0
Qwen2.5-7B,GSM8K,390,5,13,16,0.8125
Qwen2.5-7B,GSM8K,391,1,15,16,0.9375
Qwen2.5-7B,GSM8K,394,1,14,16,0.875
Qwen2.5-7B,GSM8K,397,1,11,16,0.6875
Qwen2.5-7B,GSM8K,398,3,12,16,0.75
Qwen2.5-7B,GSM8K,399,4,15,16,0.9375
Qwen2.5-7B,GSM8K,400,5,11,16,0.6875
Qwen2.5-7B,GSM8K,401,1,12,16,0.75
Qwen2.5-7B,GSM8K,405,1,14,16,0.875
Qwen2.5-7B,GSM8K,408,1,12,16,0.75
Qwen2.5-7B,GSM8K,412,3,14,16,0.875
Qwen2.5-7B,GSM8K,414,4,12,16,0.75
Qwen2.5-7B,GSM8K,415,1,10,16,0.625
Qwen2.5-7B,GSM8K,416,2,14,16,0.875
Qwen2.5-7B,GSM8K,417,1,12,16,0.75
Qwen2.5-7B,GSM8K,418,5,11,16,0.6875
Qwen2.5-7B,GSM8K,419,8,14,16,0.875
Qwen2.5-7B,GSM8K,424,2,14,16,0.875
Qwen2.5-7B,GSM8K,426,2,13,16,0.8125
Qwen2.5-7B,GSM8K,429,2,14,16,0.875
Qwen2.5-7B,GSM8K,430,4,13,16,0.8125
Qwen2.5-7B,GSM8K,431,6,11,16,0.6875
Qwen2.5-7B,GSM8K,432,4,15,16,0.9375
Qwen2.5-7B,GSM8K,433,2,13,16,0.8125
Qwen2.5-7B,GSM8K,435,4,15,16,0.9375
Qwen2.5-7B,GSM8K,436,1,10,16,0.625
Qwen2.5-7B,GSM8K,437,1,14,16,0.875
Qwen2.5-7B,GSM8K,440,3,13,16,0.8125
Qwen2.5-7B,GSM8K,441,4,14,16,0.875
Qwen2.5-7B,GSM8K,442,2,14,16,0.875
Qwen2.5-7B,GSM8K,444,7,12,16,0.75
Qwen2.5-7B,GSM8K,446,1,16,16,1.0
Qwen2.5-7B,GSM8K,447,3,13,16,0.8125
Qwen2.5-7B,GSM8K,449,4,12,16,0.75
Qwen2.5-7B,GSM8K,451,1,11,16,0.6875
Qwen2.5-7B,GSM8K,452,3,13,16,0.8125
Qwen2.5-7B,GSM8K,454,3,0,16,0.0
Qwen2.5-7B,GSM8K,456,3,14,16,0.875
Qwen2.5-7B,GSM8K,458,1,16,16,1.0
Qwen2.5-7B,GSM8K,459,1,12,16,0.75
Qwen2.5-7B,GSM8K,460,2,12,16,0.75
Qwen2.5-7B,GSM8K,461,2,15,16,0.9375
Qwen2.5-7B,GSM8K,463,1,12,16,0.75
Qwen2.5-7B,GSM8K,464,1,11,16,0.6875
Qwen2.5-7B,GSM8K,465,1,15,16,0.9375
Qwen2.5-7B,GSM8K,466,2,11,16,0.6875
Qwen2.5-7B,GSM8K,468,1,12,16,0.75
Qwen2.5-7B,GSM8K,469,2,14,16,0.875
Qwen2.5-7B,GSM8K,471,1,11,16,0.6875
Qwen2.5-7B,GSM8K,472,2,14,16,0.875
Qwen2.5-7B,GSM8K,475,2,13,16,0.8125
Qwen2.5-7B,GSM8K,476,1,15,16,0.9375
Qwen2.5-7B,GSM8K,477,2,16,16,1.0
Qwen2.5-7B,GSM8K,478,1,13,16,0.8125
Qwen2.5-7B,GSM8K,480,3,15,16,0.9375
Qwen2.5-7B,GSM8K,481,8,12,16,0.75
Qwen2.5-7B,GSM8K,482,2,13,16,0.8125
Qwen2.5-7B,GSM8K,483,2,14,16,0.875
Qwen2.5-7B,GSM8K,484,5,14,16,0.875
Qwen2.5-7B,GSM8K,485,1,14,16,0.875
Qwen2.5-7B,GSM8K,486,1,15,16,0.9375
Qwen2.5-7B,GSM8K,487,4,15,16,0.9375
Qwen2.5-7B,GSM8K,488,4,15,16,0.9375
Qwen2.5-7B,GSM8K,489,5,13,16,0.8125
Qwen2.5-7B,GSM8K,490,3,12,16,0.75
Qwen2.5-7B,GSM8K,492,1,15,16,0.9375
Qwen2.5-7B,GSM8K,495,4,14,16,0.875
Qwen2.5-7B,GSM8K,496,3,15,16,0.9375
Qwen2.5-7B,GSM8K,497,3,14,16,0.875
Qwen2.5-7B,GSM8K,500,1,13,16,0.8125
Qwen2.5-7B,GSM8K,501,3,13,16,0.8125
Qwen2.5-7B,GSM8K,502,1,15,16,0.9375
Qwen2.5-7B,GSM8K,503,3,14,16,0.875
Qwen2.5-7B,GSM8K,506,1,14,16,0.875
Qwen2.5-7B,GSM8K,508,2,13,16,0.8125
Qwen2.5-7B,GSM8K,511,1,14,16,0.875
Qwen2.5-7B,GSM8K,512,2,15,16,0.9375
Qwen2.5-7B,GSM8K,513,2,16,16,1.0
Qwen2.5-7B,GSM8K,515,1,3,16,0.1875
Qwen2.5-7B,GSM8K,516,3,14,16,0.875
Qwen2.5-7B,GSM8K,517,5,14,16,0.875
Qwen2.5-7B,GSM8K,518,1,14,16,0.875
Qwen2.5-7B,GSM8K,519,4,14,16,0.875
Qwen2.5-7B,GSM8K,520,3,12,16,0.75
Qwen2.5-7B,GSM8K,521,1,14,16,0.875
Qwen2.5-7B,GSM8K,522,4,14,16,0.875
Qwen2.5-7B,GSM8K,523,2,14,16,0.875
Qwen2.5-7B,GSM8K,524,2,14,16,0.875
Qwen2.5-7B,GSM8K,525,1,16,16,1.0
Qwen2.5-7B,GSM8K,528,2,11,16,0.6875
Qwen2.5-7B,GSM8K,529,1,11,16,0.6875
Qwen2.5-7B,GSM8K,531,1,6,16,0.375
Qwen2.5-7B,GSM8K,532,2,13,16,0.8125
Qwen2.5-7B,GSM8K,533,1,15,16,0.9375
Qwen2.5-7B,GSM8K,535,4,14,16,0.875
Qwen2.5-7B,GSM8K,536,1,15,16,0.9375
Qwen2.5-7B,GSM8K,537,7,14,16,0.875
Qwen2.5-7B,GSM8K,538,2,13,16,0.8125
Qwen2.5-7B,GSM8K,540,1,12,16,0.75
Qwen2.5-7B,GSM8K,542,1,13,16,0.8125
Qwen2.5-7B,GSM8K,543,3,16,16,1.0
Qwen2.5-7B,GSM8K,545,3,15,16,0.9375
Qwen2.5-7B,GSM8K,547,1,14,16,0.875
Qwen2.5-7B,GSM8K,548,1,13,16,0.8125
Qwen2.5-7B,GSM8K,549,1,10,16,0.625
Qwen2.5-7B,GSM8K,550,2,7,16,0.4375
Qwen2.5-7B,GSM8K,551,1,15,16,0.9375
Qwen2.5-7B,GSM8K,555,7,12,16,0.75
Qwen2.5-7B,GSM8K,556,4,14,16,0.875
Qwen2.5-7B,GSM8K,557,3,15,16,0.9375
Qwen2.5-7B,GSM8K,558,14,10,16,0.625
Qwen2.5-7B,GSM8K,560,2,15,16,0.9375
Qwen2.5-7B,GSM8K,561,3,12,16,0.75
Qwen2.5-7B,GSM8K,563,2,15,16,0.9375
Qwen2.5-7B,GSM8K,565,4,15,16,0.9375
Qwen2.5-7B,GSM8K,567,1,16,16,1.0
Qwen2.5-7B,GSM8K,568,1,14,16,0.875
Qwen2.5-7B,GSM8K,569,1,12,16,0.75
Qwen2.5-7B,GSM8K,571,3,12,16,0.75
Qwen2.5-7B,GSM8K,573,3,15,16,0.9375
Qwen2.5-7B,GSM8K,575,1,15,16,0.9375
Qwen2.5-7B,GSM8K,576,1,12,16,0.75
Qwen2.5-7B,GSM8K,577,2,11,16,0.6875
Qwen2.5-7B,GSM8K,579,3,13,16,0.8125
Qwen2.5-7B,GSM8K,581,2,14,16,0.875
Qwen2.5-7B,GSM8K,582,1,13,16,0.8125
Qwen2.5-7B,GSM8K,583,1,15,16,0.9375
Qwen2.5-7B,GSM8K,584,1,9,16,0.5625
Qwen2.5-7B,GSM8K,585,2,15,16,0.9375
Qwen2.5-7B,GSM8K,586,4,10,16,0.625
Qwen2.5-7B,GSM8K,587,2,11,16,0.6875
Qwen2.5-7B,GSM8K,588,1,12,16,0.75
Qwen2.5-7B,GSM8K,589,7,5,16,0.3125
Qwen2.5-7B,GSM8K,591,4,15,16,0.9375
Qwen2.5-7B,GSM8K,592,1,14,16,0.875
Qwen2.5-7B,GSM8K,594,5,15,16,0.9375
Qwen2.5-7B,GSM8K,595,3,16,16,1.0
Qwen2.5-7B,GSM8K,596,1,15,16,0.9375
Qwen2.5-7B,GSM8K,597,4,12,16,0.75
Qwen2.5-7B,GSM8K,598,1,12,16,0.75
Qwen2.5-7B,GSM8K,599,2,15,16,0.9375
Qwen2.5-7B,GSM8K,600,4,14,16,0.875
Qwen2.5-7B,GSM8K,601,2,12,16,0.75
Qwen2.5-7B,GSM8K,602,6,15,16,0.9375
Qwen2.5-7B,GSM8K,604,5,13,16,0.8125
Qwen2.5-7B,GSM8K,605,4,13,16,0.8125
Qwen2.5-7B,GSM8K,606,1,14,16,0.875
Qwen2.5-7B,GSM8K,609,2,15,16,0.9375
Qwen2.5-7B,GSM8K,610,4,10,16,0.625
Qwen2.5-7B,GSM8K,612,2,13,16,0.8125
Qwen2.5-7B,GSM8K,613,1,10,16,0.625
Qwen2.5-7B,GSM8K,614,1,13,16,0.8125
Qwen2.5-7B,GSM8K,615,5,16,16,1.0
Qwen2.5-7B,GSM8K,616,10,15,16,0.9375
Qwen2.5-7B,GSM8K,617,2,16,16,1.0
Qwen2.5-7B,GSM8K,618,1,14,16,0.875
Qwen2.5-7B,GSM8K,619,5,13,16,0.8125
Qwen2.5-7B,GSM8K,620,2,14,16,0.875
Qwen2.5-7B,GSM8K,621,2,15,16,0.9375
Qwen2.5-7B,GSM8K,623,4,13,16,0.8125
Qwen2.5-7B,GSM8K,624,6,15,16,0.9375
Qwen2.5-7B,GSM8K,625,1,14,16,0.875
Qwen2.5-7B,GSM8K,626,2,15,16,0.9375
Qwen2.5-7B,GSM8K,628,1,12,16,0.75
Qwen2.5-7B,GSM8K,629,2,9,16,0.5625
Qwen2.5-7B,GSM8K,630,1,11,16,0.6875
Qwen2.5-7B,GSM8K,632,2,14,16,0.875
Qwen2.5-7B,GSM8K,634,4,14,16,0.875
Qwen2.5-7B,GSM8K,636,1,13,16,0.8125
Qwen2.5-7B,GSM8K,637,6,11,16,0.6875
Qwen2.5-7B,GSM8K,638,2,13,16,0.8125
Qwen2.5-7B,GSM8K,639,2,11,16,0.6875
Qwen2.5-7B,GSM8K,640,2,12,16,0.75
Qwen2.5-7B,GSM8K,641,1,0,16,0.0
Qwen2.5-7B,GSM8K,642,1,14,16,0.875
Qwen2.5-7B,GSM8K,643,3,14,16,0.875
Qwen2.5-7B,GSM8K,645,5,14,16,0.875
Qwen2.5-7B,GSM8K,646,8,12,16,0.75
Qwen2.5-7B,GSM8K,648,2,12,16,0.75
Qwen2.5-7B,GSM8K,649,2,3,16,0.1875
Qwen2.5-7B,GSM8K,651,1,13,16,0.8125
Qwen2.5-7B,GSM8K,654,1,13,16,0.8125
Qwen2.5-7B,GSM8K,655,6,13,16,0.8125
Qwen2.5-7B,GSM8K,656,3,13,16,0.8125
Qwen2.5-7B,GSM8K,659,2,15,16,0.9375
Qwen2.5-7B,GSM8K,661,1,15,16,0.9375
Qwen2.5-7B,GSM8K,662,2,15,16,0.9375
Qwen2.5-7B,GSM8K,663,2,12,16,0.75
Qwen2.5-7B,GSM8K,664,1,14,16,0.875
Qwen2.5-7B,GSM8K,665,2,13,16,0.8125
Qwen2.5-7B,GSM8K,666,2,15,16,0.9375
Qwen2.5-7B,GSM8K,667,3,13,16,0.8125
Qwen2.5-7B,GSM8K,668,3,15,16,0.9375
Qwen2.5-7B,GSM8K,669,3,8,16,0.5
Qwen2.5-7B,GSM8K,670,4,15,16,0.9375
Qwen2.5-7B,GSM8K,671,4,14,16,0.875
Qwen2.5-7B,GSM8K,674,1,14,16,0.875
Qwen2.5-7B,GSM8K,676,1,14,16,0.875
Qwen2.5-7B,GSM8K,679,1,14,16,0.875
Qwen2.5-7B,GSM8K,680,3,12,16,0.75
Qwen2.5-7B,GSM8K,682,2,13,16,0.8125
Qwen2.5-7B,GSM8K,683,3,11,16,0.6875
Qwen2.5-7B,GSM8K,684,1,15,16,0.9375
Qwen2.5-7B,GSM8K,686,2,14,16,0.875
Qwen2.5-7B,GSM8K,689,4,13,16,0.8125
Qwen2.5-7B,GSM8K,692,1,15,16,0.9375
Qwen2.5-7B,GSM8K,693,4,15,16,0.9375
Qwen2.5-7B,GSM8K,694,2,14,16,0.875
Qwen2.5-7B,GSM8K,695,3,14,16,0.875
Qwen2.5-7B,GSM8K,696,3,9,16,0.5625
Qwen2.5-7B,GSM8K,697,4,14,16,0.875
Qwen2.5-7B,GSM8K,699,3,15,16,0.9375
Qwen2.5-7B,GSM8K,700,2,12,16,0.75
Qwen2.5-7B,GSM8K,702,2,13,16,0.8125
Qwen2.5-7B,GSM8K,703,7,16,16,1.0
Qwen2.5-7B,GSM8K,704,1,13,16,0.8125
Qwen2.5-7B,GSM8K,705,4,14,16,0.875
Qwen2.5-7B,GSM8K,706,2,16,16,1.0
Qwen2.5-7B,GSM8K,708,3,15,16,0.9375
Qwen2.5-7B,GSM8K,709,3,11,16,0.6875
Qwen2.5-7B,GSM8K,710,1,13,16,0.8125
Qwen2.5-7B,GSM8K,715,1,14,16,0.875
Qwen2.5-7B,GSM8K,716,3,14,16,0.875
Qwen2.5-7B,GSM8K,717,1,15,16,0.9375
Qwen2.5-7B,GSM8K,718,2,15,16,0.9375
Qwen2.5-7B,GSM8K,719,5,12,16,0.75
Qwen2.5-7B,GSM8K,722,1,15,16,0.9375
Qwen2.5-7B,GSM8K,723,4,10,16,0.625
Qwen2.5-7B,GSM8K,725,1,12,16,0.75
Qwen2.5-7B,GSM8K,726,2,13,16,0.8125
Qwen2.5-7B,GSM8K,727,1,14,16,0.875
Qwen2.5-7B,GSM8K,728,2,14,16,0.875
Qwen2.5-7B,GSM8K,729,1,14,16,0.875
Qwen2.5-7B,GSM8K,730,1,13,16,0.8125
Qwen2.5-7B,GSM8K,731,2,13,16,0.8125
Qwen2.5-7B,GSM8K,732,2,15,16,0.9375
Qwen2.5-7B,GSM8K,733,4,12,16,0.75
Qwen2.5-7B,GSM8K,734,1,10,16,0.625
Qwen2.5-7B,GSM8K,735,1,12,16,0.75
Qwen2.5-7B,GSM8K,736,3,14,16,0.875
Qwen2.5-7B,GSM8K,737,1,14,16,0.875
Qwen2.5-7B,GSM8K,738,2,14,16,0.875
Qwen2.5-7B,GSM8K,739,3,15,16,0.9375
Qwen2.5-7B,GSM8K,741,1,14,16,0.875
Qwen2.5-7B,GSM8K,742,5,13,16,0.8125
Qwen2.5-7B,GSM8K,743,2,15,16,0.9375
Qwen2.5-7B,GSM8K,744,1,11,16,0.6875
Qwen2.5-7B,GSM8K,745,1,15,16,0.9375
Qwen2.5-7B,GSM8K,746,3,12,16,0.75
Qwen2.5-7B,GSM8K,748,3,13,16,0.8125
Qwen2.5-7B,GSM8K,751,2,14,16,0.875
Qwen2.5-7B,GSM8K,752,1,3,16,0.1875
Qwen2.5-7B,GSM8K,755,3,12,16,0.75
Qwen2.5-7B,GSM8K,756,1,14,16,0.875
Qwen2.5-7B,GSM8K,757,3,13,16,0.8125
Qwen2.5-7B,GSM8K,758,3,15,16,0.9375
Qwen2.5-7B,GSM8K,759,3,13,16,0.8125
Qwen2.5-7B,GSM8K,760,3,13,16,0.8125
Qwen2.5-7B,GSM8K,761,1,16,16,1.0
Qwen2.5-7B,GSM8K,762,1,13,16,0.8125
Qwen2.5-7B,GSM8K,764,3,13,16,0.8125
Qwen2.5-7B,GSM8K,766,1,15,16,0.9375
Qwen2.5-7B,GSM8K,768,1,0,16,0.0
Qwen2.5-7B,GSM8K,769,3,14,16,0.875
Qwen2.5-7B,GSM8K,772,1,8,16,0.5
Qwen2.5-7B,GSM8K,773,5,13,16,0.8125
Qwen2.5-7B,GSM8K,774,2,13,16,0.8125
Qwen2.5-7B,GSM8K,778,5,16,16,1.0
Qwen2.5-7B,GSM8K,781,1,11,16,0.6875
Qwen2.5-7B,GSM8K,786,3,15,16,0.9375
Qwen2.5-7B,GSM8K,790,1,3,16,0.1875
Qwen2.5-7B,GSM8K,791,1,15,16,0.9375
Qwen2.5-7B,GSM8K,792,2,15,16,0.9375
Qwen2.5-7B,GSM8K,794,3,15,16,0.9375
Qwen2.5-7B,GSM8K,796,1,0,16,0.0
Qwen2.5-7B,GSM8K,797,4,9,16,0.5625
Qwen2.5-7B,GSM8K,799,5,13,16,0.8125
Qwen2.5-7B,GSM8K,800,2,12,16,0.75
Qwen2.5-7B,GSM8K,801,1,11,16,0.6875
Qwen2.5-7B,GSM8K,803,1,15,16,0.9375
Qwen2.5-7B,GSM8K,804,5,12,16,0.75
Qwen2.5-7B,GSM8K,808,3,12,16,0.75
Qwen2.5-7B,GSM8K,810,3,14,16,0.875
Qwen2.5-7B,GSM8K,817,3,13,16,0.8125
Qwen2.5-7B,GSM8K,818,1,13,16,0.8125
Qwen2.5-7B,GSM8K,819,5,11,16,0.6875
Qwen2.5-7B,GSM8K,820,4,13,16,0.8125
Qwen2.5-7B,GSM8K,823,4,0,16,0.0
Qwen2.5-7B,GSM8K,824,2,13,16,0.8125
Qwen2.5-7B,GSM8K,825,3,11,16,0.6875
Qwen2.5-7B,GSM8K,829,1,15,16,0.9375
Qwen2.5-7B,GSM8K,832,2,16,16,1.0
Qwen2.5-7B,GSM8K,833,5,12,16,0.75
Qwen2.5-7B,GSM8K,834,5,13,16,0.8125
Qwen2.5-7B,GSM8K,836,5,13,16,0.8125
Qwen2.5-7B,GSM8K,838,2,14,16,0.875
Qwen2.5-7B,GSM8K,840,3,4,16,0.25
Qwen2.5-7B,GSM8K,841,1,15,16,0.9375
Qwen2.5-7B,GSM8K,842,1,15,16,0.9375
Qwen2.5-7B,GSM8K,843,2,16,16,1.0
Qwen2.5-7B,GSM8K,844,1,13,16,0.8125
Qwen2.5-7B,GSM8K,845,1,12,16,0.75
Qwen2.5-7B,GSM8K,848,5,12,16,0.75
Qwen2.5-7B,GSM8K,849,5,13,16,0.8125
Qwen2.5-7B,GSM8K,850,2,15,16,0.9375
Qwen2.5-7B,GSM8K,851,4,12,16,0.75
Qwen2.5-7B,GSM8K,852,2,13,16,0.8125
Qwen2.5-7B,GSM8K,853,4,13,16,0.8125
Qwen2.5-7B,GSM8K,856,4,13,16,0.8125
Qwen2.5-7B,GSM8K,857,4,13,16,0.8125
Qwen2.5-7B,GSM8K,859,1,14,16,0.875
Qwen2.5-7B,GSM8K,861,1,16,16,1.0
Qwen2.5-7B,GSM8K,863,1,14,16,0.875
Qwen2.5-7B,GSM8K,864,2,14,16,0.875
Qwen2.5-7B,GSM8K,865,2,13,16,0.8125
Qwen2.5-7B,GSM8K,867,4,15,16,0.9375
Qwen2.5-7B,GSM8K,868,1,15,16,0.9375
Qwen2.5-7B,GSM8K,869,3,13,16,0.8125
Qwen2.5-7B,GSM8K,870,1,14,16,0.875
Qwen2.5-7B,GSM8K,871,2,12,16,0.75
Qwen2.5-7B,GSM8K,872,4,15,16,0.9375
Qwen2.5-7B,GSM8K,876,2,14,16,0.875
Qwen2.5-7B,GSM8K,878,2,15,16,0.9375
Qwen2.5-7B,GSM8K,880,2,11,16,0.6875
Qwen2.5-7B,GSM8K,881,2,13,16,0.8125
Qwen2.5-7B,GSM8K,884,4,13,16,0.8125
Qwen2.5-7B,GSM8K,885,2,12,16,0.75
Qwen2.5-7B,GSM8K,886,2,13,16,0.8125
Qwen2.5-7B,GSM8K,887,1,12,16,0.75
Qwen2.5-7B,GSM8K,889,2,15,16,0.9375
Qwen2.5-7B,GSM8K,890,1,16,16,1.0
Qwen2.5-7B,GSM8K,891,7,10,16,0.625
Qwen2.5-7B,GSM8K,893,3,14,16,0.875
Qwen2.5-7B,GSM8K,895,2,15,16,0.9375
Qwen2.5-7B,GSM8K,896,1,14,16,0.875
Qwen2.5-7B,GSM8K,897,2,15,16,0.9375
Qwen2.5-7B,GSM8K,898,5,12,16,0.75
Qwen2.5-7B,GSM8K,899,2,15,16,0.9375
Qwen2.5-7B,GSM8K,900,1,16,16,1.0
Qwen2.5-7B,GSM8K,902,3,16,16,1.0
Qwen2.5-7B,GSM8K,903,4,12,16,0.75
Qwen2.5-7B,GSM8K,904,1,16,16,1.0
Qwen2.5-7B,GSM8K,905,3,10,16,0.625
Qwen2.5-7B,GSM8K,907,3,13,16,0.8125
Qwen2.5-7B,GSM8K,908,3,14,16,0.875
Qwen2.5-7B,GSM8K,909,1,14,16,0.875
Qwen2.5-7B,GSM8K,910,3,13,16,0.8125
Qwen2.5-7B,GSM8K,912,3,14,16,0.875
Qwen2.5-7B,GSM8K,913,1,16,16,1.0
Qwen2.5-7B,GSM8K,914,3,13,16,0.8125
Qwen2.5-7B,GSM8K,915,2,14,16,0.875
Qwen2.5-7B,GSM8K,917,1,14,16,0.875
Qwen2.5-7B,GSM8K,919,6,10,16,0.625
Qwen2.5-7B,GSM8K,920,2,13,16,0.8125
Qwen2.5-7B,GSM8K,922,3,13,16,0.8125
Qwen2.5-7B,GSM8K,924,1,15,16,0.9375
Qwen2.5-7B,GSM8K,927,1,11,16,0.6875
Qwen2.5-7B,GSM8K,928,1,12,16,0.75
Qwen2.5-7B,GSM8K,929,10,13,16,0.8125
Qwen2.5-7B,GSM8K,930,3,13,16,0.8125
Qwen2.5-7B,GSM8K,931,1,13,16,0.8125
Qwen2.5-7B,GSM8K,933,2,15,16,0.9375
Qwen2.5-7B,GSM8K,934,3,15,16,0.9375
Qwen2.5-7B,GSM8K,935,1,12,16,0.75
Qwen2.5-7B,GSM8K,937,2,14,16,0.875
Qwen2.5-7B,GSM8K,939,1,14,16,0.875
Qwen2.5-7B,GSM8K,940,2,14,16,0.875
Qwen2.5-7B,GSM8K,944,2,15,16,0.9375
Qwen2.5-7B,GSM8K,947,3,15,16,0.9375
Qwen2.5-7B,GSM8K,948,2,16,16,1.0
Qwen2.5-7B,GSM8K,949,1,15,16,0.9375
Qwen2.5-7B,GSM8K,950,2,14,16,0.875
Qwen2.5-7B,GSM8K,951,1,3,16,0.1875
Qwen2.5-7B,GSM8K,952,2,0,16,0.0
Qwen2.5-7B,GSM8K,955,2,12,16,0.75
Qwen2.5-7B,GSM8K,957,1,16,16,1.0
Qwen2.5-7B,GSM8K,959,1,13,16,0.8125
Qwen2.5-7B,GSM8K,960,1,15,16,0.9375
Qwen2.5-7B,GSM8K,962,3,10,16,0.625
Qwen2.5-7B,GSM8K,963,1,14,16,0.875
Qwen2.5-7B,GSM8K,964,2,13,16,0.8125
Qwen2.5-7B,GSM8K,965,5,10,16,0.625
Qwen2.5-7B,GSM8K,968,1,13,16,0.8125
Qwen2.5-7B,GSM8K,969,1,10,16,0.625
Qwen2.5-7B,GSM8K,970,2,13,16,0.8125
Qwen2.5-7B,GSM8K,971,5,12,16,0.75
Qwen2.5-7B,GSM8K,972,1,10,16,0.625
Qwen2.5-7B,GSM8K,973,3,13,16,0.8125
Qwen2.5-7B,GSM8K,974,1,15,16,0.9375
Qwen2.5-7B,GSM8K,975,3,16,16,1.0
Qwen2.5-7B,GSM8K,977,4,13,16,0.8125
Qwen2.5-7B,GSM8K,978,1,13,16,0.8125
Qwen2.5-7B,GSM8K,981,3,13,16,0.8125
Qwen2.5-7B,GSM8K,982,5,13,16,0.8125
Qwen2.5-7B,GSM8K,983,1,15,16,0.9375
Qwen2.5-7B,GSM8K,985,2,12,16,0.75
Qwen2.5-7B,GSM8K,986,2,13,16,0.8125
Qwen2.5-7B,GSM8K,987,1,13,16,0.8125
Qwen2.5-7B,GSM8K,990,2,14,16,0.875
Qwen2.5-7B,GSM8K,991,1,9,16,0.5625
Qwen2.5-7B,GSM8K,992,2,15,16,0.9375
Qwen2.5-7B,GSM8K,994,2,14,16,0.875
Qwen2.5-7B,GSM8K,996,2,13,16,0.8125
Qwen2.5-7B,GSM8K,999,1,13,16,0.8125
Qwen2.5-7B,GSM8K,1001,1,1,16,0.0625
Qwen2.5-7B,GSM8K,1002,1,14,16,0.875
Qwen2.5-7B,GSM8K,1004,1,14,16,0.875
Qwen2.5-7B,GSM8K,1005,1,13,16,0.8125
Qwen2.5-7B,GSM8K,1007,4,14,16,0.875
Qwen2.5-7B,GSM8K,1008,12,9,16,0.5625
Qwen2.5-7B,GSM8K,1009,3,12,16,0.75
Qwen2.5-7B,GSM8K,1010,4,15,16,0.9375
Qwen2.5-7B,GSM8K,1011,3,15,16,0.9375
Qwen2.5-7B,GSM8K,1013,2,12,16,0.75
Qwen2.5-7B,GSM8K,1014,1,10,16,0.625
Qwen2.5-7B,GSM8K,1015,3,11,16,0.6875
Qwen2.5-7B,GSM8K,1016,3,0,16,0.0
Qwen2.5-7B,GSM8K,1018,2,15,16,0.9375
Qwen2.5-7B,GSM8K,1020,2,14,16,0.875
Qwen2.5-7B,GSM8K,1021,1,12,16,0.75
Qwen2.5-7B,GSM8K,1023,2,12,16,0.75
Qwen2.5-7B,GSM8K,1027,3,14,16,0.875
Qwen2.5-7B,GSM8K,1028,1,15,16,0.9375
Qwen2.5-7B,GSM8K,1031,1,12,16,0.75
Qwen2.5-7B,GSM8K,1032,3,13,16,0.8125
Qwen2.5-7B,GSM8K,1034,2,15,16,0.9375
Qwen2.5-7B,GSM8K,1036,4,12,16,0.75
Qwen2.5-7B,GSM8K,1037,5,14,16,0.875
Qwen2.5-7B,GSM8K,1040,3,13,16,0.8125
Qwen2.5-7B,GSM8K,1041,1,12,16,0.75
Qwen2.5-7B,GSM8K,1043,1,13,16,0.8125
Qwen2.5-7B,GSM8K,1044,3,11,16,0.6875
Qwen2.5-7B,GSM8K,1045,2,12,16,0.75
Qwen2.5-7B,GSM8K,1047,1,13,16,0.8125
Qwen2.5-7B,GSM8K,1050,4,7,16,0.4375
Qwen2.5-7B,GSM8K,1051,7,11,16,0.6875
Qwen2.5-7B,GSM8K,1053,2,16,16,1.0
Qwen2.5-7B,GSM8K,1054,2,14,16,0.875
Qwen2.5-7B,GSM8K,1055,2,14,16,0.875
Qwen2.5-7B,GSM8K,1057,2,14,16,0.875
Qwen2.5-7B,GSM8K,1058,3,14,16,0.875
Qwen2.5-7B,GSM8K,1059,2,9,16,0.5625
Qwen2.5-7B,GSM8K,1060,1,13,16,0.8125
Qwen2.5-7B,GSM8K,1061,2,15,16,0.9375
Qwen2.5-7B,GSM8K,1063,8,12,16,0.75
Qwen2.5-7B,GSM8K,1065,1,14,16,0.875
Qwen2.5-7B,GSM8K,1066,2,14,16,0.875
Qwen2.5-7B,GSM8K,1067,2,14,16,0.875
Qwen2.5-7B,GSM8K,1069,2,14,16,0.875
Qwen2.5-7B,GSM8K,1074,4,11,16,0.6875
Qwen2.5-7B,GSM8K,1076,1,15,16,0.9375
Qwen2.5-7B,GSM8K,1078,2,14,16,0.875
Qwen2.5-7B,GSM8K,1079,2,14,16,0.875
Qwen2.5-7B,GSM8K,1080,3,12,16,0.75
Qwen2.5-7B,GSM8K,1081,1,16,16,1.0
Qwen2.5-7B,GSM8K,1084,1,14,16,0.875
Qwen2.5-7B,GSM8K,1085,2,11,16,0.6875
Qwen2.5-7B,GSM8K,1087,2,13,16,0.8125
Qwen2.5-7B,GSM8K,1089,2,11,16,0.6875
Qwen2.5-7B,GSM8K,1090,12,11,16,0.6875
Qwen2.5-7B,GSM8K,1091,4,15,16,0.9375
Qwen2.5-7B,GSM8K,1095,4,12,16,0.75
Qwen2.5-7B,GSM8K,1098,1,15,16,0.9375
Qwen2.5-7B,GSM8K,1099,6,16,16,1.0
Qwen2.5-7B,GSM8K,1100,1,15,16,0.9375
Qwen2.5-7B,GSM8K,1101,4,12,16,0.75
Qwen2.5-7B,GSM8K,1103,2,16,16,1.0
Qwen2.5-7B,GSM8K,1104,1,15,16,0.9375
Qwen2.5-7B,GSM8K,1106,4,14,16,0.875
Qwen2.5-7B,GSM8K,1108,1,15,16,0.9375
Qwen2.5-7B,GSM8K,1109,5,13,16,0.8125
Qwen2.5-7B,GSM8K,1111,1,12,16,0.75
Qwen2.5-7B,GSM8K,1112,1,13,16,0.8125
Qwen2.5-7B,GSM8K,1113,5,16,16,1.0
Qwen2.5-7B,GSM8K,1114,1,13,16,0.8125
Qwen2.5-7B,GSM8K,1117,4,14,16,0.875
Qwen2.5-7B,GSM8K,1118,1,15,16,0.9375
Qwen2.5-7B,GSM8K,1121,6,12,16,0.75
Qwen2.5-7B,GSM8K,1123,3,15,16,0.9375
Qwen2.5-7B,GSM8K,1124,1,14,16,0.875
Qwen2.5-7B,GSM8K,1125,1,12,16,0.75
Qwen2.5-7B,GSM8K,1126,6,15,16,0.9375
Qwen2.5-7B,GSM8K,1127,8,12,16,0.75
Qwen2.5-7B,GSM8K,1128,1,15,16,0.9375
Qwen2.5-7B,GSM8K,1130,2,11,16,0.6875
Qwen2.5-7B,GSM8K,1131,1,15,16,0.9375
Qwen2.5-7B,GSM8K,1132,1,16,16,1.0
Qwen2.5-7B,GSM8K,1133,2,13,16,0.8125
Qwen2.5-7B,GSM8K,1134,1,13,16,0.8125
Qwen2.5-7B,GSM8K,1135,2,13,16,0.8125
Qwen2.5-7B,GSM8K,1136,1,15,16,0.9375
Qwen2.5-7B,GSM8K,1138,2,14,16,0.875
Qwen2.5-7B,GSM8K,1139,1,16,16,1.0
Qwen2.5-7B,GSM8K,1140,2,11,16,0.6875
Qwen2.5-7B,GSM8K,1141,3,10,16,0.625
Qwen2.5-7B,GSM8K,1142,2,15,16,0.9375
Qwen2.5-7B,GSM8K,1143,2,15,16,0.9375
Qwen2.5-7B,GSM8K,1147,6,12,16,0.75
Qwen2.5-7B,GSM8K,1148,3,15,16,0.9375
Qwen2.5-7B,GSM8K,1149,3,12,16,0.75
Qwen2.5-7B,GSM8K,1150,2,13,16,0.8125
Qwen2.5-7B,GSM8K,1151,6,14,16,0.875
Qwen2.5-7B,GSM8K,1153,1,14,16,0.875
Qwen2.5-7B,GSM8K,1154,4,15,16,0.9375
Qwen2.5-7B,GSM8K,1155,8,16,16,1.0
Qwen2.5-7B,GSM8K,1156,2,13,16,0.8125
Qwen2.5-7B,GSM8K,1157,7,14,16,0.875
Qwen2.5-7B,GSM8K,1158,2,12,16,0.75
Qwen2.5-7B,GSM8K,1160,2,14,16,0.875
Qwen2.5-7B,GSM8K,1162,2,15,16,0.9375
Qwen2.5-7B,GSM8K,1163,2,12,16,0.75
Qwen2.5-7B,GSM8K,1164,1,15,16,0.9375
Qwen2.5-7B,GSM8K,1166,1,1,16,0.0625
Qwen2.5-7B,GSM8K,1167,1,14,16,0.875
Qwen2.5-7B,GSM8K,1168,2,14,16,0.875
Qwen2.5-7B,GSM8K,1170,1,12,16,0.75
Qwen2.5-7B,GSM8K,1171,1,13,16,0.8125
Qwen2.5-7B,GSM8K,1172,2,14,16,0.875
Qwen2.5-7B,GSM8K,1174,1,10,16,0.625
Qwen2.5-7B,GSM8K,1175,2,13,16,0.8125
Qwen2.5-7B,GSM8K,1178,3,14,16,0.875
Qwen2.5-7B,GSM8K,1180,1,15,16,0.9375
Qwen2.5-7B,GSM8K,1182,1,14,16,0.875
Qwen2.5-7B,GSM8K,1184,3,14,16,0.875
Qwen2.5-7B,GSM8K,1185,1,16,16,1.0
Qwen2.5-7B,GSM8K,1186,5,12,16,0.75
Qwen2.5-7B,GSM8K,1193,2,14,16,0.875
Qwen2.5-7B,GSM8K,1194,4,12,16,0.75
Qwen2.5-7B,GSM8K,1195,1,14,16,0.875
Qwen2.5-7B,GSM8K,1196,2,14,16,0.875
Qwen2.5-7B,GSM8K,1197,2,11,16,0.6875
Qwen2.5-7B,GSM8K,1199,3,2,16,0.125
Qwen2.5-7B,GSM8K,1200,5,12,16,0.75
Qwen2.5-7B,GSM8K,1203,4,14,16,0.875
Qwen2.5-7B,GSM8K,1204,3,13,16,0.8125
Qwen2.5-7B,GSM8K,1205,1,15,16,0.9375
Qwen2.5-7B,GSM8K,1206,3,11,16,0.6875
Qwen2.5-7B,GSM8K,1207,4,14,16,0.875
Qwen2.5-7B,GSM8K,1208,1,15,16,0.9375
Qwen2.5-7B,GSM8K,1209,4,11,16,0.6875
Qwen2.5-7B,GSM8K,1210,2,16,16,1.0
Qwen2.5-7B,GSM8K,1211,1,12,16,0.75
Qwen2.5-7B,GSM8K,1212,2,15,16,0.9375
Qwen2.5-7B,GSM8K,1214,1,15,16,0.9375
Qwen2.5-7B,GSM8K,1216,1,14,16,0.875
Qwen2.5-7B,GSM8K,1217,2,11,16,0.6875
Qwen2.5-7B,GSM8K,1218,1,6,16,0.375
Qwen2.5-7B,GSM8K,1221,5,13,16,0.8125
Qwen2.5-7B,GSM8K,1222,10,12,16,0.75
Qwen2.5-7B,GSM8K,1224,7,14,16,0.875
Qwen2.5-7B,GSM8K,1228,1,16,16,1.0
Qwen2.5-7B,GSM8K,1229,1,15,16,0.9375
Qwen2.5-7B,GSM8K,1231,1,12,16,0.75
Qwen2.5-7B,GSM8K,1235,2,14,16,0.875
Qwen2.5-7B,GSM8K,1236,1,13,16,0.8125
Qwen2.5-7B,GSM8K,1238,1,13,16,0.8125
Qwen2.5-7B,GSM8K,1242,1,15,16,0.9375
Qwen2.5-7B,GSM8K,1243,3,14,16,0.875
Qwen2.5-7B,GSM8K,1245,1,12,16,0.75
Qwen2.5-7B,GSM8K,1246,3,12,16,0.75
Qwen2.5-7B,GSM8K,1248,1,12,16,0.75
Qwen2.5-7B,GSM8K,1250,3,16,16,1.0
Qwen2.5-7B,GSM8K,1251,1,9,16,0.5625
Qwen2.5-7B,GSM8K,1252,2,8,16,0.5
Qwen2.5-7B,GSM8K,1254,7,13,16,0.8125
Qwen2.5-7B,GSM8K,1255,2,13,16,0.8125
Qwen2.5-7B,GSM8K,1256,4,14,16,0.875
Qwen2.5-7B,GSM8K,1257,1,13,16,0.8125
Qwen2.5-7B,GSM8K,1259,1,15,16,0.9375
Qwen2.5-7B,GSM8K,1260,3,14,16,0.875
Qwen2.5-7B,GSM8K,1261,2,15,16,0.9375
Qwen2.5-7B,GSM8K,1262,1,16,16,1.0
Qwen2.5-7B,GSM8K,1266,3,14,16,0.875
Qwen2.5-7B,GSM8K,1267,1,11,16,0.6875
Qwen2.5-7B,GSM8K,1269,1,15,16,0.9375
Qwen2.5-7B,GSM8K,1270,2,12,16,0.75
Qwen2.5-7B,GSM8K,1271,1,13,16,0.8125
Qwen2.5-7B,GSM8K,1272,3,15,16,0.9375
Qwen2.5-7B,GSM8K,1273,1,10,16,0.625
Qwen2.5-7B,GSM8K,1275,2,12,16,0.75
Qwen2.5-7B,GSM8K,1276,3,13,16,0.8125
Qwen2.5-7B,GSM8K,1277,2,12,16,0.75
Qwen2.5-7B,GSM8K,1278,2,14,16,0.875
Qwen2.5-7B,GSM8K,1279,4,10,16,0.625
Qwen2.5-7B,GSM8K,1280,4,13,16,0.8125
Qwen2.5-7B,GSM8K,1281,4,13,16,0.8125
Qwen2.5-7B,GSM8K,1282,1,14,16,0.875
Qwen2.5-7B,GSM8K,1283,1,12,16,0.75
Qwen2.5-7B,GSM8K,1284,1,13,16,0.8125
Qwen2.5-7B,GSM8K,1286,4,10,16,0.625
Qwen2.5-7B,GSM8K,1287,1,15,16,0.9375
Qwen2.5-7B,GSM8K,1289,5,15,16,0.9375
Qwen2.5-7B,GSM8K,1290,2,10,16,0.625
Qwen2.5-7B,GSM8K,1292,7,11,16,0.6875
Qwen2.5-7B,GSM8K,1293,7,11,16,0.6875
Qwen2.5-7B,GSM8K,1294,1,14,16,0.875
Qwen2.5-7B,GSM8K,1296,1,16,16,1.0
Qwen2.5-7B,GSM8K,1297,2,13,16,0.8125
Qwen2.5-7B,GSM8K,1298,2,13,16,0.8125
Qwen2.5-7B,GSM8K,1299,1,15,16,0.9375
Qwen2.5-7B,GSM8K,1300,2,9,16,0.5625
Qwen2.5-7B,GSM8K,1303,1,15,16,0.9375
Qwen2.5-7B,GSM8K,1304,4,16,16,1.0
Qwen2.5-7B,GSM8K,1305,3,10,16,0.625
Qwen2.5-7B,GSM8K,1307,4,14,16,0.875
Qwen2.5-7B,GSM8K,1308,2,15,16,0.9375
Qwen2.5-7B,GSM8K,1309,1,0,16,0.0
Qwen2.5-7B,GSM8K,1311,4,12,16,0.75
Qwen2.5-7B,GSM8K,1313,1,13,16,0.8125
Qwen2.5-7B,GSM8K,1314,1,9,16,0.5625
Qwen2.5-7B,GSM8K,1315,2,14,16,0.875
Qwen2.5-7B,GSM8K,1317,1,14,16,0.875
Qwen2.5-7B,GSM8K,1318,4,13,16,0.8125
Qwen2.5-7B,MATH500,0,1,12,16,0.75
Qwen2.5-7B,MATH500,2,8,8,16,0.5
Qwen2.5-7B,MATH500,3,1,11,16,0.6875
Qwen2.5-7B,MATH500,4,3,11,16,0.6875
Qwen2.5-7B,MATH500,6,1,9,16,0.5625
Qwen2.5-7B,MATH500,8,7,11,16,0.6875
Qwen2.5-7B,MATH500,13,10,10,16,0.625
Qwen2.5-7B,MATH500,16,3,13,16,0.8125
Qwen2.5-7B,MATH500,20,4,12,16,0.75
Qwen2.5-7B,MATH500,22,1,13,16,0.8125
Qwen2.5-7B,MATH500,23,1,14,16,0.875
Qwen2.5-7B,MATH500,27,1,14,16,0.875
Qwen2.5-7B,MATH500,28,3,8,16,0.5
Qwen2.5-7B,MATH500,29,1,8,16,0.5
Qwen2.5-7B,MATH500,30,5,8,16,0.5
Qwen2.5-7B,MATH500,31,1,13,16,0.8125
Qwen2.5-7B,MATH500,34,2,13,16,0.8125
Qwen2.5-7B,MATH500,35,5,12,16,0.75
Qwen2.5-7B,MATH500,37,1,6,16,0.375
Qwen2.5-7B,MATH500,38,2,11,16,0.6875
Qwen2.5-7B,MATH500,39,4,8,16,0.5
Qwen2.5-7B,MATH500,40,7,11,16,0.6875
Qwen2.5-7B,MATH500,42,6,9,16,0.5625
Qwen2.5-7B,MATH500,44,1,13,16,0.8125
Qwen2.5-7B,MATH500,45,2,13,16,0.8125
Qwen2.5-7B,MATH500,48,4,8,16,0.5
Qwen2.5-7B,MATH500,49,5,13,16,0.8125
Qwen2.5-7B,MATH500,51,1,10,16,0.625
Qwen2.5-7B,MATH500,53,4,11,16,0.6875
Qwen2.5-7B,MATH500,54,1,9,16,0.5625
Qwen2.5-7B,MATH500,55,1,13,16,0.8125
Qwen2.5-7B,MATH500,56,2,13,16,0.8125
Qwen2.5-7B,MATH500,59,3,12,16,0.75
Qwen2.5-7B,MATH500,61,1,9,16,0.5625
Qwen2.5-7B,MATH500,66,3,9,16,0.5625
Qwen2.5-7B,MATH500,67,9,9,16,0.5625
Qwen2.5-7B,MATH500,69,2,16,16,1.0
Qwen2.5-7B,MATH500,70,3,11,16,0.6875
Qwen2.5-7B,MATH500,71,3,1,16,0.0625
Qwen2.5-7B,MATH500,72,1,13,16,0.8125
Qwen2.5-7B,MATH500,73,9,7,16,0.4375
Qwen2.5-7B,MATH500,74,4,13,16,0.8125
Qwen2.5-7B,MATH500,77,1,12,16,0.75
Qwen2.5-7B,MATH500,78,1,4,16,0.25
Qwen2.5-7B,MATH500,79,6,11,16,0.6875
Qwen2.5-7B,MATH500,81,1,9,16,0.5625
Qwen2.5-7B,MATH500,85,2,8,16,0.5
Qwen2.5-7B,MATH500,86,2,13,16,0.8125
Qwen2.5-7B,MATH500,87,3,11,16,0.6875
Qwen2.5-7B,MATH500,89,3,4,16,0.25
Qwen2.5-7B,MATH500,92,1,6,16,0.375
Qwen2.5-7B,MATH500,95,1,13,16,0.8125
Qwen2.5-7B,MATH500,98,3,12,16,0.75
Qwen2.5-7B,MATH500,102,3,9,16,0.5625
Qwen2.5-7B,MATH500,105,6,10,16,0.625
Qwen2.5-7B,MATH500,106,9,9,16,0.5625
Qwen2.5-7B,MATH500,112,1,12,16,0.75
Qwen2.5-7B,MATH500,113,3,9,16,0.5625
Qwen2.5-7B,MATH500,114,1,13,16,0.8125
Qwen2.5-7B,MATH500,116,4,12,16,0.75
Qwen2.5-7B,MATH500,117,3,14,16,0.875
Qwen2.5-7B,MATH500,121,2,14,16,0.875
Qwen2.5-7B,MATH500,122,2,15,16,0.9375
Qwen2.5-7B,MATH500,124,3,9,16,0.5625
Qwen2.5-7B,MATH500,125,4,12,16,0.75
Qwen2.5-7B,MATH500,127,4,9,16,0.5625
Qwen2.5-7B,MATH500,131,1,12,16,0.75
Qwen2.5-7B,MATH500,132,3,13,16,0.8125
Qwen2.5-7B,MATH500,133,2,12,16,0.75
Qwen2.5-7B,MATH500,135,8,12,16,0.75
Qwen2.5-7B,MATH500,137,7,3,16,0.1875
Qwen2.5-7B,MATH500,140,1,14,16,0.875
Qwen2.5-7B,MATH500,143,2,13,16,0.8125
Qwen2.5-7B,MATH500,144,7,8,16,0.5
Qwen2.5-7B,MATH500,146,2,12,16,0.75
Qwen2.5-7B,MATH500,147,1,2,16,0.125
Qwen2.5-7B,MATH500,148,8,8,16,0.5
Qwen2.5-7B,MATH500,155,1,7,16,0.4375
Qwen2.5-7B,MATH500,157,6,8,16,0.5
Qwen2.5-7B,MATH500,160,3,11,16,0.6875
Qwen2.5-7B,MATH500,161,3,12,16,0.75
Qwen2.5-7B,MATH500,162,1,9,16,0.5625
Qwen2.5-7B,MATH500,165,3,7,16,0.4375
Qwen2.5-7B,MATH500,167,9,12,16,0.75
Qwen2.5-7B,MATH500,169,1,10,16,0.625
Qwen2.5-7B,MATH500,171,6,9,16,0.5625
Qwen2.5-7B,MATH500,172,6,13,16,0.8125
Qwen2.5-7B,MATH500,176,1,8,16,0.5
Qwen2.5-7B,MATH500,178,2,13,16,0.8125
Qwen2.5-7B,MATH500,181,1,13,16,0.8125
Qwen2.5-7B,MATH500,182,3,14,16,0.875
Qwen2.5-7B,MATH500,185,6,13,16,0.8125
Qwen2.5-7B,MATH500,187,1,13,16,0.8125
Qwen2.5-7B,MATH500,191,2,12,16,0.75
Qwen2.5-7B,MATH500,193,4,13,16,0.8125
Qwen2.5-7B,MATH500,195,5,15,16,0.9375
Qwen2.5-7B,MATH500,196,5,11,16,0.6875
Qwen2.5-7B,MATH500,198,1,11,16,0.6875
Qwen2.5-7B,MATH500,199,3,10,16,0.625
Qwen2.5-7B,MATH500,203,10,9,16,0.5625
Qwen2.5-7B,MATH500,205,3,8,16,0.5
Qwen2.5-7B,MATH500,206,3,10,16,0.625
Qwen2.5-7B,MATH500,210,2,9,16,0.5625
Qwen2.5-7B,MATH500,211,4,9,16,0.5625
Qwen2.5-7B,MATH500,212,6,9,16,0.5625
Qwen2.5-7B,MATH500,216,3,10,16,0.625
Qwen2.5-7B,MATH500,218,4,9,16,0.5625
Qwen2.5-7B,MATH500,220,3,7,16,0.4375
Qwen2.5-7B,MATH500,221,1,10,16,0.625
Qwen2.5-7B,MATH500,223,1,10,16,0.625
Qwen2.5-7B,MATH500,225,4,10,16,0.625
Qwen2.5-7B,MATH500,229,2,11,16,0.6875
Qwen2.5-7B,MATH500,230,1,9,16,0.5625
Qwen2.5-7B,MATH500,233,2,11,16,0.6875
Qwen2.5-7B,MATH500,234,1,9,16,0.5625
Qwen2.5-7B,MATH500,235,3,10,16,0.625
Qwen2.5-7B,MATH500,237,1,15,16,0.9375
Qwen2.5-7B,MATH500,243,4,10,16,0.625
Qwen2.5-7B,MATH500,245,1,0,16,0.0
Qwen2.5-7B,MATH500,247,2,9,16,0.5625
Qwen2.5-7B,MATH500,250,1,15,16,0.9375
Qwen2.5-7B,MATH500,252,1,11,16,0.6875
Qwen2.5-7B,MATH500,253,5,8,16,0.5
Qwen2.5-7B,MATH500,254,1,11,16,0.6875
Qwen2.5-7B,MATH500,255,1,12,16,0.75
Qwen2.5-7B,MATH500,256,3,8,16,0.5
Qwen2.5-7B,MATH500,257,3,0,16,0.0
Qwen2.5-7B,MATH500,259,6,14,16,0.875
Qwen2.5-7B,MATH500,260,5,14,16,0.875
Qwen2.5-7B,MATH500,261,2,12,16,0.75
Qwen2.5-7B,MATH500,262,8,13,16,0.8125
Qwen2.5-7B,MATH500,263,4,13,16,0.8125
Qwen2.5-7B,MATH500,265,3,7,16,0.4375
Qwen2.5-7B,MATH500,266,1,7,16,0.4375
Qwen2.5-7B,MATH500,268,4,12,16,0.75
Qwen2.5-7B,MATH500,270,7,10,16,0.625
Qwen2.5-7B,MATH500,271,3,12,16,0.75
Qwen2.5-7B,MATH500,273,1,9,16,0.5625
Qwen2.5-7B,MATH500,275,4,11,16,0.6875
Qwen2.5-7B,MATH500,278,1,11,16,0.6875
Qwen2.5-7B,MATH500,279,2,3,16,0.1875
Qwen2.5-7B,MATH500,280,3,11,16,0.6875
Qwen2.5-7B,MATH500,282,4,7,16,0.4375
Qwen2.5-7B,MATH500,283,1,13,16,0.8125
Qwen2.5-7B,MATH500,289,1,7,16,0.4375
Qwen2.5-7B,MATH500,293,3,9,16,0.5625
Qwen2.5-7B,MATH500,294,1,8,16,0.5
Qwen2.5-7B,MATH500,298,2,8,16,0.5
Qwen2.5-7B,MATH500,299,1,9,16,0.5625
Qwen2.5-7B,MATH500,300,2,10,16,0.625
Qwen2.5-7B,MATH500,301,2,12,16,0.75
Qwen2.5-7B,MATH500,302,2,4,16,0.25
Qwen2.5-7B,MATH500,305,1,14,16,0.875
Qwen2.5-7B,MATH500,310,6,11,16,0.6875
Qwen2.5-7B,MATH500,311,4,13,16,0.8125
Qwen2.5-7B,MATH500,312,7,14,16,0.875
Qwen2.5-7B,MATH500,314,2,11,16,0.6875
Qwen2.5-7B,MATH500,318,10,8,16,0.5
Qwen2.5-7B,MATH500,319,7,9,16,0.5625
Qwen2.5-7B,MATH500,321,1,10,16,0.625
Qwen2.5-7B,MATH500,322,4,12,16,0.75
Qwen2.5-7B,MATH500,325,4,11,16,0.6875
Qwen2.5-7B,MATH500,329,9,14,16,0.875
Qwen2.5-7B,MATH500,330,2,8,16,0.5
Qwen2.5-7B,MATH500,334,1,13,16,0.8125
Qwen2.5-7B,MATH500,336,5,11,16,0.6875
Qwen2.5-7B,MATH500,337,3,13,16,0.8125
Qwen2.5-7B,MATH500,338,5,4,16,0.25
Qwen2.5-7B,MATH500,341,1,10,16,0.625
Qwen2.5-7B,MATH500,342,5,12,16,0.75
Qwen2.5-7B,MATH500,343,1,10,16,0.625
Qwen2.5-7B,MATH500,344,6,13,16,0.8125
Qwen2.5-7B,MATH500,346,2,13,16,0.8125
Qwen2.5-7B,MATH500,347,4,9,16,0.5625
Qwen2.5-7B,MATH500,350,1,14,16,0.875
Qwen2.5-7B,MATH500,360,2,9,16,0.5625
Qwen2.5-7B,MATH500,362,4,8,16,0.5
Qwen2.5-7B,MATH500,363,7,9,16,0.5625
Qwen2.5-7B,MATH500,367,3,13,16,0.8125
Qwen2.5-7B,MATH500,368,1,10,16,0.625
Qwen2.5-7B,MATH500,369,4,1,16,0.0625
Qwen2.5-7B,MATH500,370,7,11,16,0.6875
Qwen2.5-7B,MATH500,374,4,12,16,0.75
Qwen2.5-7B,MATH500,375,3,12,16,0.75
Qwen2.5-7B,MATH500,378,3,16,16,1.0
Qwen2.5-7B,MATH500,383,1,6,16,0.375
Qwen2.5-7B,MATH500,384,12,7,16,0.4375
Qwen2.5-7B,MATH500,386,5,12,16,0.75
Qwen2.5-7B,MATH500,387,2,14,16,0.875
Qwen2.5-7B,MATH500,388,2,12,16,0.75
Qwen2.5-7B,MATH500,389,3,12,16,0.75
Qwen2.5-7B,MATH500,393,2,6,16,0.375
Qwen2.5-7B,MATH500,395,3,12,16,0.75
Qwen2.5-7B,MATH500,397,7,12,16,0.75
Qwen2.5-7B,MATH500,399,6,6,16,0.375
Qwen2.5-7B,MATH500,403,3,7,16,0.4375
Qwen2.5-7B,MATH500,404,4,13,16,0.8125
Qwen2.5-7B,MATH500,405,5,10,16,0.625
Qwen2.5-7B,MATH500,407,4,12,16,0.75
Qwen2.5-7B,MATH500,410,3,13,16,0.8125
Qwen2.5-7B,MATH500,411,4,13,16,0.8125
Qwen2.5-7B,MATH500,413,3,9,16,0.5625
Qwen2.5-7B,MATH500,414,4,10,16,0.625
Qwen2.5-7B,MATH500,415,1,12,16,0.75
Qwen2.5-7B,MATH500,417,2,9,16,0.5625
Qwen2.5-7B,MATH500,418,2,11,16,0.6875
Qwen2.5-7B,MATH500,420,8,8,16,0.5
Qwen2.5-7B,MATH500,424,5,14,16,0.875
Qwen2.5-7B,MATH500,426,3,11,16,0.6875
Qwen2.5-7B,MATH500,427,9,14,16,0.875
Qwen2.5-7B,MATH500,428,2,6,16,0.375
Qwen2.5-7B,MATH500,430,2,9,16,0.5625
Qwen2.5-7B,MATH500,437,2,15,16,0.9375
Qwen2.5-7B,MATH500,438,1,11,16,0.6875
Qwen2.5-7B,MATH500,440,7,10,16,0.625
Qwen2.5-7B,MATH500,441,3,10,16,0.625
Qwen2.5-7B,MATH500,442,4,12,16,0.75
Qwen2.5-7B,MATH500,446,2,12,16,0.75
Qwen2.5-7B,MATH500,447,1,13,16,0.8125
Qwen2.5-7B,MATH500,449,4,10,16,0.625
Qwen2.5-7B,MATH500,450,1,8,16,0.5
Qwen2.5-7B,MATH500,451,1,9,16,0.5625
Qwen2.5-7B,MATH500,452,7,7,16,0.4375
Qwen2.5-7B,MATH500,453,1,10,16,0.625
Qwen2.5-7B,MATH500,456,2,0,16,0.0
Qwen2.5-7B,MATH500,457,3,13,16,0.8125
Qwen2.5-7B,MATH500,461,3,10,16,0.625
Qwen2.5-7B,MATH500,463,5,12,16,0.75
Qwen2.5-7B,MATH500,465,3,10,16,0.625
Qwen2.5-7B,MATH500,467,5,0,16,0.0
Qwen2.5-7B,MATH500,468,8,13,16,0.8125
Qwen2.5-7B,MATH500,469,2,14,16,0.875
Qwen2.5-7B,MATH500,471,4,10,16,0.625
Qwen2.5-7B,MATH500,472,4,9,16,0.5625
Qwen2.5-7B,MATH500,474,4,12,16,0.75
Qwen2.5-7B,MATH500,477,1,7,16,0.4375
Qwen2.5-7B,MATH500,480,1,12,16,0.75
Qwen2.5-7B,MATH500,485,1,3,16,0.1875
Qwen2.5-7B,MATH500,486,5,11,16,0.6875
Qwen2.5-7B,MATH500,487,3,11,16,0.6875
Qwen2.5-7B,MATH500,488,2,9,16,0.5625
Qwen2.5-7B,MATH500,491,1,6,16,0.375
Qwen2.5-7B,MATH500,492,1,8,16,0.5
Qwen2.5-7B,MATH500,493,2,5,16,0.3125
Qwen2.5-7B,SVAMP,0,2,11,16,0.6875
Qwen2.5-7B,SVAMP,1,3,12,16,0.75
Qwen2.5-7B,SVAMP,2,1,12,16,0.75
Qwen2.5-7B,SVAMP,3,1,11,16,0.6875
Qwen2.5-7B,SVAMP,4,1,13,16,0.8125
Qwen2.5-7B,SVAMP,5,2,14,16,0.875
Qwen2.5-7B,SVAMP,6,2,13,16,0.8125
Qwen2.5-7B,SVAMP,7,1,13,16,0.8125
Qwen2.5-7B,SVAMP,8,1,13,16,0.8125
Qwen2.5-7B,SVAMP,9,1,14,16,0.875
Qwen2.5-7B,SVAMP,10,2,12,16,0.75
Qwen2.5-7B,SVAMP,14,3,13,16,0.8125
Qwen2.5-7B,SVAMP,15,4,15,16,0.9375
Qwen2.5-7B,SVAMP,18,2,16,16,1.0
Qwen2.5-7B,SVAMP,19,3,12,16,0.75
Qwen2.5-7B,SVAMP,23,4,12,16,0.75
Qwen2.5-7B,SVAMP,25,5,12,16,0.75
Qwen2.5-7B,SVAMP,27,1,13,16,0.8125
Qwen2.5-7B,SVAMP,28,1,14,16,0.875
Qwen2.5-7B,SVAMP,30,2,16,16,1.0
Qwen2.5-7B,SVAMP,33,1,11,16,0.6875
Qwen2.5-7B,SVAMP,34,2,12,16,0.75
Qwen2.5-7B,SVAMP,36,3,16,16,1.0
Qwen2.5-7B,SVAMP,37,1,16,16,1.0
Qwen2.5-7B,SVAMP,38,1,14,16,0.875
Qwen2.5-7B,SVAMP,40,1,14,16,0.875
Qwen2.5-7B,SVAMP,41,1,12,16,0.75
Qwen2.5-7B,SVAMP,42,6,15,16,0.9375
Qwen2.5-7B,SVAMP,43,3,15,16,0.9375
Qwen2.5-7B,SVAMP,44,1,12,16,0.75
Qwen2.5-7B,SVAMP,47,7,15,16,0.9375
Qwen2.5-7B,SVAMP,48,3,15,16,0.9375
Qwen2.5-7B,SVAMP,49,2,14,16,0.875
Qwen2.5-7B,SVAMP,50,3,12,16,0.75
Qwen2.5-7B,SVAMP,51,5,14,16,0.875
Qwen2.5-7B,SVAMP,53,3,15,16,0.9375
Qwen2.5-7B,SVAMP,55,3,15,16,0.9375
Qwen2.5-7B,SVAMP,56,2,14,16,0.875
Qwen2.5-7B,SVAMP,57,2,12,16,0.75
Qwen2.5-7B,SVAMP,58,2,11,16,0.6875
Qwen2.5-7B,SVAMP,60,2,15,16,0.9375
Qwen2.5-7B,SVAMP,61,4,13,16,0.8125
Qwen2.5-7B,SVAMP,64,1,13,16,0.8125
Qwen2.5-7B,SVAMP,65,4,13,16,0.8125
Qwen2.5-7B,SVAMP,66,1,7,16,0.4375
Qwen2.5-7B,SVAMP,67,1,11,16,0.6875
Qwen2.5-7B,SVAMP,70,1,15,16,0.9375
Qwen2.5-7B,SVAMP,71,3,14,16,0.875
Qwen2.5-7B,SVAMP,73,2,13,16,0.8125
Qwen2.5-7B,SVAMP,74,2,14,16,0.875
Qwen2.5-7B,SVAMP,75,1,0,16,0.0
Qwen2.5-7B,SVAMP,76,2,14,16,0.875
Qwen2.5-7B,SVAMP,77,2,16,16,1.0
Qwen2.5-7B,SVAMP,78,2,15,16,0.9375
Qwen2.5-7B,SVAMP,79,2,13,16,0.8125
Qwen2.5-7B,SVAMP,80,2,12,16,0.75
Qwen2.5-7B,SVAMP,81,1,15,16,0.9375
Qwen2.5-7B,SVAMP,82,1,8,16,0.5
Qwen2.5-7B,SVAMP,84,4,13,16,0.8125
Qwen2.5-7B,SVAMP,86,2,14,16,0.875
Qwen2.5-7B,SVAMP,87,4,15,16,0.9375
Qwen2.5-7B,SVAMP,90,1,15,16,0.9375
Qwen2.5-7B,SVAMP,91,2,15,16,0.9375
Qwen2.5-7B,SVAMP,92,1,13,16,0.8125
Qwen2.5-7B,SVAMP,95,1,12,16,0.75
Qwen2.5-7B,SVAMP,96,4,11,16,0.6875
Qwen2.5-7B,SVAMP,98,1,13,16,0.8125
Qwen2.5-7B,SVAMP,99,3,15,16,0.9375
Qwen2.5-7B,SVAMP,100,3,14,16,0.875
Qwen2.5-7B,SVAMP,101,3,16,16,1.0
Qwen2.5-7B,SVAMP,102,1,11,16,0.6875
Qwen2.5-7B,SVAMP,103,4,15,16,0.9375
Qwen2.5-7B,SVAMP,105,2,14,16,0.875
Qwen2.5-7B,SVAMP,106,1,13,16,0.8125
Qwen2.5-7B,SVAMP,107,1,16,16,1.0
Qwen2.5-7B,SVAMP,109,2,16,16,1.0
Qwen2.5-7B,SVAMP,110,1,14,16,0.875
Qwen2.5-7B,SVAMP,111,4,14,16,0.875
Qwen2.5-7B,SVAMP,112,4,14,16,0.875
Qwen2.5-7B,SVAMP,115,1,14,16,0.875
Qwen2.5-7B,SVAMP,117,1,15,16,0.9375
Qwen2.5-7B,SVAMP,118,2,14,16,0.875
Qwen2.5-7B,SVAMP,119,2,15,16,0.9375
Qwen2.5-7B,SVAMP,120,1,16,16,1.0
Qwen2.5-7B,SVAMP,121,1,15,16,0.9375
Qwen2.5-7B,SVAMP,122,2,13,16,0.8125
Qwen2.5-7B,SVAMP,123,3,13,16,0.8125
Qwen2.5-7B,SVAMP,124,1,14,16,0.875
Qwen2.5-7B,SVAMP,125,6,10,16,0.625
Qwen2.5-7B,SVAMP,126,2,15,16,0.9375
Qwen2.5-7B,SVAMP,127,11,11,16,0.6875
Qwen2.5-7B,SVAMP,128,2,16,16,1.0
Qwen2.5-7B,SVAMP,129,3,12,16,0.75
Qwen2.5-7B,SVAMP,131,3,16,16,1.0
Qwen2.5-7B,SVAMP,133,1,4,16,0.25
Qwen2.5-7B,SVAMP,134,9,13,16,0.8125
Qwen2.5-7B,SVAMP,136,4,12,16,0.75
Qwen2.5-7B,SVAMP,137,4,14,16,0.875
Qwen2.5-7B,SVAMP,140,1,16,16,1.0
Qwen2.5-7B,SVAMP,141,2,14,16,0.875
Qwen2.5-7B,SVAMP,144,1,14,16,0.875
Qwen2.5-7B,SVAMP,145,1,16,16,1.0
Qwen2.5-7B,SVAMP,146,1,14,16,0.875
Qwen2.5-7B,SVAMP,147,4,13,16,0.8125
Qwen2.5-7B,SVAMP,149,4,10,16,0.625
Qwen2.5-7B,SVAMP,151,1,14,16,0.875
Qwen2.5-7B,SVAMP,153,1,14,16,0.875
Qwen2.5-7B,SVAMP,154,2,16,16,1.0
Qwen2.5-7B,SVAMP,155,2,15,16,0.9375
Qwen2.5-7B,SVAMP,158,1,13,16,0.8125
Qwen2.5-7B,SVAMP,159,3,13,16,0.8125
Qwen2.5-7B,SVAMP,160,1,11,16,0.6875
Qwen2.5-7B,SVAMP,161,7,14,16,0.875
Qwen2.5-7B,SVAMP,162,1,13,16,0.8125
Qwen2.5-7B,SVAMP,164,4,14,16,0.875
Qwen2.5-7B,SVAMP,165,1,16,16,1.0
Qwen2.5-7B,SVAMP,167,1,15,16,0.9375
Qwen2.5-7B,SVAMP,168,1,15,16,0.9375
Qwen2.5-7B,SVAMP,169,2,14,16,0.875
Qwen2.5-7B,SVAMP,170,1,10,16,0.625
Qwen2.5-7B,SVAMP,171,2,15,16,0.9375
Qwen2.5-7B,SVAMP,173,1,12,16,0.75
Qwen2.5-7B,SVAMP,174,1,12,16,0.75
Qwen2.5-7B,SVAMP,177,1,15,16,0.9375
Qwen2.5-7B,SVAMP,178,3,15,16,0.9375
Qwen2.5-7B,SVAMP,179,1,11,16,0.6875
Qwen2.5-7B,SVAMP,180,4,14,16,0.875
Qwen2.5-7B,SVAMP,181,1,13,16,0.8125
Qwen2.5-7B,SVAMP,182,1,5,16,0.3125
Qwen2.5-7B,SVAMP,183,1,14,16,0.875
Qwen2.5-7B,SVAMP,185,2,15,16,0.9375
Qwen2.5-7B,SVAMP,186,2,13,16,0.8125
Qwen2.5-7B,SVAMP,187,2,15,16,0.9375
Qwen2.5-7B,SVAMP,188,2,14,16,0.875
Qwen2.5-7B,SVAMP,189,3,14,16,0.875
Qwen2.5-7B,SVAMP,191,1,11,16,0.6875
Qwen2.5-7B,SVAMP,193,3,16,16,1.0
Qwen2.5-7B,SVAMP,194,1,12,16,0.75
Qwen2.5-7B,SVAMP,195,3,14,16,0.875
Qwen2.5-7B,SVAMP,196,2,15,16,0.9375
Qwen2.5-7B,SVAMP,197,1,14,16,0.875
Qwen2.5-7B,SVAMP,198,3,13,16,0.8125
Qwen2.5-7B,SVAMP,199,2,15,16,0.9375
Qwen2.5-7B,SVAMP,200,2,11,16,0.6875
Qwen2.5-7B,SVAMP,201,4,15,16,0.9375
Qwen2.5-7B,SVAMP,202,7,12,16,0.75
Qwen2.5-7B,SVAMP,206,2,14,16,0.875
Qwen2.5-7B,SVAMP,207,2,14,16,0.875
Qwen2.5-7B,SVAMP,208,1,15,16,0.9375
Qwen2.5-7B,SVAMP,213,3,13,16,0.8125
Qwen2.5-7B,SVAMP,214,13,12,16,0.75
Qwen2.5-7B,SVAMP,216,1,16,16,1.0
Qwen2.5-7B,SVAMP,217,7,12,16,0.75
Qwen2.5-7B,SVAMP,218,1,15,16,0.9375
Qwen2.5-7B,SVAMP,219,4,13,16,0.8125
Qwen2.5-7B,SVAMP,221,1,14,16,0.875
Qwen2.5-7B,SVAMP,222,6,13,16,0.8125
Qwen2.5-7B,SVAMP,225,5,14,16,0.875
Qwen2.5-7B,SVAMP,227,1,12,16,0.75
Qwen2.5-7B,SVAMP,228,3,16,16,1.0
Qwen2.5-7B,SVAMP,232,3,9,16,0.5625
Qwen2.5-7B,SVAMP,234,1,0,16,0.0
Qwen2.5-7B,SVAMP,235,3,10,16,0.625
Qwen2.5-7B,SVAMP,236,1,13,16,0.8125
Qwen2.5-7B,SVAMP,237,1,15,16,0.9375
Qwen2.5-7B,SVAMP,238,1,15,16,0.9375
Qwen2.5-7B,SVAMP,240,2,12,16,0.75
Qwen2.5-7B,SVAMP,241,1,15,16,0.9375
Qwen2.5-7B,SVAMP,244,1,12,16,0.75
Qwen2.5-7B,SVAMP,245,1,13,16,0.8125
Qwen2.5-7B,SVAMP,247,1,15,16,0.9375
Qwen2.5-7B,SVAMP,248,3,13,16,0.8125
Qwen2.5-7B,SVAMP,250,2,11,16,0.6875
Qwen2.5-7B,SVAMP,251,2,15,16,0.9375
Qwen2.5-7B,SVAMP,256,1,13,16,0.8125
Qwen2.5-7B,SVAMP,257,4,14,16,0.875
Qwen2.5-7B,SVAMP,260,3,13,16,0.8125
Qwen2.5-7B,SVAMP,261,2,13,16,0.8125
Qwen2.5-7B,SVAMP,263,1,5,16,0.3125
Qwen2.5-7B,SVAMP,266,2,15,16,0.9375
Qwen2.5-7B,SVAMP,267,2,10,16,0.625
Qwen2.5-7B,SVAMP,269,3,11,16,0.6875
Qwen2.5-7B,SVAMP,270,5,11,16,0.6875
Qwen2.5-7B,SVAMP,271,2,15,16,0.9375
Qwen2.5-7B,SVAMP,272,3,15,16,0.9375
Qwen2.5-7B,SVAMP,273,1,16,16,1.0
Qwen2.5-7B,SVAMP,274,1,16,16,1.0
Qwen2.5-7B,SVAMP,275,3,16,16,1.0
Qwen2.5-7B,SVAMP,276,2,15,16,0.9375
Qwen2.5-7B,SVAMP,277,2,10,16,0.625
Qwen2.5-7B,SVAMP,279,6,11,16,0.6875
Qwen2.5-7B,SVAMP,281,7,12,16,0.75
Qwen2.5-7B,SVAMP,282,1,14,16,0.875
Qwen2.5-7B,SVAMP,284,3,14,16,0.875
Qwen2.5-7B,SVAMP,285,2,13,16,0.8125
Qwen2.5-7B,SVAMP,287,3,13,16,0.8125
Qwen2.5-7B,SVAMP,288,2,14,16,0.875
Qwen2.5-7B,SVAMP,289,3,13,16,0.8125
Qwen2.5-7B,SVAMP,290,2,16,16,1.0
Qwen2.5-7B,SVAMP,292,1,15,16,0.9375
Qwen2.5-7B,SVAMP,293,3,12,16,0.75
Qwen2.5-7B,SVAMP,294,1,12,16,0.75
Qwen2.5-7B,SVAMP,295,2,16,16,1.0
Qwen2.5-7B,SVAMP,297,1,15,16,0.9375
Qwen2.5-7B,SVAMP,298,2,14,16,0.875
Qwen2.5-7B,SVAMP,300,1,12,16,0.75
Qwen2.5-7B,SVAMP,301,2,13,16,0.8125
Qwen2.5-7B,SVAMP,302,2,14,16,0.875
Qwen2.5-7B,SVAMP,303,3,14,16,0.875
Qwen2.5-7B,SVAMP,305,3,14,16,0.875
Qwen2.5-7B,SVAMP,306,1,16,16,1.0
Qwen2.5-7B,SVAMP,307,2,13,16,0.8125
Qwen2.5-7B,SVAMP,308,1,15,16,0.9375
Qwen2.5-7B,SVAMP,309,1,15,16,0.9375
Qwen2.5-7B,SVAMP,311,1,14,16,0.875
Qwen2.5-7B,SVAMP,312,4,14,16,0.875
Qwen2.5-7B,SVAMP,313,1,14,16,0.875
Qwen2.5-7B,SVAMP,315,1,13,16,0.8125
Qwen2.5-7B,SVAMP,316,1,15,16,0.9375
Qwen2.5-7B,SVAMP,317,1,11,16,0.6875
Qwen2.5-7B,SVAMP,319,1,15,16,0.9375
Qwen2.5-7B,SVAMP,321,1,12,16,0.75
Qwen2.5-7B,SVAMP,322,1,11,16,0.6875
Qwen2.5-7B,SVAMP,325,2,15,16,0.9375
Qwen2.5-7B,SVAMP,326,3,13,16,0.8125
Qwen2.5-7B,SVAMP,327,1,15,16,0.9375
Qwen2.5-7B,SVAMP,328,4,12,16,0.75
Qwen2.5-7B,SVAMP,329,2,12,16,0.75
Qwen2.5-7B,SVAMP,330,3,15,16,0.9375
Qwen2.5-7B,SVAMP,332,3,15,16,0.9375
Qwen2.5-7B,SVAMP,333,3,13,16,0.8125
Qwen2.5-7B,SVAMP,334,1,13,16,0.8125
Qwen2.5-7B,SVAMP,335,1,15,16,0.9375
Qwen2.5-7B,SVAMP,336,1,14,16,0.875
Qwen2.5-7B,SVAMP,337,1,13,16,0.8125
Qwen2.5-7B,SVAMP,338,4,16,16,1.0
Qwen2.5-7B,SVAMP,339,5,14,16,0.875
Qwen2.5-7B,SVAMP,340,4,13,16,0.8125
Qwen2.5-7B,SVAMP,343,2,15,16,0.9375
Qwen2.5-7B,SVAMP,346,4,13,16,0.8125
Qwen2.5-7B,SVAMP,348,2,13,16,0.8125
Qwen2.5-7B,SVAMP,349,6,14,16,0.875
Qwen2.5-7B,SVAMP,351,2,0,16,0.0
Qwen2.5-7B,SVAMP,352,1,12,16,0.75
Qwen2.5-7B,SVAMP,353,1,13,16,0.8125
Qwen2.5-7B,SVAMP,354,2,12,16,0.75
Qwen2.5-7B,SVAMP,356,3,11,16,0.6875
Qwen2.5-7B,SVAMP,357,4,15,16,0.9375
Qwen2.5-7B,SVAMP,359,2,15,16,0.9375
Qwen2.5-7B,SVAMP,360,3,14,16,0.875
Qwen2.5-7B,SVAMP,361,3,13,16,0.8125
Qwen2.5-7B,SVAMP,363,2,11,16,0.6875
Qwen2.5-7B,SVAMP,364,1,15,16,0.9375
Qwen2.5-7B,SVAMP,365,2,15,16,0.9375
Qwen2.5-7B,SVAMP,366,3,12,16,0.75
Qwen2.5-7B,SVAMP,368,1,13,16,0.8125
Qwen2.5-7B,SVAMP,370,4,13,16,0.8125
Qwen2.5-7B,SVAMP,371,1,12,16,0.75
Qwen2.5-7B,SVAMP,373,1,13,16,0.8125
Qwen2.5-7B,SVAMP,375,3,14,16,0.875
Qwen2.5-7B,SVAMP,376,3,15,16,0.9375
Qwen2.5-7B,SVAMP,377,3,14,16,0.875
Qwen2.5-7B,SVAMP,378,1,15,16,0.9375
Qwen2.5-7B,SVAMP,379,1,14,16,0.875
Qwen2.5-7B,SVAMP,380,2,15,16,0.9375
Qwen2.5-7B,SVAMP,381,2,14,16,0.875
Qwen2.5-7B,SVAMP,382,1,9,16,0.5625
Qwen2.5-7B,SVAMP,384,3,12,16,0.75
Qwen2.5-7B,SVAMP,385,2,15,16,0.9375
Qwen2.5-7B,SVAMP,386,1,13,16,0.8125
Qwen2.5-7B,SVAMP,389,1,13,16,0.8125
Qwen2.5-7B,SVAMP,390,1,15,16,0.9375
Qwen2.5-7B,SVAMP,391,2,13,16,0.8125
Qwen2.5-7B,SVAMP,392,2,15,16,0.9375
Qwen2.5-7B,SVAMP,393,1,12,16,0.75
Qwen2.5-7B,SVAMP,394,1,13,16,0.8125
Qwen2.5-7B,SVAMP,396,2,14,16,0.875
Qwen2.5-7B,SVAMP,397,2,13,16,0.8125
Qwen2.5-7B,SVAMP,399,1,0,16,0.0
Qwen2.5-7B,SVAMP,403,1,14,16,0.875
Qwen2.5-7B,SVAMP,405,2,13,16,0.8125
Qwen2.5-7B,SVAMP,409,1,15,16,0.9375
Qwen2.5-7B,SVAMP,410,1,13,16,0.8125
Qwen2.5-7B,SVAMP,411,3,0,16,0.0
Qwen2.5-7B,SVAMP,412,3,13,16,0.8125
Qwen2.5-7B,SVAMP,415,2,12,16,0.75
Qwen2.5-7B,SVAMP,416,1,16,16,1.0
Qwen2.5-7B,SVAMP,417,3,15,16,0.9375
Qwen2.5-7B,SVAMP,418,1,15,16,0.9375
Qwen2.5-7B,SVAMP,419,5,14,16,0.875
Qwen2.5-7B,SVAMP,420,2,11,16,0.6875
Qwen2.5-7B,SVAMP,421,2,11,16,0.6875
Qwen2.5-7B,SVAMP,422,2,13,16,0.8125
Qwen2.5-7B,SVAMP,423,1,14,16,0.875
Qwen2.5-7B,SVAMP,424,1,16,16,1.0
Qwen2.5-7B,SVAMP,426,1,15,16,0.9375
Qwen2.5-7B,SVAMP,427,3,14,16,0.875
Qwen2.5-7B,SVAMP,428,5,14,16,0.875
Qwen2.5-7B,SVAMP,430,1,12,16,0.75
Qwen2.5-7B,SVAMP,432,1,15,16,0.9375
Qwen2.5-7B,SVAMP,433,2,13,16,0.8125
Qwen2.5-7B,SVAMP,435,3,11,16,0.6875
Qwen2.5-7B,SVAMP,438,4,12,16,0.75
Qwen2.5-7B,SVAMP,440,2,15,16,0.9375
Qwen2.5-7B,SVAMP,441,2,14,16,0.875
Qwen2.5-7B,SVAMP,443,1,16,16,1.0
Qwen2.5-7B,SVAMP,444,1,13,16,0.8125
Qwen2.5-7B,SVAMP,445,2,15,16,0.9375
Qwen2.5-7B,SVAMP,448,1,16,16,1.0
Qwen2.5-7B,SVAMP,449,2,10,16,0.625
Qwen2.5-7B,SVAMP,450,1,14,16,0.875
Qwen2.5-7B,SVAMP,451,1,16,16,1.0
Qwen2.5-7B,SVAMP,453,3,15,16,0.9375
Qwen2.5-7B,SVAMP,454,1,12,16,0.75
Qwen2.5-7B,SVAMP,456,2,14,16,0.875
Qwen2.5-7B,SVAMP,459,2,10,16,0.625
Qwen2.5-7B,SVAMP,461,2,16,16,1.0
Qwen2.5-7B,SVAMP,463,11,8,16,0.5
Qwen2.5-7B,SVAMP,465,2,16,16,1.0
Qwen2.5-7B,SVAMP,466,2,15,16,0.9375
Qwen2.5-7B,SVAMP,467,1,15,16,0.9375
Qwen2.5-7B,SVAMP,468,4,15,16,0.9375
Qwen2.5-7B,SVAMP,469,12,12,16,0.75
Qwen2.5-7B,SVAMP,470,3,13,16,0.8125
Qwen2.5-7B,SVAMP,471,1,0,16,0.0
Qwen2.5-7B,SVAMP,473,2,12,16,0.75
Qwen2.5-7B,SVAMP,475,2,13,16,0.8125
Qwen2.5-7B,SVAMP,476,2,13,16,0.8125
Qwen2.5-7B,SVAMP,477,1,13,16,0.8125
Qwen2.5-7B,SVAMP,478,2,14,16,0.875
Qwen2.5-7B,SVAMP,480,3,14,16,0.875
Qwen2.5-7B,SVAMP,481,5,10,16,0.625
Qwen2.5-7B,SVAMP,483,1,14,16,0.875
Qwen2.5-7B,SVAMP,484,3,14,16,0.875
Qwen2.5-7B,SVAMP,486,1,12,16,0.75
Qwen2.5-7B,SVAMP,487,2,14,16,0.875
Qwen2.5-7B,SVAMP,488,14,13,16,0.8125
Qwen2.5-7B,SVAMP,489,1,15,16,0.9375
Qwen2.5-7B,SVAMP,491,1,15,16,0.9375
Qwen2.5-7B,SVAMP,492,3,9,16,0.5625
Qwen2.5-7B,SVAMP,494,3,11,16,0.6875
Qwen2.5-7B,SVAMP,497,2,13,16,0.8125
Qwen2.5-7B,SVAMP,498,1,7,16,0.4375
Qwen2.5-7B,SVAMP,499,1,6,16,0.375
Qwen2.5-7B,SVAMP,501,2,15,16,0.9375
Qwen2.5-7B,SVAMP,502,1,13,16,0.8125
Qwen2.5-7B,SVAMP,503,3,15,16,0.9375
Qwen2.5-7B,SVAMP,504,3,12,16,0.75
Qwen2.5-7B,SVAMP,506,3,13,16,0.8125
Qwen2.5-7B,SVAMP,508,2,13,16,0.8125
Qwen2.5-7B,SVAMP,510,1,14,16,0.875
Qwen2.5-7B,SVAMP,512,2,13,16,0.8125
Qwen2.5-7B,SVAMP,513,4,14,16,0.875
Qwen2.5-7B,SVAMP,514,2,15,16,0.9375
Qwen2.5-7B,SVAMP,515,3,4,16,0.25
Qwen2.5-7B,SVAMP,516,3,15,16,0.9375
Qwen2.5-7B,SVAMP,517,1,16,16,1.0
Qwen2.5-7B,SVAMP,518,11,11,16,0.6875
Qwen2.5-7B,SVAMP,520,1,14,16,0.875
Qwen2.5-7B,SVAMP,521,2,13,16,0.8125
Qwen2.5-7B,SVAMP,523,1,13,16,0.8125
Qwen2.5-7B,SVAMP,524,2,16,16,1.0
Qwen2.5-7B,SVAMP,525,2,15,16,0.9375
Qwen2.5-7B,SVAMP,530,14,12,16,0.75
Qwen2.5-7B,SVAMP,531,2,14,16,0.875
Qwen2.5-7B,SVAMP,532,1,14,16,0.875
Qwen2.5-7B,SVAMP,533,3,15,16,0.9375
Qwen2.5-7B,SVAMP,534,1,16,16,1.0
Qwen2.5-7B,SVAMP,535,2,15,16,0.9375
Qwen2.5-7B,SVAMP,537,1,13,16,0.8125
Qwen2.5-7B,SVAMP,538,2,15,16,0.9375
Qwen2.5-7B,SVAMP,539,1,16,16,1.0
Qwen2.5-7B,SVAMP,540,4,14,16,0.875
Qwen2.5-7B,SVAMP,541,1,14,16,0.875
Qwen2.5-7B,SVAMP,542,2,11,16,0.6875
Qwen2.5-7B,SVAMP,543,1,15,16,0.9375
Qwen2.5-7B,SVAMP,544,2,11,16,0.6875
Qwen2.5-7B,SVAMP,547,3,11,16,0.6875
Qwen2.5-7B,SVAMP,548,3,12,16,0.75
Qwen2.5-7B,SVAMP,549,3,14,16,0.875
Qwen2.5-7B,SVAMP,550,1,14,16,0.875
Qwen2.5-7B,SVAMP,551,3,13,16,0.8125
Qwen2.5-7B,SVAMP,552,2,12,16,0.75
Qwen2.5-7B,SVAMP,553,1,14,16,0.875
Qwen2.5-7B,SVAMP,555,1,15,16,0.9375
Qwen2.5-7B,SVAMP,556,1,10,16,0.625
Qwen2.5-7B,SVAMP,557,2,13,16,0.8125
Qwen2.5-7B,SVAMP,561,2,11,16,0.6875
Qwen2.5-7B,SVAMP,562,1,14,16,0.875
Qwen2.5-7B,SVAMP,563,1,11,16,0.6875
Qwen2.5-7B,SVAMP,564,3,16,16,1.0
Qwen2.5-7B,SVAMP,565,4,11,16,0.6875
Qwen2.5-7B,SVAMP,566,2,14,16,0.875
Qwen2.5-7B,SVAMP,567,2,14,16,0.875
Qwen2.5-7B,SVAMP,572,2,14,16,0.875
Qwen2.5-7B,SVAMP,574,3,12,16,0.75
Qwen2.5-7B,SVAMP,575,3,14,16,0.875
Qwen2.5-7B,SVAMP,576,1,12,16,0.75
Qwen2.5-7B,SVAMP,577,5,11,16,0.6875
Qwen2.5-7B,SVAMP,578,4,8,16,0.5
Qwen2.5-7B,SVAMP,580,1,15,16,0.9375
Qwen2.5-7B,SVAMP,581,3,13,16,0.8125
Qwen2.5-7B,SVAMP,583,2,15,16,0.9375
Qwen2.5-7B,SVAMP,585,3,14,16,0.875
Qwen2.5-7B,SVAMP,588,2,16,16,1.0
Qwen2.5-7B,SVAMP,589,2,14,16,0.875
Qwen2.5-7B,SVAMP,590,4,13,16,0.8125
Qwen2.5-7B,SVAMP,591,2,11,16,0.6875
Qwen2.5-7B,SVAMP,593,4,14,16,0.875
Qwen2.5-7B,SVAMP,594,5,9,16,0.5625
Qwen2.5-7B,SVAMP,597,3,13,16,0.8125
Qwen2.5-7B,SVAMP,598,1,15,16,0.9375
Qwen2.5-7B,SVAMP,600,1,13,16,0.8125
Qwen2.5-7B,SVAMP,602,2,15,16,0.9375
Qwen2.5-7B,SVAMP,603,1,14,16,0.875
Qwen2.5-7B,SVAMP,604,1,15,16,0.9375
Qwen2.5-7B,SVAMP,606,1,13,16,0.8125
Qwen2.5-7B,SVAMP,607,2,14,16,0.875
Qwen2.5-7B,SVAMP,608,1,14,16,0.875
Qwen2.5-7B,SVAMP,613,3,15,16,0.9375
Qwen2.5-7B,SVAMP,614,1,13,16,0.8125
Qwen2.5-7B,SVAMP,615,1,16,16,1.0
Qwen2.5-7B,SVAMP,616,3,15,16,0.9375
Qwen2.5-7B,SVAMP,618,2,15,16,0.9375
Qwen2.5-7B,SVAMP,619,2,14,16,0.875
Qwen2.5-7B,SVAMP,621,4,13,16,0.8125
Qwen2.5-7B,SVAMP,622,2,15,16,0.9375
Qwen2.5-7B,SVAMP,623,2,14,16,0.875
Qwen2.5-7B,SVAMP,624,1,14,16,0.875
Qwen2.5-7B,SVAMP,627,2,15,16,0.9375
Qwen2.5-7B,SVAMP,628,1,16,16,1.0
Qwen2.5-7B,SVAMP,629,2,14,16,0.875
Qwen2.5-7B,SVAMP,630,5,13,16,0.8125
Qwen2.5-7B,SVAMP,632,3,11,16,0.6875
Qwen2.5-7B,SVAMP,634,2,16,16,1.0
Qwen2.5-7B,SVAMP,636,1,13,16,0.8125
Qwen2.5-7B,SVAMP,637,2,13,16,0.8125
Qwen2.5-7B,SVAMP,639,2,12,16,0.75
Qwen2.5-7B,SVAMP,640,2,11,16,0.6875
Qwen2.5-7B,SVAMP,641,1,15,16,0.9375
Qwen2.5-7B,SVAMP,642,1,14,16,0.875
Qwen2.5-7B,SVAMP,643,1,16,16,1.0
Qwen2.5-7B,SVAMP,644,2,15,16,0.9375
Qwen2.5-7B,SVAMP,646,3,15,16,0.9375
Qwen2.5-7B,SVAMP,648,3,14,16,0.875
Qwen2.5-7B,SVAMP,649,1,13,16,0.8125
Qwen2.5-7B,SVAMP,651,1,15,16,0.9375
Qwen2.5-7B,SVAMP,652,3,11,16,0.6875
Qwen2.5-7B,SVAMP,655,1,13,16,0.8125
Qwen2.5-7B,SVAMP,656,2,15,16,0.9375
Qwen2.5-7B,SVAMP,657,3,14,16,0.875
Qwen2.5-7B,SVAMP,660,1,15,16,0.9375
Qwen2.5-7B,SVAMP,662,2,15,16,0.9375
Qwen2.5-7B,SVAMP,668,2,14,16,0.875
Qwen2.5-7B,SVAMP,669,1,15,16,0.9375
Qwen2.5-7B,SVAMP,671,4,11,16,0.6875
Qwen2.5-7B,SVAMP,674,5,14,16,0.875
Qwen2.5-7B,SVAMP,675,1,16,16,1.0
Qwen2.5-7B,SVAMP,676,1,15,16,0.9375
Qwen2.5-7B,SVAMP,678,2,15,16,0.9375
Qwen2.5-7B,SVAMP,679,1,0,16,0.0
Qwen2.5-7B,SVAMP,682,2,15,16,0.9375
Qwen2.5-7B,SVAMP,685,5,14,16,0.875
Qwen2.5-7B,SVAMP,687,1,13,16,0.8125
Qwen2.5-7B,SVAMP,688,3,13,16,0.8125
Qwen2.5-7B,SVAMP,689,1,10,16,0.625
Qwen2.5-7B,SVAMP,690,3,14,16,0.875
Qwen2.5-7B,SVAMP,691,5,14,16,0.875
Qwen2.5-7B,SVAMP,692,2,14,16,0.875
Qwen2.5-7B,SVAMP,693,1,15,16,0.9375
Qwen2.5-7B,SVAMP,694,1,14,16,0.875
Qwen2.5-7B,SVAMP,695,2,13,16,0.8125
Qwen2.5-7B,SVAMP,696,4,13,16,0.8125
Qwen2.5-7B,SVAMP,697,6,7,16,0.4375
Qwen2.5-7B,SVAMP,698,3,15,16,0.9375
Qwen2.5-7B,SVAMP,699,1,16,16,1.0
Qwen2.5-7B,SVAMP,700,1,15,16,0.9375
Qwen2.5-7B,SVAMP,702,9,14,16,0.875
Qwen2.5-7B,SVAMP,705,1,15,16,0.9375
Qwen2.5-7B,SVAMP,707,4,14,16,0.875
Qwen2.5-7B,SVAMP,709,5,15,16,0.9375
Qwen2.5-7B,SVAMP,710,1,0,16,0.0
Qwen2.5-7B,SVAMP,711,2,12,16,0.75
Qwen2.5-7B,SVAMP,713,2,12,16,0.75
Qwen2.5-7B,SVAMP,715,2,15,16,0.9375
Qwen2.5-7B,SVAMP,717,1,8,16,0.5
Qwen2.5-7B,SVAMP,718,4,10,16,0.625
Qwen2.5-7B,SVAMP,719,1,15,16,0.9375
Qwen2.5-7B,SVAMP,720,1,12,16,0.75
Qwen2.5-7B,SVAMP,721,1,13,16,0.8125
Qwen2.5-7B,SVAMP,723,2,15,16,0.9375
Qwen2.5-7B,SVAMP,724,1,14,16,0.875
Qwen2.5-7B,SVAMP,727,3,2,16,0.125
Qwen2.5-7B,SVAMP,728,2,15,16,0.9375
Qwen2.5-7B,SVAMP,729,1,16,16,1.0
Qwen2.5-7B,SVAMP,731,1,9,16,0.5625
Qwen2.5-7B,SVAMP,732,5,13,16,0.8125
Qwen2.5-7B,SVAMP,733,1,15,16,0.9375
Qwen2.5-7B,SVAMP,734,1,13,16,0.8125
Qwen2.5-7B,SVAMP,735,5,14,16,0.875
Qwen2.5-7B,SVAMP,736,1,15,16,0.9375
Qwen2.5-7B,SVAMP,737,1,4,16,0.25
Qwen2.5-7B,SVAMP,738,1,6,16,0.375
Qwen2.5-7B,SVAMP,742,1,15,16,0.9375
Qwen2.5-7B,SVAMP,743,1,5,16,0.3125
Qwen2.5-7B,SVAMP,744,3,13,16,0.8125
Qwen2.5-7B,SVAMP,745,1,13,16,0.8125
Qwen2.5-7B,SVAMP,746,1,16,16,1.0
Qwen2.5-7B,SVAMP,750,1,14,16,0.875
Qwen2.5-7B,SVAMP,751,2,15,16,0.9375
Qwen2.5-7B,SVAMP,752,3,9,16,0.5625
Qwen2.5-7B,SVAMP,753,2,13,16,0.8125
Qwen2.5-7B,SVAMP,754,4,9,16,0.5625
Qwen2.5-7B,SVAMP,755,3,13,16,0.8125
Qwen2.5-7B,SVAMP,756,2,14,16,0.875
Qwen2.5-7B,SVAMP,757,1,14,16,0.875
Qwen2.5-7B,SVAMP,758,4,12,16,0.75
Qwen2.5-7B,SVAMP,759,2,14,16,0.875
Qwen2.5-7B,SVAMP,761,3,12,16,0.75
Qwen2.5-7B,SVAMP,762,1,0,16,0.0
Qwen2.5-7B,SVAMP,763,1,14,16,0.875
Qwen2.5-7B,SVAMP,764,2,12,16,0.75
Qwen2.5-7B,SVAMP,765,2,15,16,0.9375
Qwen2.5-7B,SVAMP,768,5,9,16,0.5625
Qwen2.5-7B,SVAMP,769,1,16,16,1.0
Qwen2.5-7B,SVAMP,770,2,14,16,0.875
Qwen2.5-7B,SVAMP,772,3,16,16,1.0
Qwen2.5-7B,SVAMP,773,1,14,16,0.875
Qwen2.5-7B,SVAMP,774,2,13,16,0.8125
Qwen2.5-7B,SVAMP,775,3,14,16,0.875
Qwen2.5-7B,SVAMP,776,2,14,16,0.875
Qwen2.5-7B,SVAMP,777,1,15,16,0.9375
Qwen2.5-7B,SVAMP,778,1,13,16,0.8125
Qwen2.5-7B,SVAMP,781,4,11,16,0.6875
Qwen2.5-7B,SVAMP,782,3,16,16,1.0
Qwen2.5-7B,SVAMP,783,1,15,16,0.9375
Qwen2.5-7B,SVAMP,785,3,15,16,0.9375
Qwen2.5-7B,SVAMP,787,2,15,16,0.9375
Qwen2.5-7B,SVAMP,788,1,14,16,0.875
Qwen2.5-7B,SVAMP,790,1,11,16,0.6875
Qwen2.5-7B,SVAMP,792,4,4,16,0.25
Qwen2.5-7B,SVAMP,795,3,15,16,0.9375
Qwen2.5-7B,SVAMP,796,1,14,16,0.875
Qwen2.5-7B,SVAMP,797,2,14,16,0.875
Qwen2.5-7B,SVAMP,798,1,14,16,0.875
Qwen2.5-7B,SVAMP,800,3,14,16,0.875
Qwen2.5-7B,SVAMP,801,4,11,16,0.6875
Qwen2.5-7B,SVAMP,803,1,13,16,0.8125
Qwen2.5-7B,SVAMP,804,10,12,16,0.75
Qwen2.5-7B,SVAMP,805,1,13,16,0.8125
Qwen2.5-7B,SVAMP,806,3,13,16,0.8125
Qwen2.5-7B,SVAMP,807,1,12,16,0.75
Qwen2.5-7B,SVAMP,808,5,9,16,0.5625
Qwen2.5-7B,SVAMP,809,2,13,16,0.8125
Qwen2.5-7B,SVAMP,810,5,9,16,0.5625
Qwen2.5-7B,SVAMP,811,1,13,16,0.8125
Qwen2.5-7B,SVAMP,812,1,14,16,0.875
Qwen2.5-7B,SVAMP,813,1,14,16,0.875
Qwen2.5-7B,SVAMP,814,2,15,16,0.9375
Qwen2.5-7B,SVAMP,816,6,13,16,0.8125
Qwen2.5-7B,SVAMP,818,2,2,16,0.125
Qwen2.5-7B,SVAMP,819,2,15,16,0.9375
Qwen2.5-7B,SVAMP,820,2,15,16,0.9375
Qwen2.5-7B,SVAMP,822,1,15,16,0.9375
Qwen2.5-7B,SVAMP,823,5,14,16,0.875
Qwen2.5-7B,SVAMP,824,1,16,16,1.0
Qwen2.5-7B,SVAMP,826,1,15,16,0.9375
Qwen2.5-7B,SVAMP,827,2,13,16,0.8125
Qwen2.5-7B,SVAMP,828,1,14,16,0.875
Qwen2.5-7B,SVAMP,829,1,11,16,0.6875
Qwen2.5-7B,SVAMP,830,1,11,16,0.6875
Qwen2.5-7B,SVAMP,831,1,16,16,1.0
Qwen2.5-7B,SVAMP,832,7,15,16,0.9375
Qwen2.5-7B,SVAMP,833,2,13,16,0.8125
Qwen2.5-7B,SVAMP,834,2,15,16,0.9375
Qwen2.5-7B,SVAMP,835,1,15,16,0.9375
Qwen2.5-7B,SVAMP,836,1,15,16,0.9375
Qwen2.5-7B,SVAMP,837,1,14,16,0.875
Qwen2.5-7B,SVAMP,840,2,16,16,1.0
Qwen2.5-7B,SVAMP,841,4,11,16,0.6875
Qwen2.5-7B,SVAMP,844,1,15,16,0.9375
Qwen2.5-7B,SVAMP,845,3,12,16,0.75
Qwen2.5-7B,SVAMP,847,1,14,16,0.875
Qwen2.5-7B,SVAMP,848,2,1,16,0.0625
Qwen2.5-7B,SVAMP,850,4,15,16,0.9375
Qwen2.5-7B,SVAMP,851,2,16,16,1.0
Qwen2.5-7B,SVAMP,852,5,11,16,0.6875
Qwen2.5-7B,SVAMP,853,3,9,16,0.5625
Qwen2.5-7B,SVAMP,855,2,16,16,1.0
Qwen2.5-7B,SVAMP,856,8,13,16,0.8125
Qwen2.5-7B,SVAMP,858,4,14,16,0.875
Qwen2.5-7B,SVAMP,859,1,11,16,0.6875
Qwen2.5-7B,SVAMP,861,2,11,16,0.6875
Qwen2.5-7B,SVAMP,863,1,16,16,1.0
Qwen2.5-7B,SVAMP,864,1,14,16,0.875
Qwen2.5-7B,SVAMP,865,1,16,16,1.0
Qwen2.5-7B,SVAMP,866,5,12,16,0.75
Qwen2.5-7B,SVAMP,867,2,11,16,0.6875
Qwen2.5-7B,SVAMP,868,3,13,16,0.8125
Qwen2.5-7B,SVAMP,869,1,16,16,1.0
Qwen2.5-7B,SVAMP,870,1,14,16,0.875
Qwen2.5-7B,SVAMP,871,3,14,16,0.875
Qwen2.5-7B,SVAMP,873,1,14,16,0.875
Qwen2.5-7B,SVAMP,874,1,14,16,0.875
Qwen2.5-7B,SVAMP,875,1,12,16,0.75
Qwen2.5-7B,SVAMP,876,4,13,16,0.8125
Qwen2.5-7B,SVAMP,877,1,15,16,0.9375
Qwen2.5-7B,SVAMP,878,2,13,16,0.8125
Qwen2.5-7B,SVAMP,879,3,0,16,0.0
Qwen2.5-7B,SVAMP,880,1,16,16,1.0
Qwen2.5-7B,SVAMP,881,1,16,16,1.0
Qwen2.5-7B,SVAMP,882,4,15,16,0.9375
Qwen2.5-7B,SVAMP,883,4,12,16,0.75
Qwen2.5-7B,SVAMP,884,3,14,16,0.875
Qwen2.5-7B,SVAMP,885,1,16,16,1.0
Qwen2.5-7B,SVAMP,886,4,14,16,0.875
Qwen2.5-7B,SVAMP,887,2,12,16,0.75
Qwen2.5-7B,SVAMP,888,3,15,16,0.9375
Qwen2.5-7B,SVAMP,889,2,7,16,0.4375
Qwen2.5-7B,SVAMP,892,4,14,16,0.875
Qwen2.5-7B,SVAMP,893,1,14,16,0.875
Qwen2.5-7B,SVAMP,894,3,14,16,0.875
Qwen2.5-7B,SVAMP,895,4,14,16,0.875
Qwen2.5-7B,SVAMP,896,2,12,16,0.75
Qwen2.5-7B,SVAMP,897,3,14,16,0.875
Qwen2.5-7B,SVAMP,898,1,16,16,1.0
Qwen2.5-7B,SVAMP,901,4,13,16,0.8125
Qwen2.5-7B,SVAMP,902,1,7,16,0.4375
Qwen2.5-7B,SVAMP,903,5,14,16,0.875
Qwen2.5-7B,SVAMP,905,1,15,16,0.9375
Qwen2.5-7B,SVAMP,907,1,14,16,0.875
Qwen2.5-7B,SVAMP,909,1,14,16,0.875
Qwen2.5-7B,SVAMP,910,3,13,16,0.8125
Qwen2.5-7B,SVAMP,911,4,15,16,0.9375
Qwen2.5-7B,SVAMP,912,3,14,16,0.875
Qwen2.5-7B,SVAMP,914,2,14,16,0.875
Qwen2.5-7B,SVAMP,915,3,13,16,0.8125
Qwen2.5-7B,SVAMP,916,6,13,16,0.8125
Qwen2.5-7B,SVAMP,917,1,15,16,0.9375
Qwen2.5-7B,SVAMP,919,3,15,16,0.9375
Qwen2.5-7B,SVAMP,920,2,14,16,0.875
Qwen2.5-7B,SVAMP,921,4,15,16,0.9375
Qwen2.5-7B,SVAMP,922,1,13,16,0.8125
Qwen2.5-7B,SVAMP,924,2,16,16,1.0
Qwen2.5-7B,SVAMP,926,1,15,16,0.9375
Qwen2.5-7B,SVAMP,927,5,0,16,0.0
Qwen2.5-7B,SVAMP,929,1,9,16,0.5625
Qwen2.5-7B,SVAMP,931,3,11,16,0.6875
Qwen2.5-7B,SVAMP,934,1,14,16,0.875
Qwen2.5-7B,SVAMP,935,5,14,16,0.875
Qwen2.5-7B,SVAMP,936,1,14,16,0.875
Qwen2.5-7B,SVAMP,937,1,13,16,0.8125
Qwen2.5-7B,SVAMP,938,3,13,16,0.8125
Qwen2.5-7B,SVAMP,939,7,10,16,0.625
Qwen2.5-7B,SVAMP,940,3,16,16,1.0
Qwen2.5-7B,SVAMP,941,3,14,16,0.875
Qwen2.5-7B,SVAMP,942,3,14,16,0.875
Qwen2.5-7B,SVAMP,943,1,15,16,0.9375
Qwen2.5-7B,SVAMP,944,1,15,16,0.9375
Qwen2.5-7B,SVAMP,945,3,16,16,1.0
Qwen2.5-7B,SVAMP,946,2,12,16,0.75
Qwen2.5-7B,SVAMP,947,2,15,16,0.9375
Qwen2.5-7B,SVAMP,949,5,12,16,0.75
Qwen2.5-7B,SVAMP,950,1,15,16,0.9375
Qwen2.5-7B,SVAMP,951,5,13,16,0.8125
Qwen2.5-7B,SVAMP,952,1,13,16,0.8125
Qwen2.5-7B,SVAMP,954,1,15,16,0.9375
Qwen2.5-7B,SVAMP,956,1,15,16,0.9375
Qwen2.5-7B,SVAMP,957,2,14,16,0.875
Qwen2.5-7B,SVAMP,958,3,13,16,0.8125
Qwen2.5-7B,SVAMP,959,1,14,16,0.875
Qwen2.5-7B,SVAMP,960,2,15,16,0.9375
Qwen2.5-7B,SVAMP,962,1,14,16,0.875
Qwen2.5-7B,SVAMP,965,1,15,16,0.9375
Qwen2.5-7B,SVAMP,966,1,14,16,0.875
Qwen2.5-7B,SVAMP,967,1,12,16,0.75
Qwen2.5-7B,SVAMP,968,4,14,16,0.875
Qwen2.5-7B,SVAMP,969,1,15,16,0.9375
Qwen2.5-7B,SVAMP,970,3,15,16,0.9375
Qwen2.5-7B,SVAMP,971,1,15,16,0.9375
Qwen2.5-7B,SVAMP,972,1,14,16,0.875
Qwen2.5-7B,SVAMP,974,1,12,16,0.75
Qwen2.5-7B,SVAMP,976,1,15,16,0.9375
Qwen2.5-7B,SVAMP,977,4,9,16,0.5625
Qwen2.5-7B,SVAMP,978,2,14,16,0.875
Qwen2.5-7B,SVAMP,980,2,14,16,0.875
Qwen2.5-7B,SVAMP,981,1,15,16,0.9375
Qwen2.5-7B,SVAMP,982,2,16,16,1.0
Qwen2.5-7B,SVAMP,984,2,16,16,1.0
Qwen2.5-7B,SVAMP,985,3,15,16,0.9375
Qwen2.5-7B,SVAMP,987,1,14,16,0.875
Qwen2.5-7B,SVAMP,988,1,15,16,0.9375
Qwen2.5-7B,SVAMP,989,1,13,16,0.8125
Qwen2.5-7B,SVAMP,990,1,13,16,0.8125
Qwen2.5-7B,SVAMP,992,1,15,16,0.9375
Qwen2.5-7B,SVAMP,993,1,4,16,0.25
Qwen2.5-7B,SVAMP,999,2,15,16,0.9375
Qwen2.5-Math,AQuA,0,5,12,16,0.75
Qwen2.5-Math,AQuA,1,2,5,16,0.3125
Qwen2.5-Math,AQuA,2,4,16,16,1.0
Qwen2.5-Math,AQuA,3,1,9,16,0.5625
Qwen2.5-Math,AQuA,5,1,8,16,0.5
Qwen2.5-Math,AQuA,7,4,9,16,0.5625
Qwen2.5-Math,AQuA,8,2,4,16,0.25
Qwen2.5-Math,AQuA,11,2,13,16,0.8125
Qwen2.5-Math,AQuA,12,2,7,16,0.4375
Qwen2.5-Math,AQuA,14,1,10,16,0.625
Qwen2.5-Math,AQuA,15,1,15,16,0.9375
Qwen2.5-Math,AQuA,17,2,9,16,0.5625
Qwen2.5-Math,AQuA,18,1,16,16,1.0
Qwen2.5-Math,AQuA,19,2,11,16,0.6875
Qwen2.5-Math,AQuA,20,4,0,16,0.0
Qwen2.5-Math,AQuA,23,4,10,16,0.625
Qwen2.5-Math,AQuA,24,1,12,16,0.75
Qwen2.5-Math,AQuA,25,1,13,16,0.8125
Qwen2.5-Math,AQuA,26,2,14,16,0.875
Qwen2.5-Math,AQuA,28,2,10,16,0.625
Qwen2.5-Math,AQuA,29,2,16,16,1.0
Qwen2.5-Math,AQuA,31,1,13,16,0.8125
Qwen2.5-Math,AQuA,32,1,1,16,0.0625
Qwen2.5-Math,AQuA,34,2,8,16,0.5
Qwen2.5-Math,AQuA,37,7,13,16,0.8125
Qwen2.5-Math,AQuA,38,2,12,16,0.75
Qwen2.5-Math,AQuA,39,3,12,16,0.75
Qwen2.5-Math,AQuA,40,6,12,16,0.75
Qwen2.5-Math,AQuA,44,2,16,16,1.0
Qwen2.5-Math,AQuA,45,2,9,16,0.5625
Qwen2.5-Math,AQuA,47,2,15,16,0.9375
Qwen2.5-Math,AQuA,49,3,13,16,0.8125
Qwen2.5-Math,AQuA,51,1,16,16,1.0
Qwen2.5-Math,AQuA,53,6,14,16,0.875
Qwen2.5-Math,AQuA,54,6,2,16,0.125
Qwen2.5-Math,AQuA,55,3,15,16,0.9375
Qwen2.5-Math,AQuA,56,1,8,16,0.5
Qwen2.5-Math,AQuA,57,2,10,16,0.625
Qwen2.5-Math,AQuA,59,2,5,16,0.3125
Qwen2.5-Math,AQuA,60,2,6,16,0.375
Qwen2.5-Math,AQuA,62,2,11,16,0.6875
Qwen2.5-Math,AQuA,63,1,7,16,0.4375
Qwen2.5-Math,AQuA,65,1,7,16,0.4375
Qwen2.5-Math,AQuA,67,1,1,16,0.0625
Qwen2.5-Math,AQuA,68,2,13,16,0.8125
Qwen2.5-Math,AQuA,69,5,1,16,0.0625
Qwen2.5-Math,AQuA,71,3,11,16,0.6875
Qwen2.5-Math,AQuA,72,3,15,16,0.9375
Qwen2.5-Math,AQuA,74,2,11,16,0.6875
Qwen2.5-Math,AQuA,75,1,4,16,0.25
Qwen2.5-Math,AQuA,77,3,4,16,0.25
Qwen2.5-Math,AQuA,78,1,15,16,0.9375
Qwen2.5-Math,AQuA,79,2,4,16,0.25
Qwen2.5-Math,AQuA,81,1,13,16,0.8125
Qwen2.5-Math,AQuA,82,1,11,16,0.6875
Qwen2.5-Math,AQuA,84,1,14,16,0.875
Qwen2.5-Math,AQuA,85,2,9,16,0.5625
Qwen2.5-Math,AQuA,86,3,3,16,0.1875
Qwen2.5-Math,AQuA,88,2,11,16,0.6875
Qwen2.5-Math,AQuA,91,1,9,16,0.5625
Qwen2.5-Math,AQuA,92,1,11,16,0.6875
Qwen2.5-Math,AQuA,94,2,8,16,0.5
Qwen2.5-Math,AQuA,95,4,7,16,0.4375
Qwen2.5-Math,AQuA,96,2,9,16,0.5625
Qwen2.5-Math,AQuA,101,2,9,16,0.5625
Qwen2.5-Math,AQuA,103,2,13,16,0.8125
Qwen2.5-Math,AQuA,104,2,2,16,0.125
Qwen2.5-Math,AQuA,105,5,8,16,0.5
Qwen2.5-Math,AQuA,106,2,1,16,0.0625
Qwen2.5-Math,AQuA,107,1,9,16,0.5625
Qwen2.5-Math,AQuA,108,2,5,16,0.3125
Qwen2.5-Math,AQuA,109,1,8,16,0.5
Qwen2.5-Math,AQuA,110,2,9,16,0.5625
Qwen2.5-Math,AQuA,111,1,8,16,0.5
Qwen2.5-Math,AQuA,112,1,1,16,0.0625
Qwen2.5-Math,AQuA,114,3,2,16,0.125
Qwen2.5-Math,AQuA,115,2,4,16,0.25
Qwen2.5-Math,AQuA,116,2,5,16,0.3125
Qwen2.5-Math,AQuA,117,1,1,16,0.0625
Qwen2.5-Math,AQuA,119,2,8,16,0.5
Qwen2.5-Math,AQuA,120,1,7,16,0.4375
Qwen2.5-Math,AQuA,121,2,12,16,0.75
Qwen2.5-Math,AQuA,122,1,3,16,0.1875
Qwen2.5-Math,AQuA,125,7,9,16,0.5625
Qwen2.5-Math,AQuA,126,3,7,16,0.4375
Qwen2.5-Math,AQuA,127,1,10,16,0.625
Qwen2.5-Math,AQuA,128,5,13,16,0.8125
Qwen2.5-Math,AQuA,130,2,13,16,0.8125
Qwen2.5-Math,AQuA,131,4,7,16,0.4375
Qwen2.5-Math,AQuA,132,1,4,16,0.25
Qwen2.5-Math,AQuA,133,3,12,16,0.75
Qwen2.5-Math,AQuA,134,2,6,16,0.375
Qwen2.5-Math,AQuA,135,2,7,16,0.4375
Qwen2.5-Math,AQuA,136,3,11,16,0.6875
Qwen2.5-Math,AQuA,137,1,11,16,0.6875
Qwen2.5-Math,AQuA,138,3,12,16,0.75
Qwen2.5-Math,AQuA,139,2,0,16,0.0
Qwen2.5-Math,AQuA,140,1,5,16,0.3125
Qwen2.5-Math,AQuA,142,1,13,16,0.8125
Qwen2.5-Math,AQuA,144,4,16,16,1.0
Qwen2.5-Math,AQuA,145,1,7,16,0.4375
Qwen2.5-Math,AQuA,146,1,5,16,0.3125
Qwen2.5-Math,AQuA,151,1,6,16,0.375
Qwen2.5-Math,AQuA,152,2,1,16,0.0625
Qwen2.5-Math,AQuA,153,1,9,16,0.5625
Qwen2.5-Math,AQuA,154,4,6,16,0.375
Qwen2.5-Math,AQuA,155,2,6,16,0.375
Qwen2.5-Math,AQuA,156,2,12,16,0.75
Qwen2.5-Math,AQuA,158,2,5,16,0.3125
Qwen2.5-Math,AQuA,159,1,2,16,0.125
Qwen2.5-Math,AQuA,160,3,0,16,0.0
Qwen2.5-Math,AQuA,161,3,2,16,0.125
Qwen2.5-Math,AQuA,162,2,12,16,0.75
Qwen2.5-Math,AQuA,165,1,3,16,0.1875
Qwen2.5-Math,AQuA,166,2,14,16,0.875
Qwen2.5-Math,AQuA,167,1,15,16,0.9375
Qwen2.5-Math,AQuA,169,2,6,16,0.375
Qwen2.5-Math,AQuA,171,1,10,16,0.625
Qwen2.5-Math,AQuA,172,3,0,16,0.0
Qwen2.5-Math,AQuA,173,1,3,16,0.1875
Qwen2.5-Math,AQuA,174,2,12,16,0.75
Qwen2.5-Math,AQuA,175,2,13,16,0.8125
Qwen2.5-Math,AQuA,176,1,0,16,0.0
Qwen2.5-Math,AQuA,178,1,5,16,0.3125
Qwen2.5-Math,AQuA,179,1,11,16,0.6875
Qwen2.5-Math,AQuA,182,1,7,16,0.4375
Qwen2.5-Math,AQuA,183,1,10,16,0.625
Qwen2.5-Math,AQuA,184,3,1,16,0.0625
Qwen2.5-Math,AQuA,185,2,8,16,0.5
Qwen2.5-Math,AQuA,186,2,8,16,0.5
Qwen2.5-Math,AQuA,187,1,5,16,0.3125
Qwen2.5-Math,AQuA,189,1,12,16,0.75
Qwen2.5-Math,AQuA,190,1,7,16,0.4375
Qwen2.5-Math,AQuA,191,1,3,16,0.1875
Qwen2.5-Math,AQuA,192,1,12,16,0.75
Qwen2.5-Math,AQuA,193,5,1,16,0.0625
Qwen2.5-Math,AQuA,194,3,9,16,0.5625
Qwen2.5-Math,AQuA,196,1,4,16,0.25
Qwen2.5-Math,AQuA,197,1,2,16,0.125
Qwen2.5-Math,AQuA,200,7,7,16,0.4375
Qwen2.5-Math,AQuA,201,4,3,16,0.1875
Qwen2.5-Math,AQuA,202,3,10,16,0.625
Qwen2.5-Math,AQuA,203,4,11,16,0.6875
Qwen2.5-Math,AQuA,204,1,13,16,0.8125
Qwen2.5-Math,AQuA,205,4,1,16,0.0625
Qwen2.5-Math,AQuA,206,3,7,16,0.4375
Qwen2.5-Math,AQuA,207,1,9,16,0.5625
Qwen2.5-Math,AQuA,208,1,11,16,0.6875
Qwen2.5-Math,AQuA,210,1,8,16,0.5
Qwen2.5-Math,AQuA,211,3,10,16,0.625
Qwen2.5-Math,AQuA,212,2,12,16,0.75
Qwen2.5-Math,AQuA,213,4,6,16,0.375
Qwen2.5-Math,AQuA,214,2,9,16,0.5625
Qwen2.5-Math,AQuA,215,2,13,16,0.8125
Qwen2.5-Math,AQuA,216,1,12,16,0.75
Qwen2.5-Math,AQuA,217,4,9,16,0.5625
Qwen2.5-Math,AQuA,219,1,11,16,0.6875
Qwen2.5-Math,AQuA,220,2,7,16,0.4375
Qwen2.5-Math,AQuA,221,3,8,16,0.5
Qwen2.5-Math,AQuA,222,2,12,16,0.75
Qwen2.5-Math,AQuA,223,2,11,16,0.6875
Qwen2.5-Math,AQuA,224,1,7,16,0.4375
Qwen2.5-Math,AQuA,225,1,11,16,0.6875
Qwen2.5-Math,AQuA,227,2,12,16,0.75
Qwen2.5-Math,AQuA,228,1,3,16,0.1875
Qwen2.5-Math,AQuA,229,1,13,16,0.8125
Qwen2.5-Math,AQuA,231,3,13,16,0.8125
Qwen2.5-Math,AQuA,232,2,0,16,0.0
Qwen2.5-Math,AQuA,233,4,13,16,0.8125
Qwen2.5-Math,AQuA,234,2,10,16,0.625
Qwen2.5-Math,AQuA,235,4,14,16,0.875
Qwen2.5-Math,AQuA,236,5,3,16,0.1875
Qwen2.5-Math,AQuA,237,1,1,16,0.0625
Qwen2.5-Math,AQuA,238,2,3,16,0.1875
Qwen2.5-Math,AQuA,239,5,10,16,0.625
Qwen2.5-Math,AQuA,241,4,3,16,0.1875
Qwen2.5-Math,AQuA,242,1,14,16,0.875
Qwen2.5-Math,AQuA,244,1,14,16,0.875
Qwen2.5-Math,AQuA,245,4,0,16,0.0
Qwen2.5-Math,AQuA,246,1,4,16,0.25
Qwen2.5-Math,AQuA,247,2,9,16,0.5625
Qwen2.5-Math,AQuA,248,1,3,16,0.1875
Qwen2.5-Math,AQuA,249,3,12,16,0.75
Qwen2.5-Math,AQuA,251,1,12,16,0.75
Qwen2.5-Math,AQuA,252,2,9,16,0.5625
Qwen2.5-Math,AQuA,253,2,9,16,0.5625
Qwen2.5-Math,CSQA,1,1,4,16,0.25
Qwen2.5-Math,CSQA,2,1,8,16,0.5
Qwen2.5-Math,CSQA,3,1,11,16,0.6875
Qwen2.5-Math,CSQA,6,6,13,16,0.8125
Qwen2.5-Math,CSQA,7,2,5,16,0.3125
Qwen2.5-Math,CSQA,8,4,8,16,0.5
Qwen2.5-Math,CSQA,9,1,1,16,0.0625
Qwen2.5-Math,CSQA,11,1,13,16,0.8125
Qwen2.5-Math,CSQA,14,2,11,16,0.6875
Qwen2.5-Math,CSQA,16,2,5,16,0.3125
Qwen2.5-Math,CSQA,17,1,2,16,0.125
Qwen2.5-Math,CSQA,19,1,4,16,0.25
Qwen2.5-Math,CSQA,20,1,1,16,0.0625
Qwen2.5-Math,CSQA,22,3,1,16,0.0625
Qwen2.5-Math,CSQA,24,4,1,16,0.0625
Qwen2.5-Math,CSQA,25,3,5,16,0.3125
Qwen2.5-Math,CSQA,26,3,10,16,0.625
Qwen2.5-Math,CSQA,28,3,9,16,0.5625
Qwen2.5-Math,CSQA,29,1,11,16,0.6875
Qwen2.5-Math,CSQA,30,3,8,16,0.5
Qwen2.5-Math,CSQA,31,2,12,16,0.75
Qwen2.5-Math,CSQA,32,1,6,16,0.375
Qwen2.5-Math,CSQA,35,1,13,16,0.8125
Qwen2.5-Math,CSQA,37,3,13,16,0.8125
Qwen2.5-Math,CSQA,38,2,7,16,0.4375
Qwen2.5-Math,CSQA,40,1,11,16,0.6875
Qwen2.5-Math,CSQA,42,3,7,16,0.4375
Qwen2.5-Math,CSQA,43,1,2,16,0.125
Qwen2.5-Math,CSQA,45,2,8,16,0.5
Qwen2.5-Math,CSQA,46,1,4,16,0.25
Qwen2.5-Math,CSQA,47,1,12,16,0.75
Qwen2.5-Math,CSQA,48,2,0,16,0.0
Qwen2.5-Math,CSQA,49,1,2,16,0.125
Qwen2.5-Math,CSQA,50,1,13,16,0.8125
Qwen2.5-Math,CSQA,51,2,13,16,0.8125
Qwen2.5-Math,CSQA,52,1,1,16,0.0625
Qwen2.5-Math,CSQA,54,3,14,16,0.875
Qwen2.5-Math,CSQA,55,1,9,16,0.5625
Qwen2.5-Math,CSQA,56,3,7,16,0.4375
Qwen2.5-Math,CSQA,58,1,1,16,0.0625
Qwen2.5-Math,CSQA,60,1,2,16,0.125
Qwen2.5-Math,CSQA,62,2,8,16,0.5
Qwen2.5-Math,CSQA,63,2,5,16,0.3125
Qwen2.5-Math,CSQA,64,2,12,16,0.75
Qwen2.5-Math,CSQA,65,1,12,16,0.75
Qwen2.5-Math,CSQA,66,1,1,16,0.0625
Qwen2.5-Math,CSQA,67,1,4,16,0.25
Qwen2.5-Math,CSQA,68,2,4,16,0.25
Qwen2.5-Math,CSQA,69,3,3,16,0.1875
Qwen2.5-Math,CSQA,70,1,3,16,0.1875
Qwen2.5-Math,CSQA,71,1,1,16,0.0625
Qwen2.5-Math,CSQA,72,1,7,16,0.4375
Qwen2.5-Math,CSQA,74,3,3,16,0.1875
Qwen2.5-Math,CSQA,76,1,10,16,0.625
Qwen2.5-Math,CSQA,77,2,1,16,0.0625
Qwen2.5-Math,CSQA,78,1,5,16,0.3125
Qwen2.5-Math,CSQA,82,3,4,16,0.25
Qwen2.5-Math,CSQA,83,1,12,16,0.75
Qwen2.5-Math,CSQA,84,2,6,16,0.375
Qwen2.5-Math,CSQA,85,1,14,16,0.875
Qwen2.5-Math,CSQA,87,2,3,16,0.1875
Qwen2.5-Math,CSQA,88,2,3,16,0.1875
Qwen2.5-Math,CSQA,89,3,12,16,0.75
Qwen2.5-Math,CSQA,90,1,8,16,0.5
Qwen2.5-Math,CSQA,91,1,5,16,0.3125
Qwen2.5-Math,CSQA,92,3,12,16,0.75
Qwen2.5-Math,CSQA,93,1,3,16,0.1875
Qwen2.5-Math,CSQA,95,3,0,16,0.0
Qwen2.5-Math,CSQA,97,2,9,16,0.5625
Qwen2.5-Math,CSQA,99,4,1,16,0.0625
Qwen2.5-Math,CSQA,100,2,1,16,0.0625
Qwen2.5-Math,CSQA,101,2,10,16,0.625
Qwen2.5-Math,CSQA,102,4,15,16,0.9375
Qwen2.5-Math,CSQA,103,3,5,16,0.3125
Qwen2.5-Math,CSQA,104,3,2,16,0.125
Qwen2.5-Math,CSQA,105,2,3,16,0.1875
Qwen2.5-Math,CSQA,106,3,7,16,0.4375
Qwen2.5-Math,CSQA,107,4,12,16,0.75
Qwen2.5-Math,CSQA,108,1,3,16,0.1875
Qwen2.5-Math,CSQA,111,3,7,16,0.4375
Qwen2.5-Math,CSQA,112,1,5,16,0.3125
Qwen2.5-Math,CSQA,115,2,8,16,0.5
Qwen2.5-Math,CSQA,116,1,13,16,0.8125
Qwen2.5-Math,CSQA,117,1,2,16,0.125
Qwen2.5-Math,CSQA,118,3,14,16,0.875
Qwen2.5-Math,CSQA,119,2,10,16,0.625
Qwen2.5-Math,CSQA,120,5,7,16,0.4375
Qwen2.5-Math,CSQA,122,3,4,16,0.25
Qwen2.5-Math,CSQA,124,3,13,16,0.8125
Qwen2.5-Math,CSQA,125,2,13,16,0.8125
Qwen2.5-Math,CSQA,127,1,13,16,0.8125
Qwen2.5-Math,CSQA,128,3,13,16,0.8125
Qwen2.5-Math,CSQA,130,2,9,16,0.5625
Qwen2.5-Math,CSQA,131,7,11,16,0.6875
Qwen2.5-Math,CSQA,133,3,3,16,0.1875
Qwen2.5-Math,CSQA,134,1,13,16,0.8125
Qwen2.5-Math,CSQA,136,1,12,16,0.75
Qwen2.5-Math,CSQA,137,1,9,16,0.5625
Qwen2.5-Math,CSQA,138,1,14,16,0.875
Qwen2.5-Math,CSQA,140,1,13,16,0.8125
Qwen2.5-Math,CSQA,141,1,0,16,0.0
Qwen2.5-Math,CSQA,142,1,1,16,0.0625
Qwen2.5-Math,CSQA,143,1,11,16,0.6875
Qwen2.5-Math,CSQA,145,1,3,16,0.1875
Qwen2.5-Math,CSQA,146,1,4,16,0.25
Qwen2.5-Math,CSQA,147,4,2,16,0.125
Qwen2.5-Math,CSQA,148,1,15,16,0.9375
Qwen2.5-Math,CSQA,149,5,10,16,0.625
Qwen2.5-Math,CSQA,151,2,15,16,0.9375
Qwen2.5-Math,CSQA,152,2,4,16,0.25
Qwen2.5-Math,CSQA,153,3,2,16,0.125
Qwen2.5-Math,CSQA,154,1,7,16,0.4375
Qwen2.5-Math,CSQA,156,4,11,16,0.6875
Qwen2.5-Math,CSQA,157,1,1,16,0.0625
Qwen2.5-Math,CSQA,158,5,5,16,0.3125
Qwen2.5-Math,CSQA,159,5,5,16,0.3125
Qwen2.5-Math,CSQA,160,2,14,16,0.875
Qwen2.5-Math,CSQA,161,2,8,16,0.5
Qwen2.5-Math,CSQA,162,1,6,16,0.375
Qwen2.5-Math,CSQA,164,1,14,16,0.875
Qwen2.5-Math,CSQA,165,1,9,16,0.5625
Qwen2.5-Math,CSQA,167,2,10,16,0.625
Qwen2.5-Math,CSQA,168,1,11,16,0.6875
Qwen2.5-Math,CSQA,169,2,11,16,0.6875
Qwen2.5-Math,CSQA,170,2,5,16,0.3125
Qwen2.5-Math,CSQA,171,1,3,16,0.1875
Qwen2.5-Math,CSQA,172,4,4,16,0.25
Qwen2.5-Math,CSQA,173,2,12,16,0.75
Qwen2.5-Math,CSQA,177,2,0,16,0.0
Qwen2.5-Math,CSQA,178,1,4,16,0.25
Qwen2.5-Math,CSQA,180,3,4,16,0.25
Qwen2.5-Math,CSQA,181,3,11,16,0.6875
Qwen2.5-Math,CSQA,183,4,5,16,0.3125
Qwen2.5-Math,CSQA,184,6,14,16,0.875
Qwen2.5-Math,CSQA,185,2,2,16,0.125
Qwen2.5-Math,CSQA,186,3,10,16,0.625
Qwen2.5-Math,CSQA,187,3,11,16,0.6875
Qwen2.5-Math,CSQA,188,2,6,16,0.375
Qwen2.5-Math,CSQA,189,1,12,16,0.75
Qwen2.5-Math,CSQA,190,1,11,16,0.6875
Qwen2.5-Math,CSQA,191,1,2,16,0.125
Qwen2.5-Math,CSQA,192,3,5,16,0.3125
Qwen2.5-Math,CSQA,193,3,0,16,0.0
Qwen2.5-Math,CSQA,194,1,14,16,0.875
Qwen2.5-Math,CSQA,195,2,12,16,0.75
Qwen2.5-Math,CSQA,197,2,11,16,0.6875
Qwen2.5-Math,CSQA,198,2,12,16,0.75
Qwen2.5-Math,CSQA,199,6,3,16,0.1875
Qwen2.5-Math,CSQA,201,1,0,16,0.0
Qwen2.5-Math,CSQA,203,2,13,16,0.8125
Qwen2.5-Math,CSQA,206,6,6,16,0.375
Qwen2.5-Math,CSQA,207,1,0,16,0.0
Qwen2.5-Math,CSQA,209,3,11,16,0.6875
Qwen2.5-Math,CSQA,210,1,14,16,0.875
Qwen2.5-Math,CSQA,211,1,5,16,0.3125
Qwen2.5-Math,CSQA,212,2,7,16,0.4375
Qwen2.5-Math,CSQA,213,4,3,16,0.1875
Qwen2.5-Math,CSQA,214,2,5,16,0.3125
Qwen2.5-Math,CSQA,215,3,8,16,0.5
Qwen2.5-Math,CSQA,216,2,2,16,0.125
Qwen2.5-Math,CSQA,217,1,16,16,1.0
Qwen2.5-Math,CSQA,218,1,5,16,0.3125
Qwen2.5-Math,CSQA,220,1,5,16,0.3125
Qwen2.5-Math,CSQA,221,1,5,16,0.3125
Qwen2.5-Math,CSQA,222,2,2,16,0.125
Qwen2.5-Math,CSQA,223,2,9,16,0.5625
Qwen2.5-Math,CSQA,224,2,13,16,0.8125
Qwen2.5-Math,CSQA,225,3,3,16,0.1875
Qwen2.5-Math,CSQA,227,1,14,16,0.875
Qwen2.5-Math,CSQA,228,2,15,16,0.9375
Qwen2.5-Math,CSQA,229,1,5,16,0.3125
Qwen2.5-Math,CSQA,231,2,13,16,0.8125
Qwen2.5-Math,CSQA,232,2,5,16,0.3125
Qwen2.5-Math,CSQA,233,1,13,16,0.8125
Qwen2.5-Math,CSQA,234,1,3,16,0.1875
Qwen2.5-Math,CSQA,236,3,11,16,0.6875
Qwen2.5-Math,CSQA,237,1,3,16,0.1875
Qwen2.5-Math,CSQA,239,1,16,16,1.0
Qwen2.5-Math,CSQA,240,1,1,16,0.0625
Qwen2.5-Math,CSQA,241,2,15,16,0.9375
Qwen2.5-Math,CSQA,242,1,14,16,0.875
Qwen2.5-Math,CSQA,243,3,13,16,0.8125
Qwen2.5-Math,CSQA,244,2,7,16,0.4375
Qwen2.5-Math,CSQA,247,2,8,16,0.5
Qwen2.5-Math,CSQA,248,1,1,16,0.0625
Qwen2.5-Math,CSQA,250,2,10,16,0.625
Qwen2.5-Math,CSQA,251,1,0,16,0.0
Qwen2.5-Math,CSQA,255,1,3,16,0.1875
Qwen2.5-Math,CSQA,256,1,6,16,0.375
Qwen2.5-Math,CSQA,257,1,9,16,0.5625
Qwen2.5-Math,CSQA,259,2,13,16,0.8125
Qwen2.5-Math,CSQA,260,2,8,16,0.5
Qwen2.5-Math,CSQA,261,5,0,16,0.0
Qwen2.5-Math,CSQA,262,1,4,16,0.25
Qwen2.5-Math,CSQA,263,1,7,16,0.4375
Qwen2.5-Math,CSQA,264,1,11,16,0.6875
Qwen2.5-Math,CSQA,266,2,7,16,0.4375
Qwen2.5-Math,CSQA,268,1,13,16,0.8125
Qwen2.5-Math,CSQA,269,1,11,16,0.6875
Qwen2.5-Math,CSQA,271,1,8,16,0.5
Qwen2.5-Math,CSQA,274,1,6,16,0.375
Qwen2.5-Math,CSQA,275,6,12,16,0.75
Qwen2.5-Math,CSQA,276,1,11,16,0.6875
Qwen2.5-Math,CSQA,277,1,2,16,0.125
Qwen2.5-Math,CSQA,278,1,14,16,0.875
Qwen2.5-Math,CSQA,279,2,13,16,0.8125
Qwen2.5-Math,CSQA,282,1,6,16,0.375
Qwen2.5-Math,CSQA,283,2,4,16,0.25
Qwen2.5-Math,CSQA,284,1,10,16,0.625
Qwen2.5-Math,CSQA,286,1,16,16,1.0
Qwen2.5-Math,CSQA,287,6,0,16,0.0
Qwen2.5-Math,CSQA,288,2,9,16,0.5625
Qwen2.5-Math,CSQA,289,1,2,16,0.125
Qwen2.5-Math,CSQA,290,3,9,16,0.5625
Qwen2.5-Math,CSQA,291,2,1,16,0.0625
Qwen2.5-Math,CSQA,293,1,8,16,0.5
Qwen2.5-Math,CSQA,294,2,4,16,0.25
Qwen2.5-Math,CSQA,295,1,13,16,0.8125
Qwen2.5-Math,CSQA,296,2,5,16,0.3125
Qwen2.5-Math,CSQA,297,3,15,16,0.9375
Qwen2.5-Math,CSQA,298,2,12,16,0.75
Qwen2.5-Math,CSQA,299,3,14,16,0.875
Qwen2.5-Math,CSQA,300,3,12,16,0.75
Qwen2.5-Math,CSQA,302,2,3,16,0.1875
Qwen2.5-Math,CSQA,303,2,13,16,0.8125
Qwen2.5-Math,CSQA,304,2,11,16,0.6875
Qwen2.5-Math,CSQA,305,2,0,16,0.0
Qwen2.5-Math,CSQA,306,3,4,16,0.25
Qwen2.5-Math,CSQA,310,1,10,16,0.625
Qwen2.5-Math,CSQA,311,4,8,16,0.5
Qwen2.5-Math,CSQA,313,2,11,16,0.6875
Qwen2.5-Math,CSQA,315,3,5,16,0.3125
Qwen2.5-Math,CSQA,316,1,5,16,0.3125
Qwen2.5-Math,CSQA,318,1,8,16,0.5
Qwen2.5-Math,CSQA,323,1,7,16,0.4375
Qwen2.5-Math,CSQA,324,2,8,16,0.5
Qwen2.5-Math,CSQA,325,2,5,16,0.3125
Qwen2.5-Math,CSQA,326,2,9,16,0.5625
Qwen2.5-Math,CSQA,327,4,13,16,0.8125
Qwen2.5-Math,CSQA,329,2,0,16,0.0
Qwen2.5-Math,CSQA,330,1,13,16,0.8125
Qwen2.5-Math,CSQA,333,3,4,16,0.25
Qwen2.5-Math,CSQA,335,2,16,16,1.0
Qwen2.5-Math,CSQA,336,1,8,16,0.5
Qwen2.5-Math,CSQA,337,1,9,16,0.5625
Qwen2.5-Math,CSQA,339,3,3,16,0.1875
Qwen2.5-Math,CSQA,340,3,15,16,0.9375
Qwen2.5-Math,CSQA,341,1,5,16,0.3125
Qwen2.5-Math,CSQA,342,1,1,16,0.0625
Qwen2.5-Math,CSQA,343,1,6,16,0.375
Qwen2.5-Math,CSQA,344,2,6,16,0.375
Qwen2.5-Math,CSQA,345,4,11,16,0.6875
Qwen2.5-Math,CSQA,346,1,8,16,0.5
Qwen2.5-Math,CSQA,347,1,12,16,0.75
Qwen2.5-Math,CSQA,348,1,8,16,0.5
Qwen2.5-Math,CSQA,349,1,1,16,0.0625
Qwen2.5-Math,CSQA,350,1,11,16,0.6875
Qwen2.5-Math,CSQA,351,2,11,16,0.6875
Qwen2.5-Math,CSQA,352,3,12,16,0.75
Qwen2.5-Math,CSQA,355,1,6,16,0.375
Qwen2.5-Math,CSQA,357,1,4,16,0.25
Qwen2.5-Math,CSQA,359,2,4,16,0.25
Qwen2.5-Math,CSQA,360,1,10,16,0.625
Qwen2.5-Math,CSQA,361,3,13,16,0.8125
Qwen2.5-Math,CSQA,362,1,4,16,0.25
Qwen2.5-Math,CSQA,363,2,9,16,0.5625
Qwen2.5-Math,CSQA,364,2,12,16,0.75
Qwen2.5-Math,CSQA,365,2,10,16,0.625
Qwen2.5-Math,CSQA,366,2,5,16,0.3125
Qwen2.5-Math,CSQA,367,1,15,16,0.9375
Qwen2.5-Math,CSQA,368,4,0,16,0.0
Qwen2.5-Math,CSQA,370,1,4,16,0.25
Qwen2.5-Math,CSQA,371,2,2,16,0.125
Qwen2.5-Math,CSQA,372,3,10,16,0.625
Qwen2.5-Math,CSQA,373,2,10,16,0.625
Qwen2.5-Math,CSQA,374,1,7,16,0.4375
Qwen2.5-Math,CSQA,376,1,10,16,0.625
Qwen2.5-Math,CSQA,377,1,5,16,0.3125
Qwen2.5-Math,CSQA,378,2,1,16,0.0625
Qwen2.5-Math,CSQA,379,2,2,16,0.125
Qwen2.5-Math,CSQA,380,5,15,16,0.9375
Qwen2.5-Math,CSQA,381,5,10,16,0.625
Qwen2.5-Math,CSQA,382,1,7,16,0.4375
Qwen2.5-Math,CSQA,383,2,6,16,0.375
Qwen2.5-Math,CSQA,384,2,13,16,0.8125
Qwen2.5-Math,CSQA,385,3,12,16,0.75
Qwen2.5-Math,CSQA,386,2,8,16,0.5
Qwen2.5-Math,CSQA,387,1,11,16,0.6875
Qwen2.5-Math,CSQA,389,4,12,16,0.75
Qwen2.5-Math,CSQA,391,2,0,16,0.0
Qwen2.5-Math,CSQA,393,3,8,16,0.5
Qwen2.5-Math,CSQA,395,2,8,16,0.5
Qwen2.5-Math,CSQA,396,2,3,16,0.1875
Qwen2.5-Math,CSQA,397,1,0,16,0.0
Qwen2.5-Math,CSQA,399,2,12,16,0.75
Qwen2.5-Math,CSQA,401,2,13,16,0.8125
Qwen2.5-Math,CSQA,402,1,10,16,0.625
Qwen2.5-Math,CSQA,403,1,9,16,0.5625
Qwen2.5-Math,CSQA,404,5,10,16,0.625
Qwen2.5-Math,CSQA,405,2,1,16,0.0625
Qwen2.5-Math,CSQA,406,2,11,16,0.6875
Qwen2.5-Math,CSQA,407,2,7,16,0.4375
Qwen2.5-Math,CSQA,408,2,9,16,0.5625
Qwen2.5-Math,CSQA,409,3,4,16,0.25
Qwen2.5-Math,CSQA,410,4,3,16,0.1875
Qwen2.5-Math,CSQA,411,3,9,16,0.5625
Qwen2.5-Math,CSQA,412,2,3,16,0.1875
Qwen2.5-Math,CSQA,413,4,7,16,0.4375
Qwen2.5-Math,CSQA,414,1,13,16,0.8125
Qwen2.5-Math,CSQA,415,1,10,16,0.625
Qwen2.5-Math,CSQA,416,2,9,16,0.5625
Qwen2.5-Math,CSQA,417,2,5,16,0.3125
Qwen2.5-Math,CSQA,418,1,6,16,0.375
Qwen2.5-Math,CSQA,419,2,5,16,0.3125
Qwen2.5-Math,CSQA,420,3,4,16,0.25
Qwen2.5-Math,CSQA,421,1,14,16,0.875
Qwen2.5-Math,CSQA,422,2,5,16,0.3125
Qwen2.5-Math,CSQA,423,2,13,16,0.8125
Qwen2.5-Math,CSQA,424,2,8,16,0.5
Qwen2.5-Math,CSQA,425,4,6,16,0.375
Qwen2.5-Math,CSQA,426,3,14,16,0.875
Qwen2.5-Math,CSQA,427,1,9,16,0.5625
Qwen2.5-Math,CSQA,429,1,14,16,0.875
Qwen2.5-Math,CSQA,430,1,6,16,0.375
Qwen2.5-Math,CSQA,431,3,6,16,0.375
Qwen2.5-Math,CSQA,433,1,14,16,0.875
Qwen2.5-Math,CSQA,434,1,8,16,0.5
Qwen2.5-Math,CSQA,435,4,11,16,0.6875
Qwen2.5-Math,CSQA,436,4,7,16,0.4375
Qwen2.5-Math,CSQA,437,1,1,16,0.0625
Qwen2.5-Math,CSQA,438,1,4,16,0.25
Qwen2.5-Math,CSQA,440,2,9,16,0.5625
Qwen2.5-Math,CSQA,441,2,1,16,0.0625
Qwen2.5-Math,CSQA,442,1,12,16,0.75
Qwen2.5-Math,CSQA,443,1,11,16,0.6875
Qwen2.5-Math,CSQA,444,1,0,16,0.0
Qwen2.5-Math,CSQA,445,1,3,16,0.1875
Qwen2.5-Math,CSQA,446,2,1,16,0.0625
Qwen2.5-Math,CSQA,447,3,14,16,0.875
Qwen2.5-Math,CSQA,449,1,12,16,0.75
Qwen2.5-Math,CSQA,450,2,4,16,0.25
Qwen2.5-Math,CSQA,453,2,5,16,0.3125
Qwen2.5-Math,CSQA,454,2,5,16,0.3125
Qwen2.5-Math,CSQA,455,2,14,16,0.875
Qwen2.5-Math,CSQA,456,2,9,16,0.5625
Qwen2.5-Math,CSQA,457,2,12,16,0.75
Qwen2.5-Math,CSQA,458,2,9,16,0.5625
Qwen2.5-Math,CSQA,459,2,10,16,0.625
Qwen2.5-Math,CSQA,461,1,14,16,0.875
Qwen2.5-Math,CSQA,462,3,10,16,0.625
Qwen2.5-Math,CSQA,463,3,9,16,0.5625
Qwen2.5-Math,CSQA,464,1,10,16,0.625
Qwen2.5-Math,CSQA,466,3,12,16,0.75
Qwen2.5-Math,CSQA,467,2,13,16,0.8125
Qwen2.5-Math,CSQA,469,2,11,16,0.6875
Qwen2.5-Math,CSQA,472,3,14,16,0.875
Qwen2.5-Math,CSQA,473,2,4,16,0.25
Qwen2.5-Math,CSQA,474,4,5,16,0.3125
Qwen2.5-Math,CSQA,475,2,14,16,0.875
Qwen2.5-Math,CSQA,476,2,0,16,0.0
Qwen2.5-Math,CSQA,479,1,7,16,0.4375
Qwen2.5-Math,CSQA,480,1,2,16,0.125
Qwen2.5-Math,CSQA,481,2,12,16,0.75
Qwen2.5-Math,CSQA,482,1,7,16,0.4375
Qwen2.5-Math,CSQA,483,2,9,16,0.5625
Qwen2.5-Math,CSQA,484,2,1,16,0.0625
Qwen2.5-Math,CSQA,485,3,11,16,0.6875
Qwen2.5-Math,CSQA,486,6,14,16,0.875
Qwen2.5-Math,CSQA,487,1,6,16,0.375
Qwen2.5-Math,CSQA,488,2,11,16,0.6875
Qwen2.5-Math,CSQA,490,1,12,16,0.75
Qwen2.5-Math,CSQA,491,2,3,16,0.1875
Qwen2.5-Math,CSQA,492,1,14,16,0.875
Qwen2.5-Math,CSQA,494,3,8,16,0.5
Qwen2.5-Math,CSQA,495,2,13,16,0.8125
Qwen2.5-Math,CSQA,496,2,8,16,0.5
Qwen2.5-Math,CSQA,497,3,5,16,0.3125
Qwen2.5-Math,CSQA,499,2,10,16,0.625
Qwen2.5-Math,CSQA,500,2,9,16,0.5625
Qwen2.5-Math,CSQA,503,1,6,16,0.375
Qwen2.5-Math,CSQA,505,1,6,16,0.375
Qwen2.5-Math,CSQA,506,3,9,16,0.5625
Qwen2.5-Math,CSQA,508,1,11,16,0.6875
Qwen2.5-Math,CSQA,509,1,7,16,0.4375
Qwen2.5-Math,CSQA,510,4,4,16,0.25
Qwen2.5-Math,CSQA,511,2,2,16,0.125
Qwen2.5-Math,CSQA,512,2,12,16,0.75
Qwen2.5-Math,CSQA,513,1,4,16,0.25
Qwen2.5-Math,CSQA,514,3,4,16,0.25
Qwen2.5-Math,CSQA,516,1,11,16,0.6875
Qwen2.5-Math,CSQA,517,2,7,16,0.4375
Qwen2.5-Math,CSQA,518,2,14,16,0.875
Qwen2.5-Math,CSQA,519,1,6,16,0.375
Qwen2.5-Math,CSQA,520,1,1,16,0.0625
Qwen2.5-Math,CSQA,521,1,12,16,0.75
Qwen2.5-Math,CSQA,523,2,3,16,0.1875
Qwen2.5-Math,CSQA,525,4,5,16,0.3125
Qwen2.5-Math,CSQA,526,2,8,16,0.5
Qwen2.5-Math,CSQA,529,3,4,16,0.25
Qwen2.5-Math,CSQA,531,4,13,16,0.8125
Qwen2.5-Math,CSQA,532,2,6,16,0.375
Qwen2.5-Math,CSQA,533,1,16,16,1.0
Qwen2.5-Math,CSQA,534,1,15,16,0.9375
Qwen2.5-Math,CSQA,535,1,11,16,0.6875
Qwen2.5-Math,CSQA,536,1,10,16,0.625
Qwen2.5-Math,CSQA,537,2,14,16,0.875
Qwen2.5-Math,CSQA,538,1,1,16,0.0625
Qwen2.5-Math,CSQA,539,1,4,16,0.25
Qwen2.5-Math,CSQA,540,1,5,16,0.3125
Qwen2.5-Math,CSQA,541,3,5,16,0.3125
Qwen2.5-Math,CSQA,542,2,2,16,0.125
Qwen2.5-Math,CSQA,544,3,12,16,0.75
Qwen2.5-Math,CSQA,545,1,11,16,0.6875
Qwen2.5-Math,CSQA,546,4,12,16,0.75
Qwen2.5-Math,CSQA,547,1,9,16,0.5625
Qwen2.5-Math,CSQA,549,1,3,16,0.1875
Qwen2.5-Math,CSQA,550,4,9,16,0.5625
Qwen2.5-Math,CSQA,551,1,8,16,0.5
Qwen2.5-Math,CSQA,552,1,1,16,0.0625
Qwen2.5-Math,CSQA,553,3,3,16,0.1875
Qwen2.5-Math,CSQA,554,3,3,16,0.1875
Qwen2.5-Math,CSQA,555,3,0,16,0.0
Qwen2.5-Math,CSQA,556,2,11,16,0.6875
Qwen2.5-Math,CSQA,557,3,8,16,0.5
Qwen2.5-Math,CSQA,558,2,14,16,0.875
Qwen2.5-Math,CSQA,559,2,12,16,0.75
Qwen2.5-Math,CSQA,560,2,3,16,0.1875
Qwen2.5-Math,CSQA,561,3,13,16,0.8125
Qwen2.5-Math,CSQA,562,1,7,16,0.4375
Qwen2.5-Math,CSQA,563,2,12,16,0.75
Qwen2.5-Math,CSQA,565,8,13,16,0.8125
Qwen2.5-Math,CSQA,566,1,6,16,0.375
Qwen2.5-Math,CSQA,567,2,2,16,0.125
Qwen2.5-Math,CSQA,568,2,14,16,0.875
Qwen2.5-Math,CSQA,569,1,10,16,0.625
Qwen2.5-Math,CSQA,570,2,11,16,0.6875
Qwen2.5-Math,CSQA,571,3,12,16,0.75
Qwen2.5-Math,CSQA,573,5,12,16,0.75
Qwen2.5-Math,CSQA,575,2,9,16,0.5625
Qwen2.5-Math,CSQA,576,1,1,16,0.0625
Qwen2.5-Math,CSQA,577,4,13,16,0.8125
Qwen2.5-Math,CSQA,578,1,6,16,0.375
Qwen2.5-Math,CSQA,579,1,1,16,0.0625
Qwen2.5-Math,CSQA,582,1,8,16,0.5
Qwen2.5-Math,CSQA,583,1,5,16,0.3125
Qwen2.5-Math,CSQA,585,2,6,16,0.375
Qwen2.5-Math,CSQA,586,3,14,16,0.875
Qwen2.5-Math,CSQA,587,1,10,16,0.625
Qwen2.5-Math,CSQA,588,1,2,16,0.125
Qwen2.5-Math,CSQA,590,3,10,16,0.625
Qwen2.5-Math,CSQA,591,2,2,16,0.125
Qwen2.5-Math,CSQA,592,1,12,16,0.75
Qwen2.5-Math,CSQA,594,1,8,16,0.5
Qwen2.5-Math,CSQA,595,1,8,16,0.5
Qwen2.5-Math,CSQA,596,3,4,16,0.25
Qwen2.5-Math,CSQA,598,5,11,16,0.6875
Qwen2.5-Math,CSQA,599,1,4,16,0.25
Qwen2.5-Math,CSQA,601,1,7,16,0.4375
Qwen2.5-Math,CSQA,602,2,5,16,0.3125
Qwen2.5-Math,CSQA,603,5,0,16,0.0
Qwen2.5-Math,CSQA,604,3,6,16,0.375
Qwen2.5-Math,CSQA,605,2,1,16,0.0625
Qwen2.5-Math,CSQA,606,2,7,16,0.4375
Qwen2.5-Math,CSQA,607,1,9,16,0.5625
Qwen2.5-Math,CSQA,608,5,1,16,0.0625
Qwen2.5-Math,CSQA,609,1,2,16,0.125
Qwen2.5-Math,CSQA,610,2,13,16,0.8125
Qwen2.5-Math,CSQA,612,2,13,16,0.8125
Qwen2.5-Math,CSQA,614,1,8,16,0.5
Qwen2.5-Math,CSQA,615,2,12,16,0.75
Qwen2.5-Math,CSQA,616,2,0,16,0.0
Qwen2.5-Math,CSQA,617,3,0,16,0.0
Qwen2.5-Math,CSQA,618,1,4,16,0.25
Qwen2.5-Math,CSQA,619,1,12,16,0.75
Qwen2.5-Math,CSQA,620,1,14,16,0.875
Qwen2.5-Math,CSQA,621,3,13,16,0.8125
Qwen2.5-Math,CSQA,623,3,5,16,0.3125
Qwen2.5-Math,CSQA,624,1,2,16,0.125
Qwen2.5-Math,CSQA,626,2,12,16,0.75
Qwen2.5-Math,CSQA,629,4,7,16,0.4375
Qwen2.5-Math,CSQA,631,3,14,16,0.875
Qwen2.5-Math,CSQA,633,4,0,16,0.0
Qwen2.5-Math,CSQA,636,1,2,16,0.125
Qwen2.5-Math,CSQA,637,1,3,16,0.1875
Qwen2.5-Math,CSQA,638,1,1,16,0.0625
Qwen2.5-Math,CSQA,639,1,12,16,0.75
Qwen2.5-Math,CSQA,640,2,1,16,0.0625
Qwen2.5-Math,CSQA,641,1,8,16,0.5
Qwen2.5-Math,CSQA,642,2,0,16,0.0
Qwen2.5-Math,CSQA,646,1,14,16,0.875
Qwen2.5-Math,CSQA,647,3,1,16,0.0625
Qwen2.5-Math,CSQA,648,2,0,16,0.0
Qwen2.5-Math,CSQA,649,1,11,16,0.6875
Qwen2.5-Math,CSQA,650,1,10,16,0.625
Qwen2.5-Math,CSQA,651,1,11,16,0.6875
Qwen2.5-Math,CSQA,652,1,7,16,0.4375
Qwen2.5-Math,CSQA,653,1,2,16,0.125
Qwen2.5-Math,CSQA,654,2,16,16,1.0
Qwen2.5-Math,CSQA,655,3,0,16,0.0
Qwen2.5-Math,CSQA,656,1,8,16,0.5
Qwen2.5-Math,CSQA,657,3,3,16,0.1875
Qwen2.5-Math,CSQA,658,1,9,16,0.5625
Qwen2.5-Math,CSQA,659,2,8,16,0.5
Qwen2.5-Math,CSQA,661,1,8,16,0.5
Qwen2.5-Math,CSQA,663,1,3,16,0.1875
Qwen2.5-Math,CSQA,664,2,14,16,0.875
Qwen2.5-Math,CSQA,665,5,8,16,0.5
Qwen2.5-Math,CSQA,666,1,1,16,0.0625
Qwen2.5-Math,CSQA,667,1,2,16,0.125
Qwen2.5-Math,CSQA,668,4,13,16,0.8125
Qwen2.5-Math,CSQA,669,1,9,16,0.5625
Qwen2.5-Math,CSQA,672,2,1,16,0.0625
Qwen2.5-Math,CSQA,673,2,13,16,0.8125
Qwen2.5-Math,CSQA,674,2,3,16,0.1875
Qwen2.5-Math,CSQA,675,4,14,16,0.875
Qwen2.5-Math,CSQA,676,4,11,16,0.6875
Qwen2.5-Math,CSQA,677,1,6,16,0.375
Qwen2.5-Math,CSQA,678,1,13,16,0.8125
Qwen2.5-Math,CSQA,679,3,12,16,0.75
Qwen2.5-Math,CSQA,680,1,14,16,0.875
Qwen2.5-Math,CSQA,681,2,6,16,0.375
Qwen2.5-Math,CSQA,682,7,12,16,0.75
Qwen2.5-Math,CSQA,683,1,6,16,0.375
Qwen2.5-Math,CSQA,684,1,0,16,0.0
Qwen2.5-Math,CSQA,685,2,1,16,0.0625
Qwen2.5-Math,CSQA,686,2,6,16,0.375
Qwen2.5-Math,CSQA,687,2,3,16,0.1875
Qwen2.5-Math,CSQA,689,1,12,16,0.75
Qwen2.5-Math,CSQA,690,2,0,16,0.0
Qwen2.5-Math,CSQA,691,1,14,16,0.875
Qwen2.5-Math,CSQA,692,1,12,16,0.75
Qwen2.5-Math,CSQA,693,3,5,16,0.3125
Qwen2.5-Math,CSQA,694,2,2,16,0.125
Qwen2.5-Math,CSQA,695,1,1,16,0.0625
Qwen2.5-Math,CSQA,697,2,12,16,0.75
Qwen2.5-Math,CSQA,698,4,4,16,0.25
Qwen2.5-Math,CSQA,702,3,2,16,0.125
Qwen2.5-Math,CSQA,704,1,0,16,0.0
Qwen2.5-Math,CSQA,705,4,1,16,0.0625
Qwen2.5-Math,CSQA,706,3,11,16,0.6875
Qwen2.5-Math,CSQA,707,3,11,16,0.6875
Qwen2.5-Math,CSQA,708,2,15,16,0.9375
Qwen2.5-Math,CSQA,709,1,14,16,0.875
Qwen2.5-Math,CSQA,710,4,0,16,0.0
Qwen2.5-Math,CSQA,711,3,9,16,0.5625
Qwen2.5-Math,CSQA,713,4,13,16,0.8125
Qwen2.5-Math,CSQA,714,1,0,16,0.0
Qwen2.5-Math,CSQA,716,2,7,16,0.4375
Qwen2.5-Math,CSQA,717,2,3,16,0.1875
Qwen2.5-Math,CSQA,718,3,12,16,0.75
Qwen2.5-Math,CSQA,719,1,16,16,1.0
Qwen2.5-Math,CSQA,721,2,14,16,0.875
Qwen2.5-Math,CSQA,722,1,15,16,0.9375
Qwen2.5-Math,CSQA,723,1,8,16,0.5
Qwen2.5-Math,CSQA,724,2,2,16,0.125
Qwen2.5-Math,CSQA,725,1,1,16,0.0625
Qwen2.5-Math,CSQA,726,4,9,16,0.5625
Qwen2.5-Math,CSQA,727,3,5,16,0.3125
Qwen2.5-Math,CSQA,728,1,0,16,0.0
Qwen2.5-Math,CSQA,729,3,5,16,0.3125
Qwen2.5-Math,CSQA,731,2,14,16,0.875
Qwen2.5-Math,CSQA,732,1,11,16,0.6875
Qwen2.5-Math,CSQA,734,1,3,16,0.1875
Qwen2.5-Math,CSQA,735,2,1,16,0.0625
Qwen2.5-Math,CSQA,736,1,12,16,0.75
Qwen2.5-Math,CSQA,738,2,13,16,0.8125
Qwen2.5-Math,CSQA,739,2,4,16,0.25
Qwen2.5-Math,CSQA,740,1,14,16,0.875
Qwen2.5-Math,CSQA,741,1,14,16,0.875
Qwen2.5-Math,CSQA,743,1,8,16,0.5
Qwen2.5-Math,CSQA,744,2,13,16,0.8125
Qwen2.5-Math,CSQA,745,1,8,16,0.5
Qwen2.5-Math,CSQA,749,6,13,16,0.8125
Qwen2.5-Math,CSQA,751,3,9,16,0.5625
Qwen2.5-Math,CSQA,752,2,7,16,0.4375
Qwen2.5-Math,CSQA,753,2,0,16,0.0
Qwen2.5-Math,CSQA,754,2,4,16,0.25
Qwen2.5-Math,CSQA,755,5,7,16,0.4375
Qwen2.5-Math,CSQA,756,1,6,16,0.375
Qwen2.5-Math,CSQA,758,2,11,16,0.6875
Qwen2.5-Math,CSQA,759,3,16,16,1.0
Qwen2.5-Math,CSQA,760,1,6,16,0.375
Qwen2.5-Math,CSQA,761,4,1,16,0.0625
Qwen2.5-Math,CSQA,762,1,4,16,0.25
Qwen2.5-Math,CSQA,763,2,4,16,0.25
Qwen2.5-Math,CSQA,764,1,0,16,0.0
Qwen2.5-Math,CSQA,765,4,13,16,0.8125
Qwen2.5-Math,CSQA,766,4,10,16,0.625
Qwen2.5-Math,CSQA,767,4,13,16,0.8125
Qwen2.5-Math,CSQA,768,1,10,16,0.625
Qwen2.5-Math,CSQA,769,3,13,16,0.8125
Qwen2.5-Math,CSQA,771,4,5,16,0.3125
Qwen2.5-Math,CSQA,772,3,1,16,0.0625
Qwen2.5-Math,CSQA,775,4,2,16,0.125
Qwen2.5-Math,CSQA,777,4,10,16,0.625
Qwen2.5-Math,CSQA,778,1,12,16,0.75
Qwen2.5-Math,CSQA,779,2,1,16,0.0625
Qwen2.5-Math,CSQA,780,3,12,16,0.75
Qwen2.5-Math,CSQA,781,1,14,16,0.875
Qwen2.5-Math,CSQA,782,1,5,16,0.3125
Qwen2.5-Math,CSQA,783,6,2,16,0.125
Qwen2.5-Math,CSQA,784,5,13,16,0.8125
Qwen2.5-Math,CSQA,785,2,11,16,0.6875
Qwen2.5-Math,CSQA,786,2,6,16,0.375
Qwen2.5-Math,CSQA,787,2,2,16,0.125
Qwen2.5-Math,CSQA,788,4,6,16,0.375
Qwen2.5-Math,CSQA,789,1,2,16,0.125
Qwen2.5-Math,CSQA,791,3,3,16,0.1875
Qwen2.5-Math,CSQA,792,1,12,16,0.75
Qwen2.5-Math,CSQA,793,2,3,16,0.1875
Qwen2.5-Math,CSQA,795,2,8,16,0.5
Qwen2.5-Math,CSQA,796,3,4,16,0.25
Qwen2.5-Math,CSQA,797,4,3,16,0.1875
Qwen2.5-Math,CSQA,799,2,10,16,0.625
Qwen2.5-Math,CSQA,800,2,3,16,0.1875
Qwen2.5-Math,CSQA,801,1,12,16,0.75
Qwen2.5-Math,CSQA,802,2,5,16,0.3125
Qwen2.5-Math,CSQA,804,1,7,16,0.4375
Qwen2.5-Math,CSQA,805,1,3,16,0.1875
Qwen2.5-Math,CSQA,806,2,0,16,0.0
Qwen2.5-Math,CSQA,807,3,6,16,0.375
Qwen2.5-Math,CSQA,808,2,0,16,0.0
Qwen2.5-Math,CSQA,809,3,6,16,0.375
Qwen2.5-Math,CSQA,810,3,8,16,0.5
Qwen2.5-Math,CSQA,811,1,14,16,0.875
Qwen2.5-Math,CSQA,812,1,13,16,0.8125
Qwen2.5-Math,CSQA,817,1,15,16,0.9375
Qwen2.5-Math,CSQA,818,1,6,16,0.375
Qwen2.5-Math,CSQA,819,1,15,16,0.9375
Qwen2.5-Math,CSQA,820,6,13,16,0.8125
Qwen2.5-Math,CSQA,821,1,5,16,0.3125
Qwen2.5-Math,CSQA,825,2,10,16,0.625
Qwen2.5-Math,CSQA,826,1,6,16,0.375
Qwen2.5-Math,CSQA,827,1,10,16,0.625
Qwen2.5-Math,CSQA,829,1,2,16,0.125
Qwen2.5-Math,CSQA,830,1,4,16,0.25
Qwen2.5-Math,CSQA,832,1,9,16,0.5625
Qwen2.5-Math,CSQA,833,5,12,16,0.75
Qwen2.5-Math,CSQA,834,2,1,16,0.0625
Qwen2.5-Math,CSQA,835,1,10,16,0.625
Qwen2.5-Math,CSQA,836,2,6,16,0.375
Qwen2.5-Math,CSQA,838,6,8,16,0.5
Qwen2.5-Math,CSQA,839,2,7,16,0.4375
Qwen2.5-Math,CSQA,840,1,4,16,0.25
Qwen2.5-Math,CSQA,841,3,14,16,0.875
Qwen2.5-Math,CSQA,844,1,3,16,0.1875
Qwen2.5-Math,CSQA,845,2,2,16,0.125
Qwen2.5-Math,CSQA,846,1,6,16,0.375
Qwen2.5-Math,CSQA,847,4,7,16,0.4375
Qwen2.5-Math,CSQA,848,1,14,16,0.875
Qwen2.5-Math,CSQA,849,1,16,16,1.0
Qwen2.5-Math,CSQA,850,1,0,16,0.0
Qwen2.5-Math,CSQA,851,2,13,16,0.8125
Qwen2.5-Math,CSQA,852,1,8,16,0.5
Qwen2.5-Math,CSQA,853,3,12,16,0.75
Qwen2.5-Math,CSQA,854,1,13,16,0.8125
Qwen2.5-Math,CSQA,855,1,3,16,0.1875
Qwen2.5-Math,CSQA,857,1,10,16,0.625
Qwen2.5-Math,CSQA,859,1,1,16,0.0625
Qwen2.5-Math,CSQA,860,1,14,16,0.875
Qwen2.5-Math,CSQA,861,3,7,16,0.4375
Qwen2.5-Math,CSQA,862,1,6,16,0.375
Qwen2.5-Math,CSQA,863,2,8,16,0.5
Qwen2.5-Math,CSQA,864,3,2,16,0.125
Qwen2.5-Math,CSQA,865,1,11,16,0.6875
Qwen2.5-Math,CSQA,866,1,9,16,0.5625
Qwen2.5-Math,CSQA,867,1,9,16,0.5625
Qwen2.5-Math,CSQA,868,4,8,16,0.5
Qwen2.5-Math,CSQA,869,1,14,16,0.875
Qwen2.5-Math,CSQA,870,2,12,16,0.75
Qwen2.5-Math,CSQA,871,1,9,16,0.5625
Qwen2.5-Math,CSQA,872,2,8,16,0.5
Qwen2.5-Math,CSQA,874,4,7,16,0.4375
Qwen2.5-Math,CSQA,875,2,11,16,0.6875
Qwen2.5-Math,CSQA,876,1,4,16,0.25
Qwen2.5-Math,CSQA,877,3,14,16,0.875
Qwen2.5-Math,CSQA,878,1,8,16,0.5
Qwen2.5-Math,CSQA,879,1,11,16,0.6875
Qwen2.5-Math,CSQA,880,2,9,16,0.5625
Qwen2.5-Math,CSQA,881,3,5,16,0.3125
Qwen2.5-Math,CSQA,882,2,13,16,0.8125
Qwen2.5-Math,CSQA,883,1,10,16,0.625
Qwen2.5-Math,CSQA,884,1,13,16,0.8125
Qwen2.5-Math,CSQA,885,2,11,16,0.6875
Qwen2.5-Math,CSQA,886,1,13,16,0.8125
Qwen2.5-Math,CSQA,887,1,13,16,0.8125
Qwen2.5-Math,CSQA,888,2,11,16,0.6875
Qwen2.5-Math,CSQA,889,3,13,16,0.8125
Qwen2.5-Math,CSQA,890,3,2,16,0.125
Qwen2.5-Math,CSQA,893,2,10,16,0.625
Qwen2.5-Math,CSQA,894,1,3,16,0.1875
Qwen2.5-Math,CSQA,895,1,8,16,0.5
Qwen2.5-Math,CSQA,896,2,9,16,0.5625
Qwen2.5-Math,CSQA,897,2,16,16,1.0
Qwen2.5-Math,CSQA,898,2,7,16,0.4375
Qwen2.5-Math,CSQA,899,1,2,16,0.125
Qwen2.5-Math,CSQA,901,2,0,16,0.0
Qwen2.5-Math,CSQA,902,1,8,16,0.5
Qwen2.5-Math,CSQA,903,1,1,16,0.0625
Qwen2.5-Math,CSQA,905,3,2,16,0.125
Qwen2.5-Math,CSQA,906,4,15,16,0.9375
Qwen2.5-Math,CSQA,907,2,6,16,0.375
Qwen2.5-Math,CSQA,908,2,9,16,0.5625
Qwen2.5-Math,CSQA,909,1,12,16,0.75
Qwen2.5-Math,CSQA,910,5,15,16,0.9375
Qwen2.5-Math,CSQA,911,3,7,16,0.4375
Qwen2.5-Math,CSQA,912,1,10,16,0.625
Qwen2.5-Math,CSQA,915,1,0,16,0.0
Qwen2.5-Math,CSQA,916,4,15,16,0.9375
Qwen2.5-Math,CSQA,917,1,3,16,0.1875
Qwen2.5-Math,CSQA,918,1,13,16,0.8125
Qwen2.5-Math,CSQA,919,2,4,16,0.25
Qwen2.5-Math,CSQA,920,1,11,16,0.6875
Qwen2.5-Math,CSQA,921,2,14,16,0.875
Qwen2.5-Math,CSQA,922,1,10,16,0.625
Qwen2.5-Math,CSQA,923,4,13,16,0.8125
Qwen2.5-Math,CSQA,924,1,6,16,0.375
Qwen2.5-Math,CSQA,925,1,3,16,0.1875
Qwen2.5-Math,CSQA,926,2,9,16,0.5625
Qwen2.5-Math,CSQA,929,2,14,16,0.875
Qwen2.5-Math,CSQA,930,1,5,16,0.3125
Qwen2.5-Math,CSQA,931,4,10,16,0.625
Qwen2.5-Math,CSQA,932,4,14,16,0.875
Qwen2.5-Math,CSQA,933,3,10,16,0.625
Qwen2.5-Math,CSQA,934,3,0,16,0.0
Qwen2.5-Math,CSQA,935,1,9,16,0.5625
Qwen2.5-Math,CSQA,937,1,2,16,0.125
Qwen2.5-Math,CSQA,940,2,10,16,0.625
Qwen2.5-Math,CSQA,943,2,11,16,0.6875
Qwen2.5-Math,CSQA,944,1,4,16,0.25
Qwen2.5-Math,CSQA,945,2,15,16,0.9375
Qwen2.5-Math,CSQA,946,2,13,16,0.8125
Qwen2.5-Math,CSQA,947,1,12,16,0.75
Qwen2.5-Math,CSQA,948,2,7,16,0.4375
Qwen2.5-Math,CSQA,949,3,7,16,0.4375
Qwen2.5-Math,CSQA,950,3,11,16,0.6875
Qwen2.5-Math,CSQA,951,5,4,16,0.25
Qwen2.5-Math,CSQA,952,1,6,16,0.375
Qwen2.5-Math,CSQA,953,3,10,16,0.625
Qwen2.5-Math,CSQA,954,2,6,16,0.375
Qwen2.5-Math,CSQA,956,4,1,16,0.0625
Qwen2.5-Math,CSQA,960,4,12,16,0.75
Qwen2.5-Math,CSQA,962,2,5,16,0.3125
Qwen2.5-Math,CSQA,963,5,10,16,0.625
Qwen2.5-Math,CSQA,964,1,16,16,1.0
Qwen2.5-Math,CSQA,965,2,1,16,0.0625
Qwen2.5-Math,CSQA,966,2,0,16,0.0
Qwen2.5-Math,CSQA,967,1,10,16,0.625
Qwen2.5-Math,CSQA,968,6,9,16,0.5625
Qwen2.5-Math,CSQA,969,2,11,16,0.6875
Qwen2.5-Math,CSQA,970,1,4,16,0.25
Qwen2.5-Math,CSQA,971,3,5,16,0.3125
Qwen2.5-Math,CSQA,972,1,14,16,0.875
Qwen2.5-Math,CSQA,973,3,15,16,0.9375
Qwen2.5-Math,CSQA,974,3,2,16,0.125
Qwen2.5-Math,CSQA,975,1,15,16,0.9375
Qwen2.5-Math,CSQA,976,1,7,16,0.4375
Qwen2.5-Math,CSQA,977,4,15,16,0.9375
Qwen2.5-Math,CSQA,978,2,2,16,0.125
Qwen2.5-Math,CSQA,980,1,7,16,0.4375
Qwen2.5-Math,CSQA,983,3,13,16,0.8125
Qwen2.5-Math,CSQA,984,1,6,16,0.375
Qwen2.5-Math,CSQA,985,4,5,16,0.3125
Qwen2.5-Math,CSQA,988,2,2,16,0.125
Qwen2.5-Math,CSQA,989,1,12,16,0.75
Qwen2.5-Math,CSQA,990,3,1,16,0.0625
Qwen2.5-Math,CSQA,991,2,12,16,0.75
Qwen2.5-Math,CSQA,993,2,10,16,0.625
Qwen2.5-Math,CSQA,994,1,12,16,0.75
Qwen2.5-Math,CSQA,995,1,9,16,0.5625
Qwen2.5-Math,CSQA,996,1,13,16,0.8125
Qwen2.5-Math,CSQA,998,2,9,16,0.5625
Qwen2.5-Math,CSQA,999,1,12,16,0.75
Qwen2.5-Math,CSQA,1000,2,15,16,0.9375
Qwen2.5-Math,CSQA,1001,2,5,16,0.3125
Qwen2.5-Math,CSQA,1002,1,5,16,0.3125
Qwen2.5-Math,CSQA,1003,1,0,16,0.0
Qwen2.5-Math,CSQA,1004,1,2,16,0.125
Qwen2.5-Math,CSQA,1005,1,0,16,0.0
Qwen2.5-Math,CSQA,1006,1,3,16,0.1875
Qwen2.5-Math,CSQA,1007,5,6,16,0.375
Qwen2.5-Math,CSQA,1008,1,3,16,0.1875
Qwen2.5-Math,CSQA,1009,2,8,16,0.5
Qwen2.5-Math,CSQA,1010,1,11,16,0.6875
Qwen2.5-Math,CSQA,1011,4,8,16,0.5
Qwen2.5-Math,CSQA,1014,1,2,16,0.125
Qwen2.5-Math,CSQA,1016,1,2,16,0.125
Qwen2.5-Math,CSQA,1017,2,2,16,0.125
Qwen2.5-Math,CSQA,1019,1,2,16,0.125
Qwen2.5-Math,CSQA,1020,2,2,16,0.125
Qwen2.5-Math,CSQA,1021,1,5,16,0.3125
Qwen2.5-Math,CSQA,1022,3,9,16,0.5625
Qwen2.5-Math,CSQA,1023,2,2,16,0.125
Qwen2.5-Math,CSQA,1024,2,7,16,0.4375
Qwen2.5-Math,CSQA,1025,4,5,16,0.3125
Qwen2.5-Math,CSQA,1026,1,3,16,0.1875
Qwen2.5-Math,CSQA,1027,3,11,16,0.6875
Qwen2.5-Math,CSQA,1028,1,8,16,0.5
Qwen2.5-Math,CSQA,1029,2,6,16,0.375
Qwen2.5-Math,CSQA,1031,1,4,16,0.25
Qwen2.5-Math,CSQA,1032,1,1,16,0.0625
Qwen2.5-Math,CSQA,1034,2,4,16,0.25
Qwen2.5-Math,CSQA,1035,1,3,16,0.1875
Qwen2.5-Math,CSQA,1036,1,12,16,0.75
Qwen2.5-Math,CSQA,1038,4,11,16,0.6875
Qwen2.5-Math,CSQA,1039,2,1,16,0.0625
Qwen2.5-Math,CSQA,1040,4,4,16,0.25
Qwen2.5-Math,CSQA,1041,4,6,16,0.375
Qwen2.5-Math,CSQA,1042,1,8,16,0.5
Qwen2.5-Math,CSQA,1043,4,11,16,0.6875
Qwen2.5-Math,CSQA,1044,1,9,16,0.5625
Qwen2.5-Math,CSQA,1047,5,11,16,0.6875
Qwen2.5-Math,CSQA,1049,1,8,16,0.5
Qwen2.5-Math,CSQA,1050,3,8,16,0.5
Qwen2.5-Math,CSQA,1051,4,1,16,0.0625
Qwen2.5-Math,CSQA,1052,5,13,16,0.8125
Qwen2.5-Math,CSQA,1053,2,4,16,0.25
Qwen2.5-Math,CSQA,1054,2,10,16,0.625
Qwen2.5-Math,CSQA,1056,3,12,16,0.75
Qwen2.5-Math,CSQA,1057,2,8,16,0.5
Qwen2.5-Math,CSQA,1058,1,11,16,0.6875
Qwen2.5-Math,CSQA,1059,1,8,16,0.5
Qwen2.5-Math,CSQA,1060,1,8,16,0.5
Qwen2.5-Math,CSQA,1061,2,9,16,0.5625
Qwen2.5-Math,CSQA,1062,1,4,16,0.25
Qwen2.5-Math,CSQA,1063,1,1,16,0.0625
Qwen2.5-Math,CSQA,1065,1,10,16,0.625
Qwen2.5-Math,CSQA,1066,3,12,16,0.75
Qwen2.5-Math,CSQA,1067,1,9,16,0.5625
Qwen2.5-Math,CSQA,1068,3,4,16,0.25
Qwen2.5-Math,CSQA,1069,1,11,16,0.6875
Qwen2.5-Math,CSQA,1070,2,10,16,0.625
Qwen2.5-Math,CSQA,1071,4,15,16,0.9375
Qwen2.5-Math,CSQA,1072,1,14,16,0.875
Qwen2.5-Math,CSQA,1073,2,2,16,0.125
Qwen2.5-Math,CSQA,1074,2,2,16,0.125
Qwen2.5-Math,CSQA,1078,4,12,16,0.75
Qwen2.5-Math,CSQA,1080,2,10,16,0.625
Qwen2.5-Math,CSQA,1081,2,15,16,0.9375
Qwen2.5-Math,CSQA,1083,2,15,16,0.9375
Qwen2.5-Math,CSQA,1084,3,14,16,0.875
Qwen2.5-Math,CSQA,1085,1,3,16,0.1875
Qwen2.5-Math,CSQA,1086,8,1,16,0.0625
Qwen2.5-Math,CSQA,1087,1,4,16,0.25
Qwen2.5-Math,CSQA,1088,3,13,16,0.8125
Qwen2.5-Math,CSQA,1089,2,16,16,1.0
Qwen2.5-Math,CSQA,1090,1,5,16,0.3125
Qwen2.5-Math,CSQA,1091,3,10,16,0.625
Qwen2.5-Math,CSQA,1092,1,13,16,0.8125
Qwen2.5-Math,CSQA,1093,1,1,16,0.0625
Qwen2.5-Math,CSQA,1094,2,8,16,0.5
Qwen2.5-Math,CSQA,1095,4,10,16,0.625
Qwen2.5-Math,CSQA,1099,3,0,16,0.0
Qwen2.5-Math,CSQA,1100,2,12,16,0.75
Qwen2.5-Math,CSQA,1101,3,10,16,0.625
Qwen2.5-Math,CSQA,1102,2,12,16,0.75
Qwen2.5-Math,CSQA,1103,1,8,16,0.5
Qwen2.5-Math,CSQA,1104,2,3,16,0.1875
Qwen2.5-Math,CSQA,1105,1,0,16,0.0
Qwen2.5-Math,CSQA,1107,5,3,16,0.1875
Qwen2.5-Math,CSQA,1108,1,15,16,0.9375
Qwen2.5-Math,CSQA,1109,2,6,16,0.375
Qwen2.5-Math,CSQA,1110,1,2,16,0.125
Qwen2.5-Math,CSQA,1111,2,1,16,0.0625
Qwen2.5-Math,CSQA,1114,1,15,16,0.9375
Qwen2.5-Math,CSQA,1117,4,16,16,1.0
Qwen2.5-Math,CSQA,1118,1,5,16,0.3125
Qwen2.5-Math,CSQA,1119,6,14,16,0.875
Qwen2.5-Math,CSQA,1120,3,13,16,0.8125
Qwen2.5-Math,CSQA,1123,4,0,16,0.0
Qwen2.5-Math,CSQA,1124,1,3,16,0.1875
Qwen2.5-Math,CSQA,1125,3,9,16,0.5625
Qwen2.5-Math,CSQA,1126,1,8,16,0.5
Qwen2.5-Math,CSQA,1129,2,11,16,0.6875
Qwen2.5-Math,CSQA,1131,1,2,16,0.125
Qwen2.5-Math,CSQA,1132,2,13,16,0.8125
Qwen2.5-Math,CSQA,1133,2,1,16,0.0625
Qwen2.5-Math,CSQA,1134,1,7,16,0.4375
Qwen2.5-Math,CSQA,1135,1,10,16,0.625
Qwen2.5-Math,CSQA,1136,2,12,16,0.75
Qwen2.5-Math,CSQA,1137,4,12,16,0.75
Qwen2.5-Math,CSQA,1138,1,4,16,0.25
Qwen2.5-Math,CSQA,1140,3,10,16,0.625
Qwen2.5-Math,CSQA,1142,2,4,16,0.25
Qwen2.5-Math,CSQA,1143,3,2,16,0.125
Qwen2.5-Math,CSQA,1144,3,5,16,0.3125
Qwen2.5-Math,CSQA,1145,2,10,16,0.625
Qwen2.5-Math,CSQA,1146,1,10,16,0.625
Qwen2.5-Math,CSQA,1147,2,6,16,0.375
Qwen2.5-Math,CSQA,1148,2,4,16,0.25
Qwen2.5-Math,CSQA,1149,1,13,16,0.8125
Qwen2.5-Math,CSQA,1150,6,6,16,0.375
Qwen2.5-Math,CSQA,1151,1,1,16,0.0625
Qwen2.5-Math,CSQA,1152,2,7,16,0.4375
Qwen2.5-Math,CSQA,1153,4,0,16,0.0
Qwen2.5-Math,CSQA,1154,1,4,16,0.25
Qwen2.5-Math,CSQA,1155,1,1,16,0.0625
Qwen2.5-Math,CSQA,1156,1,12,16,0.75
Qwen2.5-Math,CSQA,1158,3,0,16,0.0
Qwen2.5-Math,CSQA,1159,1,7,16,0.4375
Qwen2.5-Math,CSQA,1161,4,8,16,0.5
Qwen2.5-Math,CSQA,1162,1,5,16,0.3125
Qwen2.5-Math,CSQA,1163,4,12,16,0.75
Qwen2.5-Math,CSQA,1164,1,5,16,0.3125
Qwen2.5-Math,CSQA,1165,2,6,16,0.375
Qwen2.5-Math,CSQA,1166,1,8,16,0.5
Qwen2.5-Math,CSQA,1168,3,5,16,0.3125
Qwen2.5-Math,CSQA,1169,2,3,16,0.1875
Qwen2.5-Math,CSQA,1170,2,4,16,0.25
Qwen2.5-Math,CSQA,1171,1,5,16,0.3125
Qwen2.5-Math,CSQA,1172,1,2,16,0.125
Qwen2.5-Math,CSQA,1173,1,10,16,0.625
Qwen2.5-Math,CSQA,1174,1,14,16,0.875
Qwen2.5-Math,CSQA,1175,1,13,16,0.8125
Qwen2.5-Math,CSQA,1176,4,11,16,0.6875
Qwen2.5-Math,CSQA,1178,3,4,16,0.25
Qwen2.5-Math,CSQA,1179,2,9,16,0.5625
Qwen2.5-Math,CSQA,1180,4,11,16,0.6875
Qwen2.5-Math,CSQA,1183,3,5,16,0.3125
Qwen2.5-Math,CSQA,1184,1,1,16,0.0625
Qwen2.5-Math,CSQA,1185,1,5,16,0.3125
Qwen2.5-Math,CSQA,1186,3,12,16,0.75
Qwen2.5-Math,CSQA,1187,2,14,16,0.875
Qwen2.5-Math,CSQA,1189,2,3,16,0.1875
Qwen2.5-Math,CSQA,1190,1,13,16,0.8125
Qwen2.5-Math,CSQA,1192,2,10,16,0.625
Qwen2.5-Math,CSQA,1193,3,14,16,0.875
Qwen2.5-Math,CSQA,1194,2,1,16,0.0625
Qwen2.5-Math,CSQA,1196,1,2,16,0.125
Qwen2.5-Math,CSQA,1198,4,8,16,0.5
Qwen2.5-Math,CSQA,1199,2,7,16,0.4375
Qwen2.5-Math,CSQA,1200,1,8,16,0.5
Qwen2.5-Math,CSQA,1201,3,15,16,0.9375
Qwen2.5-Math,CSQA,1204,2,13,16,0.8125
Qwen2.5-Math,CSQA,1205,2,14,16,0.875
Qwen2.5-Math,CSQA,1206,2,1,16,0.0625
Qwen2.5-Math,CSQA,1207,3,10,16,0.625
Qwen2.5-Math,CSQA,1208,1,0,16,0.0
Qwen2.5-Math,CSQA,1209,1,10,16,0.625
Qwen2.5-Math,CSQA,1212,2,4,16,0.25
Qwen2.5-Math,CSQA,1214,6,8,16,0.5
Qwen2.5-Math,CSQA,1218,3,13,16,0.8125
Qwen2.5-Math,CSQA,1219,4,16,16,1.0
Qwen2.5-Math,GPQA,1,4,2,16,0.125
Qwen2.5-Math,GPQA,3,2,4,16,0.25
Qwen2.5-Math,GPQA,5,3,7,16,0.4375
Qwen2.5-Math,GPQA,7,8,8,16,0.5
Qwen2.5-Math,GPQA,11,7,3,16,0.1875
Qwen2.5-Math,GPQA,12,4,11,16,0.6875
Qwen2.5-Math,GPQA,13,3,6,16,0.375
Qwen2.5-Math,GPQA,16,1,3,16,0.1875
Qwen2.5-Math,GPQA,18,2,5,16,0.3125
Qwen2.5-Math,GPQA,21,3,12,16,0.75
Qwen2.5-Math,GPQA,22,2,6,16,0.375
Qwen2.5-Math,GPQA,24,2,4,16,0.25
Qwen2.5-Math,GPQA,26,4,5,16,0.3125
Qwen2.5-Math,GPQA,29,11,2,16,0.125
Qwen2.5-Math,GPQA,30,1,0,16,0.0
Qwen2.5-Math,GPQA,32,2,8,16,0.5
Qwen2.5-Math,GPQA,33,3,3,16,0.1875
Qwen2.5-Math,GPQA,40,2,3,16,0.1875
Qwen2.5-Math,GPQA,44,2,8,16,0.5
Qwen2.5-Math,GPQA,45,2,5,16,0.3125
Qwen2.5-Math,GPQA,46,1,3,16,0.1875
Qwen2.5-Math,GPQA,50,2,4,16,0.25
Qwen2.5-Math,GPQA,51,1,9,16,0.5625
Qwen2.5-Math,GPQA,52,12,14,16,0.875
Qwen2.5-Math,GPQA,54,1,5,16,0.3125
Qwen2.5-Math,GPQA,58,1,6,16,0.375
Qwen2.5-Math,GPQA,60,1,5,16,0.3125
Qwen2.5-Math,GPQA,63,1,4,16,0.25
Qwen2.5-Math,GPQA,72,12,0,16,0.0
Qwen2.5-Math,GPQA,74,3,2,16,0.125
Qwen2.5-Math,GPQA,75,6,1,16,0.0625
Qwen2.5-Math,GPQA,76,7,4,16,0.25
Qwen2.5-Math,GPQA,77,7,6,16,0.375
Qwen2.5-Math,GPQA,80,9,5,16,0.3125
Qwen2.5-Math,GPQA,81,2,4,16,0.25
Qwen2.5-Math,GPQA,83,9,4,16,0.25
Qwen2.5-Math,GPQA,84,6,5,16,0.3125
Qwen2.5-Math,GPQA,90,13,4,16,0.25
Qwen2.5-Math,GPQA,96,2,2,16,0.125
Qwen2.5-Math,GPQA,97,1,9,16,0.5625
Qwen2.5-Math,GPQA,103,1,3,16,0.1875
Qwen2.5-Math,GPQA,104,3,4,16,0.25
Qwen2.5-Math,GPQA,106,2,8,16,0.5
Qwen2.5-Math,GPQA,109,1,5,16,0.3125
Qwen2.5-Math,GPQA,110,2,11,16,0.6875
Qwen2.5-Math,GPQA,111,2,9,16,0.5625
Qwen2.5-Math,GPQA,112,3,6,16,0.375
Qwen2.5-Math,GPQA,114,5,3,16,0.1875
Qwen2.5-Math,GPQA,118,3,7,16,0.4375
Qwen2.5-Math,GPQA,120,11,2,16,0.125
Qwen2.5-Math,GPQA,123,1,7,16,0.4375
Qwen2.5-Math,GPQA,124,3,4,16,0.25
Qwen2.5-Math,GPQA,125,8,3,16,0.1875
Qwen2.5-Math,GPQA,136,2,8,16,0.5
Qwen2.5-Math,GPQA,137,10,3,16,0.1875
Qwen2.5-Math,GPQA,139,1,6,16,0.375
Qwen2.5-Math,GPQA,144,2,3,16,0.1875
Qwen2.5-Math,GPQA,145,3,4,16,0.25
Qwen2.5-Math,GPQA,147,11,7,16,0.4375
Qwen2.5-Math,GPQA,151,2,5,16,0.3125
Qwen2.5-Math,GPQA,153,1,2,16,0.125
Qwen2.5-Math,GPQA,158,1,8,16,0.5
Qwen2.5-Math,GPQA,159,11,12,16,0.75
Qwen2.5-Math,GPQA,163,6,5,16,0.3125
Qwen2.5-Math,GPQA,168,2,4,16,0.25
Qwen2.5-Math,GPQA,171,1,8,16,0.5
Qwen2.5-Math,GPQA,172,1,3,16,0.1875
Qwen2.5-Math,GPQA,177,3,8,16,0.5
Qwen2.5-Math,GPQA,178,4,5,16,0.3125
Qwen2.5-Math,GPQA,179,2,5,16,0.3125
Qwen2.5-Math,GPQA,181,1,3,16,0.1875
Qwen2.5-Math,GPQA,182,1,5,16,0.3125
Qwen2.5-Math,GPQA,185,2,2,16,0.125
Qwen2.5-Math,GPQA,186,3,2,16,0.125
Qwen2.5-Math,GPQA,187,12,9,16,0.5625
Qwen2.5-Math,GPQA,188,2,4,16,0.25
Qwen2.5-Math,GPQA,189,15,8,16,0.5
Qwen2.5-Math,GPQA,193,4,12,16,0.75
Qwen2.5-Math,GPQA,195,4,3,16,0.1875
Qwen2.5-Math,GPQA,197,2,2,16,0.125
Qwen2.5-Math,GPQA,199,6,11,16,0.6875
Qwen2.5-Math,GPQA,201,7,0,16,0.0
Qwen2.5-Math,GPQA,203,6,3,16,0.1875
Qwen2.5-Math,GPQA,205,5,2,16,0.125
Qwen2.5-Math,GPQA,206,5,1,16,0.0625
Qwen2.5-Math,GPQA,208,2,6,16,0.375
Qwen2.5-Math,GPQA,212,1,6,16,0.375
Qwen2.5-Math,GPQA,215,1,5,16,0.3125
Qwen2.5-Math,GPQA,218,1,4,16,0.25
Qwen2.5-Math,GPQA,219,10,6,16,0.375
Qwen2.5-Math,GPQA,220,5,2,16,0.125
Qwen2.5-Math,GPQA,221,2,1,16,0.0625
Qwen2.5-Math,GPQA,222,12,8,16,0.5
Qwen2.5-Math,GPQA,225,5,6,16,0.375
Qwen2.5-Math,GPQA,226,1,0,16,0.0
Qwen2.5-Math,GPQA,227,2,9,16,0.5625
Qwen2.5-Math,GPQA,228,1,7,16,0.4375
Qwen2.5-Math,GPQA,229,1,4,16,0.25
Qwen2.5-Math,GPQA,230,8,4,16,0.25
Qwen2.5-Math,GPQA,235,10,4,16,0.25
Qwen2.5-Math,GPQA,241,3,5,16,0.3125
Qwen2.5-Math,GPQA,247,8,6,16,0.375
Qwen2.5-Math,GPQA,251,10,13,16,0.8125
Qwen2.5-Math,GPQA,253,1,6,16,0.375
Qwen2.5-Math,GPQA,254,1,3,16,0.1875
Qwen2.5-Math,GPQA,256,4,8,16,0.5
Qwen2.5-Math,GPQA,259,3,6,16,0.375
Qwen2.5-Math,GPQA,260,4,8,16,0.5
Qwen2.5-Math,GPQA,262,4,3,16,0.1875
Qwen2.5-Math,GPQA,264,1,6,16,0.375
Qwen2.5-Math,GPQA,265,4,6,16,0.375
Qwen2.5-Math,GPQA,266,9,8,16,0.5
Qwen2.5-Math,GPQA,270,1,2,16,0.125
Qwen2.5-Math,GPQA,272,1,4,16,0.25
Qwen2.5-Math,GPQA,274,1,3,16,0.1875
Qwen2.5-Math,GPQA,277,1,5,16,0.3125
Qwen2.5-Math,GPQA,279,6,10,16,0.625
Qwen2.5-Math,GPQA,283,4,5,16,0.3125
Qwen2.5-Math,GPQA,285,10,7,16,0.4375
Qwen2.5-Math,GPQA,287,9,9,16,0.5625
Qwen2.5-Math,GPQA,288,1,1,16,0.0625
Qwen2.5-Math,GPQA,289,3,3,16,0.1875
Qwen2.5-Math,GPQA,291,4,6,16,0.375
Qwen2.5-Math,GPQA,292,1,5,16,0.3125
Qwen2.5-Math,GPQA,293,6,3,16,0.1875
Qwen2.5-Math,GPQA,295,9,13,16,0.8125
Qwen2.5-Math,GPQA,301,2,2,16,0.125
Qwen2.5-Math,GPQA,307,2,5,16,0.3125
Qwen2.5-Math,GPQA,315,6,5,16,0.3125
Qwen2.5-Math,GPQA,318,1,3,16,0.1875
Qwen2.5-Math,GPQA,322,11,3,16,0.1875
Qwen2.5-Math,GPQA,324,5,8,16,0.5
Qwen2.5-Math,GPQA,326,10,0,16,0.0
Qwen2.5-Math,GPQA,332,8,12,16,0.75
Qwen2.5-Math,GPQA,335,2,2,16,0.125
Qwen2.5-Math,GPQA,336,1,2,16,0.125
Qwen2.5-Math,GPQA,337,3,4,16,0.25
Qwen2.5-Math,GPQA,339,3,11,16,0.6875
Qwen2.5-Math,GPQA,342,4,8,16,0.5
Qwen2.5-Math,GPQA,344,6,4,16,0.25
Qwen2.5-Math,GPQA,355,11,5,16,0.3125
Qwen2.5-Math,GPQA,359,2,5,16,0.3125
Qwen2.5-Math,GPQA,362,11,5,16,0.3125
Qwen2.5-Math,GPQA,363,2,2,16,0.125
Qwen2.5-Math,GPQA,364,4,1,16,0.0625
Qwen2.5-Math,GPQA,373,1,6,16,0.375
Qwen2.5-Math,GPQA,375,6,10,16,0.625
Qwen2.5-Math,GPQA,378,2,2,16,0.125
Qwen2.5-Math,GPQA,379,2,4,16,0.25
Qwen2.5-Math,GPQA,382,2,6,16,0.375
Qwen2.5-Math,GPQA,387,6,5,16,0.3125
Qwen2.5-Math,GPQA,393,4,6,16,0.375
Qwen2.5-Math,GPQA,395,1,8,16,0.5
Qwen2.5-Math,GPQA,399,6,2,16,0.125
Qwen2.5-Math,GPQA,401,2,6,16,0.375
Qwen2.5-Math,GPQA,403,10,6,16,0.375
Qwen2.5-Math,GPQA,407,2,2,16,0.125
Qwen2.5-Math,GPQA,408,9,4,16,0.25
Qwen2.5-Math,GPQA,411,7,3,16,0.1875
Qwen2.5-Math,GPQA,412,1,6,16,0.375
Qwen2.5-Math,GPQA,416,2,12,16,0.75
Qwen2.5-Math,GPQA,417,1,1,16,0.0625
Qwen2.5-Math,GPQA,418,10,14,16,0.875
Qwen2.5-Math,GPQA,421,1,6,16,0.375
Qwen2.5-Math,GPQA,422,1,8,16,0.5
Qwen2.5-Math,GPQA,423,5,8,16,0.5
Qwen2.5-Math,GPQA,426,1,2,16,0.125
Qwen2.5-Math,GPQA,427,1,2,16,0.125
Qwen2.5-Math,GPQA,432,7,2,16,0.125
Qwen2.5-Math,GPQA,434,1,2,16,0.125
Qwen2.5-Math,GPQA,438,4,2,16,0.125
Qwen2.5-Math,GPQA,439,8,5,16,0.3125
Qwen2.5-Math,GPQA,442,1,3,16,0.1875
Qwen2.5-Math,GSM8K,1,1,15,16,0.9375
Qwen2.5-Math,GSM8K,3,2,15,16,0.9375
Qwen2.5-Math,GSM8K,5,1,13,16,0.8125
Qwen2.5-Math,GSM8K,10,3,12,16,0.75
Qwen2.5-Math,GSM8K,11,7,9,16,0.5625
Qwen2.5-Math,GSM8K,12,4,5,16,0.3125
Qwen2.5-Math,GSM8K,13,2,13,16,0.8125
Qwen2.5-Math,GSM8K,14,1,12,16,0.75
Qwen2.5-Math,GSM8K,17,6,10,16,0.625
Qwen2.5-Math,GSM8K,19,1,14,16,0.875
Qwen2.5-Math,GSM8K,20,2,5,16,0.3125
Qwen2.5-Math,GSM8K,22,1,15,16,0.9375
Qwen2.5-Math,GSM8K,23,1,13,16,0.8125
Qwen2.5-Math,GSM8K,24,2,13,16,0.8125
Qwen2.5-Math,GSM8K,25,3,13,16,0.8125
Qwen2.5-Math,GSM8K,26,1,10,16,0.625
Qwen2.5-Math,GSM8K,28,4,11,16,0.6875
Qwen2.5-Math,GSM8K,29,1,8,16,0.5
Qwen2.5-Math,GSM8K,30,2,12,16,0.75
Qwen2.5-Math,GSM8K,31,2,10,16,0.625
Qwen2.5-Math,GSM8K,33,1,13,16,0.8125
Qwen2.5-Math,GSM8K,34,2,13,16,0.8125
Qwen2.5-Math,GSM8K,35,2,15,16,0.9375
Qwen2.5-Math,GSM8K,36,3,14,16,0.875
Qwen2.5-Math,GSM8K,39,1,12,16,0.75
Qwen2.5-Math,GSM8K,40,2,11,16,0.6875
Qwen2.5-Math,GSM8K,41,2,13,16,0.8125
Qwen2.5-Math,GSM8K,42,1,14,16,0.875
Qwen2.5-Math,GSM8K,43,4,9,16,0.5625
Qwen2.5-Math,GSM8K,44,2,15,16,0.9375
Qwen2.5-Math,GSM8K,45,3,10,16,0.625
Qwen2.5-Math,GSM8K,47,2,13,16,0.8125
Qwen2.5-Math,GSM8K,49,2,14,16,0.875
Qwen2.5-Math,GSM8K,50,1,14,16,0.875
Qwen2.5-Math,GSM8K,51,1,10,16,0.625
Qwen2.5-Math,GSM8K,53,2,11,16,0.6875
Qwen2.5-Math,GSM8K,54,1,11,16,0.6875
Qwen2.5-Math,GSM8K,55,2,14,16,0.875
Qwen2.5-Math,GSM8K,56,1,14,16,0.875
Qwen2.5-Math,GSM8K,58,1,7,16,0.4375
Qwen2.5-Math,GSM8K,59,1,15,16,0.9375
Qwen2.5-Math,GSM8K,60,1,13,16,0.8125
Qwen2.5-Math,GSM8K,61,1,10,16,0.625
Qwen2.5-Math,GSM8K,63,2,9,16,0.5625
Qwen2.5-Math,GSM8K,65,3,13,16,0.8125
Qwen2.5-Math,GSM8K,66,1,11,16,0.6875
Qwen2.5-Math,GSM8K,67,1,9,16,0.5625
Qwen2.5-Math,GSM8K,68,2,12,16,0.75
Qwen2.5-Math,GSM8K,69,1,14,16,0.875
Qwen2.5-Math,GSM8K,71,4,14,16,0.875
Qwen2.5-Math,GSM8K,72,2,9,16,0.5625
Qwen2.5-Math,GSM8K,73,1,12,16,0.75
Qwen2.5-Math,GSM8K,74,3,12,16,0.75
Qwen2.5-Math,GSM8K,75,2,8,16,0.5
Qwen2.5-Math,GSM8K,76,1,9,16,0.5625
Qwen2.5-Math,GSM8K,77,3,14,16,0.875
Qwen2.5-Math,GSM8K,78,2,15,16,0.9375
Qwen2.5-Math,GSM8K,79,2,15,16,0.9375
Qwen2.5-Math,GSM8K,80,1,11,16,0.6875
Qwen2.5-Math,GSM8K,81,4,11,16,0.6875
Qwen2.5-Math,GSM8K,82,2,12,16,0.75
Qwen2.5-Math,GSM8K,83,3,12,16,0.75
Qwen2.5-Math,GSM8K,84,2,13,16,0.8125
Qwen2.5-Math,GSM8K,85,2,10,16,0.625
Qwen2.5-Math,GSM8K,86,2,10,16,0.625
Qwen2.5-Math,GSM8K,88,3,11,16,0.6875
Qwen2.5-Math,GSM8K,89,1,3,16,0.1875
Qwen2.5-Math,GSM8K,91,2,13,16,0.8125
Qwen2.5-Math,GSM8K,92,2,9,16,0.5625
Qwen2.5-Math,GSM8K,94,3,13,16,0.8125
Qwen2.5-Math,GSM8K,95,8,12,16,0.75
Qwen2.5-Math,GSM8K,98,1,6,16,0.375
Qwen2.5-Math,GSM8K,99,2,11,16,0.6875
Qwen2.5-Math,GSM8K,100,2,10,16,0.625
Qwen2.5-Math,GSM8K,101,1,12,16,0.75
Qwen2.5-Math,GSM8K,102,1,6,16,0.375
Qwen2.5-Math,GSM8K,104,6,9,16,0.5625
Qwen2.5-Math,GSM8K,106,4,13,16,0.8125
Qwen2.5-Math,GSM8K,107,4,7,16,0.4375
Qwen2.5-Math,GSM8K,108,2,12,16,0.75
Qwen2.5-Math,GSM8K,109,3,15,16,0.9375
Qwen2.5-Math,GSM8K,110,1,13,16,0.8125
Qwen2.5-Math,GSM8K,111,2,9,16,0.5625
Qwen2.5-Math,GSM8K,112,1,16,16,1.0
Qwen2.5-Math,GSM8K,114,2,12,16,0.75
Qwen2.5-Math,GSM8K,117,3,15,16,0.9375
Qwen2.5-Math,GSM8K,118,1,14,16,0.875
Qwen2.5-Math,GSM8K,119,2,0,16,0.0
Qwen2.5-Math,GSM8K,120,2,13,16,0.8125
Qwen2.5-Math,GSM8K,121,1,15,16,0.9375
Qwen2.5-Math,GSM8K,123,3,13,16,0.8125
Qwen2.5-Math,GSM8K,124,2,9,16,0.5625
Qwen2.5-Math,GSM8K,125,1,13,16,0.8125
Qwen2.5-Math,GSM8K,126,2,14,16,0.875
Qwen2.5-Math,GSM8K,127,1,13,16,0.8125
Qwen2.5-Math,GSM8K,128,1,14,16,0.875
Qwen2.5-Math,GSM8K,131,2,14,16,0.875
Qwen2.5-Math,GSM8K,132,2,15,16,0.9375
Qwen2.5-Math,GSM8K,133,1,14,16,0.875
Qwen2.5-Math,GSM8K,134,1,15,16,0.9375
Qwen2.5-Math,GSM8K,135,3,12,16,0.75
Qwen2.5-Math,GSM8K,136,3,16,16,1.0
Qwen2.5-Math,GSM8K,137,2,7,16,0.4375
Qwen2.5-Math,GSM8K,138,6,9,16,0.5625
Qwen2.5-Math,GSM8K,139,1,13,16,0.8125
Qwen2.5-Math,GSM8K,140,3,10,16,0.625
Qwen2.5-Math,GSM8K,141,1,14,16,0.875
Qwen2.5-Math,GSM8K,142,1,15,16,0.9375
Qwen2.5-Math,GSM8K,143,1,15,16,0.9375
Qwen2.5-Math,GSM8K,144,1,15,16,0.9375
Qwen2.5-Math,GSM8K,145,4,11,16,0.6875
Qwen2.5-Math,GSM8K,149,2,13,16,0.8125
Qwen2.5-Math,GSM8K,150,1,10,16,0.625
Qwen2.5-Math,GSM8K,151,1,14,16,0.875
Qwen2.5-Math,GSM8K,152,2,13,16,0.8125
Qwen2.5-Math,GSM8K,154,3,8,16,0.5
Qwen2.5-Math,GSM8K,155,2,12,16,0.75
Qwen2.5-Math,GSM8K,156,1,15,16,0.9375
Qwen2.5-Math,GSM8K,158,1,13,16,0.8125
Qwen2.5-Math,GSM8K,159,1,14,16,0.875
Qwen2.5-Math,GSM8K,160,1,15,16,0.9375
Qwen2.5-Math,GSM8K,161,4,15,16,0.9375
Qwen2.5-Math,GSM8K,163,1,14,16,0.875
Qwen2.5-Math,GSM8K,164,2,13,16,0.8125
Qwen2.5-Math,GSM8K,165,2,5,16,0.3125
Qwen2.5-Math,GSM8K,167,2,13,16,0.8125
Qwen2.5-Math,GSM8K,168,2,15,16,0.9375
Qwen2.5-Math,GSM8K,170,2,11,16,0.6875
Qwen2.5-Math,GSM8K,171,9,3,16,0.1875
Qwen2.5-Math,GSM8K,172,1,6,16,0.375
Qwen2.5-Math,GSM8K,174,2,13,16,0.8125
Qwen2.5-Math,GSM8K,176,1,14,16,0.875
Qwen2.5-Math,GSM8K,177,1,8,16,0.5
Qwen2.5-Math,GSM8K,178,4,11,16,0.6875
Qwen2.5-Math,GSM8K,179,3,13,16,0.8125
Qwen2.5-Math,GSM8K,180,1,14,16,0.875
Qwen2.5-Math,GSM8K,181,1,10,16,0.625
Qwen2.5-Math,GSM8K,182,1,4,16,0.25
Qwen2.5-Math,GSM8K,183,1,14,16,0.875
Qwen2.5-Math,GSM8K,184,3,13,16,0.8125
Qwen2.5-Math,GSM8K,185,1,10,16,0.625
Qwen2.5-Math,GSM8K,186,1,4,16,0.25
Qwen2.5-Math,GSM8K,187,1,2,16,0.125
Qwen2.5-Math,GSM8K,189,2,10,16,0.625
Qwen2.5-Math,GSM8K,190,1,11,16,0.6875
Qwen2.5-Math,GSM8K,191,1,13,16,0.8125
Qwen2.5-Math,GSM8K,194,1,13,16,0.8125
Qwen2.5-Math,GSM8K,196,1,14,16,0.875
Qwen2.5-Math,GSM8K,198,3,13,16,0.8125
Qwen2.5-Math,GSM8K,199,2,13,16,0.8125
Qwen2.5-Math,GSM8K,200,2,10,16,0.625
Qwen2.5-Math,GSM8K,202,2,13,16,0.8125
Qwen2.5-Math,GSM8K,203,1,12,16,0.75
Qwen2.5-Math,GSM8K,204,2,11,16,0.6875
Qwen2.5-Math,GSM8K,206,2,11,16,0.6875
Qwen2.5-Math,GSM8K,207,5,9,16,0.5625
Qwen2.5-Math,GSM8K,208,2,13,16,0.8125
Qwen2.5-Math,GSM8K,209,1,7,16,0.4375
Qwen2.5-Math,GSM8K,211,1,13,16,0.8125
Qwen2.5-Math,GSM8K,212,4,7,16,0.4375
Qwen2.5-Math,GSM8K,213,3,13,16,0.8125
Qwen2.5-Math,GSM8K,214,1,6,16,0.375
Qwen2.5-Math,GSM8K,215,1,10,16,0.625
Qwen2.5-Math,GSM8K,216,3,13,16,0.8125
Qwen2.5-Math,GSM8K,217,2,13,16,0.8125
Qwen2.5-Math,GSM8K,218,2,10,16,0.625
Qwen2.5-Math,GSM8K,219,3,12,16,0.75
Qwen2.5-Math,GSM8K,220,5,15,16,0.9375
Qwen2.5-Math,GSM8K,221,2,13,16,0.8125
Qwen2.5-Math,GSM8K,222,4,15,16,0.9375
Qwen2.5-Math,GSM8K,225,2,14,16,0.875
Qwen2.5-Math,GSM8K,226,6,14,16,0.875
Qwen2.5-Math,GSM8K,227,1,8,16,0.5
Qwen2.5-Math,GSM8K,228,2,12,16,0.75
Qwen2.5-Math,GSM8K,229,2,14,16,0.875
Qwen2.5-Math,GSM8K,230,1,5,16,0.3125
Qwen2.5-Math,GSM8K,231,1,12,16,0.75
Qwen2.5-Math,GSM8K,233,3,11,16,0.6875
Qwen2.5-Math,GSM8K,238,4,12,16,0.75
Qwen2.5-Math,GSM8K,239,4,13,16,0.8125
Qwen2.5-Math,GSM8K,240,1,14,16,0.875
Qwen2.5-Math,GSM8K,243,1,10,16,0.625
Qwen2.5-Math,GSM8K,244,1,15,16,0.9375
Qwen2.5-Math,GSM8K,245,2,10,16,0.625
Qwen2.5-Math,GSM8K,246,1,14,16,0.875
Qwen2.5-Math,GSM8K,248,3,13,16,0.8125
Qwen2.5-Math,GSM8K,249,5,15,16,0.9375
Qwen2.5-Math,GSM8K,250,4,10,16,0.625
Qwen2.5-Math,GSM8K,251,1,14,16,0.875
Qwen2.5-Math,GSM8K,252,1,10,16,0.625
Qwen2.5-Math,GSM8K,254,2,12,16,0.75
Qwen2.5-Math,GSM8K,256,4,13,16,0.8125
Qwen2.5-Math,GSM8K,257,2,11,16,0.6875
Qwen2.5-Math,GSM8K,259,9,9,16,0.5625
Qwen2.5-Math,GSM8K,260,2,14,16,0.875
Qwen2.5-Math,GSM8K,261,2,13,16,0.8125
Qwen2.5-Math,GSM8K,262,1,15,16,0.9375
Qwen2.5-Math,GSM8K,263,1,13,16,0.8125
Qwen2.5-Math,GSM8K,264,3,12,16,0.75
Qwen2.5-Math,GSM8K,265,8,10,16,0.625
Qwen2.5-Math,GSM8K,266,3,9,16,0.5625
Qwen2.5-Math,GSM8K,267,1,2,16,0.125
Qwen2.5-Math,GSM8K,268,2,12,16,0.75
Qwen2.5-Math,GSM8K,269,1,14,16,0.875
Qwen2.5-Math,GSM8K,270,5,14,16,0.875
Qwen2.5-Math,GSM8K,271,3,16,16,1.0
Qwen2.5-Math,GSM8K,273,1,14,16,0.875
Qwen2.5-Math,GSM8K,274,3,13,16,0.8125
Qwen2.5-Math,GSM8K,275,3,13,16,0.8125
Qwen2.5-Math,GSM8K,276,4,12,16,0.75
Qwen2.5-Math,GSM8K,277,3,15,16,0.9375
Qwen2.5-Math,GSM8K,278,2,13,16,0.8125
Qwen2.5-Math,GSM8K,279,1,14,16,0.875
Qwen2.5-Math,GSM8K,280,2,12,16,0.75
Qwen2.5-Math,GSM8K,281,3,9,16,0.5625
Qwen2.5-Math,GSM8K,282,1,12,16,0.75
Qwen2.5-Math,GSM8K,283,1,15,16,0.9375
Qwen2.5-Math,GSM8K,284,8,16,16,1.0
Qwen2.5-Math,GSM8K,285,1,15,16,0.9375
Qwen2.5-Math,GSM8K,286,2,13,16,0.8125
Qwen2.5-Math,GSM8K,287,1,15,16,0.9375
Qwen2.5-Math,GSM8K,289,1,13,16,0.8125
Qwen2.5-Math,GSM8K,290,4,14,16,0.875
Qwen2.5-Math,GSM8K,292,1,12,16,0.75
Qwen2.5-Math,GSM8K,295,10,14,16,0.875
Qwen2.5-Math,GSM8K,296,1,16,16,1.0
Qwen2.5-Math,GSM8K,299,1,9,16,0.5625
Qwen2.5-Math,GSM8K,300,1,15,16,0.9375
Qwen2.5-Math,GSM8K,302,3,12,16,0.75
Qwen2.5-Math,GSM8K,304,2,8,16,0.5
Qwen2.5-Math,GSM8K,305,1,16,16,1.0
Qwen2.5-Math,GSM8K,306,4,9,16,0.5625
Qwen2.5-Math,GSM8K,307,1,3,16,0.1875
Qwen2.5-Math,GSM8K,308,1,14,16,0.875
Qwen2.5-Math,GSM8K,309,1,11,16,0.6875
Qwen2.5-Math,GSM8K,311,1,13,16,0.8125
Qwen2.5-Math,GSM8K,312,4,10,16,0.625
Qwen2.5-Math,GSM8K,313,1,13,16,0.8125
Qwen2.5-Math,GSM8K,314,2,11,16,0.6875
Qwen2.5-Math,GSM8K,315,1,14,16,0.875
Qwen2.5-Math,GSM8K,317,5,16,16,1.0
Qwen2.5-Math,GSM8K,319,1,15,16,0.9375
Qwen2.5-Math,GSM8K,320,2,12,16,0.75
Qwen2.5-Math,GSM8K,321,2,12,16,0.75
Qwen2.5-Math,GSM8K,322,3,7,16,0.4375
Qwen2.5-Math,GSM8K,323,1,11,16,0.6875
Qwen2.5-Math,GSM8K,324,1,9,16,0.5625
Qwen2.5-Math,GSM8K,325,2,14,16,0.875
Qwen2.5-Math,GSM8K,326,2,11,16,0.6875
Qwen2.5-Math,GSM8K,327,3,10,16,0.625
Qwen2.5-Math,GSM8K,328,2,13,16,0.8125
Qwen2.5-Math,GSM8K,329,1,13,16,0.8125
Qwen2.5-Math,GSM8K,331,7,12,16,0.75
Qwen2.5-Math,GSM8K,332,2,12,16,0.75
Qwen2.5-Math,GSM8K,333,4,13,16,0.8125
Qwen2.5-Math,GSM8K,334,1,15,16,0.9375
Qwen2.5-Math,GSM8K,335,1,12,16,0.75
Qwen2.5-Math,GSM8K,336,1,13,16,0.8125
Qwen2.5-Math,GSM8K,337,1,14,16,0.875
Qwen2.5-Math,GSM8K,340,1,3,16,0.1875
Qwen2.5-Math,GSM8K,341,3,9,16,0.5625
Qwen2.5-Math,GSM8K,343,1,14,16,0.875
Qwen2.5-Math,GSM8K,344,2,14,16,0.875
Qwen2.5-Math,GSM8K,345,3,14,16,0.875
Qwen2.5-Math,GSM8K,347,4,14,16,0.875
Qwen2.5-Math,GSM8K,348,3,14,16,0.875
Qwen2.5-Math,GSM8K,349,2,12,16,0.75
Qwen2.5-Math,GSM8K,350,1,14,16,0.875
Qwen2.5-Math,GSM8K,351,2,13,16,0.8125
Qwen2.5-Math,GSM8K,352,1,11,16,0.6875
Qwen2.5-Math,GSM8K,353,1,9,16,0.5625
Qwen2.5-Math,GSM8K,354,2,10,16,0.625
Qwen2.5-Math,GSM8K,355,1,15,16,0.9375
Qwen2.5-Math,GSM8K,356,3,11,16,0.6875
Qwen2.5-Math,GSM8K,358,4,13,16,0.8125
Qwen2.5-Math,GSM8K,362,4,11,16,0.6875
Qwen2.5-Math,GSM8K,364,1,13,16,0.8125
Qwen2.5-Math,GSM8K,365,2,12,16,0.75
Qwen2.5-Math,GSM8K,367,3,12,16,0.75
Qwen2.5-Math,GSM8K,368,1,1,16,0.0625
Qwen2.5-Math,GSM8K,371,3,12,16,0.75
Qwen2.5-Math,GSM8K,374,1,14,16,0.875
Qwen2.5-Math,GSM8K,376,1,14,16,0.875
Qwen2.5-Math,GSM8K,378,2,14,16,0.875
Qwen2.5-Math,GSM8K,379,2,12,16,0.75
Qwen2.5-Math,GSM8K,381,4,10,16,0.625
Qwen2.5-Math,GSM8K,382,2,14,16,0.875
Qwen2.5-Math,GSM8K,383,2,9,16,0.5625
Qwen2.5-Math,GSM8K,384,1,12,16,0.75
Qwen2.5-Math,GSM8K,386,2,2,16,0.125
Qwen2.5-Math,GSM8K,387,1,15,16,0.9375
Qwen2.5-Math,GSM8K,388,2,16,16,1.0
Qwen2.5-Math,GSM8K,390,4,13,16,0.8125
Qwen2.5-Math,GSM8K,391,2,13,16,0.8125
Qwen2.5-Math,GSM8K,394,1,9,16,0.5625
Qwen2.5-Math,GSM8K,396,1,12,16,0.75
Qwen2.5-Math,GSM8K,397,1,13,16,0.8125
Qwen2.5-Math,GSM8K,398,2,13,16,0.8125
Qwen2.5-Math,GSM8K,399,1,12,16,0.75
Qwen2.5-Math,GSM8K,400,2,16,16,1.0
Qwen2.5-Math,GSM8K,401,4,13,16,0.8125
Qwen2.5-Math,GSM8K,402,1,15,16,0.9375
Qwen2.5-Math,GSM8K,403,2,0,16,0.0
Qwen2.5-Math,GSM8K,404,1,11,16,0.6875
Qwen2.5-Math,GSM8K,405,5,13,16,0.8125
Qwen2.5-Math,GSM8K,407,2,7,16,0.4375
Qwen2.5-Math,GSM8K,408,3,13,16,0.8125
Qwen2.5-Math,GSM8K,409,6,4,16,0.25
Qwen2.5-Math,GSM8K,410,2,13,16,0.8125
Qwen2.5-Math,GSM8K,411,1,11,16,0.6875
Qwen2.5-Math,GSM8K,412,2,13,16,0.8125
Qwen2.5-Math,GSM8K,414,1,15,16,0.9375
Qwen2.5-Math,GSM8K,415,1,15,16,0.9375
Qwen2.5-Math,GSM8K,416,1,13,16,0.8125
Qwen2.5-Math,GSM8K,417,2,10,16,0.625
Qwen2.5-Math,GSM8K,418,3,15,16,0.9375
Qwen2.5-Math,GSM8K,419,1,16,16,1.0
Qwen2.5-Math,GSM8K,421,2,14,16,0.875
Qwen2.5-Math,GSM8K,422,1,7,16,0.4375
Qwen2.5-Math,GSM8K,423,2,1,16,0.0625
Qwen2.5-Math,GSM8K,424,2,9,16,0.5625
Qwen2.5-Math,GSM8K,425,2,14,16,0.875
Qwen2.5-Math,GSM8K,426,1,12,16,0.75
Qwen2.5-Math,GSM8K,427,1,3,16,0.1875
Qwen2.5-Math,GSM8K,429,1,11,16,0.6875
Qwen2.5-Math,GSM8K,430,2,12,16,0.75
Qwen2.5-Math,GSM8K,431,2,12,16,0.75
Qwen2.5-Math,GSM8K,432,7,14,16,0.875
Qwen2.5-Math,GSM8K,433,3,11,16,0.6875
Qwen2.5-Math,GSM8K,435,1,15,16,0.9375
Qwen2.5-Math,GSM8K,436,3,13,16,0.8125
Qwen2.5-Math,GSM8K,438,1,13,16,0.8125
Qwen2.5-Math,GSM8K,439,1,1,16,0.0625
Qwen2.5-Math,GSM8K,440,8,11,16,0.6875
Qwen2.5-Math,GSM8K,441,6,11,16,0.6875
Qwen2.5-Math,GSM8K,443,1,9,16,0.5625
Qwen2.5-Math,GSM8K,446,1,14,16,0.875
Qwen2.5-Math,GSM8K,447,1,13,16,0.8125
Qwen2.5-Math,GSM8K,448,2,9,16,0.5625
Qwen2.5-Math,GSM8K,449,7,15,16,0.9375
Qwen2.5-Math,GSM8K,450,1,5,16,0.3125
Qwen2.5-Math,GSM8K,452,1,7,16,0.4375
Qwen2.5-Math,GSM8K,453,2,9,16,0.5625
Qwen2.5-Math,GSM8K,454,1,0,16,0.0
Qwen2.5-Math,GSM8K,455,3,14,16,0.875
Qwen2.5-Math,GSM8K,456,2,11,16,0.6875
Qwen2.5-Math,GSM8K,457,1,14,16,0.875
Qwen2.5-Math,GSM8K,458,5,13,16,0.8125
Qwen2.5-Math,GSM8K,459,4,8,16,0.5
Qwen2.5-Math,GSM8K,460,3,14,16,0.875
Qwen2.5-Math,GSM8K,461,5,14,16,0.875
Qwen2.5-Math,GSM8K,463,1,12,16,0.75
Qwen2.5-Math,GSM8K,464,2,9,16,0.5625
Qwen2.5-Math,GSM8K,465,3,12,16,0.75
Qwen2.5-Math,GSM8K,466,4,13,16,0.8125
Qwen2.5-Math,GSM8K,467,3,8,16,0.5
Qwen2.5-Math,GSM8K,468,1,12,16,0.75
Qwen2.5-Math,GSM8K,469,1,12,16,0.75
Qwen2.5-Math,GSM8K,470,2,13,16,0.8125
Qwen2.5-Math,GSM8K,471,2,14,16,0.875
Qwen2.5-Math,GSM8K,473,4,15,16,0.9375
Qwen2.5-Math,GSM8K,474,3,11,16,0.6875
Qwen2.5-Math,GSM8K,479,1,10,16,0.625
Qwen2.5-Math,GSM8K,480,4,12,16,0.75
Qwen2.5-Math,GSM8K,483,1,14,16,0.875
Qwen2.5-Math,GSM8K,484,2,14,16,0.875
Qwen2.5-Math,GSM8K,485,1,14,16,0.875
Qwen2.5-Math,GSM8K,486,2,16,16,1.0
Qwen2.5-Math,GSM8K,487,2,16,16,1.0
Qwen2.5-Math,GSM8K,488,5,13,16,0.8125
Qwen2.5-Math,GSM8K,489,3,10,16,0.625
Qwen2.5-Math,GSM8K,490,2,13,16,0.8125
Qwen2.5-Math,GSM8K,491,1,12,16,0.75
Qwen2.5-Math,GSM8K,495,1,12,16,0.75
Qwen2.5-Math,GSM8K,496,2,12,16,0.75
Qwen2.5-Math,GSM8K,498,1,13,16,0.8125
Qwen2.5-Math,GSM8K,500,1,11,16,0.6875
Qwen2.5-Math,GSM8K,501,2,10,16,0.625
Qwen2.5-Math,GSM8K,502,3,12,16,0.75
Qwen2.5-Math,GSM8K,503,1,15,16,0.9375
Qwen2.5-Math,GSM8K,504,1,9,16,0.5625
Qwen2.5-Math,GSM8K,506,1,9,16,0.5625
Qwen2.5-Math,GSM8K,507,1,12,16,0.75
Qwen2.5-Math,GSM8K,508,2,10,16,0.625
Qwen2.5-Math,GSM8K,509,3,15,16,0.9375
Qwen2.5-Math,GSM8K,510,1,0,16,0.0
Qwen2.5-Math,GSM8K,511,1,12,16,0.75
Qwen2.5-Math,GSM8K,512,2,12,16,0.75
Qwen2.5-Math,GSM8K,513,4,14,16,0.875
Qwen2.5-Math,GSM8K,514,5,15,16,0.9375
Qwen2.5-Math,GSM8K,515,2,6,16,0.375
Qwen2.5-Math,GSM8K,516,2,15,16,0.9375
Qwen2.5-Math,GSM8K,517,2,9,16,0.5625
Qwen2.5-Math,GSM8K,519,1,13,16,0.8125
Qwen2.5-Math,GSM8K,520,4,10,16,0.625
Qwen2.5-Math,GSM8K,521,3,13,16,0.8125
Qwen2.5-Math,GSM8K,522,2,13,16,0.8125
Qwen2.5-Math,GSM8K,523,3,8,16,0.5
Qwen2.5-Math,GSM8K,524,4,12,16,0.75
Qwen2.5-Math,GSM8K,526,1,7,16,0.4375
Qwen2.5-Math,GSM8K,527,1,14,16,0.875
Qwen2.5-Math,GSM8K,528,1,9,16,0.5625
Qwen2.5-Math,GSM8K,531,1,5,16,0.3125
Qwen2.5-Math,GSM8K,532,1,11,16,0.6875
Qwen2.5-Math,GSM8K,533,1,12,16,0.75
Qwen2.5-Math,GSM8K,534,1,11,16,0.6875
Qwen2.5-Math,GSM8K,535,1,13,16,0.8125
Qwen2.5-Math,GSM8K,537,7,13,16,0.8125
Qwen2.5-Math,GSM8K,538,2,11,16,0.6875
Qwen2.5-Math,GSM8K,542,8,7,16,0.4375
Qwen2.5-Math,GSM8K,543,1,15,16,0.9375
Qwen2.5-Math,GSM8K,546,2,7,16,0.4375
Qwen2.5-Math,GSM8K,547,2,13,16,0.8125
Qwen2.5-Math,GSM8K,548,3,13,16,0.8125
Qwen2.5-Math,GSM8K,551,4,15,16,0.9375
Qwen2.5-Math,GSM8K,552,2,12,16,0.75
Qwen2.5-Math,GSM8K,554,2,13,16,0.8125
Qwen2.5-Math,GSM8K,555,1,14,16,0.875
Qwen2.5-Math,GSM8K,556,1,9,16,0.5625
Qwen2.5-Math,GSM8K,557,4,12,16,0.75
Qwen2.5-Math,GSM8K,558,1,15,16,0.9375
Qwen2.5-Math,GSM8K,559,1,11,16,0.6875
Qwen2.5-Math,GSM8K,560,2,14,16,0.875
Qwen2.5-Math,GSM8K,561,3,7,16,0.4375
Qwen2.5-Math,GSM8K,564,2,9,16,0.5625
Qwen2.5-Math,GSM8K,565,3,15,16,0.9375
Qwen2.5-Math,GSM8K,566,1,12,16,0.75
Qwen2.5-Math,GSM8K,568,2,11,16,0.6875
Qwen2.5-Math,GSM8K,570,2,8,16,0.5
Qwen2.5-Math,GSM8K,572,4,9,16,0.5625
Qwen2.5-Math,GSM8K,573,3,11,16,0.6875
Qwen2.5-Math,GSM8K,575,2,12,16,0.75
Qwen2.5-Math,GSM8K,576,3,8,16,0.5
Qwen2.5-Math,GSM8K,577,4,9,16,0.5625
Qwen2.5-Math,GSM8K,578,4,11,16,0.6875
Qwen2.5-Math,GSM8K,580,1,4,16,0.25
Qwen2.5-Math,GSM8K,581,4,13,16,0.8125
Qwen2.5-Math,GSM8K,583,4,11,16,0.6875
Qwen2.5-Math,GSM8K,585,6,14,16,0.875
Qwen2.5-Math,GSM8K,586,4,9,16,0.5625
Qwen2.5-Math,GSM8K,587,4,13,16,0.8125
Qwen2.5-Math,GSM8K,589,5,7,16,0.4375
Qwen2.5-Math,GSM8K,591,4,15,16,0.9375
Qwen2.5-Math,GSM8K,592,1,15,16,0.9375
Qwen2.5-Math,GSM8K,594,1,15,16,0.9375
Qwen2.5-Math,GSM8K,596,3,11,16,0.6875
Qwen2.5-Math,GSM8K,597,3,14,16,0.875
Qwen2.5-Math,GSM8K,598,3,6,16,0.375
Qwen2.5-Math,GSM8K,599,8,10,16,0.625
Qwen2.5-Math,GSM8K,601,1,9,16,0.5625
Qwen2.5-Math,GSM8K,603,2,4,16,0.25
Qwen2.5-Math,GSM8K,607,1,5,16,0.3125
Qwen2.5-Math,GSM8K,608,1,3,16,0.1875
Qwen2.5-Math,GSM8K,609,3,11,16,0.6875
Qwen2.5-Math,GSM8K,610,1,8,16,0.5
Qwen2.5-Math,GSM8K,612,1,13,16,0.8125
Qwen2.5-Math,GSM8K,613,2,12,16,0.75
Qwen2.5-Math,GSM8K,614,3,10,16,0.625
Qwen2.5-Math,GSM8K,615,1,11,16,0.6875
Qwen2.5-Math,GSM8K,616,2,12,16,0.75
Qwen2.5-Math,GSM8K,617,3,15,16,0.9375
Qwen2.5-Math,GSM8K,618,6,14,16,0.875
Qwen2.5-Math,GSM8K,619,1,13,16,0.8125
Qwen2.5-Math,GSM8K,620,3,10,16,0.625
Qwen2.5-Math,GSM8K,621,1,15,16,0.9375
Qwen2.5-Math,GSM8K,623,3,13,16,0.8125
Qwen2.5-Math,GSM8K,624,4,14,16,0.875
Qwen2.5-Math,GSM8K,625,3,15,16,0.9375
Qwen2.5-Math,GSM8K,626,2,13,16,0.8125
Qwen2.5-Math,GSM8K,627,2,15,16,0.9375
Qwen2.5-Math,GSM8K,628,1,12,16,0.75
Qwen2.5-Math,GSM8K,629,1,9,16,0.5625
Qwen2.5-Math,GSM8K,630,1,12,16,0.75
Qwen2.5-Math,GSM8K,631,3,12,16,0.75
Qwen2.5-Math,GSM8K,632,1,11,16,0.6875
Qwen2.5-Math,GSM8K,633,2,15,16,0.9375
Qwen2.5-Math,GSM8K,634,2,11,16,0.6875
Qwen2.5-Math,GSM8K,635,1,10,16,0.625
Qwen2.5-Math,GSM8K,637,1,13,16,0.8125
Qwen2.5-Math,GSM8K,638,2,10,16,0.625
Qwen2.5-Math,GSM8K,639,2,8,16,0.5
Qwen2.5-Math,GSM8K,640,3,10,16,0.625
Qwen2.5-Math,GSM8K,642,4,6,16,0.375
Qwen2.5-Math,GSM8K,644,4,10,16,0.625
Qwen2.5-Math,GSM8K,646,4,14,16,0.875
Qwen2.5-Math,GSM8K,647,2,13,16,0.8125
Qwen2.5-Math,GSM8K,650,5,15,16,0.9375
Qwen2.5-Math,GSM8K,651,3,16,16,1.0
Qwen2.5-Math,GSM8K,654,2,14,16,0.875
Qwen2.5-Math,GSM8K,655,1,13,16,0.8125
Qwen2.5-Math,GSM8K,656,1,13,16,0.8125
Qwen2.5-Math,GSM8K,657,1,10,16,0.625
Qwen2.5-Math,GSM8K,658,3,15,16,0.9375
Qwen2.5-Math,GSM8K,659,6,8,16,0.5
Qwen2.5-Math,GSM8K,661,1,13,16,0.8125
Qwen2.5-Math,GSM8K,662,5,16,16,1.0
Qwen2.5-Math,GSM8K,663,1,15,16,0.9375
Qwen2.5-Math,GSM8K,664,2,12,16,0.75
Qwen2.5-Math,GSM8K,665,3,15,16,0.9375
Qwen2.5-Math,GSM8K,666,1,10,16,0.625
Qwen2.5-Math,GSM8K,667,2,10,16,0.625
Qwen2.5-Math,GSM8K,668,3,15,16,0.9375
Qwen2.5-Math,GSM8K,669,3,7,16,0.4375
Qwen2.5-Math,GSM8K,671,4,11,16,0.6875
Qwen2.5-Math,GSM8K,672,2,5,16,0.3125
Qwen2.5-Math,GSM8K,673,1,14,16,0.875
Qwen2.5-Math,GSM8K,674,1,14,16,0.875
Qwen2.5-Math,GSM8K,676,2,15,16,0.9375
Qwen2.5-Math,GSM8K,678,1,10,16,0.625
Qwen2.5-Math,GSM8K,679,1,11,16,0.6875
Qwen2.5-Math,GSM8K,681,4,10,16,0.625
Qwen2.5-Math,GSM8K,682,2,15,16,0.9375
Qwen2.5-Math,GSM8K,685,1,14,16,0.875
Qwen2.5-Math,GSM8K,687,1,4,16,0.25
Qwen2.5-Math,GSM8K,688,2,13,16,0.8125
Qwen2.5-Math,GSM8K,689,2,15,16,0.9375
Qwen2.5-Math,GSM8K,690,8,13,16,0.8125
Qwen2.5-Math,GSM8K,691,1,9,16,0.5625
Qwen2.5-Math,GSM8K,696,4,14,16,0.875
Qwen2.5-Math,GSM8K,698,3,11,16,0.6875
Qwen2.5-Math,GSM8K,699,3,9,16,0.5625
Qwen2.5-Math,GSM8K,700,3,10,16,0.625
Qwen2.5-Math,GSM8K,701,3,12,16,0.75
Qwen2.5-Math,GSM8K,703,4,13,16,0.8125
Qwen2.5-Math,GSM8K,705,1,12,16,0.75
Qwen2.5-Math,GSM8K,706,1,15,16,0.9375
Qwen2.5-Math,GSM8K,707,1,10,16,0.625
Qwen2.5-Math,GSM8K,708,1,10,16,0.625
Qwen2.5-Math,GSM8K,709,3,13,16,0.8125
Qwen2.5-Math,GSM8K,710,8,7,16,0.4375
Qwen2.5-Math,GSM8K,712,2,12,16,0.75
Qwen2.5-Math,GSM8K,713,1,16,16,1.0
Qwen2.5-Math,GSM8K,715,1,15,16,0.9375
Qwen2.5-Math,GSM8K,716,2,5,16,0.3125
Qwen2.5-Math,GSM8K,717,3,10,16,0.625
Qwen2.5-Math,GSM8K,718,5,12,16,0.75
Qwen2.5-Math,GSM8K,719,1,11,16,0.6875
Qwen2.5-Math,GSM8K,720,2,15,16,0.9375
Qwen2.5-Math,GSM8K,721,2,7,16,0.4375
Qwen2.5-Math,GSM8K,722,1,6,16,0.375
Qwen2.5-Math,GSM8K,724,3,13,16,0.8125
Qwen2.5-Math,GSM8K,727,3,14,16,0.875
Qwen2.5-Math,GSM8K,728,2,14,16,0.875
Qwen2.5-Math,GSM8K,729,2,13,16,0.8125
Qwen2.5-Math,GSM8K,733,1,13,16,0.8125
Qwen2.5-Math,GSM8K,735,4,12,16,0.75
Qwen2.5-Math,GSM8K,736,1,12,16,0.75
Qwen2.5-Math,GSM8K,737,1,13,16,0.8125
Qwen2.5-Math,GSM8K,738,2,15,16,0.9375
Qwen2.5-Math,GSM8K,739,3,13,16,0.8125
Qwen2.5-Math,GSM8K,740,1,14,16,0.875
Qwen2.5-Math,GSM8K,741,1,11,16,0.6875
Qwen2.5-Math,GSM8K,743,1,15,16,0.9375
Qwen2.5-Math,GSM8K,744,1,14,16,0.875
Qwen2.5-Math,GSM8K,745,2,8,16,0.5
Qwen2.5-Math,GSM8K,746,5,13,16,0.8125
Qwen2.5-Math,GSM8K,747,1,13,16,0.8125
Qwen2.5-Math,GSM8K,748,5,12,16,0.75
Qwen2.5-Math,GSM8K,749,1,0,16,0.0
Qwen2.5-Math,GSM8K,750,1,13,16,0.8125
Qwen2.5-Math,GSM8K,751,1,14,16,0.875
Qwen2.5-Math,GSM8K,752,1,0,16,0.0
Qwen2.5-Math,GSM8K,754,3,0,16,0.0
Qwen2.5-Math,GSM8K,755,2,13,16,0.8125
Qwen2.5-Math,GSM8K,757,3,12,16,0.75
Qwen2.5-Math,GSM8K,758,1,15,16,0.9375
Qwen2.5-Math,GSM8K,760,3,13,16,0.8125
Qwen2.5-Math,GSM8K,761,5,11,16,0.6875
Qwen2.5-Math,GSM8K,762,2,13,16,0.8125
Qwen2.5-Math,GSM8K,763,1,12,16,0.75
Qwen2.5-Math,GSM8K,764,1,15,16,0.9375
Qwen2.5-Math,GSM8K,765,1,5,16,0.3125
Qwen2.5-Math,GSM8K,766,1,14,16,0.875
Qwen2.5-Math,GSM8K,767,3,10,16,0.625
Qwen2.5-Math,GSM8K,768,3,2,16,0.125
Qwen2.5-Math,GSM8K,769,1,12,16,0.75
Qwen2.5-Math,GSM8K,772,2,10,16,0.625
Qwen2.5-Math,GSM8K,773,2,14,16,0.875
Qwen2.5-Math,GSM8K,774,1,13,16,0.8125
Qwen2.5-Math,GSM8K,775,2,14,16,0.875
Qwen2.5-Math,GSM8K,776,1,13,16,0.8125
Qwen2.5-Math,GSM8K,778,7,9,16,0.5625
Qwen2.5-Math,GSM8K,779,4,7,16,0.4375
Qwen2.5-Math,GSM8K,780,3,0,16,0.0
Qwen2.5-Math,GSM8K,782,2,0,16,0.0
Qwen2.5-Math,GSM8K,784,1,14,16,0.875
Qwen2.5-Math,GSM8K,785,1,13,16,0.8125
Qwen2.5-Math,GSM8K,786,2,12,16,0.75
Qwen2.5-Math,GSM8K,790,2,8,16,0.5
Qwen2.5-Math,GSM8K,792,3,16,16,1.0
Qwen2.5-Math,GSM8K,793,1,13,16,0.8125
Qwen2.5-Math,GSM8K,794,3,12,16,0.75
Qwen2.5-Math,GSM8K,796,1,0,16,0.0
Qwen2.5-Math,GSM8K,799,1,13,16,0.8125
Qwen2.5-Math,GSM8K,800,2,13,16,0.8125
Qwen2.5-Math,GSM8K,801,4,11,16,0.6875
Qwen2.5-Math,GSM8K,803,1,7,16,0.4375
Qwen2.5-Math,GSM8K,804,2,12,16,0.75
Qwen2.5-Math,GSM8K,805,2,16,16,1.0
Qwen2.5-Math,GSM8K,806,1,11,16,0.6875
Qwen2.5-Math,GSM8K,807,1,12,16,0.75
Qwen2.5-Math,GSM8K,810,1,12,16,0.75
Qwen2.5-Math,GSM8K,813,1,12,16,0.75
Qwen2.5-Math,GSM8K,814,1,1,16,0.0625
Qwen2.5-Math,GSM8K,815,2,6,16,0.375
Qwen2.5-Math,GSM8K,816,4,14,16,0.875
Qwen2.5-Math,GSM8K,817,1,12,16,0.75
Qwen2.5-Math,GSM8K,818,2,13,16,0.8125
Qwen2.5-Math,GSM8K,819,1,15,16,0.9375
Qwen2.5-Math,GSM8K,820,2,11,16,0.6875
Qwen2.5-Math,GSM8K,821,1,10,16,0.625
Qwen2.5-Math,GSM8K,822,1,15,16,0.9375
Qwen2.5-Math,GSM8K,824,3,14,16,0.875
Qwen2.5-Math,GSM8K,825,2,12,16,0.75
Qwen2.5-Math,GSM8K,826,1,16,16,1.0
Qwen2.5-Math,GSM8K,827,2,6,16,0.375
Qwen2.5-Math,GSM8K,828,1,13,16,0.8125
Qwen2.5-Math,GSM8K,829,2,15,16,0.9375
Qwen2.5-Math,GSM8K,830,2,6,16,0.375
Qwen2.5-Math,GSM8K,832,2,14,16,0.875
Qwen2.5-Math,GSM8K,833,2,16,16,1.0
Qwen2.5-Math,GSM8K,834,2,14,16,0.875
Qwen2.5-Math,GSM8K,836,2,12,16,0.75
Qwen2.5-Math,GSM8K,840,1,5,16,0.3125
Qwen2.5-Math,GSM8K,841,1,13,16,0.8125
Qwen2.5-Math,GSM8K,843,5,12,16,0.75
Qwen2.5-Math,GSM8K,844,6,11,16,0.6875
Qwen2.5-Math,GSM8K,848,5,13,16,0.8125
Qwen2.5-Math,GSM8K,849,1,13,16,0.8125
Qwen2.5-Math,GSM8K,850,1,11,16,0.6875
Qwen2.5-Math,GSM8K,851,5,16,16,1.0
Qwen2.5-Math,GSM8K,852,2,12,16,0.75
Qwen2.5-Math,GSM8K,853,1,15,16,0.9375
Qwen2.5-Math,GSM8K,855,5,12,16,0.75
Qwen2.5-Math,GSM8K,858,1,10,16,0.625
Qwen2.5-Math,GSM8K,859,5,13,16,0.8125
Qwen2.5-Math,GSM8K,860,1,13,16,0.8125
Qwen2.5-Math,GSM8K,862,1,15,16,0.9375
Qwen2.5-Math,GSM8K,863,1,16,16,1.0
Qwen2.5-Math,GSM8K,864,1,12,16,0.75
Qwen2.5-Math,GSM8K,865,2,12,16,0.75
Qwen2.5-Math,GSM8K,867,2,11,16,0.6875
Qwen2.5-Math,GSM8K,868,3,9,16,0.5625
Qwen2.5-Math,GSM8K,869,1,15,16,0.9375
Qwen2.5-Math,GSM8K,871,2,12,16,0.75
Qwen2.5-Math,GSM8K,872,3,12,16,0.75
Qwen2.5-Math,GSM8K,873,2,13,16,0.8125
Qwen2.5-Math,GSM8K,874,3,12,16,0.75
Qwen2.5-Math,GSM8K,875,2,12,16,0.75
Qwen2.5-Math,GSM8K,876,3,12,16,0.75
Qwen2.5-Math,GSM8K,877,3,7,16,0.4375
Qwen2.5-Math,GSM8K,878,1,13,16,0.8125
Qwen2.5-Math,GSM8K,879,2,14,16,0.875
Qwen2.5-Math,GSM8K,880,3,7,16,0.4375
Qwen2.5-Math,GSM8K,881,2,12,16,0.75
Qwen2.5-Math,GSM8K,882,4,11,16,0.6875
Qwen2.5-Math,GSM8K,884,1,12,16,0.75
Qwen2.5-Math,GSM8K,886,1,13,16,0.8125
Qwen2.5-Math,GSM8K,887,2,13,16,0.8125
Qwen2.5-Math,GSM8K,888,1,13,16,0.8125
Qwen2.5-Math,GSM8K,889,3,15,16,0.9375
Qwen2.5-Math,GSM8K,890,3,13,16,0.8125
Qwen2.5-Math,GSM8K,891,4,14,16,0.875
Qwen2.5-Math,GSM8K,893,1,13,16,0.8125
Qwen2.5-Math,GSM8K,895,4,16,16,1.0
Qwen2.5-Math,GSM8K,900,1,12,16,0.75
Qwen2.5-Math,GSM8K,902,3,15,16,0.9375
Qwen2.5-Math,GSM8K,903,5,13,16,0.8125
Qwen2.5-Math,GSM8K,904,1,13,16,0.8125
Qwen2.5-Math,GSM8K,908,1,14,16,0.875
Qwen2.5-Math,GSM8K,909,2,10,16,0.625
Qwen2.5-Math,GSM8K,913,2,13,16,0.8125
Qwen2.5-Math,GSM8K,915,2,14,16,0.875
Qwen2.5-Math,GSM8K,916,1,14,16,0.875
Qwen2.5-Math,GSM8K,917,2,14,16,0.875
Qwen2.5-Math,GSM8K,918,2,12,16,0.75
Qwen2.5-Math,GSM8K,919,6,14,16,0.875
Qwen2.5-Math,GSM8K,920,4,10,16,0.625
Qwen2.5-Math,GSM8K,921,1,14,16,0.875
Qwen2.5-Math,GSM8K,923,1,4,16,0.25
Qwen2.5-Math,GSM8K,925,3,13,16,0.8125
Qwen2.5-Math,GSM8K,927,6,11,16,0.6875
Qwen2.5-Math,GSM8K,928,3,4,16,0.25
Qwen2.5-Math,GSM8K,929,4,15,16,0.9375
Qwen2.5-Math,GSM8K,931,2,14,16,0.875
Qwen2.5-Math,GSM8K,933,1,12,16,0.75
Qwen2.5-Math,GSM8K,934,1,12,16,0.75
Qwen2.5-Math,GSM8K,935,5,12,16,0.75
Qwen2.5-Math,GSM8K,937,6,15,16,0.9375
Qwen2.5-Math,GSM8K,940,3,13,16,0.8125
Qwen2.5-Math,GSM8K,941,2,6,16,0.375
Qwen2.5-Math,GSM8K,942,2,2,16,0.125
Qwen2.5-Math,GSM8K,944,1,3,16,0.1875
Qwen2.5-Math,GSM8K,947,2,11,16,0.6875
Qwen2.5-Math,GSM8K,948,2,13,16,0.8125
Qwen2.5-Math,GSM8K,949,2,12,16,0.75
Qwen2.5-Math,GSM8K,951,2,6,16,0.375
Qwen2.5-Math,GSM8K,953,1,3,16,0.1875
Qwen2.5-Math,GSM8K,955,2,12,16,0.75
Qwen2.5-Math,GSM8K,956,1,11,16,0.6875
Qwen2.5-Math,GSM8K,957,1,14,16,0.875
Qwen2.5-Math,GSM8K,958,1,7,16,0.4375
Qwen2.5-Math,GSM8K,959,3,12,16,0.75
Qwen2.5-Math,GSM8K,960,1,10,16,0.625
Qwen2.5-Math,GSM8K,965,3,13,16,0.8125
Qwen2.5-Math,GSM8K,966,2,9,16,0.5625
Qwen2.5-Math,GSM8K,967,3,13,16,0.8125
Qwen2.5-Math,GSM8K,968,2,11,16,0.6875
Qwen2.5-Math,GSM8K,970,3,13,16,0.8125
Qwen2.5-Math,GSM8K,971,2,11,16,0.6875
Qwen2.5-Math,GSM8K,972,5,10,16,0.625
Qwen2.5-Math,GSM8K,973,2,6,16,0.375
Qwen2.5-Math,GSM8K,975,1,12,16,0.75
Qwen2.5-Math,GSM8K,976,2,8,16,0.5
Qwen2.5-Math,GSM8K,977,3,15,16,0.9375
Qwen2.5-Math,GSM8K,978,5,12,16,0.75
Qwen2.5-Math,GSM8K,980,2,12,16,0.75
Qwen2.5-Math,GSM8K,981,1,13,16,0.8125
Qwen2.5-Math,GSM8K,982,2,14,16,0.875
Qwen2.5-Math,GSM8K,983,1,13,16,0.8125
Qwen2.5-Math,GSM8K,984,1,2,16,0.125
Qwen2.5-Math,GSM8K,985,3,12,16,0.75
Qwen2.5-Math,GSM8K,986,2,12,16,0.75
Qwen2.5-Math,GSM8K,987,2,15,16,0.9375
Qwen2.5-Math,GSM8K,988,3,10,16,0.625
Qwen2.5-Math,GSM8K,989,2,11,16,0.6875
Qwen2.5-Math,GSM8K,991,2,4,16,0.25
Qwen2.5-Math,GSM8K,992,2,13,16,0.8125
Qwen2.5-Math,GSM8K,993,1,15,16,0.9375
Qwen2.5-Math,GSM8K,995,1,11,16,0.6875
Qwen2.5-Math,GSM8K,996,1,10,16,0.625
Qwen2.5-Math,GSM8K,998,2,12,16,0.75
Qwen2.5-Math,GSM8K,1000,1,12,16,0.75
Qwen2.5-Math,GSM8K,1003,1,10,16,0.625
Qwen2.5-Math,GSM8K,1004,1,14,16,0.875
Qwen2.5-Math,GSM8K,1005,3,11,16,0.6875
Qwen2.5-Math,GSM8K,1006,3,11,16,0.6875
Qwen2.5-Math,GSM8K,1007,1,10,16,0.625
Qwen2.5-Math,GSM8K,1008,6,12,16,0.75
Qwen2.5-Math,GSM8K,1009,3,11,16,0.6875
Qwen2.5-Math,GSM8K,1010,2,13,16,0.8125
Qwen2.5-Math,GSM8K,1011,7,10,16,0.625
Qwen2.5-Math,GSM8K,1012,1,5,16,0.3125
Qwen2.5-Math,GSM8K,1014,11,5,16,0.3125
Qwen2.5-Math,GSM8K,1015,3,13,16,0.8125
Qwen2.5-Math,GSM8K,1018,1,14,16,0.875
Qwen2.5-Math,GSM8K,1021,4,12,16,0.75
Qwen2.5-Math,GSM8K,1022,3,13,16,0.8125
Qwen2.5-Math,GSM8K,1023,3,13,16,0.8125
Qwen2.5-Math,GSM8K,1024,1,11,16,0.6875
Qwen2.5-Math,GSM8K,1026,2,13,16,0.8125
Qwen2.5-Math,GSM8K,1029,1,7,16,0.4375
Qwen2.5-Math,GSM8K,1031,1,12,16,0.75
Qwen2.5-Math,GSM8K,1033,2,12,16,0.75
Qwen2.5-Math,GSM8K,1034,1,14,16,0.875
Qwen2.5-Math,GSM8K,1037,2,12,16,0.75
Qwen2.5-Math,GSM8K,1039,3,9,16,0.5625
Qwen2.5-Math,GSM8K,1040,4,12,16,0.75
Qwen2.5-Math,GSM8K,1041,3,10,16,0.625
Qwen2.5-Math,GSM8K,1042,1,0,16,0.0
Qwen2.5-Math,GSM8K,1043,2,13,16,0.8125
Qwen2.5-Math,GSM8K,1044,1,13,16,0.8125
Qwen2.5-Math,GSM8K,1045,1,13,16,0.8125
Qwen2.5-Math,GSM8K,1046,2,1,16,0.0625
Qwen2.5-Math,GSM8K,1047,3,13,16,0.8125
Qwen2.5-Math,GSM8K,1048,2,0,16,0.0
Qwen2.5-Math,GSM8K,1050,1,8,16,0.5
Qwen2.5-Math,GSM8K,1051,4,12,16,0.75
Qwen2.5-Math,GSM8K,1052,3,15,16,0.9375
Qwen2.5-Math,GSM8K,1054,1,14,16,0.875
Qwen2.5-Math,GSM8K,1056,2,9,16,0.5625
Qwen2.5-Math,GSM8K,1057,2,10,16,0.625
Qwen2.5-Math,GSM8K,1058,2,11,16,0.6875
Qwen2.5-Math,GSM8K,1059,3,3,16,0.1875
Qwen2.5-Math,GSM8K,1061,1,14,16,0.875
Qwen2.5-Math,GSM8K,1062,3,4,16,0.25
Qwen2.5-Math,GSM8K,1064,4,14,16,0.875
Qwen2.5-Math,GSM8K,1066,4,10,16,0.625
Qwen2.5-Math,GSM8K,1067,3,13,16,0.8125
Qwen2.5-Math,GSM8K,1068,1,12,16,0.75
Qwen2.5-Math,GSM8K,1069,1,15,16,0.9375
Qwen2.5-Math,GSM8K,1072,2,0,16,0.0
Qwen2.5-Math,GSM8K,1073,1,11,16,0.6875
Qwen2.5-Math,GSM8K,1075,2,3,16,0.1875
Qwen2.5-Math,GSM8K,1076,4,3,16,0.1875
Qwen2.5-Math,GSM8K,1078,2,14,16,0.875
Qwen2.5-Math,GSM8K,1079,6,13,16,0.8125
Qwen2.5-Math,GSM8K,1081,1,11,16,0.6875
Qwen2.5-Math,GSM8K,1083,2,14,16,0.875
Qwen2.5-Math,GSM8K,1084,1,6,16,0.375
Qwen2.5-Math,GSM8K,1085,3,15,16,0.9375
Qwen2.5-Math,GSM8K,1086,3,11,16,0.6875
Qwen2.5-Math,GSM8K,1087,2,12,16,0.75
Qwen2.5-Math,GSM8K,1090,3,12,16,0.75
Qwen2.5-Math,GSM8K,1092,1,12,16,0.75
Qwen2.5-Math,GSM8K,1093,5,13,16,0.8125
Qwen2.5-Math,GSM8K,1095,2,12,16,0.75
Qwen2.5-Math,GSM8K,1096,2,8,16,0.5
Qwen2.5-Math,GSM8K,1098,1,14,16,0.875
Qwen2.5-Math,GSM8K,1099,4,13,16,0.8125
Qwen2.5-Math,GSM8K,1100,2,15,16,0.9375
Qwen2.5-Math,GSM8K,1103,1,15,16,0.9375
Qwen2.5-Math,GSM8K,1104,2,15,16,0.9375
Qwen2.5-Math,GSM8K,1106,1,13,16,0.8125
Qwen2.5-Math,GSM8K,1108,1,15,16,0.9375
Qwen2.5-Math,GSM8K,1109,2,12,16,0.75
Qwen2.5-Math,GSM8K,1110,2,11,16,0.6875
Qwen2.5-Math,GSM8K,1111,6,12,16,0.75
Qwen2.5-Math,GSM8K,1113,1,13,16,0.8125
Qwen2.5-Math,GSM8K,1116,3,14,16,0.875
Qwen2.5-Math,GSM8K,1117,1,15,16,0.9375
Qwen2.5-Math,GSM8K,1118,3,13,16,0.8125
Qwen2.5-Math,GSM8K,1119,1,14,16,0.875
Qwen2.5-Math,GSM8K,1122,1,10,16,0.625
Qwen2.5-Math,GSM8K,1123,2,16,16,1.0
Qwen2.5-Math,GSM8K,1125,1,15,16,0.9375
Qwen2.5-Math,GSM8K,1126,1,11,16,0.6875
Qwen2.5-Math,GSM8K,1127,2,14,16,0.875
Qwen2.5-Math,GSM8K,1128,1,14,16,0.875
Qwen2.5-Math,GSM8K,1129,2,10,16,0.625
Qwen2.5-Math,GSM8K,1130,2,10,16,0.625
Qwen2.5-Math,GSM8K,1132,3,14,16,0.875
Qwen2.5-Math,GSM8K,1133,1,14,16,0.875
Qwen2.5-Math,GSM8K,1135,2,10,16,0.625
Qwen2.5-Math,GSM8K,1136,1,14,16,0.875
Qwen2.5-Math,GSM8K,1138,5,10,16,0.625
Qwen2.5-Math,GSM8K,1140,1,9,16,0.5625
Qwen2.5-Math,GSM8K,1141,2,13,16,0.8125
Qwen2.5-Math,GSM8K,1142,1,11,16,0.6875
Qwen2.5-Math,GSM8K,1143,1,13,16,0.8125
Qwen2.5-Math,GSM8K,1144,1,15,16,0.9375
Qwen2.5-Math,GSM8K,1146,3,6,16,0.375
Qwen2.5-Math,GSM8K,1150,1,13,16,0.8125
Qwen2.5-Math,GSM8K,1151,1,9,16,0.5625
Qwen2.5-Math,GSM8K,1153,1,13,16,0.8125
Qwen2.5-Math,GSM8K,1154,2,14,16,0.875
Qwen2.5-Math,GSM8K,1156,4,13,16,0.8125
Qwen2.5-Math,GSM8K,1158,1,10,16,0.625
Qwen2.5-Math,GSM8K,1160,1,13,16,0.8125
Qwen2.5-Math,GSM8K,1161,1,3,16,0.1875
Qwen2.5-Math,GSM8K,1163,3,12,16,0.75
Qwen2.5-Math,GSM8K,1165,2,11,16,0.6875
Qwen2.5-Math,GSM8K,1166,4,5,16,0.3125
Qwen2.5-Math,GSM8K,1167,1,13,16,0.8125
Qwen2.5-Math,GSM8K,1168,5,14,16,0.875
Qwen2.5-Math,GSM8K,1169,1,14,16,0.875
Qwen2.5-Math,GSM8K,1171,3,7,16,0.4375
Qwen2.5-Math,GSM8K,1173,1,11,16,0.6875
Qwen2.5-Math,GSM8K,1175,1,8,16,0.5
Qwen2.5-Math,GSM8K,1176,1,9,16,0.5625
Qwen2.5-Math,GSM8K,1177,4,15,16,0.9375
Qwen2.5-Math,GSM8K,1178,2,14,16,0.875
Qwen2.5-Math,GSM8K,1179,1,14,16,0.875
Qwen2.5-Math,GSM8K,1180,1,13,16,0.8125
Qwen2.5-Math,GSM8K,1181,5,12,16,0.75
Qwen2.5-Math,GSM8K,1183,1,3,16,0.1875
Qwen2.5-Math,GSM8K,1184,1,16,16,1.0
Qwen2.5-Math,GSM8K,1185,4,9,16,0.5625
Qwen2.5-Math,GSM8K,1186,3,14,16,0.875
Qwen2.5-Math,GSM8K,1187,2,11,16,0.6875
Qwen2.5-Math,GSM8K,1189,2,13,16,0.8125
Qwen2.5-Math,GSM8K,1190,1,3,16,0.1875
Qwen2.5-Math,GSM8K,1193,1,8,16,0.5
Qwen2.5-Math,GSM8K,1194,1,15,16,0.9375
Qwen2.5-Math,GSM8K,1195,1,14,16,0.875
Qwen2.5-Math,GSM8K,1196,2,14,16,0.875
Qwen2.5-Math,GSM8K,1197,4,15,16,0.9375
Qwen2.5-Math,GSM8K,1198,7,12,16,0.75
Qwen2.5-Math,GSM8K,1200,1,14,16,0.875
Qwen2.5-Math,GSM8K,1201,2,11,16,0.6875
Qwen2.5-Math,GSM8K,1203,1,9,16,0.5625
Qwen2.5-Math,GSM8K,1204,1,13,16,0.8125
Qwen2.5-Math,GSM8K,1206,1,14,16,0.875
Qwen2.5-Math,GSM8K,1207,1,6,16,0.375
Qwen2.5-Math,GSM8K,1208,2,9,16,0.5625
Qwen2.5-Math,GSM8K,1209,3,13,16,0.8125
Qwen2.5-Math,GSM8K,1210,2,11,16,0.6875
Qwen2.5-Math,GSM8K,1211,2,14,16,0.875
Qwen2.5-Math,GSM8K,1212,2,14,16,0.875
Qwen2.5-Math,GSM8K,1213,1,10,16,0.625
Qwen2.5-Math,GSM8K,1214,1,16,16,1.0
Qwen2.5-Math,GSM8K,1217,1,9,16,0.5625
Qwen2.5-Math,GSM8K,1218,3,9,16,0.5625
Qwen2.5-Math,GSM8K,1219,4,14,16,0.875
Qwen2.5-Math,GSM8K,1220,1,14,16,0.875
Qwen2.5-Math,GSM8K,1221,1,10,16,0.625
Qwen2.5-Math,GSM8K,1222,1,14,16,0.875
Qwen2.5-Math,GSM8K,1223,3,10,16,0.625
Qwen2.5-Math,GSM8K,1224,1,13,16,0.8125
Qwen2.5-Math,GSM8K,1227,1,7,16,0.4375
Qwen2.5-Math,GSM8K,1229,4,11,16,0.6875
Qwen2.5-Math,GSM8K,1230,1,14,16,0.875
Qwen2.5-Math,GSM8K,1231,2,10,16,0.625
Qwen2.5-Math,GSM8K,1232,1,11,16,0.6875
Qwen2.5-Math,GSM8K,1233,3,13,16,0.8125
Qwen2.5-Math,GSM8K,1234,3,13,16,0.8125
Qwen2.5-Math,GSM8K,1236,2,12,16,0.75
Qwen2.5-Math,GSM8K,1238,2,16,16,1.0
Qwen2.5-Math,GSM8K,1241,1,14,16,0.875
Qwen2.5-Math,GSM8K,1242,1,16,16,1.0
Qwen2.5-Math,GSM8K,1244,1,8,16,0.5
Qwen2.5-Math,GSM8K,1247,1,10,16,0.625
Qwen2.5-Math,GSM8K,1248,1,11,16,0.6875
Qwen2.5-Math,GSM8K,1249,1,2,16,0.125
Qwen2.5-Math,GSM8K,1253,1,16,16,1.0
Qwen2.5-Math,GSM8K,1254,2,14,16,0.875
Qwen2.5-Math,GSM8K,1255,2,11,16,0.6875
Qwen2.5-Math,GSM8K,1256,3,14,16,0.875
Qwen2.5-Math,GSM8K,1257,1,16,16,1.0
Qwen2.5-Math,GSM8K,1259,2,14,16,0.875
Qwen2.5-Math,GSM8K,1260,2,15,16,0.9375
Qwen2.5-Math,GSM8K,1261,1,6,16,0.375
Qwen2.5-Math,GSM8K,1263,3,8,16,0.5
Qwen2.5-Math,GSM8K,1264,1,11,16,0.6875
Qwen2.5-Math,GSM8K,1266,1,16,16,1.0
Qwen2.5-Math,GSM8K,1267,3,10,16,0.625
Qwen2.5-Math,GSM8K,1268,3,10,16,0.625
Qwen2.5-Math,GSM8K,1269,3,11,16,0.6875
Qwen2.5-Math,GSM8K,1270,2,12,16,0.75
Qwen2.5-Math,GSM8K,1271,1,10,16,0.625
Qwen2.5-Math,GSM8K,1272,2,14,16,0.875
Qwen2.5-Math,GSM8K,1275,1,11,16,0.6875
Qwen2.5-Math,GSM8K,1276,2,14,16,0.875
Qwen2.5-Math,GSM8K,1277,2,11,16,0.6875
Qwen2.5-Math,GSM8K,1278,3,13,16,0.8125
Qwen2.5-Math,GSM8K,1281,1,14,16,0.875
Qwen2.5-Math,GSM8K,1282,1,13,16,0.8125
Qwen2.5-Math,GSM8K,1283,3,11,16,0.6875
Qwen2.5-Math,GSM8K,1284,1,11,16,0.6875
Qwen2.5-Math,GSM8K,1285,1,13,16,0.8125
Qwen2.5-Math,GSM8K,1286,3,11,16,0.6875
Qwen2.5-Math,GSM8K,1287,2,8,16,0.5
Qwen2.5-Math,GSM8K,1288,1,4,16,0.25
Qwen2.5-Math,GSM8K,1289,6,6,16,0.375
Qwen2.5-Math,GSM8K,1290,2,12,16,0.75
Qwen2.5-Math,GSM8K,1292,2,13,16,0.8125
Qwen2.5-Math,GSM8K,1293,1,14,16,0.875
Qwen2.5-Math,GSM8K,1294,5,8,16,0.5
Qwen2.5-Math,GSM8K,1295,2,16,16,1.0
Qwen2.5-Math,GSM8K,1297,2,11,16,0.6875
Qwen2.5-Math,GSM8K,1298,6,10,16,0.625
Qwen2.5-Math,GSM8K,1301,7,9,16,0.5625
Qwen2.5-Math,GSM8K,1302,2,13,16,0.8125
Qwen2.5-Math,GSM8K,1304,2,11,16,0.6875
Qwen2.5-Math,GSM8K,1305,2,13,16,0.8125
Qwen2.5-Math,GSM8K,1309,1,0,16,0.0
Qwen2.5-Math,GSM8K,1310,2,2,16,0.125
Qwen2.5-Math,GSM8K,1311,1,13,16,0.8125
Qwen2.5-Math,GSM8K,1313,2,12,16,0.75
Qwen2.5-Math,GSM8K,1314,2,11,16,0.6875
Qwen2.5-Math,GSM8K,1315,1,12,16,0.75
Qwen2.5-Math,GSM8K,1316,1,11,16,0.6875
Qwen2.5-Math,GSM8K,1317,2,12,16,0.75
Qwen2.5-Math,GSM8K,1318,1,10,16,0.625
Qwen2.5-Math,MATH500,0,1,0,16,0.0
Qwen2.5-Math,MATH500,1,1,15,16,0.9375
Qwen2.5-Math,MATH500,2,13,0,16,0.0
Qwen2.5-Math,MATH500,3,1,16,16,1.0
Qwen2.5-Math,MATH500,7,2,5,16,0.3125
Qwen2.5-Math,MATH500,8,2,16,16,1.0
Qwen2.5-Math,MATH500,9,1,2,16,0.125
Qwen2.5-Math,MATH500,11,2,0,16,0.0
Qwen2.5-Math,MATH500,12,5,12,16,0.75
Qwen2.5-Math,MATH500,15,3,10,16,0.625
Qwen2.5-Math,MATH500,21,2,4,16,0.25
Qwen2.5-Math,MATH500,22,2,7,16,0.4375
Qwen2.5-Math,MATH500,23,1,15,16,0.9375
Qwen2.5-Math,MATH500,27,7,14,16,0.875
Qwen2.5-Math,MATH500,29,5,16,16,1.0
Qwen2.5-Math,MATH500,33,2,0,16,0.0
Qwen2.5-Math,MATH500,34,11,16,16,1.0
Qwen2.5-Math,MATH500,35,3,16,16,1.0
Qwen2.5-Math,MATH500,36,3,13,16,0.8125
Qwen2.5-Math,MATH500,38,1,16,16,1.0
Qwen2.5-Math,MATH500,41,1,15,16,0.9375
Qwen2.5-Math,MATH500,44,2,16,16,1.0
Qwen2.5-Math,MATH500,50,1,5,16,0.3125
Qwen2.5-Math,MATH500,51,3,15,16,0.9375
Qwen2.5-Math,MATH500,52,1,8,16,0.5
Qwen2.5-Math,MATH500,53,1,0,16,0.0
Qwen2.5-Math,MATH500,60,6,0,16,0.0
Qwen2.5-Math,MATH500,62,1,9,16,0.5625
Qwen2.5-Math,MATH500,63,3,13,16,0.8125
Qwen2.5-Math,MATH500,66,1,12,16,0.75
Qwen2.5-Math,MATH500,70,6,16,16,1.0
Qwen2.5-Math,MATH500,71,1,1,16,0.0625
Qwen2.5-Math,MATH500,78,1,15,16,0.9375
Qwen2.5-Math,MATH500,80,1,0,16,0.0
Qwen2.5-Math,MATH500,84,13,16,16,1.0
Qwen2.5-Math,MATH500,87,2,16,16,1.0
Qwen2.5-Math,MATH500,89,2,11,16,0.6875
Qwen2.5-Math,MATH500,92,2,9,16,0.5625
Qwen2.5-Math,MATH500,95,11,16,16,1.0
Qwen2.5-Math,MATH500,99,14,0,16,0.0
Qwen2.5-Math,MATH500,100,1,3,16,0.1875
Qwen2.5-Math,MATH500,102,2,0,16,0.0
Qwen2.5-Math,MATH500,104,9,0,16,0.0
Qwen2.5-Math,MATH500,105,1,10,16,0.625
Qwen2.5-Math,MATH500,107,1,15,16,0.9375
Qwen2.5-Math,MATH500,108,2,10,16,0.625
Qwen2.5-Math,MATH500,109,9,7,16,0.4375
Qwen2.5-Math,MATH500,110,2,0,16,0.0
Qwen2.5-Math,MATH500,111,10,16,16,1.0
Qwen2.5-Math,MATH500,112,3,15,16,0.9375
Qwen2.5-Math,MATH500,114,11,16,16,1.0
Qwen2.5-Math,MATH500,123,5,11,16,0.6875
Qwen2.5-Math,MATH500,124,4,0,16,0.0
Qwen2.5-Math,MATH500,125,3,12,16,0.75
Qwen2.5-Math,MATH500,126,3,6,16,0.375
Qwen2.5-Math,MATH500,127,3,16,16,1.0
Qwen2.5-Math,MATH500,129,2,0,16,0.0
Qwen2.5-Math,MATH500,135,1,15,16,0.9375
Qwen2.5-Math,MATH500,137,5,16,16,1.0
Qwen2.5-Math,MATH500,139,1,15,16,0.9375
Qwen2.5-Math,MATH500,143,10,13,16,0.8125
Qwen2.5-Math,MATH500,144,2,14,16,0.875
Qwen2.5-Math,MATH500,145,1,6,16,0.375
Qwen2.5-Math,MATH500,148,1,16,16,1.0
Qwen2.5-Math,MATH500,149,1,15,16,0.9375
Qwen2.5-Math,MATH500,151,2,11,16,0.6875
Qwen2.5-Math,MATH500,158,5,13,16,0.8125
Qwen2.5-Math,MATH500,160,2,16,16,1.0
Qwen2.5-Math,MATH500,162,4,0,16,0.0
Qwen2.5-Math,MATH500,163,2,0,16,0.0
Qwen2.5-Math,MATH500,164,1,1,16,0.0625
Qwen2.5-Math,MATH500,165,4,0,16,0.0
Qwen2.5-Math,MATH500,167,3,16,16,1.0
Qwen2.5-Math,MATH500,168,3,0,16,0.0
Qwen2.5-Math,MATH500,169,5,16,16,1.0
Qwen2.5-Math,MATH500,170,1,0,16,0.0
Qwen2.5-Math,MATH500,171,1,0,16,0.0
Qwen2.5-Math,MATH500,172,11,16,16,1.0
Qwen2.5-Math,MATH500,173,3,15,16,0.9375
Qwen2.5-Math,MATH500,174,2,16,16,1.0
Qwen2.5-Math,MATH500,175,1,7,16,0.4375
Qwen2.5-Math,MATH500,179,4,10,16,0.625
Qwen2.5-Math,MATH500,180,4,15,16,0.9375
Qwen2.5-Math,MATH500,181,2,0,16,0.0
Qwen2.5-Math,MATH500,182,1,16,16,1.0
Qwen2.5-Math,MATH500,188,2,15,16,0.9375
Qwen2.5-Math,MATH500,192,1,12,16,0.75
Qwen2.5-Math,MATH500,194,1,0,16,0.0
Qwen2.5-Math,MATH500,197,2,13,16,0.8125
Qwen2.5-Math,MATH500,200,1,14,16,0.875
Qwen2.5-Math,MATH500,203,8,15,16,0.9375
Qwen2.5-Math,MATH500,205,10,0,16,0.0
Qwen2.5-Math,MATH500,207,1,15,16,0.9375
Qwen2.5-Math,MATH500,213,2,14,16,0.875
Qwen2.5-Math,MATH500,218,11,16,16,1.0
Qwen2.5-Math,MATH500,223,1,11,16,0.6875
Qwen2.5-Math,MATH500,224,6,0,16,0.0
Qwen2.5-Math,MATH500,225,4,15,16,0.9375
Qwen2.5-Math,MATH500,228,8,8,16,0.5
Qwen2.5-Math,MATH500,231,4,12,16,0.75
Qwen2.5-Math,MATH500,233,3,15,16,0.9375
Qwen2.5-Math,MATH500,234,1,11,16,0.6875
Qwen2.5-Math,MATH500,235,11,0,16,0.0
Qwen2.5-Math,MATH500,236,1,2,16,0.125
Qwen2.5-Math,MATH500,237,4,16,16,1.0
Qwen2.5-Math,MATH500,238,2,16,16,1.0
Qwen2.5-Math,MATH500,239,5,2,16,0.125
Qwen2.5-Math,MATH500,241,1,11,16,0.6875
Qwen2.5-Math,MATH500,245,4,0,16,0.0
Qwen2.5-Math,MATH500,247,1,0,16,0.0
Qwen2.5-Math,MATH500,248,13,0,16,0.0
Qwen2.5-Math,MATH500,250,2,16,16,1.0
Qwen2.5-Math,MATH500,252,2,16,16,1.0
Qwen2.5-Math,MATH500,253,2,0,16,0.0
Qwen2.5-Math,MATH500,254,1,16,16,1.0
Qwen2.5-Math,MATH500,256,1,0,16,0.0
Qwen2.5-Math,MATH500,259,3,16,16,1.0
Qwen2.5-Math,MATH500,260,13,11,16,0.6875
Qwen2.5-Math,MATH500,265,10,16,16,1.0
Qwen2.5-Math,MATH500,268,1,16,16,1.0
Qwen2.5-Math,MATH500,269,1,16,16,1.0
Qwen2.5-Math,MATH500,270,3,16,16,1.0
Qwen2.5-Math,MATH500,271,5,8,16,0.5
Qwen2.5-Math,MATH500,275,6,15,16,0.9375
Qwen2.5-Math,MATH500,279,1,11,16,0.6875
Qwen2.5-Math,MATH500,284,2,0,16,0.0
Qwen2.5-Math,MATH500,288,3,3,16,0.1875
Qwen2.5-Math,MATH500,290,4,14,16,0.875
Qwen2.5-Math,MATH500,292,7,9,16,0.5625
Qwen2.5-Math,MATH500,293,1,0,16,0.0
Qwen2.5-Math,MATH500,295,1,0,16,0.0
Qwen2.5-Math,MATH500,298,14,0,16,0.0
Qwen2.5-Math,MATH500,301,1,0,16,0.0
Qwen2.5-Math,MATH500,304,3,15,16,0.9375
Qwen2.5-Math,MATH500,305,1,0,16,0.0
Qwen2.5-Math,MATH500,306,1,0,16,0.0
Qwen2.5-Math,MATH500,310,1,16,16,1.0
Qwen2.5-Math,MATH500,311,2,9,16,0.5625
Qwen2.5-Math,MATH500,314,1,16,16,1.0
Qwen2.5-Math,MATH500,316,5,12,16,0.75
Qwen2.5-Math,MATH500,318,5,0,16,0.0
Qwen2.5-Math,MATH500,321,2,14,16,0.875
Qwen2.5-Math,MATH500,324,2,2,16,0.125
Qwen2.5-Math,MATH500,325,10,16,16,1.0
Qwen2.5-Math,MATH500,326,13,4,16,0.25
Qwen2.5-Math,MATH500,327,3,3,16,0.1875
Qwen2.5-Math,MATH500,329,1,15,16,0.9375
Qwen2.5-Math,MATH500,331,6,0,16,0.0
Qwen2.5-Math,MATH500,332,1,7,16,0.4375
Qwen2.5-Math,MATH500,333,2,10,16,0.625
Qwen2.5-Math,MATH500,334,8,15,16,0.9375
Qwen2.5-Math,MATH500,336,3,16,16,1.0
Qwen2.5-Math,MATH500,338,3,7,16,0.4375
Qwen2.5-Math,MATH500,340,5,0,16,0.0
Qwen2.5-Math,MATH500,343,1,14,16,0.875
Qwen2.5-Math,MATH500,345,1,16,16,1.0
Qwen2.5-Math,MATH500,347,5,16,16,1.0
Qwen2.5-Math,MATH500,348,3,16,16,1.0
Qwen2.5-Math,MATH500,350,5,16,16,1.0
Qwen2.5-Math,MATH500,351,3,0,16,0.0
Qwen2.5-Math,MATH500,359,3,12,16,0.75
Qwen2.5-Math,MATH500,361,1,12,16,0.75
Qwen2.5-Math,MATH500,366,1,14,16,0.875
Qwen2.5-Math,MATH500,367,1,16,16,1.0
Qwen2.5-Math,MATH500,370,13,16,16,1.0
Qwen2.5-Math,MATH500,371,1,1,16,0.0625
Qwen2.5-Math,MATH500,374,3,16,16,1.0
Qwen2.5-Math,MATH500,375,7,16,16,1.0
Qwen2.5-Math,MATH500,376,5,15,16,0.9375
Qwen2.5-Math,MATH500,377,1,14,16,0.875
Qwen2.5-Math,MATH500,383,3,16,16,1.0
Qwen2.5-Math,MATH500,384,2,16,16,1.0
Qwen2.5-Math,MATH500,387,2,14,16,0.875
Qwen2.5-Math,MATH500,390,3,14,16,0.875
Qwen2.5-Math,MATH500,391,3,8,16,0.5
Qwen2.5-Math,MATH500,392,3,0,16,0.0
Qwen2.5-Math,MATH500,397,1,16,16,1.0
Qwen2.5-Math,MATH500,400,1,0,16,0.0
Qwen2.5-Math,MATH500,401,2,0,16,0.0
Qwen2.5-Math,MATH500,403,3,7,16,0.4375
Qwen2.5-Math,MATH500,404,2,16,16,1.0
Qwen2.5-Math,MATH500,407,4,16,16,1.0
Qwen2.5-Math,MATH500,408,4,0,16,0.0
Qwen2.5-Math,MATH500,409,2,11,16,0.6875
Qwen2.5-Math,MATH500,412,1,7,16,0.4375
Qwen2.5-Math,MATH500,413,2,16,16,1.0
Qwen2.5-Math,MATH500,415,6,9,16,0.5625
Qwen2.5-Math,MATH500,416,1,0,16,0.0
Qwen2.5-Math,MATH500,418,5,16,16,1.0
Qwen2.5-Math,MATH500,419,9,0,16,0.0
Qwen2.5-Math,MATH500,420,10,0,16,0.0
Qwen2.5-Math,MATH500,422,2,0,16,0.0
Qwen2.5-Math,MATH500,424,2,14,16,0.875
Qwen2.5-Math,MATH500,428,2,10,16,0.625
Qwen2.5-Math,MATH500,431,1,0,16,0.0
Qwen2.5-Math,MATH500,432,1,0,16,0.0
Qwen2.5-Math,MATH500,436,4,8,16,0.5
Qwen2.5-Math,MATH500,440,6,16,16,1.0
Qwen2.5-Math,MATH500,441,1,7,16,0.4375
Qwen2.5-Math,MATH500,442,3,15,16,0.9375
Qwen2.5-Math,MATH500,445,2,1,16,0.0625
Qwen2.5-Math,MATH500,446,8,16,16,1.0
Qwen2.5-Math,MATH500,448,2,8,16,0.5
Qwen2.5-Math,MATH500,452,2,16,16,1.0
Qwen2.5-Math,MATH500,454,10,8,16,0.5
Qwen2.5-Math,MATH500,455,1,16,16,1.0
Qwen2.5-Math,MATH500,456,3,4,16,0.25
Qwen2.5-Math,MATH500,459,1,6,16,0.375
Qwen2.5-Math,MATH500,461,9,15,16,0.9375
Qwen2.5-Math,MATH500,467,3,0,16,0.0
Qwen2.5-Math,MATH500,470,3,12,16,0.75
Qwen2.5-Math,MATH500,471,1,11,16,0.6875
Qwen2.5-Math,MATH500,473,1,13,16,0.8125
Qwen2.5-Math,MATH500,474,8,16,16,1.0
Qwen2.5-Math,MATH500,475,3,3,16,0.1875
Qwen2.5-Math,MATH500,476,1,10,16,0.625
Qwen2.5-Math,MATH500,481,1,1,16,0.0625
Qwen2.5-Math,MATH500,483,1,0,16,0.0
Qwen2.5-Math,MATH500,484,5,14,16,0.875
Qwen2.5-Math,MATH500,485,11,7,16,0.4375
Qwen2.5-Math,MATH500,487,3,16,16,1.0
Qwen2.5-Math,MATH500,490,2,2,16,0.125
Qwen2.5-Math,MATH500,493,4,11,16,0.6875
Qwen2.5-Math,MATH500,496,5,0,16,0.0
Qwen2.5-Math,SVAMP,1,1,11,16,0.6875
Qwen2.5-Math,SVAMP,3,1,13,16,0.8125
Qwen2.5-Math,SVAMP,5,4,11,16,0.6875
Qwen2.5-Math,SVAMP,6,2,13,16,0.8125
Qwen2.5-Math,SVAMP,7,1,14,16,0.875
Qwen2.5-Math,SVAMP,8,2,13,16,0.8125
Qwen2.5-Math,SVAMP,9,3,14,16,0.875
Qwen2.5-Math,SVAMP,10,2,8,16,0.5
Qwen2.5-Math,SVAMP,11,2,13,16,0.8125
Qwen2.5-Math,SVAMP,12,4,15,16,0.9375
Qwen2.5-Math,SVAMP,13,1,15,16,0.9375
Qwen2.5-Math,SVAMP,14,2,14,16,0.875
Qwen2.5-Math,SVAMP,15,2,15,16,0.9375
Qwen2.5-Math,SVAMP,16,3,12,16,0.75
Qwen2.5-Math,SVAMP,17,2,0,16,0.0
Qwen2.5-Math,SVAMP,19,2,13,16,0.8125
Qwen2.5-Math,SVAMP,20,4,13,16,0.8125
Qwen2.5-Math,SVAMP,21,1,12,16,0.75
Qwen2.5-Math,SVAMP,22,5,1,16,0.0625
Qwen2.5-Math,SVAMP,23,1,16,16,1.0
Qwen2.5-Math,SVAMP,24,2,9,16,0.5625
Qwen2.5-Math,SVAMP,27,1,6,16,0.375
Qwen2.5-Math,SVAMP,28,1,14,16,0.875
Qwen2.5-Math,SVAMP,30,1,9,16,0.5625
Qwen2.5-Math,SVAMP,32,1,10,16,0.625
Qwen2.5-Math,SVAMP,34,4,11,16,0.6875
Qwen2.5-Math,SVAMP,35,3,10,16,0.625
Qwen2.5-Math,SVAMP,36,1,12,16,0.75
Qwen2.5-Math,SVAMP,37,3,13,16,0.8125
Qwen2.5-Math,SVAMP,38,2,13,16,0.8125
Qwen2.5-Math,SVAMP,39,3,15,16,0.9375
Qwen2.5-Math,SVAMP,40,1,14,16,0.875
Qwen2.5-Math,SVAMP,41,1,15,16,0.9375
Qwen2.5-Math,SVAMP,44,1,12,16,0.75
Qwen2.5-Math,SVAMP,45,2,14,16,0.875
Qwen2.5-Math,SVAMP,46,4,5,16,0.3125
Qwen2.5-Math,SVAMP,47,3,11,16,0.6875
Qwen2.5-Math,SVAMP,48,2,14,16,0.875
Qwen2.5-Math,SVAMP,49,1,15,16,0.9375
Qwen2.5-Math,SVAMP,50,2,14,16,0.875
Qwen2.5-Math,SVAMP,51,4,13,16,0.8125
Qwen2.5-Math,SVAMP,54,3,9,16,0.5625
Qwen2.5-Math,SVAMP,55,5,11,16,0.6875
Qwen2.5-Math,SVAMP,56,1,14,16,0.875
Qwen2.5-Math,SVAMP,58,3,10,16,0.625
Qwen2.5-Math,SVAMP,61,8,14,16,0.875
Qwen2.5-Math,SVAMP,62,3,10,16,0.625
Qwen2.5-Math,SVAMP,63,2,9,16,0.5625
Qwen2.5-Math,SVAMP,64,1,10,16,0.625
Qwen2.5-Math,SVAMP,65,1,11,16,0.6875
Qwen2.5-Math,SVAMP,66,1,16,16,1.0
Qwen2.5-Math,SVAMP,67,3,9,16,0.5625
Qwen2.5-Math,SVAMP,68,4,13,16,0.8125
Qwen2.5-Math,SVAMP,69,1,12,16,0.75
Qwen2.5-Math,SVAMP,71,3,14,16,0.875
Qwen2.5-Math,SVAMP,72,3,14,16,0.875
Qwen2.5-Math,SVAMP,73,1,15,16,0.9375
Qwen2.5-Math,SVAMP,74,1,12,16,0.75
Qwen2.5-Math,SVAMP,75,4,0,16,0.0
Qwen2.5-Math,SVAMP,77,1,13,16,0.8125
Qwen2.5-Math,SVAMP,79,2,7,16,0.4375
Qwen2.5-Math,SVAMP,80,3,13,16,0.8125
Qwen2.5-Math,SVAMP,81,5,12,16,0.75
Qwen2.5-Math,SVAMP,82,2,8,16,0.5
Qwen2.5-Math,SVAMP,83,1,13,16,0.8125
Qwen2.5-Math,SVAMP,84,2,15,16,0.9375
Qwen2.5-Math,SVAMP,85,2,16,16,1.0
Qwen2.5-Math,SVAMP,88,2,12,16,0.75
Qwen2.5-Math,SVAMP,89,1,15,16,0.9375
Qwen2.5-Math,SVAMP,91,1,14,16,0.875
Qwen2.5-Math,SVAMP,92,2,10,16,0.625
Qwen2.5-Math,SVAMP,93,1,14,16,0.875
Qwen2.5-Math,SVAMP,95,5,11,16,0.6875
Qwen2.5-Math,SVAMP,96,2,9,16,0.5625
Qwen2.5-Math,SVAMP,97,5,5,16,0.3125
Qwen2.5-Math,SVAMP,98,1,14,16,0.875
Qwen2.5-Math,SVAMP,99,4,16,16,1.0
Qwen2.5-Math,SVAMP,100,1,7,16,0.4375
Qwen2.5-Math,SVAMP,101,3,13,16,0.8125
Qwen2.5-Math,SVAMP,102,1,15,16,0.9375
Qwen2.5-Math,SVAMP,103,1,16,16,1.0
Qwen2.5-Math,SVAMP,105,3,10,16,0.625
Qwen2.5-Math,SVAMP,106,2,12,16,0.75
Qwen2.5-Math,SVAMP,108,1,16,16,1.0
Qwen2.5-Math,SVAMP,109,1,12,16,0.75
Qwen2.5-Math,SVAMP,111,1,16,16,1.0
Qwen2.5-Math,SVAMP,112,4,12,16,0.75
Qwen2.5-Math,SVAMP,113,1,14,16,0.875
Qwen2.5-Math,SVAMP,114,2,9,16,0.5625
Qwen2.5-Math,SVAMP,115,4,14,16,0.875
Qwen2.5-Math,SVAMP,116,2,15,16,0.9375
Qwen2.5-Math,SVAMP,117,1,16,16,1.0
Qwen2.5-Math,SVAMP,118,3,13,16,0.8125
Qwen2.5-Math,SVAMP,119,1,15,16,0.9375
Qwen2.5-Math,SVAMP,121,1,10,16,0.625
Qwen2.5-Math,SVAMP,122,2,16,16,1.0
Qwen2.5-Math,SVAMP,123,2,14,16,0.875
Qwen2.5-Math,SVAMP,124,3,12,16,0.75
Qwen2.5-Math,SVAMP,125,2,14,16,0.875
Qwen2.5-Math,SVAMP,127,1,15,16,0.9375
Qwen2.5-Math,SVAMP,128,3,13,16,0.8125
Qwen2.5-Math,SVAMP,129,2,16,16,1.0
Qwen2.5-Math,SVAMP,131,2,16,16,1.0
Qwen2.5-Math,SVAMP,133,7,0,16,0.0
Qwen2.5-Math,SVAMP,134,4,14,16,0.875
Qwen2.5-Math,SVAMP,135,1,15,16,0.9375
Qwen2.5-Math,SVAMP,136,2,13,16,0.8125
Qwen2.5-Math,SVAMP,137,2,15,16,0.9375
Qwen2.5-Math,SVAMP,138,1,0,16,0.0
Qwen2.5-Math,SVAMP,140,2,14,16,0.875
Qwen2.5-Math,SVAMP,141,3,15,16,0.9375
Qwen2.5-Math,SVAMP,143,4,15,16,0.9375
Qwen2.5-Math,SVAMP,144,1,13,16,0.8125
Qwen2.5-Math,SVAMP,145,4,11,16,0.6875
Qwen2.5-Math,SVAMP,146,4,13,16,0.8125
Qwen2.5-Math,SVAMP,147,1,14,16,0.875
Qwen2.5-Math,SVAMP,148,1,15,16,0.9375
Qwen2.5-Math,SVAMP,150,1,15,16,0.9375
Qwen2.5-Math,SVAMP,151,2,12,16,0.75
Qwen2.5-Math,SVAMP,153,4,12,16,0.75
Qwen2.5-Math,SVAMP,154,2,16,16,1.0
Qwen2.5-Math,SVAMP,155,1,14,16,0.875
Qwen2.5-Math,SVAMP,156,1,12,16,0.75
Qwen2.5-Math,SVAMP,157,1,14,16,0.875
Qwen2.5-Math,SVAMP,158,3,13,16,0.8125
Qwen2.5-Math,SVAMP,161,5,12,16,0.75
Qwen2.5-Math,SVAMP,162,2,13,16,0.8125
Qwen2.5-Math,SVAMP,163,2,13,16,0.8125
Qwen2.5-Math,SVAMP,164,4,13,16,0.8125
Qwen2.5-Math,SVAMP,165,1,13,16,0.8125
Qwen2.5-Math,SVAMP,166,1,14,16,0.875
Qwen2.5-Math,SVAMP,167,2,13,16,0.8125
Qwen2.5-Math,SVAMP,169,1,13,16,0.8125
Qwen2.5-Math,SVAMP,170,2,9,16,0.5625
Qwen2.5-Math,SVAMP,172,2,15,16,0.9375
Qwen2.5-Math,SVAMP,173,1,16,16,1.0
Qwen2.5-Math,SVAMP,174,1,14,16,0.875
Qwen2.5-Math,SVAMP,176,1,0,16,0.0
Qwen2.5-Math,SVAMP,177,2,13,16,0.8125
Qwen2.5-Math,SVAMP,179,1,7,16,0.4375
Qwen2.5-Math,SVAMP,181,4,15,16,0.9375
Qwen2.5-Math,SVAMP,182,5,2,16,0.125
Qwen2.5-Math,SVAMP,184,2,14,16,0.875
Qwen2.5-Math,SVAMP,186,1,11,16,0.6875
Qwen2.5-Math,SVAMP,188,3,14,16,0.875
Qwen2.5-Math,SVAMP,190,2,13,16,0.8125
Qwen2.5-Math,SVAMP,191,2,10,16,0.625
Qwen2.5-Math,SVAMP,192,1,14,16,0.875
Qwen2.5-Math,SVAMP,194,3,12,16,0.75
Qwen2.5-Math,SVAMP,195,4,13,16,0.8125
Qwen2.5-Math,SVAMP,196,1,14,16,0.875
Qwen2.5-Math,SVAMP,197,4,16,16,1.0
Qwen2.5-Math,SVAMP,199,1,11,16,0.6875
Qwen2.5-Math,SVAMP,200,1,8,16,0.5
Qwen2.5-Math,SVAMP,202,1,10,16,0.625
Qwen2.5-Math,SVAMP,203,1,14,16,0.875
Qwen2.5-Math,SVAMP,204,1,7,16,0.4375
Qwen2.5-Math,SVAMP,205,3,15,16,0.9375
Qwen2.5-Math,SVAMP,206,1,13,16,0.8125
Qwen2.5-Math,SVAMP,209,5,8,16,0.5
Qwen2.5-Math,SVAMP,211,3,11,16,0.6875
Qwen2.5-Math,SVAMP,212,1,12,16,0.75
Qwen2.5-Math,SVAMP,213,2,15,16,0.9375
Qwen2.5-Math,SVAMP,215,1,0,16,0.0
Qwen2.5-Math,SVAMP,216,1,13,16,0.8125
Qwen2.5-Math,SVAMP,217,1,13,16,0.8125
Qwen2.5-Math,SVAMP,218,1,12,16,0.75
Qwen2.5-Math,SVAMP,221,1,12,16,0.75
Qwen2.5-Math,SVAMP,222,3,16,16,1.0
Qwen2.5-Math,SVAMP,224,4,12,16,0.75
Qwen2.5-Math,SVAMP,225,3,14,16,0.875
Qwen2.5-Math,SVAMP,226,2,3,16,0.1875
Qwen2.5-Math,SVAMP,227,2,10,16,0.625
Qwen2.5-Math,SVAMP,228,1,16,16,1.0
Qwen2.5-Math,SVAMP,229,2,12,16,0.75
Qwen2.5-Math,SVAMP,232,1,13,16,0.8125
Qwen2.5-Math,SVAMP,233,2,13,16,0.8125
Qwen2.5-Math,SVAMP,234,1,3,16,0.1875
Qwen2.5-Math,SVAMP,236,1,12,16,0.75
Qwen2.5-Math,SVAMP,237,1,12,16,0.75
Qwen2.5-Math,SVAMP,238,2,13,16,0.8125
Qwen2.5-Math,SVAMP,239,1,11,16,0.6875
Qwen2.5-Math,SVAMP,240,2,13,16,0.8125
Qwen2.5-Math,SVAMP,241,3,14,16,0.875
Qwen2.5-Math,SVAMP,242,1,12,16,0.75
Qwen2.5-Math,SVAMP,243,2,7,16,0.4375
Qwen2.5-Math,SVAMP,245,1,12,16,0.75
Qwen2.5-Math,SVAMP,246,1,9,16,0.5625
Qwen2.5-Math,SVAMP,247,2,12,16,0.75
Qwen2.5-Math,SVAMP,248,1,15,16,0.9375
Qwen2.5-Math,SVAMP,249,1,14,16,0.875
Qwen2.5-Math,SVAMP,253,1,8,16,0.5
Qwen2.5-Math,SVAMP,254,2,13,16,0.8125
Qwen2.5-Math,SVAMP,255,2,13,16,0.8125
Qwen2.5-Math,SVAMP,256,3,14,16,0.875
Qwen2.5-Math,SVAMP,257,2,14,16,0.875
Qwen2.5-Math,SVAMP,258,2,3,16,0.1875
Qwen2.5-Math,SVAMP,261,1,9,16,0.5625
Qwen2.5-Math,SVAMP,262,1,2,16,0.125
Qwen2.5-Math,SVAMP,263,1,3,16,0.1875
Qwen2.5-Math,SVAMP,264,2,11,16,0.6875
Qwen2.5-Math,SVAMP,265,2,15,16,0.9375
Qwen2.5-Math,SVAMP,266,3,14,16,0.875
Qwen2.5-Math,SVAMP,267,3,6,16,0.375
Qwen2.5-Math,SVAMP,268,2,11,16,0.6875
Qwen2.5-Math,SVAMP,269,2,12,16,0.75
Qwen2.5-Math,SVAMP,270,1,13,16,0.8125
Qwen2.5-Math,SVAMP,271,2,13,16,0.8125
Qwen2.5-Math,SVAMP,272,3,14,16,0.875
Qwen2.5-Math,SVAMP,274,3,15,16,0.9375
Qwen2.5-Math,SVAMP,276,1,10,16,0.625
Qwen2.5-Math,SVAMP,277,3,15,16,0.9375
Qwen2.5-Math,SVAMP,278,1,1,16,0.0625
Qwen2.5-Math,SVAMP,279,3,16,16,1.0
Qwen2.5-Math,SVAMP,280,1,15,16,0.9375
Qwen2.5-Math,SVAMP,281,2,11,16,0.6875
Qwen2.5-Math,SVAMP,282,3,12,16,0.75
Qwen2.5-Math,SVAMP,284,2,12,16,0.75
Qwen2.5-Math,SVAMP,285,3,14,16,0.875
Qwen2.5-Math,SVAMP,286,2,6,16,0.375
Qwen2.5-Math,SVAMP,287,1,11,16,0.6875
Qwen2.5-Math,SVAMP,290,4,14,16,0.875
Qwen2.5-Math,SVAMP,291,2,12,16,0.75
Qwen2.5-Math,SVAMP,294,1,6,16,0.375
Qwen2.5-Math,SVAMP,295,1,11,16,0.6875
Qwen2.5-Math,SVAMP,296,2,15,16,0.9375
Qwen2.5-Math,SVAMP,297,3,15,16,0.9375
Qwen2.5-Math,SVAMP,298,2,13,16,0.8125
Qwen2.5-Math,SVAMP,299,1,12,16,0.75
Qwen2.5-Math,SVAMP,302,1,13,16,0.8125
Qwen2.5-Math,SVAMP,303,1,14,16,0.875
Qwen2.5-Math,SVAMP,304,1,15,16,0.9375
Qwen2.5-Math,SVAMP,305,2,14,16,0.875
Qwen2.5-Math,SVAMP,306,3,12,16,0.75
Qwen2.5-Math,SVAMP,307,3,16,16,1.0
Qwen2.5-Math,SVAMP,308,4,16,16,1.0
Qwen2.5-Math,SVAMP,309,3,15,16,0.9375
Qwen2.5-Math,SVAMP,310,1,7,16,0.4375
Qwen2.5-Math,SVAMP,311,3,13,16,0.8125
Qwen2.5-Math,SVAMP,312,3,10,16,0.625
Qwen2.5-Math,SVAMP,313,1,14,16,0.875
Qwen2.5-Math,SVAMP,316,1,12,16,0.75
Qwen2.5-Math,SVAMP,317,4,12,16,0.75
Qwen2.5-Math,SVAMP,320,3,11,16,0.6875
Qwen2.5-Math,SVAMP,321,6,13,16,0.8125
Qwen2.5-Math,SVAMP,322,2,10,16,0.625
Qwen2.5-Math,SVAMP,323,2,8,16,0.5
Qwen2.5-Math,SVAMP,325,4,15,16,0.9375
Qwen2.5-Math,SVAMP,327,2,14,16,0.875
Qwen2.5-Math,SVAMP,328,1,14,16,0.875
Qwen2.5-Math,SVAMP,331,2,9,16,0.5625
Qwen2.5-Math,SVAMP,334,5,12,16,0.75
Qwen2.5-Math,SVAMP,335,3,15,16,0.9375
Qwen2.5-Math,SVAMP,337,1,11,16,0.6875
Qwen2.5-Math,SVAMP,338,4,12,16,0.75
Qwen2.5-Math,SVAMP,340,1,16,16,1.0
Qwen2.5-Math,SVAMP,341,2,12,16,0.75
Qwen2.5-Math,SVAMP,343,1,14,16,0.875
Qwen2.5-Math,SVAMP,344,1,13,16,0.8125
Qwen2.5-Math,SVAMP,345,1,13,16,0.8125
Qwen2.5-Math,SVAMP,346,1,11,16,0.6875
Qwen2.5-Math,SVAMP,347,1,12,16,0.75
Qwen2.5-Math,SVAMP,349,1,14,16,0.875
Qwen2.5-Math,SVAMP,351,1,0,16,0.0
Qwen2.5-Math,SVAMP,352,2,8,16,0.5
Qwen2.5-Math,SVAMP,354,2,10,16,0.625
Qwen2.5-Math,SVAMP,355,2,11,16,0.6875
Qwen2.5-Math,SVAMP,356,2,15,16,0.9375
Qwen2.5-Math,SVAMP,358,1,7,16,0.4375
Qwen2.5-Math,SVAMP,359,1,12,16,0.75
Qwen2.5-Math,SVAMP,360,1,13,16,0.8125
Qwen2.5-Math,SVAMP,361,4,14,16,0.875
Qwen2.5-Math,SVAMP,364,3,12,16,0.75
Qwen2.5-Math,SVAMP,365,3,13,16,0.8125
Qwen2.5-Math,SVAMP,366,2,14,16,0.875
Qwen2.5-Math,SVAMP,367,1,15,16,0.9375
Qwen2.5-Math,SVAMP,368,1,14,16,0.875
Qwen2.5-Math,SVAMP,369,1,14,16,0.875
Qwen2.5-Math,SVAMP,370,3,10,16,0.625
Qwen2.5-Math,SVAMP,371,1,12,16,0.75
Qwen2.5-Math,SVAMP,373,1,12,16,0.75
Qwen2.5-Math,SVAMP,374,2,13,16,0.8125
Qwen2.5-Math,SVAMP,376,2,13,16,0.8125
Qwen2.5-Math,SVAMP,377,2,10,16,0.625
Qwen2.5-Math,SVAMP,380,2,14,16,0.875
Qwen2.5-Math,SVAMP,381,1,15,16,0.9375
Qwen2.5-Math,SVAMP,382,1,0,16,0.0
Qwen2.5-Math,SVAMP,383,3,14,16,0.875
Qwen2.5-Math,SVAMP,384,4,12,16,0.75
Qwen2.5-Math,SVAMP,385,3,12,16,0.75
Qwen2.5-Math,SVAMP,386,3,11,16,0.6875
Qwen2.5-Math,SVAMP,387,3,12,16,0.75
Qwen2.5-Math,SVAMP,388,3,12,16,0.75
Qwen2.5-Math,SVAMP,389,2,12,16,0.75
Qwen2.5-Math,SVAMP,391,1,15,16,0.9375
Qwen2.5-Math,SVAMP,393,1,13,16,0.8125
Qwen2.5-Math,SVAMP,394,2,13,16,0.8125
Qwen2.5-Math,SVAMP,395,2,7,16,0.4375
Qwen2.5-Math,SVAMP,396,3,12,16,0.75
Qwen2.5-Math,SVAMP,397,2,11,16,0.6875
Qwen2.5-Math,SVAMP,398,2,6,16,0.375
Qwen2.5-Math,SVAMP,399,1,0,16,0.0
Qwen2.5-Math,SVAMP,400,2,15,16,0.9375
Qwen2.5-Math,SVAMP,402,3,14,16,0.875
Qwen2.5-Math,SVAMP,403,1,12,16,0.75
Qwen2.5-Math,SVAMP,406,1,13,16,0.8125
Qwen2.5-Math,SVAMP,408,3,7,16,0.4375
Qwen2.5-Math,SVAMP,411,3,9,16,0.5625
Qwen2.5-Math,SVAMP,412,4,14,16,0.875
Qwen2.5-Math,SVAMP,413,3,10,16,0.625
Qwen2.5-Math,SVAMP,414,3,10,16,0.625
Qwen2.5-Math,SVAMP,415,1,15,16,0.9375
Qwen2.5-Math,SVAMP,416,1,15,16,0.9375
Qwen2.5-Math,SVAMP,417,2,16,16,1.0
Qwen2.5-Math,SVAMP,418,1,14,16,0.875
Qwen2.5-Math,SVAMP,419,3,15,16,0.9375
Qwen2.5-Math,SVAMP,422,4,14,16,0.875
Qwen2.5-Math,SVAMP,424,5,15,16,0.9375
Qwen2.5-Math,SVAMP,426,3,12,16,0.75
Qwen2.5-Math,SVAMP,427,1,15,16,0.9375
Qwen2.5-Math,SVAMP,428,2,13,16,0.8125
Qwen2.5-Math,SVAMP,430,2,11,16,0.6875
Qwen2.5-Math,SVAMP,432,2,12,16,0.75
Qwen2.5-Math,SVAMP,433,4,13,16,0.8125
Qwen2.5-Math,SVAMP,434,1,15,16,0.9375
Qwen2.5-Math,SVAMP,435,4,16,16,1.0
Qwen2.5-Math,SVAMP,436,2,13,16,0.8125
Qwen2.5-Math,SVAMP,437,2,1,16,0.0625
Qwen2.5-Math,SVAMP,439,3,10,16,0.625
Qwen2.5-Math,SVAMP,440,2,12,16,0.75
Qwen2.5-Math,SVAMP,441,5,11,16,0.6875
Qwen2.5-Math,SVAMP,443,1,14,16,0.875
Qwen2.5-Math,SVAMP,444,1,14,16,0.875
Qwen2.5-Math,SVAMP,445,3,11,16,0.6875
Qwen2.5-Math,SVAMP,446,1,12,16,0.75
Qwen2.5-Math,SVAMP,447,2,5,16,0.3125
Qwen2.5-Math,SVAMP,448,1,15,16,0.9375
Qwen2.5-Math,SVAMP,450,2,13,16,0.8125
Qwen2.5-Math,SVAMP,451,3,12,16,0.75
Qwen2.5-Math,SVAMP,452,1,7,16,0.4375
Qwen2.5-Math,SVAMP,453,1,8,16,0.5
Qwen2.5-Math,SVAMP,454,1,15,16,0.9375
Qwen2.5-Math,SVAMP,455,1,14,16,0.875
Qwen2.5-Math,SVAMP,457,5,16,16,1.0
Qwen2.5-Math,SVAMP,458,1,14,16,0.875
Qwen2.5-Math,SVAMP,459,1,13,16,0.8125
Qwen2.5-Math,SVAMP,460,2,13,16,0.8125
Qwen2.5-Math,SVAMP,461,2,12,16,0.75
Qwen2.5-Math,SVAMP,462,4,9,16,0.5625
Qwen2.5-Math,SVAMP,463,6,12,16,0.75
Qwen2.5-Math,SVAMP,464,1,15,16,0.9375
Qwen2.5-Math,SVAMP,465,1,14,16,0.875
Qwen2.5-Math,SVAMP,466,2,15,16,0.9375
Qwen2.5-Math,SVAMP,467,2,11,16,0.6875
Qwen2.5-Math,SVAMP,468,2,13,16,0.8125
Qwen2.5-Math,SVAMP,469,4,14,16,0.875
Qwen2.5-Math,SVAMP,470,2,14,16,0.875
Qwen2.5-Math,SVAMP,471,4,1,16,0.0625
Qwen2.5-Math,SVAMP,472,1,4,16,0.25
Qwen2.5-Math,SVAMP,473,4,10,16,0.625
Qwen2.5-Math,SVAMP,477,1,15,16,0.9375
Qwen2.5-Math,SVAMP,478,6,14,16,0.875
Qwen2.5-Math,SVAMP,479,4,13,16,0.8125
Qwen2.5-Math,SVAMP,481,6,14,16,0.875
Qwen2.5-Math,SVAMP,483,1,13,16,0.8125
Qwen2.5-Math,SVAMP,486,2,9,16,0.5625
Qwen2.5-Math,SVAMP,487,2,16,16,1.0
Qwen2.5-Math,SVAMP,488,1,11,16,0.6875
Qwen2.5-Math,SVAMP,490,3,16,16,1.0
Qwen2.5-Math,SVAMP,491,4,10,16,0.625
Qwen2.5-Math,SVAMP,492,3,13,16,0.8125
Qwen2.5-Math,SVAMP,493,2,11,16,0.6875
Qwen2.5-Math,SVAMP,494,4,13,16,0.8125
Qwen2.5-Math,SVAMP,496,2,13,16,0.8125
Qwen2.5-Math,SVAMP,497,5,14,16,0.875
Qwen2.5-Math,SVAMP,498,1,10,16,0.625
Qwen2.5-Math,SVAMP,499,5,8,16,0.5
Qwen2.5-Math,SVAMP,500,3,5,16,0.3125
Qwen2.5-Math,SVAMP,501,1,15,16,0.9375
Qwen2.5-Math,SVAMP,502,2,15,16,0.9375
Qwen2.5-Math,SVAMP,503,2,12,16,0.75
Qwen2.5-Math,SVAMP,504,1,14,16,0.875
Qwen2.5-Math,SVAMP,505,2,15,16,0.9375
Qwen2.5-Math,SVAMP,506,1,12,16,0.75
Qwen2.5-Math,SVAMP,507,3,12,16,0.75
Qwen2.5-Math,SVAMP,508,1,15,16,0.9375
Qwen2.5-Math,SVAMP,510,2,12,16,0.75
Qwen2.5-Math,SVAMP,511,1,12,16,0.75
Qwen2.5-Math,SVAMP,512,2,13,16,0.8125
Qwen2.5-Math,SVAMP,514,1,15,16,0.9375
Qwen2.5-Math,SVAMP,515,3,11,16,0.6875
Qwen2.5-Math,SVAMP,516,1,14,16,0.875
Qwen2.5-Math,SVAMP,519,1,14,16,0.875
Qwen2.5-Math,SVAMP,521,3,12,16,0.75
Qwen2.5-Math,SVAMP,522,1,8,16,0.5
Qwen2.5-Math,SVAMP,524,1,15,16,0.9375
Qwen2.5-Math,SVAMP,525,2,10,16,0.625
Qwen2.5-Math,SVAMP,526,3,1,16,0.0625
Qwen2.5-Math,SVAMP,527,1,14,16,0.875
Qwen2.5-Math,SVAMP,528,3,15,16,0.9375
Qwen2.5-Math,SVAMP,531,1,12,16,0.75
Qwen2.5-Math,SVAMP,532,1,15,16,0.9375
Qwen2.5-Math,SVAMP,533,2,16,16,1.0
Qwen2.5-Math,SVAMP,534,2,12,16,0.75
Qwen2.5-Math,SVAMP,535,1,13,16,0.8125
Qwen2.5-Math,SVAMP,537,1,12,16,0.75
Qwen2.5-Math,SVAMP,538,1,10,16,0.625
Qwen2.5-Math,SVAMP,539,2,16,16,1.0
Qwen2.5-Math,SVAMP,541,4,12,16,0.75
Qwen2.5-Math,SVAMP,542,3,9,16,0.5625
Qwen2.5-Math,SVAMP,543,2,0,16,0.0
Qwen2.5-Math,SVAMP,544,2,14,16,0.875
Qwen2.5-Math,SVAMP,545,1,14,16,0.875
Qwen2.5-Math,SVAMP,546,1,1,16,0.0625
Qwen2.5-Math,SVAMP,549,4,9,16,0.5625
Qwen2.5-Math,SVAMP,550,2,4,16,0.25
Qwen2.5-Math,SVAMP,551,2,14,16,0.875
Qwen2.5-Math,SVAMP,552,1,10,16,0.625
Qwen2.5-Math,SVAMP,554,1,14,16,0.875
Qwen2.5-Math,SVAMP,555,2,14,16,0.875
Qwen2.5-Math,SVAMP,557,3,9,16,0.5625
Qwen2.5-Math,SVAMP,558,1,13,16,0.8125
Qwen2.5-Math,SVAMP,559,2,13,16,0.8125
Qwen2.5-Math,SVAMP,560,1,11,16,0.6875
Qwen2.5-Math,SVAMP,561,2,7,16,0.4375
Qwen2.5-Math,SVAMP,562,1,10,16,0.625
Qwen2.5-Math,SVAMP,563,1,9,16,0.5625
Qwen2.5-Math,SVAMP,564,3,11,16,0.6875
Qwen2.5-Math,SVAMP,565,3,15,16,0.9375
Qwen2.5-Math,SVAMP,566,1,16,16,1.0
Qwen2.5-Math,SVAMP,568,4,10,16,0.625
Qwen2.5-Math,SVAMP,571,6,11,16,0.6875
Qwen2.5-Math,SVAMP,572,6,12,16,0.75
Qwen2.5-Math,SVAMP,573,5,15,16,0.9375
Qwen2.5-Math,SVAMP,574,1,10,16,0.625
Qwen2.5-Math,SVAMP,575,8,16,16,1.0
Qwen2.5-Math,SVAMP,576,3,12,16,0.75
Qwen2.5-Math,SVAMP,577,1,16,16,1.0
Qwen2.5-Math,SVAMP,578,3,14,16,0.875
Qwen2.5-Math,SVAMP,580,6,16,16,1.0
Qwen2.5-Math,SVAMP,581,1,14,16,0.875
Qwen2.5-Math,SVAMP,583,1,13,16,0.8125
Qwen2.5-Math,SVAMP,584,4,11,16,0.6875
Qwen2.5-Math,SVAMP,585,3,11,16,0.6875
Qwen2.5-Math,SVAMP,586,1,12,16,0.75
Qwen2.5-Math,SVAMP,587,2,14,16,0.875
Qwen2.5-Math,SVAMP,588,4,15,16,0.9375
Qwen2.5-Math,SVAMP,589,2,13,16,0.8125
Qwen2.5-Math,SVAMP,590,2,16,16,1.0
Qwen2.5-Math,SVAMP,592,3,16,16,1.0
Qwen2.5-Math,SVAMP,593,1,14,16,0.875
Qwen2.5-Math,SVAMP,594,1,14,16,0.875
Qwen2.5-Math,SVAMP,595,1,1,16,0.0625
Qwen2.5-Math,SVAMP,597,3,13,16,0.8125
Qwen2.5-Math,SVAMP,599,2,16,16,1.0
Qwen2.5-Math,SVAMP,600,6,11,16,0.6875
Qwen2.5-Math,SVAMP,601,1,13,16,0.8125
Qwen2.5-Math,SVAMP,602,6,15,16,0.9375
Qwen2.5-Math,SVAMP,603,2,13,16,0.8125
Qwen2.5-Math,SVAMP,606,1,13,16,0.8125
Qwen2.5-Math,SVAMP,607,1,14,16,0.875
Qwen2.5-Math,SVAMP,608,1,15,16,0.9375
Qwen2.5-Math,SVAMP,609,3,14,16,0.875
Qwen2.5-Math,SVAMP,610,4,14,16,0.875
Qwen2.5-Math,SVAMP,611,3,10,16,0.625
Qwen2.5-Math,SVAMP,612,5,3,16,0.1875
Qwen2.5-Math,SVAMP,613,1,14,16,0.875
Qwen2.5-Math,SVAMP,615,1,13,16,0.8125
Qwen2.5-Math,SVAMP,616,1,15,16,0.9375
Qwen2.5-Math,SVAMP,618,1,13,16,0.8125
Qwen2.5-Math,SVAMP,619,1,15,16,0.9375
Qwen2.5-Math,SVAMP,621,1,14,16,0.875
Qwen2.5-Math,SVAMP,622,2,16,16,1.0
Qwen2.5-Math,SVAMP,624,1,15,16,0.9375
Qwen2.5-Math,SVAMP,626,2,11,16,0.6875
Qwen2.5-Math,SVAMP,627,2,12,16,0.75
Qwen2.5-Math,SVAMP,628,1,9,16,0.5625
Qwen2.5-Math,SVAMP,631,4,12,16,0.75
Qwen2.5-Math,SVAMP,632,3,15,16,0.9375
Qwen2.5-Math,SVAMP,633,2,11,16,0.6875
Qwen2.5-Math,SVAMP,635,3,15,16,0.9375
Qwen2.5-Math,SVAMP,636,2,6,16,0.375
Qwen2.5-Math,SVAMP,637,1,11,16,0.6875
Qwen2.5-Math,SVAMP,638,1,2,16,0.125
Qwen2.5-Math,SVAMP,640,1,13,16,0.8125
Qwen2.5-Math,SVAMP,641,1,12,16,0.75
Qwen2.5-Math,SVAMP,642,1,14,16,0.875
Qwen2.5-Math,SVAMP,643,1,14,16,0.875
Qwen2.5-Math,SVAMP,644,2,14,16,0.875
Qwen2.5-Math,SVAMP,645,3,12,16,0.75
Qwen2.5-Math,SVAMP,647,5,6,16,0.375
Qwen2.5-Math,SVAMP,649,4,12,16,0.75
Qwen2.5-Math,SVAMP,653,3,16,16,1.0
Qwen2.5-Math,SVAMP,654,3,12,16,0.75
Qwen2.5-Math,SVAMP,655,1,3,16,0.1875
Qwen2.5-Math,SVAMP,656,2,12,16,0.75
Qwen2.5-Math,SVAMP,657,3,11,16,0.6875
Qwen2.5-Math,SVAMP,658,1,10,16,0.625
Qwen2.5-Math,SVAMP,660,3,10,16,0.625
Qwen2.5-Math,SVAMP,662,1,12,16,0.75
Qwen2.5-Math,SVAMP,664,1,6,16,0.375
Qwen2.5-Math,SVAMP,665,3,12,16,0.75
Qwen2.5-Math,SVAMP,667,1,14,16,0.875
Qwen2.5-Math,SVAMP,668,2,12,16,0.75
Qwen2.5-Math,SVAMP,672,1,13,16,0.8125
Qwen2.5-Math,SVAMP,675,4,10,16,0.625
Qwen2.5-Math,SVAMP,676,1,12,16,0.75
Qwen2.5-Math,SVAMP,677,2,13,16,0.8125
Qwen2.5-Math,SVAMP,678,2,14,16,0.875
Qwen2.5-Math,SVAMP,679,2,1,16,0.0625
Qwen2.5-Math,SVAMP,680,1,12,16,0.75
Qwen2.5-Math,SVAMP,681,2,14,16,0.875
Qwen2.5-Math,SVAMP,682,2,15,16,0.9375
Qwen2.5-Math,SVAMP,683,1,13,16,0.8125
Qwen2.5-Math,SVAMP,685,1,13,16,0.8125
Qwen2.5-Math,SVAMP,687,3,13,16,0.8125
Qwen2.5-Math,SVAMP,689,3,11,16,0.6875
Qwen2.5-Math,SVAMP,690,1,11,16,0.6875
Qwen2.5-Math,SVAMP,692,1,15,16,0.9375
Qwen2.5-Math,SVAMP,693,2,12,16,0.75
Qwen2.5-Math,SVAMP,695,1,15,16,0.9375
Qwen2.5-Math,SVAMP,696,1,10,16,0.625
Qwen2.5-Math,SVAMP,697,4,13,16,0.8125
Qwen2.5-Math,SVAMP,698,2,14,16,0.875
Qwen2.5-Math,SVAMP,699,3,13,16,0.8125
Qwen2.5-Math,SVAMP,700,1,15,16,0.9375
Qwen2.5-Math,SVAMP,701,1,6,16,0.375
Qwen2.5-Math,SVAMP,702,4,12,16,0.75
Qwen2.5-Math,SVAMP,703,1,9,16,0.5625
Qwen2.5-Math,SVAMP,705,2,13,16,0.8125
Qwen2.5-Math,SVAMP,706,2,0,16,0.0
Qwen2.5-Math,SVAMP,707,2,14,16,0.875
Qwen2.5-Math,SVAMP,710,4,0,16,0.0
Qwen2.5-Math,SVAMP,711,1,14,16,0.875
Qwen2.5-Math,SVAMP,712,1,0,16,0.0
Qwen2.5-Math,SVAMP,716,2,10,16,0.625
Qwen2.5-Math,SVAMP,717,6,2,16,0.125
Qwen2.5-Math,SVAMP,719,1,13,16,0.8125
Qwen2.5-Math,SVAMP,723,2,13,16,0.8125
Qwen2.5-Math,SVAMP,724,3,9,16,0.5625
Qwen2.5-Math,SVAMP,725,1,11,16,0.6875
Qwen2.5-Math,SVAMP,727,2,3,16,0.1875
Qwen2.5-Math,SVAMP,728,2,12,16,0.75
Qwen2.5-Math,SVAMP,729,2,13,16,0.8125
Qwen2.5-Math,SVAMP,730,1,15,16,0.9375
Qwen2.5-Math,SVAMP,731,1,7,16,0.4375
Qwen2.5-Math,SVAMP,735,2,13,16,0.8125
Qwen2.5-Math,SVAMP,737,4,2,16,0.125
Qwen2.5-Math,SVAMP,738,1,5,16,0.3125
Qwen2.5-Math,SVAMP,739,1,13,16,0.8125
Qwen2.5-Math,SVAMP,740,2,10,16,0.625
Qwen2.5-Math,SVAMP,741,1,8,16,0.5
Qwen2.5-Math,SVAMP,742,1,5,16,0.3125
Qwen2.5-Math,SVAMP,743,8,8,16,0.5
Qwen2.5-Math,SVAMP,744,3,15,16,0.9375
Qwen2.5-Math,SVAMP,745,3,12,16,0.75
Qwen2.5-Math,SVAMP,746,3,9,16,0.5625
Qwen2.5-Math,SVAMP,747,1,11,16,0.6875
Qwen2.5-Math,SVAMP,748,1,13,16,0.8125
Qwen2.5-Math,SVAMP,749,2,13,16,0.8125
Qwen2.5-Math,SVAMP,751,2,11,16,0.6875
Qwen2.5-Math,SVAMP,753,2,11,16,0.6875
Qwen2.5-Math,SVAMP,754,1,14,16,0.875
Qwen2.5-Math,SVAMP,755,2,10,16,0.625
Qwen2.5-Math,SVAMP,756,3,12,16,0.75
Qwen2.5-Math,SVAMP,757,2,12,16,0.75
Qwen2.5-Math,SVAMP,758,2,15,16,0.9375
Qwen2.5-Math,SVAMP,760,1,12,16,0.75
Qwen2.5-Math,SVAMP,761,6,9,16,0.5625
Qwen2.5-Math,SVAMP,762,2,0,16,0.0
Qwen2.5-Math,SVAMP,763,1,14,16,0.875
Qwen2.5-Math,SVAMP,765,1,16,16,1.0
Qwen2.5-Math,SVAMP,766,2,1,16,0.0625
Qwen2.5-Math,SVAMP,768,3,13,16,0.8125
Qwen2.5-Math,SVAMP,770,3,11,16,0.6875
Qwen2.5-Math,SVAMP,771,1,14,16,0.875
Qwen2.5-Math,SVAMP,772,4,11,16,0.6875
Qwen2.5-Math,SVAMP,773,1,14,16,0.875
Qwen2.5-Math,SVAMP,774,4,13,16,0.8125
Qwen2.5-Math,SVAMP,776,1,14,16,0.875
Qwen2.5-Math,SVAMP,778,1,13,16,0.8125
Qwen2.5-Math,SVAMP,782,2,14,16,0.875
Qwen2.5-Math,SVAMP,783,1,16,16,1.0
Qwen2.5-Math,SVAMP,784,1,14,16,0.875
Qwen2.5-Math,SVAMP,785,1,13,16,0.8125
Qwen2.5-Math,SVAMP,786,1,13,16,0.8125
Qwen2.5-Math,SVAMP,788,1,11,16,0.6875
Qwen2.5-Math,SVAMP,789,2,11,16,0.6875
Qwen2.5-Math,SVAMP,792,3,0,16,0.0
Qwen2.5-Math,SVAMP,793,2,12,16,0.75
Qwen2.5-Math,SVAMP,794,1,1,16,0.0625
Qwen2.5-Math,SVAMP,795,2,10,16,0.625
Qwen2.5-Math,SVAMP,796,1,16,16,1.0
Qwen2.5-Math,SVAMP,797,6,16,16,1.0
Qwen2.5-Math,SVAMP,798,2,15,16,0.9375
Qwen2.5-Math,SVAMP,799,4,3,16,0.1875
Qwen2.5-Math,SVAMP,800,4,14,16,0.875
Qwen2.5-Math,SVAMP,802,3,10,16,0.625
Qwen2.5-Math,SVAMP,805,5,14,16,0.875
Qwen2.5-Math,SVAMP,806,1,11,16,0.6875
Qwen2.5-Math,SVAMP,807,2,9,16,0.5625
Qwen2.5-Math,SVAMP,809,3,11,16,0.6875
Qwen2.5-Math,SVAMP,810,5,12,16,0.75
Qwen2.5-Math,SVAMP,811,3,10,16,0.625
Qwen2.5-Math,SVAMP,813,3,9,16,0.5625
Qwen2.5-Math,SVAMP,814,2,14,16,0.875
Qwen2.5-Math,SVAMP,815,1,3,16,0.1875
Qwen2.5-Math,SVAMP,816,7,15,16,0.9375
Qwen2.5-Math,SVAMP,818,3,16,16,1.0
Qwen2.5-Math,SVAMP,819,1,13,16,0.8125
Qwen2.5-Math,SVAMP,821,1,14,16,0.875
Qwen2.5-Math,SVAMP,823,5,12,16,0.75
Qwen2.5-Math,SVAMP,824,2,14,16,0.875
Qwen2.5-Math,SVAMP,826,2,14,16,0.875
Qwen2.5-Math,SVAMP,827,1,14,16,0.875
Qwen2.5-Math,SVAMP,828,3,12,16,0.75
Qwen2.5-Math,SVAMP,829,1,15,16,0.9375
Qwen2.5-Math,SVAMP,830,2,10,16,0.625
Qwen2.5-Math,SVAMP,831,4,11,16,0.6875
Qwen2.5-Math,SVAMP,832,1,15,16,0.9375
Qwen2.5-Math,SVAMP,833,1,13,16,0.8125
Qwen2.5-Math,SVAMP,834,2,11,16,0.6875
Qwen2.5-Math,SVAMP,835,4,8,16,0.5
Qwen2.5-Math,SVAMP,836,1,13,16,0.8125
Qwen2.5-Math,SVAMP,837,1,10,16,0.625
Qwen2.5-Math,SVAMP,839,1,10,16,0.625
Qwen2.5-Math,SVAMP,840,4,13,16,0.8125
Qwen2.5-Math,SVAMP,843,3,12,16,0.75
Qwen2.5-Math,SVAMP,844,1,13,16,0.8125
Qwen2.5-Math,SVAMP,845,1,16,16,1.0
Qwen2.5-Math,SVAMP,847,2,14,16,0.875
Qwen2.5-Math,SVAMP,848,1,2,16,0.125
Qwen2.5-Math,SVAMP,849,1,10,16,0.625
Qwen2.5-Math,SVAMP,852,5,12,16,0.75
Qwen2.5-Math,SVAMP,853,4,12,16,0.75
Qwen2.5-Math,SVAMP,855,2,16,16,1.0
Qwen2.5-Math,SVAMP,856,1,15,16,0.9375
Qwen2.5-Math,SVAMP,857,1,9,16,0.5625
Qwen2.5-Math,SVAMP,858,1,13,16,0.8125
Qwen2.5-Math,SVAMP,859,3,15,16,0.9375
Qwen2.5-Math,SVAMP,860,2,12,16,0.75
Qwen2.5-Math,SVAMP,862,3,15,16,0.9375
Qwen2.5-Math,SVAMP,863,2,15,16,0.9375
Qwen2.5-Math,SVAMP,868,1,13,16,0.8125
Qwen2.5-Math,SVAMP,870,1,15,16,0.9375
Qwen2.5-Math,SVAMP,871,2,14,16,0.875
Qwen2.5-Math,SVAMP,872,4,12,16,0.75
Qwen2.5-Math,SVAMP,873,1,15,16,0.9375
Qwen2.5-Math,SVAMP,875,1,12,16,0.75
Qwen2.5-Math,SVAMP,877,2,14,16,0.875
Qwen2.5-Math,SVAMP,878,1,11,16,0.6875
Qwen2.5-Math,SVAMP,879,3,0,16,0.0
Qwen2.5-Math,SVAMP,880,4,15,16,0.9375
Qwen2.5-Math,SVAMP,882,3,14,16,0.875
Qwen2.5-Math,SVAMP,884,1,14,16,0.875
Qwen2.5-Math,SVAMP,885,3,14,16,0.875
Qwen2.5-Math,SVAMP,886,4,12,16,0.75
Qwen2.5-Math,SVAMP,888,2,13,16,0.8125
Qwen2.5-Math,SVAMP,889,3,4,16,0.25
Qwen2.5-Math,SVAMP,890,3,11,16,0.6875
Qwen2.5-Math,SVAMP,891,1,13,16,0.8125
Qwen2.5-Math,SVAMP,892,2,12,16,0.75
Qwen2.5-Math,SVAMP,893,1,14,16,0.875
Qwen2.5-Math,SVAMP,896,2,14,16,0.875
Qwen2.5-Math,SVAMP,898,2,12,16,0.75
Qwen2.5-Math,SVAMP,899,5,11,16,0.6875
Qwen2.5-Math,SVAMP,900,1,8,16,0.5
Qwen2.5-Math,SVAMP,901,2,13,16,0.8125
Qwen2.5-Math,SVAMP,904,2,14,16,0.875
Qwen2.5-Math,SVAMP,905,2,15,16,0.9375
Qwen2.5-Math,SVAMP,906,1,13,16,0.8125
Qwen2.5-Math,SVAMP,907,1,16,16,1.0
Qwen2.5-Math,SVAMP,909,2,12,16,0.75
Qwen2.5-Math,SVAMP,910,1,13,16,0.8125
Qwen2.5-Math,SVAMP,912,1,14,16,0.875
Qwen2.5-Math,SVAMP,914,2,14,16,0.875
Qwen2.5-Math,SVAMP,915,4,12,16,0.75
Qwen2.5-Math,SVAMP,917,2,13,16,0.8125
Qwen2.5-Math,SVAMP,918,2,13,16,0.8125
Qwen2.5-Math,SVAMP,920,1,14,16,0.875
Qwen2.5-Math,SVAMP,921,5,16,16,1.0
Qwen2.5-Math,SVAMP,922,2,15,16,0.9375
Qwen2.5-Math,SVAMP,923,3,15,16,0.9375
Qwen2.5-Math,SVAMP,924,4,13,16,0.8125
Qwen2.5-Math,SVAMP,925,1,13,16,0.8125
Qwen2.5-Math,SVAMP,926,3,12,16,0.75
Qwen2.5-Math,SVAMP,927,1,1,16,0.0625
Qwen2.5-Math,SVAMP,928,1,14,16,0.875
Qwen2.5-Math,SVAMP,931,1,9,16,0.5625
Qwen2.5-Math,SVAMP,932,1,1,16,0.0625
Qwen2.5-Math,SVAMP,933,1,9,16,0.5625
Qwen2.5-Math,SVAMP,934,3,15,16,0.9375
Qwen2.5-Math,SVAMP,935,2,15,16,0.9375
Qwen2.5-Math,SVAMP,937,2,12,16,0.75
Qwen2.5-Math,SVAMP,938,2,15,16,0.9375
Qwen2.5-Math,SVAMP,939,3,14,16,0.875
Qwen2.5-Math,SVAMP,940,4,14,16,0.875
Qwen2.5-Math,SVAMP,941,2,11,16,0.6875
Qwen2.5-Math,SVAMP,942,1,14,16,0.875
Qwen2.5-Math,SVAMP,944,1,13,16,0.8125
Qwen2.5-Math,SVAMP,945,6,16,16,1.0
Qwen2.5-Math,SVAMP,948,1,13,16,0.8125
Qwen2.5-Math,SVAMP,949,3,14,16,0.875
Qwen2.5-Math,SVAMP,950,1,11,16,0.6875
Qwen2.5-Math,SVAMP,951,8,13,16,0.8125
Qwen2.5-Math,SVAMP,954,3,13,16,0.8125
Qwen2.5-Math,SVAMP,956,1,15,16,0.9375
Qwen2.5-Math,SVAMP,957,1,8,16,0.5
Qwen2.5-Math,SVAMP,958,3,15,16,0.9375
Qwen2.5-Math,SVAMP,959,1,12,16,0.75
Qwen2.5-Math,SVAMP,960,1,16,16,1.0
Qwen2.5-Math,SVAMP,962,2,11,16,0.6875
Qwen2.5-Math,SVAMP,963,1,13,16,0.8125
Qwen2.5-Math,SVAMP,967,2,16,16,1.0
Qwen2.5-Math,SVAMP,968,2,12,16,0.75
Qwen2.5-Math,SVAMP,969,1,15,16,0.9375
Qwen2.5-Math,SVAMP,970,3,12,16,0.75
Qwen2.5-Math,SVAMP,971,1,12,16,0.75
Qwen2.5-Math,SVAMP,972,2,14,16,0.875
Qwen2.5-Math,SVAMP,973,2,1,16,0.0625
Qwen2.5-Math,SVAMP,974,3,16,16,1.0
Qwen2.5-Math,SVAMP,975,2,8,16,0.5
Qwen2.5-Math,SVAMP,976,1,14,16,0.875
Qwen2.5-Math,SVAMP,977,2,11,16,0.6875
Qwen2.5-Math,SVAMP,980,1,15,16,0.9375
Qwen2.5-Math,SVAMP,981,1,16,16,1.0
Qwen2.5-Math,SVAMP,982,2,13,16,0.8125
Qwen2.5-Math,SVAMP,983,1,10,16,0.625
Qwen2.5-Math,SVAMP,984,1,12,16,0.75
Qwen2.5-Math,SVAMP,985,4,14,16,0.875
Qwen2.5-Math,SVAMP,986,3,12,16,0.75
Qwen2.5-Math,SVAMP,987,4,13,16,0.8125
Qwen2.5-Math,SVAMP,990,1,13,16,0.8125
Qwen2.5-Math,SVAMP,991,3,13,16,0.8125
Qwen2.5-Math,SVAMP,992,5,16,16,1.0
Qwen2.5-Math,SVAMP,993,1,0,16,0.0
Qwen2.5-Math,SVAMP,995,2,14,16,0.875
Qwen2.5-Math,SVAMP,996,2,15,16,0.9375
Qwen2.5-Math,SVAMP,999,1,15,16,0.9375
Qwen3-4B,AQuA,0,3,10,16,0.625
Qwen3-4B,AQuA,1,12,6,16,0.375
Qwen3-4B,AQuA,4,1,8,16,0.5
Qwen3-4B,AQuA,7,2,7,16,0.4375
Qwen3-4B,AQuA,10,12,0,16,0.0
Qwen3-4B,AQuA,12,1,6,16,0.375
Qwen3-4B,AQuA,13,1,11,16,0.6875
Qwen3-4B,AQuA,18,3,11,16,0.6875
Qwen3-4B,AQuA,19,5,6,16,0.375
Qwen3-4B,AQuA,23,1,13,16,0.8125
Qwen3-4B,AQuA,24,4,9,16,0.5625
Qwen3-4B,AQuA,25,2,12,16,0.75
Qwen3-4B,AQuA,26,1,7,16,0.4375
Qwen3-4B,AQuA,27,4,14,16,0.875
Qwen3-4B,AQuA,28,4,4,16,0.25
Qwen3-4B,AQuA,30,4,10,16,0.625
Qwen3-4B,AQuA,31,1,14,16,0.875
Qwen3-4B,AQuA,34,3,9,16,0.5625
Qwen3-4B,AQuA,36,1,5,16,0.3125
Qwen3-4B,AQuA,37,6,11,16,0.6875
Qwen3-4B,AQuA,39,5,9,16,0.5625
Qwen3-4B,AQuA,40,1,6,16,0.375
Qwen3-4B,AQuA,43,4,14,16,0.875
Qwen3-4B,AQuA,45,2,9,16,0.5625
Qwen3-4B,AQuA,47,1,11,16,0.6875
Qwen3-4B,AQuA,50,5,8,16,0.5
Qwen3-4B,AQuA,51,1,5,16,0.3125
Qwen3-4B,AQuA,52,4,9,16,0.5625
Qwen3-4B,AQuA,55,4,14,16,0.875
Qwen3-4B,AQuA,59,4,0,16,0.0
Qwen3-4B,AQuA,63,2,6,16,0.375
Qwen3-4B,AQuA,65,4,13,16,0.8125
Qwen3-4B,AQuA,70,1,6,16,0.375
Qwen3-4B,AQuA,71,3,7,16,0.4375
Qwen3-4B,AQuA,73,1,10,16,0.625
Qwen3-4B,AQuA,74,3,7,16,0.4375
Qwen3-4B,AQuA,76,1,4,16,0.25
Qwen3-4B,AQuA,80,4,5,16,0.3125
Qwen3-4B,AQuA,82,6,9,16,0.5625
Qwen3-4B,AQuA,85,9,8,16,0.5
Qwen3-4B,AQuA,87,1,12,16,0.75
Qwen3-4B,AQuA,89,1,4,16,0.25
Qwen3-4B,AQuA,91,5,7,16,0.4375
Qwen3-4B,AQuA,95,1,6,16,0.375
Qwen3-4B,AQuA,96,3,15,16,0.9375
Qwen3-4B,AQuA,97,1,0,16,0.0
Qwen3-4B,AQuA,98,1,12,16,0.75
Qwen3-4B,AQuA,101,4,7,16,0.4375
Qwen3-4B,AQuA,105,3,5,16,0.3125
Qwen3-4B,AQuA,114,9,3,16,0.1875
Qwen3-4B,AQuA,116,9,4,16,0.25
Qwen3-4B,AQuA,120,1,4,16,0.25
Qwen3-4B,AQuA,123,1,16,16,1.0
Qwen3-4B,AQuA,125,10,11,16,0.6875
Qwen3-4B,AQuA,126,3,2,16,0.125
Qwen3-4B,AQuA,128,6,5,16,0.3125
Qwen3-4B,AQuA,129,3,12,16,0.75
Qwen3-4B,AQuA,131,5,6,16,0.375
Qwen3-4B,AQuA,132,5,3,16,0.1875
Qwen3-4B,AQuA,133,1,13,16,0.8125
Qwen3-4B,AQuA,134,7,6,16,0.375
Qwen3-4B,AQuA,136,2,10,16,0.625
Qwen3-4B,AQuA,138,1,11,16,0.6875
Qwen3-4B,AQuA,141,14,14,16,0.875
Qwen3-4B,AQuA,143,3,5,16,0.3125
Qwen3-4B,AQuA,148,1,6,16,0.375
Qwen3-4B,AQuA,155,3,10,16,0.625
Qwen3-4B,AQuA,157,7,12,16,0.75
Qwen3-4B,AQuA,159,1,0,16,0.0
Qwen3-4B,AQuA,161,3,1,16,0.0625
Qwen3-4B,AQuA,165,4,2,16,0.125
Qwen3-4B,AQuA,168,1,16,16,1.0
Qwen3-4B,AQuA,170,1,12,16,0.75
Qwen3-4B,AQuA,174,2,12,16,0.75
Qwen3-4B,AQuA,175,4,5,16,0.3125
Qwen3-4B,AQuA,177,1,8,16,0.5
Qwen3-4B,AQuA,180,3,10,16,0.625
Qwen3-4B,AQuA,183,2,10,16,0.625
Qwen3-4B,AQuA,190,1,2,16,0.125
Qwen3-4B,AQuA,192,2,8,16,0.5
Qwen3-4B,AQuA,193,15,1,16,0.0625
Qwen3-4B,AQuA,194,10,5,16,0.3125
Qwen3-4B,AQuA,197,1,7,16,0.4375
Qwen3-4B,AQuA,200,10,9,16,0.5625
Qwen3-4B,AQuA,201,4,6,16,0.375
Qwen3-4B,AQuA,202,5,2,16,0.125
Qwen3-4B,AQuA,203,4,15,16,0.9375
Qwen3-4B,AQuA,206,8,12,16,0.75
Qwen3-4B,AQuA,208,1,14,16,0.875
Qwen3-4B,AQuA,213,7,7,16,0.4375
Qwen3-4B,AQuA,214,2,11,16,0.6875
Qwen3-4B,AQuA,217,5,15,16,0.9375
Qwen3-4B,AQuA,218,1,6,16,0.375
Qwen3-4B,AQuA,219,1,13,16,0.8125
Qwen3-4B,AQuA,220,6,13,16,0.8125
Qwen3-4B,AQuA,226,1,15,16,0.9375
Qwen3-4B,AQuA,227,1,11,16,0.6875
Qwen3-4B,AQuA,230,1,7,16,0.4375
Qwen3-4B,AQuA,235,2,16,16,1.0
Qwen3-4B,AQuA,236,11,15,16,0.9375
Qwen3-4B,AQuA,239,5,9,16,0.5625
Qwen3-4B,AQuA,240,6,7,16,0.4375
Qwen3-4B,AQuA,242,3,13,16,0.8125
Qwen3-4B,AQuA,243,1,11,16,0.6875
Qwen3-4B,AQuA,244,1,8,16,0.5
Qwen3-4B,AQuA,245,5,0,16,0.0
Qwen3-4B,AQuA,249,4,12,16,0.75
Qwen3-4B,AQuA,250,14,5,16,0.3125
Qwen3-4B,CSQA,0,1,16,16,1.0
Qwen3-4B,CSQA,1,2,16,16,1.0
Qwen3-4B,CSQA,2,6,16,16,1.0
Qwen3-4B,CSQA,3,2,16,16,1.0
Qwen3-4B,CSQA,4,2,3,16,0.1875
Qwen3-4B,CSQA,6,5,14,16,0.875
Qwen3-4B,CSQA,7,3,12,16,0.75
Qwen3-4B,CSQA,8,2,15,16,0.9375
Qwen3-4B,CSQA,11,5,16,16,1.0
Qwen3-4B,CSQA,12,1,15,16,0.9375
Qwen3-4B,CSQA,15,3,14,16,0.875
Qwen3-4B,CSQA,18,1,8,16,0.5
Qwen3-4B,CSQA,20,1,15,16,0.9375
Qwen3-4B,CSQA,21,2,16,16,1.0
Qwen3-4B,CSQA,25,1,16,16,1.0
Qwen3-4B,CSQA,28,2,14,16,0.875
Qwen3-4B,CSQA,29,8,16,16,1.0
Qwen3-4B,CSQA,33,2,10,16,0.625
Qwen3-4B,CSQA,36,1,16,16,1.0
Qwen3-4B,CSQA,37,3,15,16,0.9375
Qwen3-4B,CSQA,39,2,8,16,0.5
Qwen3-4B,CSQA,40,3,16,16,1.0
Qwen3-4B,CSQA,41,1,16,16,1.0
Qwen3-4B,CSQA,42,1,12,16,0.75
Qwen3-4B,CSQA,43,1,5,16,0.3125
Qwen3-4B,CSQA,44,1,14,16,0.875
Qwen3-4B,CSQA,47,7,16,16,1.0
Qwen3-4B,CSQA,49,1,9,16,0.5625
Qwen3-4B,CSQA,51,2,16,16,1.0
Qwen3-4B,CSQA,52,3,15,16,0.9375
Qwen3-4B,CSQA,55,4,15,16,0.9375
Qwen3-4B,CSQA,56,1,16,16,1.0
Qwen3-4B,CSQA,58,4,1,16,0.0625
Qwen3-4B,CSQA,60,1,13,16,0.8125
Qwen3-4B,CSQA,61,1,13,16,0.8125
Qwen3-4B,CSQA,63,3,13,16,0.8125
Qwen3-4B,CSQA,64,2,16,16,1.0
Qwen3-4B,CSQA,65,4,8,16,0.5
Qwen3-4B,CSQA,66,1,12,16,0.75
Qwen3-4B,CSQA,67,3,2,16,0.125
Qwen3-4B,CSQA,69,9,16,16,1.0
Qwen3-4B,CSQA,70,2,14,16,0.875
Qwen3-4B,CSQA,71,2,10,16,0.625
Qwen3-4B,CSQA,72,1,10,16,0.625
Qwen3-4B,CSQA,74,1,3,16,0.1875
Qwen3-4B,CSQA,75,2,5,16,0.3125
Qwen3-4B,CSQA,76,2,14,16,0.875
Qwen3-4B,CSQA,77,1,12,16,0.75
Qwen3-4B,CSQA,78,1,15,16,0.9375
Qwen3-4B,CSQA,80,4,11,16,0.6875
Qwen3-4B,CSQA,82,1,12,16,0.75
Qwen3-4B,CSQA,83,1,16,16,1.0
Qwen3-4B,CSQA,84,1,14,16,0.875
Qwen3-4B,CSQA,85,1,15,16,0.9375
Qwen3-4B,CSQA,86,4,15,16,0.9375
Qwen3-4B,CSQA,87,1,1,16,0.0625
Qwen3-4B,CSQA,91,1,15,16,0.9375
Qwen3-4B,CSQA,93,1,8,16,0.5
Qwen3-4B,CSQA,94,2,14,16,0.875
Qwen3-4B,CSQA,99,1,3,16,0.1875
Qwen3-4B,CSQA,100,2,6,16,0.375
Qwen3-4B,CSQA,101,3,14,16,0.875
Qwen3-4B,CSQA,102,3,15,16,0.9375
Qwen3-4B,CSQA,105,1,14,16,0.875
Qwen3-4B,CSQA,106,4,14,16,0.875
Qwen3-4B,CSQA,109,3,15,16,0.9375
Qwen3-4B,CSQA,110,4,15,16,0.9375
Qwen3-4B,CSQA,116,1,6,16,0.375
Qwen3-4B,CSQA,118,3,14,16,0.875
Qwen3-4B,CSQA,122,1,16,16,1.0
Qwen3-4B,CSQA,123,3,7,16,0.4375
Qwen3-4B,CSQA,125,2,11,16,0.6875
Qwen3-4B,CSQA,126,3,14,16,0.875
Qwen3-4B,CSQA,128,1,14,16,0.875
Qwen3-4B,CSQA,129,1,13,16,0.8125
Qwen3-4B,CSQA,130,2,14,16,0.875
Qwen3-4B,CSQA,131,2,16,16,1.0
Qwen3-4B,CSQA,132,4,16,16,1.0
Qwen3-4B,CSQA,133,2,16,16,1.0
Qwen3-4B,CSQA,134,4,14,16,0.875
Qwen3-4B,CSQA,135,3,15,16,0.9375
Qwen3-4B,CSQA,136,3,16,16,1.0
Qwen3-4B,CSQA,137,4,15,16,0.9375
Qwen3-4B,CSQA,140,2,12,16,0.75
Qwen3-4B,CSQA,141,1,15,16,0.9375
Qwen3-4B,CSQA,145,2,14,16,0.875
Qwen3-4B,CSQA,149,4,8,16,0.5
Qwen3-4B,CSQA,150,1,11,16,0.6875
Qwen3-4B,CSQA,151,1,15,16,0.9375
Qwen3-4B,CSQA,152,1,14,16,0.875
Qwen3-4B,CSQA,153,1,2,16,0.125
Qwen3-4B,CSQA,154,3,15,16,0.9375
Qwen3-4B,CSQA,155,1,12,16,0.75
Qwen3-4B,CSQA,156,1,12,16,0.75
Qwen3-4B,CSQA,160,1,16,16,1.0
Qwen3-4B,CSQA,161,2,15,16,0.9375
Qwen3-4B,CSQA,162,1,11,16,0.6875
Qwen3-4B,CSQA,163,1,14,16,0.875
Qwen3-4B,CSQA,164,4,16,16,1.0
Qwen3-4B,CSQA,165,1,15,16,0.9375
Qwen3-4B,CSQA,166,3,15,16,0.9375
Qwen3-4B,CSQA,167,4,16,16,1.0
Qwen3-4B,CSQA,168,2,16,16,1.0
Qwen3-4B,CSQA,169,1,7,16,0.4375
Qwen3-4B,CSQA,170,3,16,16,1.0
Qwen3-4B,CSQA,173,2,16,16,1.0
Qwen3-4B,CSQA,174,2,1,16,0.0625
Qwen3-4B,CSQA,176,1,14,16,0.875
Qwen3-4B,CSQA,177,2,0,16,0.0
Qwen3-4B,CSQA,179,1,5,16,0.3125
Qwen3-4B,CSQA,180,1,9,16,0.5625
Qwen3-4B,CSQA,184,3,16,16,1.0
Qwen3-4B,CSQA,186,2,15,16,0.9375
Qwen3-4B,CSQA,187,2,12,16,0.75
Qwen3-4B,CSQA,188,5,15,16,0.9375
Qwen3-4B,CSQA,189,2,16,16,1.0
Qwen3-4B,CSQA,193,1,5,16,0.3125
Qwen3-4B,CSQA,194,2,16,16,1.0
Qwen3-4B,CSQA,195,6,16,16,1.0
Qwen3-4B,CSQA,196,1,11,16,0.6875
Qwen3-4B,CSQA,200,1,14,16,0.875
Qwen3-4B,CSQA,201,1,11,16,0.6875
Qwen3-4B,CSQA,203,2,16,16,1.0
Qwen3-4B,CSQA,210,3,16,16,1.0
Qwen3-4B,CSQA,214,1,15,16,0.9375
Qwen3-4B,CSQA,216,4,0,16,0.0
Qwen3-4B,CSQA,217,7,16,16,1.0
Qwen3-4B,CSQA,219,1,11,16,0.6875
Qwen3-4B,CSQA,221,1,3,16,0.1875
Qwen3-4B,CSQA,223,3,10,16,0.625
Qwen3-4B,CSQA,224,3,16,16,1.0
Qwen3-4B,CSQA,226,2,16,16,1.0
Qwen3-4B,CSQA,227,3,16,16,1.0
Qwen3-4B,CSQA,228,6,16,16,1.0
Qwen3-4B,CSQA,230,2,15,16,0.9375
Qwen3-4B,CSQA,231,1,16,16,1.0
Qwen3-4B,CSQA,233,5,16,16,1.0
Qwen3-4B,CSQA,234,3,14,16,0.875
Qwen3-4B,CSQA,238,1,3,16,0.1875
Qwen3-4B,CSQA,239,6,15,16,0.9375
Qwen3-4B,CSQA,241,2,16,16,1.0
Qwen3-4B,CSQA,242,2,16,16,1.0
Qwen3-4B,CSQA,243,5,16,16,1.0
Qwen3-4B,CSQA,246,1,15,16,0.9375
Qwen3-4B,CSQA,249,1,5,16,0.3125
Qwen3-4B,CSQA,252,2,16,16,1.0
Qwen3-4B,CSQA,253,2,14,16,0.875
Qwen3-4B,CSQA,254,2,12,16,0.75
Qwen3-4B,CSQA,255,7,16,16,1.0
Qwen3-4B,CSQA,256,2,5,16,0.3125
Qwen3-4B,CSQA,257,1,15,16,0.9375
Qwen3-4B,CSQA,258,4,12,16,0.75
Qwen3-4B,CSQA,262,7,15,16,0.9375
Qwen3-4B,CSQA,264,2,16,16,1.0
Qwen3-4B,CSQA,265,2,16,16,1.0
Qwen3-4B,CSQA,267,1,2,16,0.125
Qwen3-4B,CSQA,268,2,16,16,1.0
Qwen3-4B,CSQA,269,1,15,16,0.9375
Qwen3-4B,CSQA,272,1,15,16,0.9375
Qwen3-4B,CSQA,273,1,4,16,0.25
Qwen3-4B,CSQA,276,3,16,16,1.0
Qwen3-4B,CSQA,278,7,16,16,1.0
Qwen3-4B,CSQA,279,3,16,16,1.0
Qwen3-4B,CSQA,283,1,16,16,1.0
Qwen3-4B,CSQA,285,3,16,16,1.0
Qwen3-4B,CSQA,286,3,16,16,1.0
Qwen3-4B,CSQA,288,5,16,16,1.0
Qwen3-4B,CSQA,291,3,0,16,0.0
Qwen3-4B,CSQA,295,5,16,16,1.0
Qwen3-4B,CSQA,297,3,15,16,0.9375
Qwen3-4B,CSQA,298,1,15,16,0.9375
Qwen3-4B,CSQA,300,3,14,16,0.875
Qwen3-4B,CSQA,301,7,14,16,0.875
Qwen3-4B,CSQA,302,1,0,16,0.0
Qwen3-4B,CSQA,303,6,16,16,1.0
Qwen3-4B,CSQA,304,2,7,16,0.4375
Qwen3-4B,CSQA,305,2,0,16,0.0
Qwen3-4B,CSQA,307,1,16,16,1.0
Qwen3-4B,CSQA,309,2,11,16,0.6875
Qwen3-4B,CSQA,310,4,11,16,0.6875
Qwen3-4B,CSQA,312,3,0,16,0.0
Qwen3-4B,CSQA,315,3,15,16,0.9375
Qwen3-4B,CSQA,317,4,15,16,0.9375
Qwen3-4B,CSQA,318,1,10,16,0.625
Qwen3-4B,CSQA,319,1,10,16,0.625
Qwen3-4B,CSQA,322,1,13,16,0.8125
Qwen3-4B,CSQA,324,2,9,16,0.5625
Qwen3-4B,CSQA,326,1,16,16,1.0
Qwen3-4B,CSQA,327,1,16,16,1.0
Qwen3-4B,CSQA,331,4,16,16,1.0
Qwen3-4B,CSQA,332,1,16,16,1.0
Qwen3-4B,CSQA,333,1,16,16,1.0
Qwen3-4B,CSQA,335,6,14,16,0.875
Qwen3-4B,CSQA,336,2,11,16,0.6875
Qwen3-4B,CSQA,339,1,0,16,0.0
Qwen3-4B,CSQA,340,3,16,16,1.0
Qwen3-4B,CSQA,341,2,15,16,0.9375
Qwen3-4B,CSQA,344,7,15,16,0.9375
Qwen3-4B,CSQA,345,3,14,16,0.875
Qwen3-4B,CSQA,346,1,14,16,0.875
Qwen3-4B,CSQA,347,1,15,16,0.9375
Qwen3-4B,CSQA,350,2,10,16,0.625
Qwen3-4B,CSQA,351,5,16,16,1.0
Qwen3-4B,CSQA,352,3,16,16,1.0
Qwen3-4B,CSQA,357,3,14,16,0.875
Qwen3-4B,CSQA,358,1,12,16,0.75
Qwen3-4B,CSQA,359,2,15,16,0.9375
Qwen3-4B,CSQA,360,1,14,16,0.875
Qwen3-4B,CSQA,361,1,16,16,1.0
Qwen3-4B,CSQA,363,4,13,16,0.8125
Qwen3-4B,CSQA,365,1,6,16,0.375
Qwen3-4B,CSQA,367,2,16,16,1.0
Qwen3-4B,CSQA,369,2,16,16,1.0
Qwen3-4B,CSQA,370,2,12,16,0.75
Qwen3-4B,CSQA,371,1,0,16,0.0
Qwen3-4B,CSQA,372,3,4,16,0.25
Qwen3-4B,CSQA,373,1,12,16,0.75
Qwen3-4B,CSQA,374,4,15,16,0.9375
Qwen3-4B,CSQA,377,3,6,16,0.375
Qwen3-4B,CSQA,380,3,16,16,1.0
Qwen3-4B,CSQA,383,1,15,16,0.9375
Qwen3-4B,CSQA,384,3,16,16,1.0
Qwen3-4B,CSQA,385,1,15,16,0.9375
Qwen3-4B,CSQA,387,2,15,16,0.9375
Qwen3-4B,CSQA,389,8,16,16,1.0
Qwen3-4B,CSQA,390,1,0,16,0.0
Qwen3-4B,CSQA,392,2,14,16,0.875
Qwen3-4B,CSQA,393,7,15,16,0.9375
Qwen3-4B,CSQA,394,1,6,16,0.375
Qwen3-4B,CSQA,395,5,16,16,1.0
Qwen3-4B,CSQA,396,1,14,16,0.875
Qwen3-4B,CSQA,397,2,14,16,0.875
Qwen3-4B,CSQA,398,1,7,16,0.4375
Qwen3-4B,CSQA,399,2,16,16,1.0
Qwen3-4B,CSQA,400,4,15,16,0.9375
Qwen3-4B,CSQA,401,1,16,16,1.0
Qwen3-4B,CSQA,402,4,16,16,1.0
Qwen3-4B,CSQA,403,2,15,16,0.9375
Qwen3-4B,CSQA,408,1,3,16,0.1875
Qwen3-4B,CSQA,409,5,14,16,0.875
Qwen3-4B,CSQA,414,6,15,16,0.9375
Qwen3-4B,CSQA,415,2,14,16,0.875
Qwen3-4B,CSQA,416,4,16,16,1.0
Qwen3-4B,CSQA,417,1,4,16,0.25
Qwen3-4B,CSQA,418,1,13,16,0.8125
Qwen3-4B,CSQA,419,4,12,16,0.75
Qwen3-4B,CSQA,421,6,16,16,1.0
Qwen3-4B,CSQA,423,2,16,16,1.0
Qwen3-4B,CSQA,424,1,10,16,0.625
Qwen3-4B,CSQA,425,4,8,16,0.5
Qwen3-4B,CSQA,428,1,5,16,0.3125
Qwen3-4B,CSQA,429,4,15,16,0.9375
Qwen3-4B,CSQA,432,3,15,16,0.9375
Qwen3-4B,CSQA,434,2,16,16,1.0
Qwen3-4B,CSQA,435,1,8,16,0.5
Qwen3-4B,CSQA,436,1,3,16,0.1875
Qwen3-4B,CSQA,438,1,10,16,0.625
Qwen3-4B,CSQA,440,3,16,16,1.0
Qwen3-4B,CSQA,441,2,4,16,0.25
Qwen3-4B,CSQA,442,3,16,16,1.0
Qwen3-4B,CSQA,443,2,11,16,0.6875
Qwen3-4B,CSQA,444,2,13,16,0.8125
Qwen3-4B,CSQA,446,1,5,16,0.3125
Qwen3-4B,CSQA,447,1,16,16,1.0
Qwen3-4B,CSQA,449,1,14,16,0.875
Qwen3-4B,CSQA,454,2,5,16,0.3125
Qwen3-4B,CSQA,455,1,16,16,1.0
Qwen3-4B,CSQA,456,1,16,16,1.0
Qwen3-4B,CSQA,457,5,16,16,1.0
Qwen3-4B,CSQA,458,4,16,16,1.0
Qwen3-4B,CSQA,460,1,9,16,0.5625
Qwen3-4B,CSQA,461,5,16,16,1.0
Qwen3-4B,CSQA,462,2,7,16,0.4375
Qwen3-4B,CSQA,463,1,16,16,1.0
Qwen3-4B,CSQA,464,1,14,16,0.875
Qwen3-4B,CSQA,465,1,6,16,0.375
Qwen3-4B,CSQA,467,1,16,16,1.0
Qwen3-4B,CSQA,469,3,16,16,1.0
Qwen3-4B,CSQA,471,1,13,16,0.8125
Qwen3-4B,CSQA,472,6,16,16,1.0
Qwen3-4B,CSQA,474,2,16,16,1.0
Qwen3-4B,CSQA,475,2,16,16,1.0
Qwen3-4B,CSQA,477,1,16,16,1.0
Qwen3-4B,CSQA,478,1,16,16,1.0
Qwen3-4B,CSQA,479,1,14,16,0.875
Qwen3-4B,CSQA,483,4,16,16,1.0
Qwen3-4B,CSQA,484,2,6,16,0.375
Qwen3-4B,CSQA,485,1,13,16,0.8125
Qwen3-4B,CSQA,486,1,8,16,0.5
Qwen3-4B,CSQA,488,4,16,16,1.0
Qwen3-4B,CSQA,489,5,2,16,0.125
Qwen3-4B,CSQA,490,3,16,16,1.0
Qwen3-4B,CSQA,491,3,10,16,0.625
Qwen3-4B,CSQA,492,2,15,16,0.9375
Qwen3-4B,CSQA,495,2,16,16,1.0
Qwen3-4B,CSQA,497,3,13,16,0.8125
Qwen3-4B,CSQA,499,2,16,16,1.0
Qwen3-4B,CSQA,509,7,16,16,1.0
Qwen3-4B,CSQA,511,1,2,16,0.125
Qwen3-4B,CSQA,512,1,16,16,1.0
Qwen3-4B,CSQA,513,1,12,16,0.75
Qwen3-4B,CSQA,514,7,13,16,0.8125
Qwen3-4B,CSQA,518,2,16,16,1.0
Qwen3-4B,CSQA,519,1,15,16,0.9375
Qwen3-4B,CSQA,520,2,0,16,0.0
Qwen3-4B,CSQA,521,1,16,16,1.0
Qwen3-4B,CSQA,522,1,16,16,1.0
Qwen3-4B,CSQA,523,2,8,16,0.5
Qwen3-4B,CSQA,524,11,16,16,1.0
Qwen3-4B,CSQA,525,1,14,16,0.875
Qwen3-4B,CSQA,526,1,16,16,1.0
Qwen3-4B,CSQA,527,5,16,16,1.0
Qwen3-4B,CSQA,529,2,6,16,0.375
Qwen3-4B,CSQA,530,2,15,16,0.9375
Qwen3-4B,CSQA,532,9,15,16,0.9375
Qwen3-4B,CSQA,533,5,16,16,1.0
Qwen3-4B,CSQA,536,2,6,16,0.375
Qwen3-4B,CSQA,537,2,16,16,1.0
Qwen3-4B,CSQA,538,2,16,16,1.0
Qwen3-4B,CSQA,540,3,14,16,0.875
Qwen3-4B,CSQA,541,2,13,16,0.8125
Qwen3-4B,CSQA,544,4,16,16,1.0
Qwen3-4B,CSQA,545,1,16,16,1.0
Qwen3-4B,CSQA,546,2,15,16,0.9375
Qwen3-4B,CSQA,548,4,16,16,1.0
Qwen3-4B,CSQA,550,4,15,16,0.9375
Qwen3-4B,CSQA,551,3,13,16,0.8125
Qwen3-4B,CSQA,553,5,16,16,1.0
Qwen3-4B,CSQA,555,3,15,16,0.9375
Qwen3-4B,CSQA,556,1,15,16,0.9375
Qwen3-4B,CSQA,558,2,15,16,0.9375
Qwen3-4B,CSQA,561,2,12,16,0.75
Qwen3-4B,CSQA,562,8,10,16,0.625
Qwen3-4B,CSQA,563,3,14,16,0.875
Qwen3-4B,CSQA,564,7,16,16,1.0
Qwen3-4B,CSQA,567,3,1,16,0.0625
Qwen3-4B,CSQA,568,3,16,16,1.0
Qwen3-4B,CSQA,570,4,16,16,1.0
Qwen3-4B,CSQA,571,3,16,16,1.0
Qwen3-4B,CSQA,573,5,6,16,0.375
Qwen3-4B,CSQA,578,1,13,16,0.8125
Qwen3-4B,CSQA,579,1,2,16,0.125
Qwen3-4B,CSQA,583,1,12,16,0.75
Qwen3-4B,CSQA,584,3,16,16,1.0
Qwen3-4B,CSQA,585,2,2,16,0.125
Qwen3-4B,CSQA,586,3,16,16,1.0
Qwen3-4B,CSQA,587,5,15,16,0.9375
Qwen3-4B,CSQA,588,1,13,16,0.8125
Qwen3-4B,CSQA,590,3,15,16,0.9375
Qwen3-4B,CSQA,592,1,14,16,0.875
Qwen3-4B,CSQA,593,2,15,16,0.9375
Qwen3-4B,CSQA,594,1,16,16,1.0
Qwen3-4B,CSQA,595,1,13,16,0.8125
Qwen3-4B,CSQA,596,4,10,16,0.625
Qwen3-4B,CSQA,597,1,16,16,1.0
Qwen3-4B,CSQA,598,4,15,16,0.9375
Qwen3-4B,CSQA,599,2,16,16,1.0
Qwen3-4B,CSQA,600,2,16,16,1.0
Qwen3-4B,CSQA,603,1,0,16,0.0
Qwen3-4B,CSQA,611,3,15,16,0.9375
Qwen3-4B,CSQA,612,2,15,16,0.9375
Qwen3-4B,CSQA,613,2,15,16,0.9375
Qwen3-4B,CSQA,614,1,15,16,0.9375
Qwen3-4B,CSQA,615,6,14,16,0.875
Qwen3-4B,CSQA,618,3,12,16,0.75
Qwen3-4B,CSQA,620,6,16,16,1.0
Qwen3-4B,CSQA,621,3,15,16,0.9375
Qwen3-4B,CSQA,623,1,6,16,0.375
Qwen3-4B,CSQA,629,2,15,16,0.9375
Qwen3-4B,CSQA,630,2,16,16,1.0
Qwen3-4B,CSQA,631,5,16,16,1.0
Qwen3-4B,CSQA,637,2,11,16,0.6875
Qwen3-4B,CSQA,638,4,11,16,0.6875
Qwen3-4B,CSQA,639,1,16,16,1.0
Qwen3-4B,CSQA,641,1,14,16,0.875
Qwen3-4B,CSQA,642,1,15,16,0.9375
Qwen3-4B,CSQA,644,4,15,16,0.9375
Qwen3-4B,CSQA,645,1,4,16,0.25
Qwen3-4B,CSQA,646,2,16,16,1.0
Qwen3-4B,CSQA,649,3,15,16,0.9375
Qwen3-4B,CSQA,651,2,16,16,1.0
Qwen3-4B,CSQA,652,2,16,16,1.0
Qwen3-4B,CSQA,654,3,16,16,1.0
Qwen3-4B,CSQA,655,4,2,16,0.125
Qwen3-4B,CSQA,658,1,9,16,0.5625
Qwen3-4B,CSQA,659,2,16,16,1.0
Qwen3-4B,CSQA,660,4,16,16,1.0
Qwen3-4B,CSQA,662,6,15,16,0.9375
Qwen3-4B,CSQA,663,1,12,16,0.75
Qwen3-4B,CSQA,664,4,16,16,1.0
Qwen3-4B,CSQA,665,1,15,16,0.9375
Qwen3-4B,CSQA,666,1,13,16,0.8125
Qwen3-4B,CSQA,667,1,0,16,0.0
Qwen3-4B,CSQA,668,3,16,16,1.0
Qwen3-4B,CSQA,669,1,15,16,0.9375
Qwen3-4B,CSQA,670,5,16,16,1.0
Qwen3-4B,CSQA,672,1,2,16,0.125
Qwen3-4B,CSQA,673,4,16,16,1.0
Qwen3-4B,CSQA,675,11,16,16,1.0
Qwen3-4B,CSQA,677,4,16,16,1.0
Qwen3-4B,CSQA,680,1,16,16,1.0
Qwen3-4B,CSQA,683,4,14,16,0.875
Qwen3-4B,CSQA,685,3,15,16,0.9375
Qwen3-4B,CSQA,686,5,16,16,1.0
Qwen3-4B,CSQA,690,2,8,16,0.5
Qwen3-4B,CSQA,692,3,14,16,0.875
Qwen3-4B,CSQA,693,1,13,16,0.8125
Qwen3-4B,CSQA,696,10,13,16,0.8125
Qwen3-4B,CSQA,698,6,15,16,0.9375
Qwen3-4B,CSQA,700,1,9,16,0.5625
Qwen3-4B,CSQA,701,4,15,16,0.9375
Qwen3-4B,CSQA,702,4,14,16,0.875
Qwen3-4B,CSQA,705,2,2,16,0.125
Qwen3-4B,CSQA,706,2,13,16,0.8125
Qwen3-4B,CSQA,707,1,12,16,0.75
Qwen3-4B,CSQA,709,1,16,16,1.0
Qwen3-4B,CSQA,710,1,9,16,0.5625
Qwen3-4B,CSQA,712,3,15,16,0.9375
Qwen3-4B,CSQA,713,3,16,16,1.0
Qwen3-4B,CSQA,715,11,2,16,0.125
Qwen3-4B,CSQA,716,2,13,16,0.8125
Qwen3-4B,CSQA,718,2,16,16,1.0
Qwen3-4B,CSQA,719,4,14,16,0.875
Qwen3-4B,CSQA,720,1,16,16,1.0
Qwen3-4B,CSQA,725,4,3,16,0.1875
Qwen3-4B,CSQA,726,5,16,16,1.0
Qwen3-4B,CSQA,727,1,13,16,0.8125
Qwen3-4B,CSQA,728,1,0,16,0.0
Qwen3-4B,CSQA,729,3,14,16,0.875
Qwen3-4B,CSQA,731,3,16,16,1.0
Qwen3-4B,CSQA,732,1,15,16,0.9375
Qwen3-4B,CSQA,733,1,3,16,0.1875
Qwen3-4B,CSQA,734,1,9,16,0.5625
Qwen3-4B,CSQA,737,1,15,16,0.9375
Qwen3-4B,CSQA,738,2,16,16,1.0
Qwen3-4B,CSQA,740,4,15,16,0.9375
Qwen3-4B,CSQA,742,3,14,16,0.875
Qwen3-4B,CSQA,744,4,16,16,1.0
Qwen3-4B,CSQA,747,2,11,16,0.6875
Qwen3-4B,CSQA,748,1,15,16,0.9375
Qwen3-4B,CSQA,749,6,16,16,1.0
Qwen3-4B,CSQA,751,1,6,16,0.375
Qwen3-4B,CSQA,753,2,0,16,0.0
Qwen3-4B,CSQA,754,2,5,16,0.3125
Qwen3-4B,CSQA,757,1,16,16,1.0
Qwen3-4B,CSQA,758,2,15,16,0.9375
Qwen3-4B,CSQA,759,6,15,16,0.9375
Qwen3-4B,CSQA,760,1,15,16,0.9375
Qwen3-4B,CSQA,762,3,14,16,0.875
Qwen3-4B,CSQA,763,3,9,16,0.5625
Qwen3-4B,CSQA,764,2,1,16,0.0625
Qwen3-4B,CSQA,765,10,15,16,0.9375
Qwen3-4B,CSQA,766,1,6,16,0.375
Qwen3-4B,CSQA,768,1,14,16,0.875
Qwen3-4B,CSQA,769,1,16,16,1.0
Qwen3-4B,CSQA,771,2,10,16,0.625
Qwen3-4B,CSQA,773,1,8,16,0.5
Qwen3-4B,CSQA,774,3,16,16,1.0
Qwen3-4B,CSQA,776,3,2,16,0.125
Qwen3-4B,CSQA,779,1,2,16,0.125
Qwen3-4B,CSQA,780,8,16,16,1.0
Qwen3-4B,CSQA,781,5,15,16,0.9375
Qwen3-4B,CSQA,782,4,15,16,0.9375
Qwen3-4B,CSQA,784,5,16,16,1.0
Qwen3-4B,CSQA,785,1,15,16,0.9375
Qwen3-4B,CSQA,788,1,16,16,1.0
Qwen3-4B,CSQA,790,1,16,16,1.0
Qwen3-4B,CSQA,792,4,16,16,1.0
Qwen3-4B,CSQA,793,2,16,16,1.0
Qwen3-4B,CSQA,794,1,16,16,1.0
Qwen3-4B,CSQA,795,1,12,16,0.75
Qwen3-4B,CSQA,798,1,16,16,1.0
Qwen3-4B,CSQA,801,2,14,16,0.875
Qwen3-4B,CSQA,803,3,16,16,1.0
Qwen3-4B,CSQA,804,1,8,16,0.5
Qwen3-4B,CSQA,805,1,11,16,0.6875
Qwen3-4B,CSQA,807,1,0,16,0.0
Qwen3-4B,CSQA,808,1,5,16,0.3125
Qwen3-4B,CSQA,811,6,14,16,0.875
Qwen3-4B,CSQA,812,3,15,16,0.9375
Qwen3-4B,CSQA,813,8,16,16,1.0
Qwen3-4B,CSQA,817,4,16,16,1.0
Qwen3-4B,CSQA,818,1,15,16,0.9375
Qwen3-4B,CSQA,819,3,15,16,0.9375
Qwen3-4B,CSQA,821,5,7,16,0.4375
Qwen3-4B,CSQA,823,1,16,16,1.0
Qwen3-4B,CSQA,826,2,13,16,0.8125
Qwen3-4B,CSQA,827,6,16,16,1.0
Qwen3-4B,CSQA,828,2,14,16,0.875
Qwen3-4B,CSQA,830,1,12,16,0.75
Qwen3-4B,CSQA,831,3,16,16,1.0
Qwen3-4B,CSQA,832,6,16,16,1.0
Qwen3-4B,CSQA,834,2,0,16,0.0
Qwen3-4B,CSQA,835,1,15,16,0.9375
Qwen3-4B,CSQA,838,1,15,16,0.9375
Qwen3-4B,CSQA,839,3,15,16,0.9375
Qwen3-4B,CSQA,841,4,16,16,1.0
Qwen3-4B,CSQA,844,1,16,16,1.0
Qwen3-4B,CSQA,845,3,15,16,0.9375
Qwen3-4B,CSQA,847,1,14,16,0.875
Qwen3-4B,CSQA,848,1,6,16,0.375
Qwen3-4B,CSQA,849,3,16,16,1.0
Qwen3-4B,CSQA,851,4,14,16,0.875
Qwen3-4B,CSQA,853,1,11,16,0.6875
Qwen3-4B,CSQA,854,2,16,16,1.0
Qwen3-4B,CSQA,856,1,16,16,1.0
Qwen3-4B,CSQA,857,5,15,16,0.9375
Qwen3-4B,CSQA,859,1,0,16,0.0
Qwen3-4B,CSQA,860,9,15,16,0.9375
Qwen3-4B,CSQA,864,1,16,16,1.0
Qwen3-4B,CSQA,865,6,16,16,1.0
Qwen3-4B,CSQA,866,2,12,16,0.75
Qwen3-4B,CSQA,867,8,16,16,1.0
Qwen3-4B,CSQA,869,9,16,16,1.0
Qwen3-4B,CSQA,870,2,13,16,0.8125
Qwen3-4B,CSQA,873,1,15,16,0.9375
Qwen3-4B,CSQA,874,5,12,16,0.75
Qwen3-4B,CSQA,877,3,16,16,1.0
Qwen3-4B,CSQA,878,1,14,16,0.875
Qwen3-4B,CSQA,880,3,4,16,0.25
Qwen3-4B,CSQA,882,3,14,16,0.875
Qwen3-4B,CSQA,885,1,11,16,0.6875
Qwen3-4B,CSQA,887,2,9,16,0.5625
Qwen3-4B,CSQA,888,5,16,16,1.0
Qwen3-4B,CSQA,889,2,16,16,1.0
Qwen3-4B,CSQA,893,11,15,16,0.9375
Qwen3-4B,CSQA,894,5,13,16,0.8125
Qwen3-4B,CSQA,895,3,15,16,0.9375
Qwen3-4B,CSQA,897,2,16,16,1.0
Qwen3-4B,CSQA,899,1,15,16,0.9375
Qwen3-4B,CSQA,900,2,16,16,1.0
Qwen3-4B,CSQA,901,1,5,16,0.3125
Qwen3-4B,CSQA,905,10,8,16,0.5
Qwen3-4B,CSQA,906,5,16,16,1.0
Qwen3-4B,CSQA,907,1,12,16,0.75
Qwen3-4B,CSQA,908,3,1,16,0.0625
Qwen3-4B,CSQA,910,8,16,16,1.0
Qwen3-4B,CSQA,911,3,15,16,0.9375
Qwen3-4B,CSQA,912,1,16,16,1.0
Qwen3-4B,CSQA,915,5,1,16,0.0625
Qwen3-4B,CSQA,916,5,15,16,0.9375
Qwen3-4B,CSQA,917,1,2,16,0.125
Qwen3-4B,CSQA,918,3,16,16,1.0
Qwen3-4B,CSQA,921,2,16,16,1.0
Qwen3-4B,CSQA,922,5,16,16,1.0
Qwen3-4B,CSQA,927,2,16,16,1.0
Qwen3-4B,CSQA,928,7,13,16,0.8125
Qwen3-4B,CSQA,929,4,15,16,0.9375
Qwen3-4B,CSQA,933,2,2,16,0.125
Qwen3-4B,CSQA,934,2,12,16,0.75
Qwen3-4B,CSQA,935,2,12,16,0.75
Qwen3-4B,CSQA,936,3,8,16,0.5
Qwen3-4B,CSQA,937,1,14,16,0.875
Qwen3-4B,CSQA,942,6,15,16,0.9375
Qwen3-4B,CSQA,945,3,16,16,1.0
Qwen3-4B,CSQA,946,4,16,16,1.0
Qwen3-4B,CSQA,947,4,13,16,0.8125
Qwen3-4B,CSQA,948,2,14,16,0.875
Qwen3-4B,CSQA,949,5,11,16,0.6875
Qwen3-4B,CSQA,950,2,14,16,0.875
Qwen3-4B,CSQA,951,1,13,16,0.8125
Qwen3-4B,CSQA,952,3,16,16,1.0
Qwen3-4B,CSQA,953,6,16,16,1.0
Qwen3-4B,CSQA,954,1,8,16,0.5
Qwen3-4B,CSQA,955,1,8,16,0.5
Qwen3-4B,CSQA,959,1,16,16,1.0
Qwen3-4B,CSQA,960,1,9,16,0.5625
Qwen3-4B,CSQA,962,2,15,16,0.9375
Qwen3-4B,CSQA,964,2,16,16,1.0
Qwen3-4B,CSQA,965,2,15,16,0.9375
Qwen3-4B,CSQA,967,7,16,16,1.0
Qwen3-4B,CSQA,971,2,16,16,1.0
Qwen3-4B,CSQA,972,2,15,16,0.9375
Qwen3-4B,CSQA,973,2,16,16,1.0
Qwen3-4B,CSQA,974,3,6,16,0.375
Qwen3-4B,CSQA,975,5,15,16,0.9375
Qwen3-4B,CSQA,977,5,15,16,0.9375
Qwen3-4B,CSQA,981,5,16,16,1.0
Qwen3-4B,CSQA,982,1,16,16,1.0
Qwen3-4B,CSQA,984,2,12,16,0.75
Qwen3-4B,CSQA,985,1,4,16,0.25
Qwen3-4B,CSQA,986,3,16,16,1.0
Qwen3-4B,CSQA,987,11,16,16,1.0
Qwen3-4B,CSQA,988,1,8,16,0.5
Qwen3-4B,CSQA,990,5,0,16,0.0
Qwen3-4B,CSQA,991,11,16,16,1.0
Qwen3-4B,CSQA,992,3,0,16,0.0
Qwen3-4B,CSQA,993,1,16,16,1.0
Qwen3-4B,CSQA,994,5,10,16,0.625
Qwen3-4B,CSQA,995,2,16,16,1.0
Qwen3-4B,CSQA,997,1,14,16,0.875
Qwen3-4B,CSQA,999,2,15,16,0.9375
Qwen3-4B,CSQA,1000,2,16,16,1.0
Qwen3-4B,CSQA,1001,1,15,16,0.9375
Qwen3-4B,CSQA,1006,1,10,16,0.625
Qwen3-4B,CSQA,1007,1,16,16,1.0
Qwen3-4B,CSQA,1008,7,16,16,1.0
Qwen3-4B,CSQA,1013,3,13,16,0.8125
Qwen3-4B,CSQA,1014,1,4,16,0.25
Qwen3-4B,CSQA,1017,3,10,16,0.625
Qwen3-4B,CSQA,1018,9,16,16,1.0
Qwen3-4B,CSQA,1020,6,15,16,0.9375
Qwen3-4B,CSQA,1024,1,15,16,0.9375
Qwen3-4B,CSQA,1026,2,0,16,0.0
Qwen3-4B,CSQA,1029,2,16,16,1.0
Qwen3-4B,CSQA,1030,3,14,16,0.875
Qwen3-4B,CSQA,1033,1,12,16,0.75
Qwen3-4B,CSQA,1034,3,15,16,0.9375
Qwen3-4B,CSQA,1036,4,11,16,0.6875
Qwen3-4B,CSQA,1038,2,16,16,1.0
Qwen3-4B,CSQA,1040,2,4,16,0.25
Qwen3-4B,CSQA,1041,3,16,16,1.0
Qwen3-4B,CSQA,1042,6,15,16,0.9375
Qwen3-4B,CSQA,1043,5,16,16,1.0
Qwen3-4B,CSQA,1044,2,16,16,1.0
Qwen3-4B,CSQA,1045,1,15,16,0.9375
Qwen3-4B,CSQA,1047,7,16,16,1.0
Qwen3-4B,CSQA,1049,6,16,16,1.0
Qwen3-4B,CSQA,1051,1,16,16,1.0
Qwen3-4B,CSQA,1052,6,16,16,1.0
Qwen3-4B,CSQA,1053,1,3,16,0.1875
Qwen3-4B,CSQA,1055,3,16,16,1.0
Qwen3-4B,CSQA,1057,1,4,16,0.25
Qwen3-4B,CSQA,1058,4,16,16,1.0
Qwen3-4B,CSQA,1059,1,5,16,0.3125
Qwen3-4B,CSQA,1060,1,15,16,0.9375
Qwen3-4B,CSQA,1061,2,14,16,0.875
Qwen3-4B,CSQA,1062,2,7,16,0.4375
Qwen3-4B,CSQA,1063,1,6,16,0.375
Qwen3-4B,CSQA,1064,2,16,16,1.0
Qwen3-4B,CSQA,1065,1,13,16,0.8125
Qwen3-4B,CSQA,1066,5,16,16,1.0
Qwen3-4B,CSQA,1069,3,13,16,0.8125
Qwen3-4B,CSQA,1071,5,16,16,1.0
Qwen3-4B,CSQA,1072,1,16,16,1.0
Qwen3-4B,CSQA,1075,1,5,16,0.3125
Qwen3-4B,CSQA,1077,1,2,16,0.125
Qwen3-4B,CSQA,1078,2,16,16,1.0
Qwen3-4B,CSQA,1080,7,16,16,1.0
Qwen3-4B,CSQA,1081,1,12,16,0.75
Qwen3-4B,CSQA,1082,10,16,16,1.0
Qwen3-4B,CSQA,1083,1,15,16,0.9375
Qwen3-4B,CSQA,1084,5,16,16,1.0
Qwen3-4B,CSQA,1085,1,15,16,0.9375
Qwen3-4B,CSQA,1087,7,15,16,0.9375
Qwen3-4B,CSQA,1088,2,16,16,1.0
Qwen3-4B,CSQA,1089,1,16,16,1.0
Qwen3-4B,CSQA,1090,1,11,16,0.6875
Qwen3-4B,CSQA,1092,1,13,16,0.8125
Qwen3-4B,CSQA,1093,1,1,16,0.0625
Qwen3-4B,CSQA,1094,3,15,16,0.9375
Qwen3-4B,CSQA,1096,3,6,16,0.375
Qwen3-4B,CSQA,1097,5,16,16,1.0
Qwen3-4B,CSQA,1100,6,16,16,1.0
Qwen3-4B,CSQA,1101,5,16,16,1.0
Qwen3-4B,CSQA,1102,1,16,16,1.0
Qwen3-4B,CSQA,1103,1,9,16,0.5625
Qwen3-4B,CSQA,1104,5,16,16,1.0
Qwen3-4B,CSQA,1108,2,15,16,0.9375
Qwen3-4B,CSQA,1110,1,0,16,0.0
Qwen3-4B,CSQA,1112,1,14,16,0.875
Qwen3-4B,CSQA,1113,1,0,16,0.0
Qwen3-4B,CSQA,1114,1,16,16,1.0
Qwen3-4B,CSQA,1115,2,13,16,0.8125
Qwen3-4B,CSQA,1116,2,4,16,0.25
Qwen3-4B,CSQA,1117,5,16,16,1.0
Qwen3-4B,CSQA,1119,1,16,16,1.0
Qwen3-4B,CSQA,1121,2,14,16,0.875
Qwen3-4B,CSQA,1123,1,3,16,0.1875
Qwen3-4B,CSQA,1125,2,16,16,1.0
Qwen3-4B,CSQA,1129,5,15,16,0.9375
Qwen3-4B,CSQA,1133,4,0,16,0.0
Qwen3-4B,CSQA,1134,6,12,16,0.75
Qwen3-4B,CSQA,1136,2,15,16,0.9375
Qwen3-4B,CSQA,1137,1,16,16,1.0
Qwen3-4B,CSQA,1138,2,8,16,0.5
Qwen3-4B,CSQA,1139,1,2,16,0.125
Qwen3-4B,CSQA,1141,1,15,16,0.9375
Qwen3-4B,CSQA,1144,3,15,16,0.9375
Qwen3-4B,CSQA,1145,1,12,16,0.75
Qwen3-4B,CSQA,1146,1,16,16,1.0
Qwen3-4B,CSQA,1147,1,6,16,0.375
Qwen3-4B,CSQA,1148,1,5,16,0.3125
Qwen3-4B,CSQA,1149,5,13,16,0.8125
Qwen3-4B,CSQA,1150,5,14,16,0.875
Qwen3-4B,CSQA,1154,5,16,16,1.0
Qwen3-4B,CSQA,1155,6,13,16,0.8125
Qwen3-4B,CSQA,1156,2,15,16,0.9375
Qwen3-4B,CSQA,1157,4,16,16,1.0
Qwen3-4B,CSQA,1159,1,12,16,0.75
Qwen3-4B,CSQA,1161,3,15,16,0.9375
Qwen3-4B,CSQA,1163,4,16,16,1.0
Qwen3-4B,CSQA,1165,1,13,16,0.8125
Qwen3-4B,CSQA,1166,3,13,16,0.8125
Qwen3-4B,CSQA,1168,3,8,16,0.5
Qwen3-4B,CSQA,1169,2,6,16,0.375
Qwen3-4B,CSQA,1174,4,15,16,0.9375
Qwen3-4B,CSQA,1176,5,15,16,0.9375
Qwen3-4B,CSQA,1177,4,13,16,0.8125
Qwen3-4B,CSQA,1179,3,15,16,0.9375
Qwen3-4B,CSQA,1181,6,15,16,0.9375
Qwen3-4B,CSQA,1189,2,16,16,1.0
Qwen3-4B,CSQA,1190,6,16,16,1.0
Qwen3-4B,CSQA,1192,2,15,16,0.9375
Qwen3-4B,CSQA,1197,1,16,16,1.0
Qwen3-4B,CSQA,1198,7,14,16,0.875
Qwen3-4B,CSQA,1199,1,15,16,0.9375
Qwen3-4B,CSQA,1200,1,14,16,0.875
Qwen3-4B,CSQA,1201,1,15,16,0.9375
Qwen3-4B,CSQA,1204,3,16,16,1.0
Qwen3-4B,CSQA,1205,3,16,16,1.0
Qwen3-4B,CSQA,1206,2,13,16,0.8125
Qwen3-4B,CSQA,1208,1,0,16,0.0
Qwen3-4B,CSQA,1209,6,15,16,0.9375
Qwen3-4B,CSQA,1212,1,7,16,0.4375
Qwen3-4B,CSQA,1214,1,0,16,0.0
Qwen3-4B,CSQA,1215,1,9,16,0.5625
Qwen3-4B,CSQA,1217,1,16,16,1.0
Qwen3-4B,CSQA,1219,2,16,16,1.0
Qwen3-4B,CSQA,1220,3,15,16,0.9375
Qwen3-4B,GPQA,1,2,8,16,0.5
Qwen3-4B,GPQA,4,1,15,16,0.9375
Qwen3-4B,GPQA,5,2,9,16,0.5625
Qwen3-4B,GPQA,7,14,13,16,0.8125
Qwen3-4B,GPQA,11,4,12,16,0.75
Qwen3-4B,GPQA,12,1,5,16,0.3125
Qwen3-4B,GPQA,13,10,12,16,0.75
Qwen3-4B,GPQA,15,4,11,16,0.6875
Qwen3-4B,GPQA,16,1,7,16,0.4375
Qwen3-4B,GPQA,18,3,14,16,0.875
Qwen3-4B,GPQA,21,1,10,16,0.625
Qwen3-4B,GPQA,22,1,12,16,0.75
Qwen3-4B,GPQA,23,1,15,16,0.9375
Qwen3-4B,GPQA,24,5,6,16,0.375
Qwen3-4B,GPQA,25,1,9,16,0.5625
Qwen3-4B,GPQA,32,8,13,16,0.8125
Qwen3-4B,GPQA,36,2,12,16,0.75
Qwen3-4B,GPQA,38,4,12,16,0.75
Qwen3-4B,GPQA,40,1,8,16,0.5
Qwen3-4B,GPQA,42,1,14,16,0.875
Qwen3-4B,GPQA,43,1,15,16,0.9375
Qwen3-4B,GPQA,45,4,9,16,0.5625
Qwen3-4B,GPQA,46,11,12,16,0.75
Qwen3-4B,GPQA,48,1,16,16,1.0
Qwen3-4B,GPQA,52,5,14,16,0.875
Qwen3-4B,GPQA,54,4,12,16,0.75
Qwen3-4B,GPQA,58,5,11,16,0.6875
Qwen3-4B,GPQA,61,3,15,16,0.9375
Qwen3-4B,GPQA,63,1,13,16,0.8125
Qwen3-4B,GPQA,66,1,10,16,0.625
Qwen3-4B,GPQA,67,1,16,16,1.0
Qwen3-4B,GPQA,68,6,3,16,0.1875
Qwen3-4B,GPQA,71,5,11,16,0.6875
Qwen3-4B,GPQA,75,7,3,16,0.1875
Qwen3-4B,GPQA,76,4,9,16,0.5625
Qwen3-4B,GPQA,77,6,11,16,0.6875
Qwen3-4B,GPQA,80,5,11,16,0.6875
Qwen3-4B,GPQA,83,11,12,16,0.75
Qwen3-4B,GPQA,84,1,7,16,0.4375
Qwen3-4B,GPQA,90,3,6,16,0.375
Qwen3-4B,GPQA,92,2,7,16,0.4375
Qwen3-4B,GPQA,96,3,7,16,0.4375
Qwen3-4B,GPQA,101,1,14,16,0.875
Qwen3-4B,GPQA,104,7,13,16,0.8125
Qwen3-4B,GPQA,105,1,14,16,0.875
Qwen3-4B,GPQA,108,1,6,16,0.375
Qwen3-4B,GPQA,109,7,7,16,0.4375
Qwen3-4B,GPQA,110,5,6,16,0.375
Qwen3-4B,GPQA,111,2,10,16,0.625
Qwen3-4B,GPQA,112,1,11,16,0.6875
Qwen3-4B,GPQA,117,3,5,16,0.3125
Qwen3-4B,GPQA,120,1,15,16,0.9375
Qwen3-4B,GPQA,123,2,8,16,0.5
Qwen3-4B,GPQA,124,1,16,16,1.0
Qwen3-4B,GPQA,125,4,12,16,0.75
Qwen3-4B,GPQA,127,2,10,16,0.625
Qwen3-4B,GPQA,131,1,9,16,0.5625
Qwen3-4B,GPQA,133,6,12,16,0.75
Qwen3-4B,GPQA,136,3,6,16,0.375
Qwen3-4B,GPQA,137,6,2,16,0.125
Qwen3-4B,GPQA,143,7,7,16,0.4375
Qwen3-4B,GPQA,145,5,5,16,0.3125
Qwen3-4B,GPQA,147,8,13,16,0.8125
Qwen3-4B,GPQA,151,4,7,16,0.4375
Qwen3-4B,GPQA,152,1,13,16,0.8125
Qwen3-4B,GPQA,153,5,7,16,0.4375
Qwen3-4B,GPQA,159,1,11,16,0.6875
Qwen3-4B,GPQA,160,2,12,16,0.75
Qwen3-4B,GPQA,161,1,13,16,0.8125
Qwen3-4B,GPQA,163,12,11,16,0.6875
Qwen3-4B,GPQA,166,13,13,16,0.8125
Qwen3-4B,GPQA,168,10,15,16,0.9375
Qwen3-4B,GPQA,171,2,2,16,0.125
Qwen3-4B,GPQA,172,1,5,16,0.3125
Qwen3-4B,GPQA,173,1,12,16,0.75
Qwen3-4B,GPQA,177,1,14,16,0.875
Qwen3-4B,GPQA,178,13,9,16,0.5625
Qwen3-4B,GPQA,179,6,13,16,0.8125
Qwen3-4B,GPQA,184,2,7,16,0.4375
Qwen3-4B,GPQA,185,1,10,16,0.625
Qwen3-4B,GPQA,186,6,0,16,0.0
Qwen3-4B,GPQA,187,5,5,16,0.3125
Qwen3-4B,GPQA,188,12,10,16,0.625
Qwen3-4B,GPQA,189,13,12,16,0.75
Qwen3-4B,GPQA,190,1,7,16,0.4375
Qwen3-4B,GPQA,191,2,5,16,0.3125
Qwen3-4B,GPQA,192,1,12,16,0.75
Qwen3-4B,GPQA,193,2,11,16,0.6875
Qwen3-4B,GPQA,195,2,10,16,0.625
Qwen3-4B,GPQA,196,1,12,16,0.75
Qwen3-4B,GPQA,197,1,9,16,0.5625
Qwen3-4B,GPQA,199,7,9,16,0.5625
Qwen3-4B,GPQA,200,1,5,16,0.3125
Qwen3-4B,GPQA,201,4,6,16,0.375
Qwen3-4B,GPQA,205,2,7,16,0.4375
Qwen3-4B,GPQA,208,2,6,16,0.375
Qwen3-4B,GPQA,210,1,6,16,0.375
Qwen3-4B,GPQA,211,2,13,16,0.8125
Qwen3-4B,GPQA,213,5,13,16,0.8125
Qwen3-4B,GPQA,219,9,11,16,0.6875
Qwen3-4B,GPQA,220,3,11,16,0.6875
Qwen3-4B,GPQA,221,1,11,16,0.6875
Qwen3-4B,GPQA,222,12,8,16,0.5
Qwen3-4B,GPQA,223,2,14,16,0.875
Qwen3-4B,GPQA,225,11,14,16,0.875
Qwen3-4B,GPQA,228,1,9,16,0.5625
Qwen3-4B,GPQA,230,3,5,16,0.3125
Qwen3-4B,GPQA,235,10,12,16,0.75
Qwen3-4B,GPQA,236,1,15,16,0.9375
Qwen3-4B,GPQA,246,1,10,16,0.625
Qwen3-4B,GPQA,247,7,7,16,0.4375
Qwen3-4B,GPQA,251,1,10,16,0.625
Qwen3-4B,GPQA,252,2,5,16,0.3125
Qwen3-4B,GPQA,256,7,12,16,0.75
Qwen3-4B,GPQA,257,1,5,16,0.3125
Qwen3-4B,GPQA,258,2,4,16,0.25
Qwen3-4B,GPQA,259,3,16,16,1.0
Qwen3-4B,GPQA,260,6,9,16,0.5625
Qwen3-4B,GPQA,264,1,7,16,0.4375
Qwen3-4B,GPQA,266,7,13,16,0.8125
Qwen3-4B,GPQA,270,3,12,16,0.75
Qwen3-4B,GPQA,277,4,5,16,0.3125
Qwen3-4B,GPQA,279,7,15,16,0.9375
Qwen3-4B,GPQA,285,4,4,16,0.25
Qwen3-4B,GPQA,287,1,10,16,0.625
Qwen3-4B,GPQA,289,3,1,16,0.0625
Qwen3-4B,GPQA,291,3,16,16,1.0
Qwen3-4B,GPQA,293,8,11,16,0.6875
Qwen3-4B,GPQA,294,5,6,16,0.375
Qwen3-4B,GPQA,295,5,8,16,0.5
Qwen3-4B,GPQA,299,3,12,16,0.75
Qwen3-4B,GPQA,303,1,10,16,0.625
Qwen3-4B,GPQA,304,3,7,16,0.4375
Qwen3-4B,GPQA,305,6,6,16,0.375
Qwen3-4B,GPQA,306,1,13,16,0.8125
Qwen3-4B,GPQA,307,6,12,16,0.75
Qwen3-4B,GPQA,314,1,2,16,0.125
Qwen3-4B,GPQA,315,6,9,16,0.5625
Qwen3-4B,GPQA,317,1,11,16,0.6875
Qwen3-4B,GPQA,318,4,10,16,0.625
Qwen3-4B,GPQA,322,4,15,16,0.9375
Qwen3-4B,GPQA,323,1,9,16,0.5625
Qwen3-4B,GPQA,324,2,15,16,0.9375
Qwen3-4B,GPQA,326,15,7,16,0.4375
Qwen3-4B,GPQA,327,1,9,16,0.5625
Qwen3-4B,GPQA,332,3,10,16,0.625
Qwen3-4B,GPQA,333,5,13,16,0.8125
Qwen3-4B,GPQA,335,3,4,16,0.25
Qwen3-4B,GPQA,337,1,16,16,1.0
Qwen3-4B,GPQA,339,2,8,16,0.5
Qwen3-4B,GPQA,341,3,12,16,0.75
Qwen3-4B,GPQA,344,6,12,16,0.75
Qwen3-4B,GPQA,352,1,13,16,0.8125
Qwen3-4B,GPQA,354,1,10,16,0.625
Qwen3-4B,GPQA,355,3,13,16,0.8125
Qwen3-4B,GPQA,358,1,0,16,0.0
Qwen3-4B,GPQA,359,2,5,16,0.3125
Qwen3-4B,GPQA,361,3,9,16,0.5625
Qwen3-4B,GPQA,362,2,15,16,0.9375
Qwen3-4B,GPQA,364,2,12,16,0.75
Qwen3-4B,GPQA,367,6,5,16,0.3125
Qwen3-4B,GPQA,370,3,11,16,0.6875
Qwen3-4B,GPQA,372,3,10,16,0.625
Qwen3-4B,GPQA,373,2,12,16,0.75
Qwen3-4B,GPQA,378,2,5,16,0.3125
Qwen3-4B,GPQA,379,4,7,16,0.4375
Qwen3-4B,GPQA,380,1,5,16,0.3125
Qwen3-4B,GPQA,384,2,9,16,0.5625
Qwen3-4B,GPQA,387,4,8,16,0.5
Qwen3-4B,GPQA,393,1,14,16,0.875
Qwen3-4B,GPQA,394,7,15,16,0.9375
Qwen3-4B,GPQA,399,11,14,16,0.875
Qwen3-4B,GPQA,402,1,10,16,0.625
Qwen3-4B,GPQA,403,14,10,16,0.625
Qwen3-4B,GPQA,408,4,15,16,0.9375
Qwen3-4B,GPQA,409,1,6,16,0.375
Qwen3-4B,GPQA,410,1,3,16,0.1875
Qwen3-4B,GPQA,411,14,11,16,0.6875
Qwen3-4B,GPQA,412,2,10,16,0.625
Qwen3-4B,GPQA,418,1,6,16,0.375
Qwen3-4B,GPQA,419,3,3,16,0.1875
Qwen3-4B,GPQA,422,2,10,16,0.625
Qwen3-4B,GPQA,423,2,14,16,0.875
Qwen3-4B,GPQA,424,6,11,16,0.6875
Qwen3-4B,GPQA,425,1,12,16,0.75
Qwen3-4B,GPQA,428,1,0,16,0.0
Qwen3-4B,GPQA,432,3,7,16,0.4375
Qwen3-4B,GPQA,438,3,7,16,0.4375
Qwen3-4B,GPQA,439,2,8,16,0.5
Qwen3-4B,GPQA,442,5,10,16,0.625
Qwen3-4B,GPQA,443,1,13,16,0.8125
Qwen3-4B,GSM8K,1,1,11,16,0.6875
Qwen3-4B,GSM8K,2,1,8,16,0.5
Qwen3-4B,GSM8K,3,2,13,16,0.8125
Qwen3-4B,GSM8K,6,4,11,16,0.6875
Qwen3-4B,GSM8K,9,3,11,16,0.6875
Qwen3-4B,GSM8K,10,4,13,16,0.8125
Qwen3-4B,GSM8K,11,2,11,16,0.6875
Qwen3-4B,GSM8K,13,4,11,16,0.6875
Qwen3-4B,GSM8K,14,1,14,16,0.875
Qwen3-4B,GSM8K,17,2,15,16,0.9375
Qwen3-4B,GSM8K,18,2,13,16,0.8125
Qwen3-4B,GSM8K,19,2,14,16,0.875
Qwen3-4B,GSM8K,22,1,15,16,0.9375
Qwen3-4B,GSM8K,23,3,15,16,0.9375
Qwen3-4B,GSM8K,24,3,13,16,0.8125
Qwen3-4B,GSM8K,25,6,12,16,0.75
Qwen3-4B,GSM8K,26,5,14,16,0.875
Qwen3-4B,GSM8K,30,2,12,16,0.75
Qwen3-4B,GSM8K,31,7,14,16,0.875
Qwen3-4B,GSM8K,32,1,13,16,0.8125
Qwen3-4B,GSM8K,33,6,11,16,0.6875
Qwen3-4B,GSM8K,34,5,15,16,0.9375
Qwen3-4B,GSM8K,38,1,11,16,0.6875
Qwen3-4B,GSM8K,39,1,11,16,0.6875
Qwen3-4B,GSM8K,44,1,15,16,0.9375
Qwen3-4B,GSM8K,46,2,12,16,0.75
Qwen3-4B,GSM8K,47,3,13,16,0.8125
Qwen3-4B,GSM8K,48,4,12,16,0.75
Qwen3-4B,GSM8K,49,2,10,16,0.625
Qwen3-4B,GSM8K,50,1,14,16,0.875
Qwen3-4B,GSM8K,51,1,15,16,0.9375
Qwen3-4B,GSM8K,52,3,12,16,0.75
Qwen3-4B,GSM8K,53,2,13,16,0.8125
Qwen3-4B,GSM8K,54,1,11,16,0.6875
Qwen3-4B,GSM8K,55,4,14,16,0.875
Qwen3-4B,GSM8K,57,1,14,16,0.875
Qwen3-4B,GSM8K,59,1,9,16,0.5625
Qwen3-4B,GSM8K,61,2,12,16,0.75
Qwen3-4B,GSM8K,63,3,14,16,0.875
Qwen3-4B,GSM8K,65,1,12,16,0.75
Qwen3-4B,GSM8K,67,2,10,16,0.625
Qwen3-4B,GSM8K,68,1,13,16,0.8125
Qwen3-4B,GSM8K,69,1,12,16,0.75
Qwen3-4B,GSM8K,71,2,14,16,0.875
Qwen3-4B,GSM8K,72,1,14,16,0.875
Qwen3-4B,GSM8K,74,4,13,16,0.8125
Qwen3-4B,GSM8K,75,2,15,16,0.9375
Qwen3-4B,GSM8K,77,2,12,16,0.75
Qwen3-4B,GSM8K,81,4,14,16,0.875
Qwen3-4B,GSM8K,82,5,10,16,0.625
Qwen3-4B,GSM8K,83,5,12,16,0.75
Qwen3-4B,GSM8K,84,5,16,16,1.0
Qwen3-4B,GSM8K,88,4,15,16,0.9375
Qwen3-4B,GSM8K,90,1,12,16,0.75
Qwen3-4B,GSM8K,91,3,12,16,0.75
Qwen3-4B,GSM8K,92,2,14,16,0.875
Qwen3-4B,GSM8K,94,1,14,16,0.875
Qwen3-4B,GSM8K,95,3,14,16,0.875
Qwen3-4B,GSM8K,96,4,13,16,0.8125
Qwen3-4B,GSM8K,97,2,15,16,0.9375
Qwen3-4B,GSM8K,100,1,10,16,0.625
Qwen3-4B,GSM8K,103,1,16,16,1.0
Qwen3-4B,GSM8K,104,3,13,16,0.8125
Qwen3-4B,GSM8K,105,3,11,16,0.6875
Qwen3-4B,GSM8K,107,2,12,16,0.75
Qwen3-4B,GSM8K,108,3,16,16,1.0
Qwen3-4B,GSM8K,113,1,13,16,0.8125
Qwen3-4B,GSM8K,117,1,11,16,0.6875
Qwen3-4B,GSM8K,118,5,14,16,0.875
Qwen3-4B,GSM8K,120,1,12,16,0.75
Qwen3-4B,GSM8K,121,2,16,16,1.0
Qwen3-4B,GSM8K,123,4,14,16,0.875
Qwen3-4B,GSM8K,124,1,14,16,0.875
Qwen3-4B,GSM8K,125,1,15,16,0.9375
Qwen3-4B,GSM8K,126,4,13,16,0.8125
Qwen3-4B,GSM8K,127,3,12,16,0.75
Qwen3-4B,GSM8K,128,1,12,16,0.75
Qwen3-4B,GSM8K,131,1,12,16,0.75
Qwen3-4B,GSM8K,132,2,12,16,0.75
Qwen3-4B,GSM8K,133,3,12,16,0.75
Qwen3-4B,GSM8K,134,4,14,16,0.875
Qwen3-4B,GSM8K,135,1,11,16,0.6875
Qwen3-4B,GSM8K,136,4,14,16,0.875
Qwen3-4B,GSM8K,140,2,13,16,0.8125
Qwen3-4B,GSM8K,141,7,14,16,0.875
Qwen3-4B,GSM8K,149,6,13,16,0.8125
Qwen3-4B,GSM8K,152,3,14,16,0.875
Qwen3-4B,GSM8K,153,2,9,16,0.5625
Qwen3-4B,GSM8K,155,3,14,16,0.875
Qwen3-4B,GSM8K,158,2,14,16,0.875
Qwen3-4B,GSM8K,160,2,14,16,0.875
Qwen3-4B,GSM8K,161,2,15,16,0.9375
Qwen3-4B,GSM8K,162,3,9,16,0.5625
Qwen3-4B,GSM8K,165,3,14,16,0.875
Qwen3-4B,GSM8K,166,3,13,16,0.8125
Qwen3-4B,GSM8K,167,6,13,16,0.8125
Qwen3-4B,GSM8K,169,1,14,16,0.875
Qwen3-4B,GSM8K,170,5,13,16,0.8125
Qwen3-4B,GSM8K,171,2,11,16,0.6875
Qwen3-4B,GSM8K,172,2,7,16,0.4375
Qwen3-4B,GSM8K,173,1,15,16,0.9375
Qwen3-4B,GSM8K,174,1,14,16,0.875
Qwen3-4B,GSM8K,176,1,14,16,0.875
Qwen3-4B,GSM8K,177,5,11,16,0.6875
Qwen3-4B,GSM8K,178,2,12,16,0.75
Qwen3-4B,GSM8K,179,1,13,16,0.8125
Qwen3-4B,GSM8K,180,2,15,16,0.9375
Qwen3-4B,GSM8K,181,2,13,16,0.8125
Qwen3-4B,GSM8K,183,3,15,16,0.9375
Qwen3-4B,GSM8K,185,5,14,16,0.875
Qwen3-4B,GSM8K,187,1,0,16,0.0
Qwen3-4B,GSM8K,188,4,14,16,0.875
Qwen3-4B,GSM8K,190,3,9,16,0.5625
Qwen3-4B,GSM8K,191,1,14,16,0.875
Qwen3-4B,GSM8K,195,3,15,16,0.9375
Qwen3-4B,GSM8K,197,5,11,16,0.6875
Qwen3-4B,GSM8K,198,1,11,16,0.6875
Qwen3-4B,GSM8K,200,1,9,16,0.5625
Qwen3-4B,GSM8K,202,6,14,16,0.875
Qwen3-4B,GSM8K,204,1,10,16,0.625
Qwen3-4B,GSM8K,207,4,14,16,0.875
Qwen3-4B,GSM8K,208,1,14,16,0.875
Qwen3-4B,GSM8K,209,3,13,16,0.8125
Qwen3-4B,GSM8K,211,3,14,16,0.875
Qwen3-4B,GSM8K,212,1,15,16,0.9375
Qwen3-4B,GSM8K,214,1,12,16,0.75
Qwen3-4B,GSM8K,215,3,10,16,0.625
Qwen3-4B,GSM8K,216,2,15,16,0.9375
Qwen3-4B,GSM8K,217,1,10,16,0.625
Qwen3-4B,GSM8K,218,7,14,16,0.875
Qwen3-4B,GSM8K,219,8,14,16,0.875
Qwen3-4B,GSM8K,220,1,12,16,0.75
Qwen3-4B,GSM8K,221,2,12,16,0.75
Qwen3-4B,GSM8K,222,3,12,16,0.75
Qwen3-4B,GSM8K,223,2,14,16,0.875
Qwen3-4B,GSM8K,228,1,13,16,0.8125
Qwen3-4B,GSM8K,230,2,12,16,0.75
Qwen3-4B,GSM8K,232,2,15,16,0.9375
Qwen3-4B,GSM8K,233,2,14,16,0.875
Qwen3-4B,GSM8K,235,1,14,16,0.875
Qwen3-4B,GSM8K,237,2,13,16,0.8125
Qwen3-4B,GSM8K,238,3,15,16,0.9375
Qwen3-4B,GSM8K,239,4,14,16,0.875
Qwen3-4B,GSM8K,240,4,13,16,0.8125
Qwen3-4B,GSM8K,244,2,13,16,0.8125
Qwen3-4B,GSM8K,247,3,13,16,0.8125
Qwen3-4B,GSM8K,249,1,12,16,0.75
Qwen3-4B,GSM8K,250,4,16,16,1.0
Qwen3-4B,GSM8K,251,3,12,16,0.75
Qwen3-4B,GSM8K,253,1,11,16,0.6875
Qwen3-4B,GSM8K,254,4,12,16,0.75
Qwen3-4B,GSM8K,256,3,13,16,0.8125
Qwen3-4B,GSM8K,257,1,13,16,0.8125
Qwen3-4B,GSM8K,259,8,15,16,0.9375
Qwen3-4B,GSM8K,261,3,14,16,0.875
Qwen3-4B,GSM8K,262,1,13,16,0.8125
Qwen3-4B,GSM8K,263,3,13,16,0.8125
Qwen3-4B,GSM8K,264,5,12,16,0.75
Qwen3-4B,GSM8K,265,5,13,16,0.8125
Qwen3-4B,GSM8K,266,2,9,16,0.5625
Qwen3-4B,GSM8K,268,3,12,16,0.75
Qwen3-4B,GSM8K,269,2,16,16,1.0
Qwen3-4B,GSM8K,270,4,15,16,0.9375
Qwen3-4B,GSM8K,272,1,10,16,0.625
Qwen3-4B,GSM8K,273,5,13,16,0.8125
Qwen3-4B,GSM8K,274,4,13,16,0.8125
Qwen3-4B,GSM8K,275,1,10,16,0.625
Qwen3-4B,GSM8K,276,3,9,16,0.5625
Qwen3-4B,GSM8K,277,3,16,16,1.0
Qwen3-4B,GSM8K,278,3,12,16,0.75
Qwen3-4B,GSM8K,279,1,12,16,0.75
Qwen3-4B,GSM8K,280,5,16,16,1.0
Qwen3-4B,GSM8K,281,6,13,16,0.8125
Qwen3-4B,GSM8K,282,1,13,16,0.8125
Qwen3-4B,GSM8K,285,1,12,16,0.75
Qwen3-4B,GSM8K,286,2,12,16,0.75
Qwen3-4B,GSM8K,287,3,15,16,0.9375
Qwen3-4B,GSM8K,289,1,13,16,0.8125
Qwen3-4B,GSM8K,290,1,14,16,0.875
Qwen3-4B,GSM8K,291,1,14,16,0.875
Qwen3-4B,GSM8K,292,1,12,16,0.75
Qwen3-4B,GSM8K,295,2,15,16,0.9375
Qwen3-4B,GSM8K,296,1,15,16,0.9375
Qwen3-4B,GSM8K,297,1,10,16,0.625
Qwen3-4B,GSM8K,300,1,13,16,0.8125
Qwen3-4B,GSM8K,305,1,15,16,0.9375
Qwen3-4B,GSM8K,306,3,1,16,0.0625
Qwen3-4B,GSM8K,309,1,13,16,0.8125
Qwen3-4B,GSM8K,310,1,7,16,0.4375
Qwen3-4B,GSM8K,312,2,15,16,0.9375
Qwen3-4B,GSM8K,313,1,4,16,0.25
Qwen3-4B,GSM8K,314,7,12,16,0.75
Qwen3-4B,GSM8K,316,1,11,16,0.6875
Qwen3-4B,GSM8K,318,3,14,16,0.875
Qwen3-4B,GSM8K,319,2,14,16,0.875
Qwen3-4B,GSM8K,321,1,16,16,1.0
Qwen3-4B,GSM8K,325,2,13,16,0.8125
Qwen3-4B,GSM8K,326,2,12,16,0.75
Qwen3-4B,GSM8K,328,1,13,16,0.8125
Qwen3-4B,GSM8K,329,2,14,16,0.875
Qwen3-4B,GSM8K,332,4,14,16,0.875
Qwen3-4B,GSM8K,333,4,13,16,0.8125
Qwen3-4B,GSM8K,335,1,11,16,0.6875
Qwen3-4B,GSM8K,336,1,14,16,0.875
Qwen3-4B,GSM8K,338,4,15,16,0.9375
Qwen3-4B,GSM8K,339,1,11,16,0.6875
Qwen3-4B,GSM8K,341,3,13,16,0.8125
Qwen3-4B,GSM8K,347,1,12,16,0.75
Qwen3-4B,GSM8K,348,4,13,16,0.8125
Qwen3-4B,GSM8K,349,1,13,16,0.8125
Qwen3-4B,GSM8K,350,1,12,16,0.75
Qwen3-4B,GSM8K,351,1,13,16,0.8125
Qwen3-4B,GSM8K,354,3,13,16,0.8125
Qwen3-4B,GSM8K,356,2,13,16,0.8125
Qwen3-4B,GSM8K,359,2,11,16,0.6875
Qwen3-4B,GSM8K,360,3,14,16,0.875
Qwen3-4B,GSM8K,362,1,13,16,0.8125
Qwen3-4B,GSM8K,364,3,12,16,0.75
Qwen3-4B,GSM8K,367,1,12,16,0.75
Qwen3-4B,GSM8K,369,1,10,16,0.625
Qwen3-4B,GSM8K,370,2,15,16,0.9375
Qwen3-4B,GSM8K,374,2,12,16,0.75
Qwen3-4B,GSM8K,376,2,14,16,0.875
Qwen3-4B,GSM8K,381,4,11,16,0.6875
Qwen3-4B,GSM8K,383,1,13,16,0.8125
Qwen3-4B,GSM8K,384,5,12,16,0.75
Qwen3-4B,GSM8K,386,2,12,16,0.75
Qwen3-4B,GSM8K,387,2,12,16,0.75
Qwen3-4B,GSM8K,388,2,13,16,0.8125
Qwen3-4B,GSM8K,391,7,12,16,0.75
Qwen3-4B,GSM8K,393,2,13,16,0.8125
Qwen3-4B,GSM8K,397,1,13,16,0.8125
Qwen3-4B,GSM8K,398,2,15,16,0.9375
Qwen3-4B,GSM8K,399,4,14,16,0.875
Qwen3-4B,GSM8K,400,3,11,16,0.6875
Qwen3-4B,GSM8K,401,1,13,16,0.8125
Qwen3-4B,GSM8K,402,5,14,16,0.875
Qwen3-4B,GSM8K,404,1,16,16,1.0
Qwen3-4B,GSM8K,405,2,13,16,0.8125
Qwen3-4B,GSM8K,406,1,0,16,0.0
Qwen3-4B,GSM8K,407,1,9,16,0.5625
Qwen3-4B,GSM8K,408,2,14,16,0.875
Qwen3-4B,GSM8K,411,4,12,16,0.75
Qwen3-4B,GSM8K,412,1,13,16,0.8125
Qwen3-4B,GSM8K,415,4,15,16,0.9375
Qwen3-4B,GSM8K,416,2,12,16,0.75
Qwen3-4B,GSM8K,418,3,13,16,0.8125
Qwen3-4B,GSM8K,419,2,12,16,0.75
Qwen3-4B,GSM8K,424,5,15,16,0.9375
Qwen3-4B,GSM8K,427,1,11,16,0.6875
Qwen3-4B,GSM8K,431,5,16,16,1.0
Qwen3-4B,GSM8K,432,2,13,16,0.8125
Qwen3-4B,GSM8K,433,3,10,16,0.625
Qwen3-4B,GSM8K,434,1,11,16,0.6875
Qwen3-4B,GSM8K,435,1,11,16,0.6875
Qwen3-4B,GSM8K,436,1,14,16,0.875
Qwen3-4B,GSM8K,437,1,12,16,0.75
Qwen3-4B,GSM8K,439,2,13,16,0.8125
Qwen3-4B,GSM8K,440,1,12,16,0.75
Qwen3-4B,GSM8K,441,1,14,16,0.875
Qwen3-4B,GSM8K,442,4,14,16,0.875
Qwen3-4B,GSM8K,443,4,12,16,0.75
Qwen3-4B,GSM8K,444,3,15,16,0.9375
Qwen3-4B,GSM8K,445,1,11,16,0.6875
Qwen3-4B,GSM8K,446,1,12,16,0.75
Qwen3-4B,GSM8K,447,1,13,16,0.8125
Qwen3-4B,GSM8K,448,6,11,16,0.6875
Qwen3-4B,GSM8K,450,1,13,16,0.8125
Qwen3-4B,GSM8K,451,7,14,16,0.875
Qwen3-4B,GSM8K,452,3,11,16,0.6875
Qwen3-4B,GSM8K,453,2,13,16,0.8125
Qwen3-4B,GSM8K,454,3,0,16,0.0
Qwen3-4B,GSM8K,455,1,10,16,0.625
Qwen3-4B,GSM8K,456,2,14,16,0.875
Qwen3-4B,GSM8K,458,1,13,16,0.8125
Qwen3-4B,GSM8K,459,3,15,16,0.9375
Qwen3-4B,GSM8K,460,1,15,16,0.9375
Qwen3-4B,GSM8K,461,1,11,16,0.6875
Qwen3-4B,GSM8K,462,1,12,16,0.75
Qwen3-4B,GSM8K,467,4,14,16,0.875
Qwen3-4B,GSM8K,469,4,13,16,0.8125
Qwen3-4B,GSM8K,470,3,15,16,0.9375
Qwen3-4B,GSM8K,472,1,12,16,0.75
Qwen3-4B,GSM8K,473,1,10,16,0.625
Qwen3-4B,GSM8K,474,2,11,16,0.6875
Qwen3-4B,GSM8K,476,2,14,16,0.875
Qwen3-4B,GSM8K,477,1,9,16,0.5625
Qwen3-4B,GSM8K,478,3,12,16,0.75
Qwen3-4B,GSM8K,479,2,12,16,0.75
Qwen3-4B,GSM8K,480,1,14,16,0.875
Qwen3-4B,GSM8K,481,5,15,16,0.9375
Qwen3-4B,GSM8K,482,3,15,16,0.9375
Qwen3-4B,GSM8K,483,2,14,16,0.875
Qwen3-4B,GSM8K,484,4,14,16,0.875
Qwen3-4B,GSM8K,485,5,13,16,0.8125
Qwen3-4B,GSM8K,486,1,14,16,0.875
Qwen3-4B,GSM8K,487,1,12,16,0.75
Qwen3-4B,GSM8K,488,4,11,16,0.6875
Qwen3-4B,GSM8K,490,2,13,16,0.8125
Qwen3-4B,GSM8K,491,1,15,16,0.9375
Qwen3-4B,GSM8K,492,2,14,16,0.875
Qwen3-4B,GSM8K,496,1,14,16,0.875
Qwen3-4B,GSM8K,497,1,10,16,0.625
Qwen3-4B,GSM8K,498,5,12,16,0.75
Qwen3-4B,GSM8K,499,3,16,16,1.0
Qwen3-4B,GSM8K,500,3,12,16,0.75
Qwen3-4B,GSM8K,501,10,13,16,0.8125
Qwen3-4B,GSM8K,503,1,13,16,0.8125
Qwen3-4B,GSM8K,508,2,14,16,0.875
Qwen3-4B,GSM8K,512,1,13,16,0.8125
Qwen3-4B,GSM8K,513,5,13,16,0.8125
Qwen3-4B,GSM8K,514,2,13,16,0.8125
Qwen3-4B,GSM8K,516,1,12,16,0.75
Qwen3-4B,GSM8K,518,1,16,16,1.0
Qwen3-4B,GSM8K,520,2,15,16,0.9375
Qwen3-4B,GSM8K,521,1,13,16,0.8125
Qwen3-4B,GSM8K,522,5,16,16,1.0
Qwen3-4B,GSM8K,523,1,12,16,0.75
Qwen3-4B,GSM8K,524,6,14,16,0.875
Qwen3-4B,GSM8K,525,3,14,16,0.875
Qwen3-4B,GSM8K,527,1,12,16,0.75
Qwen3-4B,GSM8K,528,7,14,16,0.875
Qwen3-4B,GSM8K,530,1,13,16,0.8125
Qwen3-4B,GSM8K,532,1,12,16,0.75
Qwen3-4B,GSM8K,533,4,15,16,0.9375
Qwen3-4B,GSM8K,536,5,15,16,0.9375
Qwen3-4B,GSM8K,537,6,11,16,0.6875
Qwen3-4B,GSM8K,538,1,12,16,0.75
Qwen3-4B,GSM8K,541,3,14,16,0.875
Qwen3-4B,GSM8K,542,4,15,16,0.9375
Qwen3-4B,GSM8K,543,4,13,16,0.8125
Qwen3-4B,GSM8K,544,5,13,16,0.8125
Qwen3-4B,GSM8K,545,1,14,16,0.875
Qwen3-4B,GSM8K,547,1,13,16,0.8125
Qwen3-4B,GSM8K,548,2,13,16,0.8125
Qwen3-4B,GSM8K,550,3,13,16,0.8125
Qwen3-4B,GSM8K,551,1,13,16,0.8125
Qwen3-4B,GSM8K,553,2,12,16,0.75
Qwen3-4B,GSM8K,555,3,14,16,0.875
Qwen3-4B,GSM8K,557,2,12,16,0.75
Qwen3-4B,GSM8K,558,3,15,16,0.9375
Qwen3-4B,GSM8K,560,3,11,16,0.6875
Qwen3-4B,GSM8K,561,9,16,16,1.0
Qwen3-4B,GSM8K,565,2,14,16,0.875
Qwen3-4B,GSM8K,566,1,11,16,0.6875
Qwen3-4B,GSM8K,568,5,14,16,0.875
Qwen3-4B,GSM8K,569,4,15,16,0.9375
Qwen3-4B,GSM8K,573,6,15,16,0.9375
Qwen3-4B,GSM8K,576,1,4,16,0.25
Qwen3-4B,GSM8K,577,2,13,16,0.8125
Qwen3-4B,GSM8K,579,2,16,16,1.0
Qwen3-4B,GSM8K,581,3,13,16,0.8125
Qwen3-4B,GSM8K,582,4,11,16,0.6875
Qwen3-4B,GSM8K,585,3,13,16,0.8125
Qwen3-4B,GSM8K,586,1,12,16,0.75
Qwen3-4B,GSM8K,587,8,13,16,0.8125
Qwen3-4B,GSM8K,588,1,9,16,0.5625
Qwen3-4B,GSM8K,589,1,14,16,0.875
Qwen3-4B,GSM8K,591,6,14,16,0.875
Qwen3-4B,GSM8K,594,3,13,16,0.8125
Qwen3-4B,GSM8K,595,3,15,16,0.9375
Qwen3-4B,GSM8K,596,2,14,16,0.875
Qwen3-4B,GSM8K,598,2,9,16,0.5625
Qwen3-4B,GSM8K,599,1,12,16,0.75
Qwen3-4B,GSM8K,600,4,15,16,0.9375
Qwen3-4B,GSM8K,603,5,13,16,0.8125
Qwen3-4B,GSM8K,604,4,15,16,0.9375
Qwen3-4B,GSM8K,605,3,11,16,0.6875
Qwen3-4B,GSM8K,606,5,14,16,0.875
Qwen3-4B,GSM8K,612,2,5,16,0.3125
Qwen3-4B,GSM8K,613,1,14,16,0.875
Qwen3-4B,GSM8K,614,1,12,16,0.75
Qwen3-4B,GSM8K,615,1,14,16,0.875
Qwen3-4B,GSM8K,618,4,8,16,0.5
Qwen3-4B,GSM8K,619,1,15,16,0.9375
Qwen3-4B,GSM8K,620,1,13,16,0.8125
Qwen3-4B,GSM8K,623,1,11,16,0.6875
Qwen3-4B,GSM8K,624,5,12,16,0.75
Qwen3-4B,GSM8K,626,2,13,16,0.8125
Qwen3-4B,GSM8K,629,1,4,16,0.25
Qwen3-4B,GSM8K,630,3,15,16,0.9375
Qwen3-4B,GSM8K,631,3,11,16,0.6875
Qwen3-4B,GSM8K,632,5,14,16,0.875
Qwen3-4B,GSM8K,633,3,13,16,0.8125
Qwen3-4B,GSM8K,634,1,13,16,0.8125
Qwen3-4B,GSM8K,636,2,15,16,0.9375
Qwen3-4B,GSM8K,637,1,12,16,0.75
Qwen3-4B,GSM8K,638,4,12,16,0.75
Qwen3-4B,GSM8K,639,1,12,16,0.75
Qwen3-4B,GSM8K,642,1,15,16,0.9375
Qwen3-4B,GSM8K,643,3,13,16,0.8125
Qwen3-4B,GSM8K,644,3,14,16,0.875
Qwen3-4B,GSM8K,646,5,11,16,0.6875
Qwen3-4B,GSM8K,650,1,15,16,0.9375
Qwen3-4B,GSM8K,651,1,13,16,0.8125
Qwen3-4B,GSM8K,653,1,14,16,0.875
Qwen3-4B,GSM8K,655,3,15,16,0.9375
Qwen3-4B,GSM8K,656,4,12,16,0.75
Qwen3-4B,GSM8K,657,2,11,16,0.6875
Qwen3-4B,GSM8K,658,2,9,16,0.5625
Qwen3-4B,GSM8K,659,5,14,16,0.875
Qwen3-4B,GSM8K,660,4,11,16,0.6875
Qwen3-4B,GSM8K,661,1,15,16,0.9375
Qwen3-4B,GSM8K,662,1,16,16,1.0
Qwen3-4B,GSM8K,664,2,12,16,0.75
Qwen3-4B,GSM8K,665,1,13,16,0.8125
Qwen3-4B,GSM8K,667,1,15,16,0.9375
Qwen3-4B,GSM8K,668,2,12,16,0.75
Qwen3-4B,GSM8K,669,7,12,16,0.75
Qwen3-4B,GSM8K,671,3,13,16,0.8125
Qwen3-4B,GSM8K,673,2,13,16,0.8125
Qwen3-4B,GSM8K,674,1,12,16,0.75
Qwen3-4B,GSM8K,676,3,15,16,0.9375
Qwen3-4B,GSM8K,679,4,13,16,0.8125
Qwen3-4B,GSM8K,681,6,11,16,0.6875
Qwen3-4B,GSM8K,682,4,12,16,0.75
Qwen3-4B,GSM8K,683,2,12,16,0.75
Qwen3-4B,GSM8K,684,1,13,16,0.8125
Qwen3-4B,GSM8K,685,4,13,16,0.8125
Qwen3-4B,GSM8K,686,2,13,16,0.8125
Qwen3-4B,GSM8K,688,3,11,16,0.6875
Qwen3-4B,GSM8K,689,2,5,16,0.3125
Qwen3-4B,GSM8K,691,2,12,16,0.75
Qwen3-4B,GSM8K,692,2,14,16,0.875
Qwen3-4B,GSM8K,693,5,12,16,0.75
Qwen3-4B,GSM8K,695,1,12,16,0.75
Qwen3-4B,GSM8K,697,1,15,16,0.9375
Qwen3-4B,GSM8K,698,4,13,16,0.8125
Qwen3-4B,GSM8K,701,1,15,16,0.9375
Qwen3-4B,GSM8K,702,5,13,16,0.8125
Qwen3-4B,GSM8K,704,1,13,16,0.8125
Qwen3-4B,GSM8K,706,2,14,16,0.875
Qwen3-4B,GSM8K,707,2,14,16,0.875
Qwen3-4B,GSM8K,708,2,11,16,0.6875
Qwen3-4B,GSM8K,709,1,12,16,0.75
Qwen3-4B,GSM8K,710,4,15,16,0.9375
Qwen3-4B,GSM8K,712,4,12,16,0.75
Qwen3-4B,GSM8K,714,1,13,16,0.8125
Qwen3-4B,GSM8K,715,3,13,16,0.8125
Qwen3-4B,GSM8K,716,3,13,16,0.8125
Qwen3-4B,GSM8K,718,4,13,16,0.8125
Qwen3-4B,GSM8K,720,4,14,16,0.875
Qwen3-4B,GSM8K,721,1,10,16,0.625
Qwen3-4B,GSM8K,723,4,13,16,0.8125
Qwen3-4B,GSM8K,724,1,8,16,0.5
Qwen3-4B,GSM8K,725,1,13,16,0.8125
Qwen3-4B,GSM8K,726,3,13,16,0.8125
Qwen3-4B,GSM8K,727,1,14,16,0.875
Qwen3-4B,GSM8K,728,4,13,16,0.8125
Qwen3-4B,GSM8K,729,6,13,16,0.8125
Qwen3-4B,GSM8K,730,3,12,16,0.75
Qwen3-4B,GSM8K,731,1,13,16,0.8125
Qwen3-4B,GSM8K,732,7,11,16,0.6875
Qwen3-4B,GSM8K,735,1,13,16,0.8125
Qwen3-4B,GSM8K,736,1,15,16,0.9375
Qwen3-4B,GSM8K,737,1,5,16,0.3125
Qwen3-4B,GSM8K,738,8,15,16,0.9375
Qwen3-4B,GSM8K,739,1,8,16,0.5
Qwen3-4B,GSM8K,740,1,16,16,1.0
Qwen3-4B,GSM8K,742,5,14,16,0.875
Qwen3-4B,GSM8K,744,1,12,16,0.75
Qwen3-4B,GSM8K,745,4,12,16,0.75
Qwen3-4B,GSM8K,746,3,11,16,0.6875
Qwen3-4B,GSM8K,747,2,14,16,0.875
Qwen3-4B,GSM8K,748,4,14,16,0.875
Qwen3-4B,GSM8K,751,1,13,16,0.8125
Qwen3-4B,GSM8K,755,1,14,16,0.875
Qwen3-4B,GSM8K,756,2,16,16,1.0
Qwen3-4B,GSM8K,757,8,14,16,0.875
Qwen3-4B,GSM8K,758,3,13,16,0.8125
Qwen3-4B,GSM8K,760,4,15,16,0.9375
Qwen3-4B,GSM8K,761,4,11,16,0.6875
Qwen3-4B,GSM8K,762,1,12,16,0.75
Qwen3-4B,GSM8K,763,3,14,16,0.875
Qwen3-4B,GSM8K,764,2,12,16,0.75
Qwen3-4B,GSM8K,765,4,13,16,0.8125
Qwen3-4B,GSM8K,766,2,13,16,0.8125
Qwen3-4B,GSM8K,767,1,14,16,0.875
Qwen3-4B,GSM8K,769,1,13,16,0.8125
Qwen3-4B,GSM8K,771,1,16,16,1.0
Qwen3-4B,GSM8K,772,1,12,16,0.75
Qwen3-4B,GSM8K,773,4,12,16,0.75
Qwen3-4B,GSM8K,774,1,15,16,0.9375
Qwen3-4B,GSM8K,775,2,11,16,0.6875
Qwen3-4B,GSM8K,776,2,11,16,0.6875
Qwen3-4B,GSM8K,778,4,14,16,0.875
Qwen3-4B,GSM8K,779,7,15,16,0.9375
Qwen3-4B,GSM8K,783,2,12,16,0.75
Qwen3-4B,GSM8K,786,1,12,16,0.75
Qwen3-4B,GSM8K,787,1,14,16,0.875
Qwen3-4B,GSM8K,788,1,13,16,0.8125
Qwen3-4B,GSM8K,791,5,12,16,0.75
Qwen3-4B,GSM8K,792,1,12,16,0.75
Qwen3-4B,GSM8K,793,2,11,16,0.6875
Qwen3-4B,GSM8K,794,2,12,16,0.75
Qwen3-4B,GSM8K,797,2,14,16,0.875
Qwen3-4B,GSM8K,799,3,14,16,0.875
Qwen3-4B,GSM8K,800,1,13,16,0.8125
Qwen3-4B,GSM8K,801,3,11,16,0.6875
Qwen3-4B,GSM8K,802,5,15,16,0.9375
Qwen3-4B,GSM8K,803,1,12,16,0.75
Qwen3-4B,GSM8K,805,1,14,16,0.875
Qwen3-4B,GSM8K,806,1,13,16,0.8125
Qwen3-4B,GSM8K,807,1,11,16,0.6875
Qwen3-4B,GSM8K,808,4,13,16,0.8125
Qwen3-4B,GSM8K,811,3,14,16,0.875
Qwen3-4B,GSM8K,815,4,14,16,0.875
Qwen3-4B,GSM8K,816,1,11,16,0.6875
Qwen3-4B,GSM8K,817,2,11,16,0.6875
Qwen3-4B,GSM8K,819,8,11,16,0.6875
Qwen3-4B,GSM8K,820,2,13,16,0.8125
Qwen3-4B,GSM8K,822,1,12,16,0.75
Qwen3-4B,GSM8K,823,3,0,16,0.0
Qwen3-4B,GSM8K,824,5,10,16,0.625
Qwen3-4B,GSM8K,825,9,13,16,0.8125
Qwen3-4B,GSM8K,826,5,11,16,0.6875
Qwen3-4B,GSM8K,829,1,14,16,0.875
Qwen3-4B,GSM8K,832,4,13,16,0.8125
Qwen3-4B,GSM8K,834,3,12,16,0.75
Qwen3-4B,GSM8K,836,5,15,16,0.9375
Qwen3-4B,GSM8K,839,2,16,16,1.0
Qwen3-4B,GSM8K,840,1,11,16,0.6875
Qwen3-4B,GSM8K,841,2,12,16,0.75
Qwen3-4B,GSM8K,842,1,15,16,0.9375
Qwen3-4B,GSM8K,843,3,12,16,0.75
Qwen3-4B,GSM8K,844,4,13,16,0.8125
Qwen3-4B,GSM8K,845,1,14,16,0.875
Qwen3-4B,GSM8K,848,6,12,16,0.75
Qwen3-4B,GSM8K,849,1,10,16,0.625
Qwen3-4B,GSM8K,850,2,9,16,0.5625
Qwen3-4B,GSM8K,851,4,14,16,0.875
Qwen3-4B,GSM8K,853,4,11,16,0.6875
Qwen3-4B,GSM8K,855,4,13,16,0.8125
Qwen3-4B,GSM8K,856,1,15,16,0.9375
Qwen3-4B,GSM8K,858,1,12,16,0.75
Qwen3-4B,GSM8K,859,1,10,16,0.625
Qwen3-4B,GSM8K,860,2,13,16,0.8125
Qwen3-4B,GSM8K,861,1,14,16,0.875
Qwen3-4B,GSM8K,863,3,12,16,0.75
Qwen3-4B,GSM8K,864,1,9,16,0.5625
Qwen3-4B,GSM8K,865,2,15,16,0.9375
Qwen3-4B,GSM8K,866,9,11,16,0.6875
Qwen3-4B,GSM8K,868,1,15,16,0.9375
Qwen3-4B,GSM8K,870,1,13,16,0.8125
Qwen3-4B,GSM8K,871,1,14,16,0.875
Qwen3-4B,GSM8K,872,2,13,16,0.8125
Qwen3-4B,GSM8K,874,2,11,16,0.6875
Qwen3-4B,GSM8K,875,4,12,16,0.75
Qwen3-4B,GSM8K,876,1,12,16,0.75
Qwen3-4B,GSM8K,877,1,14,16,0.875
Qwen3-4B,GSM8K,878,5,13,16,0.8125
Qwen3-4B,GSM8K,879,1,11,16,0.6875
Qwen3-4B,GSM8K,881,2,14,16,0.875
Qwen3-4B,GSM8K,882,1,14,16,0.875
Qwen3-4B,GSM8K,883,1,13,16,0.8125
Qwen3-4B,GSM8K,884,2,11,16,0.6875
Qwen3-4B,GSM8K,886,2,10,16,0.625
Qwen3-4B,GSM8K,887,1,11,16,0.6875
Qwen3-4B,GSM8K,889,3,11,16,0.6875
Qwen3-4B,GSM8K,890,1,14,16,0.875
Qwen3-4B,GSM8K,892,1,14,16,0.875
Qwen3-4B,GSM8K,893,2,12,16,0.75
Qwen3-4B,GSM8K,895,3,16,16,1.0
Qwen3-4B,GSM8K,898,1,15,16,0.9375
Qwen3-4B,GSM8K,899,2,15,16,0.9375
Qwen3-4B,GSM8K,900,1,11,16,0.6875
Qwen3-4B,GSM8K,902,1,14,16,0.875
Qwen3-4B,GSM8K,903,3,12,16,0.75
Qwen3-4B,GSM8K,905,1,13,16,0.8125
Qwen3-4B,GSM8K,907,1,16,16,1.0
Qwen3-4B,GSM8K,908,5,14,16,0.875
Qwen3-4B,GSM8K,909,2,13,16,0.8125
Qwen3-4B,GSM8K,910,5,14,16,0.875
Qwen3-4B,GSM8K,911,2,15,16,0.9375
Qwen3-4B,GSM8K,913,4,16,16,1.0
Qwen3-4B,GSM8K,914,1,11,16,0.6875
Qwen3-4B,GSM8K,915,1,15,16,0.9375
Qwen3-4B,GSM8K,919,2,14,16,0.875
Qwen3-4B,GSM8K,920,2,12,16,0.75
Qwen3-4B,GSM8K,921,2,13,16,0.8125
Qwen3-4B,GSM8K,925,5,16,16,1.0
Qwen3-4B,GSM8K,927,2,13,16,0.8125
Qwen3-4B,GSM8K,928,3,13,16,0.8125
Qwen3-4B,GSM8K,929,3,14,16,0.875
Qwen3-4B,GSM8K,930,1,14,16,0.875
Qwen3-4B,GSM8K,933,1,12,16,0.75
Qwen3-4B,GSM8K,934,2,13,16,0.8125
Qwen3-4B,GSM8K,935,3,11,16,0.6875
Qwen3-4B,GSM8K,936,1,14,16,0.875
Qwen3-4B,GSM8K,937,4,12,16,0.75
Qwen3-4B,GSM8K,938,2,15,16,0.9375
Qwen3-4B,GSM8K,941,1,12,16,0.75
Qwen3-4B,GSM8K,944,2,14,16,0.875
Qwen3-4B,GSM8K,946,2,14,16,0.875
Qwen3-4B,GSM8K,948,2,15,16,0.9375
Qwen3-4B,GSM8K,949,3,10,16,0.625
Qwen3-4B,GSM8K,950,3,9,16,0.5625
Qwen3-4B,GSM8K,952,6,0,16,0.0
Qwen3-4B,GSM8K,954,1,11,16,0.6875
Qwen3-4B,GSM8K,957,2,12,16,0.75
Qwen3-4B,GSM8K,958,2,14,16,0.875
Qwen3-4B,GSM8K,962,2,0,16,0.0
Qwen3-4B,GSM8K,963,10,13,16,0.8125
Qwen3-4B,GSM8K,966,1,9,16,0.5625
Qwen3-4B,GSM8K,967,1,9,16,0.5625
Qwen3-4B,GSM8K,968,2,15,16,0.9375
Qwen3-4B,GSM8K,970,6,13,16,0.8125
Qwen3-4B,GSM8K,971,1,14,16,0.875
Qwen3-4B,GSM8K,973,1,12,16,0.75
Qwen3-4B,GSM8K,974,4,15,16,0.9375
Qwen3-4B,GSM8K,975,4,13,16,0.8125
Qwen3-4B,GSM8K,976,4,15,16,0.9375
Qwen3-4B,GSM8K,979,1,12,16,0.75
Qwen3-4B,GSM8K,980,2,12,16,0.75
Qwen3-4B,GSM8K,981,1,12,16,0.75
Qwen3-4B,GSM8K,983,2,12,16,0.75
Qwen3-4B,GSM8K,985,1,12,16,0.75
Qwen3-4B,GSM8K,986,4,10,16,0.625
Qwen3-4B,GSM8K,987,1,14,16,0.875
Qwen3-4B,GSM8K,988,1,11,16,0.6875
Qwen3-4B,GSM8K,990,3,15,16,0.9375
Qwen3-4B,GSM8K,992,1,13,16,0.8125
Qwen3-4B,GSM8K,994,1,15,16,0.9375
Qwen3-4B,GSM8K,995,2,10,16,0.625
Qwen3-4B,GSM8K,998,1,13,16,0.8125
Qwen3-4B,GSM8K,999,1,13,16,0.8125
Qwen3-4B,GSM8K,1002,4,15,16,0.9375
Qwen3-4B,GSM8K,1004,8,14,16,0.875
Qwen3-4B,GSM8K,1007,4,13,16,0.8125
Qwen3-4B,GSM8K,1008,5,13,16,0.8125
Qwen3-4B,GSM8K,1009,14,15,16,0.9375
Qwen3-4B,GSM8K,1010,4,13,16,0.8125
Qwen3-4B,GSM8K,1011,7,14,16,0.875
Qwen3-4B,GSM8K,1012,8,0,16,0.0
Qwen3-4B,GSM8K,1014,1,8,16,0.5
Qwen3-4B,GSM8K,1015,2,12,16,0.75
Qwen3-4B,GSM8K,1016,1,7,16,0.4375
Qwen3-4B,GSM8K,1018,1,12,16,0.75
Qwen3-4B,GSM8K,1022,1,12,16,0.75
Qwen3-4B,GSM8K,1023,1,15,16,0.9375
Qwen3-4B,GSM8K,1024,3,13,16,0.8125
Qwen3-4B,GSM8K,1026,1,9,16,0.5625
Qwen3-4B,GSM8K,1027,1,12,16,0.75
Qwen3-4B,GSM8K,1028,1,11,16,0.6875
Qwen3-4B,GSM8K,1029,1,11,16,0.6875
Qwen3-4B,GSM8K,1032,3,13,16,0.8125
Qwen3-4B,GSM8K,1033,1,14,16,0.875
Qwen3-4B,GSM8K,1034,3,14,16,0.875
Qwen3-4B,GSM8K,1036,5,14,16,0.875
Qwen3-4B,GSM8K,1037,1,11,16,0.6875
Qwen3-4B,GSM8K,1040,7,16,16,1.0
Qwen3-4B,GSM8K,1041,1,14,16,0.875
Qwen3-4B,GSM8K,1043,1,13,16,0.8125
Qwen3-4B,GSM8K,1045,6,12,16,0.75
Qwen3-4B,GSM8K,1047,4,16,16,1.0
Qwen3-4B,GSM8K,1048,4,0,16,0.0
Qwen3-4B,GSM8K,1049,3,13,16,0.8125
Qwen3-4B,GSM8K,1051,5,14,16,0.875
Qwen3-4B,GSM8K,1052,2,11,16,0.6875
Qwen3-4B,GSM8K,1053,2,13,16,0.8125
Qwen3-4B,GSM8K,1054,1,13,16,0.8125
Qwen3-4B,GSM8K,1055,2,11,16,0.6875
Qwen3-4B,GSM8K,1061,3,12,16,0.75
Qwen3-4B,GSM8K,1062,1,11,16,0.6875
Qwen3-4B,GSM8K,1063,2,12,16,0.75
Qwen3-4B,GSM8K,1064,2,11,16,0.6875
Qwen3-4B,GSM8K,1065,4,15,16,0.9375
Qwen3-4B,GSM8K,1066,2,10,16,0.625
Qwen3-4B,GSM8K,1067,4,12,16,0.75
Qwen3-4B,GSM8K,1071,1,5,16,0.3125
Qwen3-4B,GSM8K,1073,2,15,16,0.9375
Qwen3-4B,GSM8K,1076,4,14,16,0.875
Qwen3-4B,GSM8K,1077,1,11,16,0.6875
Qwen3-4B,GSM8K,1078,5,14,16,0.875
Qwen3-4B,GSM8K,1079,3,16,16,1.0
Qwen3-4B,GSM8K,1080,1,12,16,0.75
Qwen3-4B,GSM8K,1081,1,14,16,0.875
Qwen3-4B,GSM8K,1085,1,12,16,0.75
Qwen3-4B,GSM8K,1086,5,11,16,0.6875
Qwen3-4B,GSM8K,1090,2,13,16,0.8125
Qwen3-4B,GSM8K,1091,2,13,16,0.8125
Qwen3-4B,GSM8K,1092,1,14,16,0.875
Qwen3-4B,GSM8K,1093,1,10,16,0.625
Qwen3-4B,GSM8K,1095,1,13,16,0.8125
Qwen3-4B,GSM8K,1098,7,16,16,1.0
Qwen3-4B,GSM8K,1099,2,13,16,0.8125
Qwen3-4B,GSM8K,1101,5,9,16,0.5625
Qwen3-4B,GSM8K,1102,3,16,16,1.0
Qwen3-4B,GSM8K,1103,3,14,16,0.875
Qwen3-4B,GSM8K,1107,5,14,16,0.875
Qwen3-4B,GSM8K,1108,2,10,16,0.625
Qwen3-4B,GSM8K,1109,2,13,16,0.8125
Qwen3-4B,GSM8K,1110,3,13,16,0.8125
Qwen3-4B,GSM8K,1111,4,14,16,0.875
Qwen3-4B,GSM8K,1113,2,12,16,0.75
Qwen3-4B,GSM8K,1114,1,12,16,0.75
Qwen3-4B,GSM8K,1116,5,13,16,0.8125
Qwen3-4B,GSM8K,1118,5,13,16,0.8125
Qwen3-4B,GSM8K,1121,5,15,16,0.9375
Qwen3-4B,GSM8K,1122,1,14,16,0.875
Qwen3-4B,GSM8K,1123,1,12,16,0.75
Qwen3-4B,GSM8K,1125,3,12,16,0.75
Qwen3-4B,GSM8K,1126,2,13,16,0.8125
Qwen3-4B,GSM8K,1128,2,14,16,0.875
Qwen3-4B,GSM8K,1129,3,11,16,0.6875
Qwen3-4B,GSM8K,1131,2,13,16,0.8125
Qwen3-4B,GSM8K,1132,1,14,16,0.875
Qwen3-4B,GSM8K,1133,2,12,16,0.75
Qwen3-4B,GSM8K,1134,1,12,16,0.75
Qwen3-4B,GSM8K,1135,1,13,16,0.8125
Qwen3-4B,GSM8K,1136,2,13,16,0.8125
Qwen3-4B,GSM8K,1138,3,11,16,0.6875
Qwen3-4B,GSM8K,1140,1,15,16,0.9375
Qwen3-4B,GSM8K,1141,3,13,16,0.8125
Qwen3-4B,GSM8K,1142,3,16,16,1.0
Qwen3-4B,GSM8K,1143,2,10,16,0.625
Qwen3-4B,GSM8K,1144,3,15,16,0.9375
Qwen3-4B,GSM8K,1148,3,14,16,0.875
Qwen3-4B,GSM8K,1149,3,12,16,0.75
Qwen3-4B,GSM8K,1150,2,13,16,0.8125
Qwen3-4B,GSM8K,1153,2,12,16,0.75
Qwen3-4B,GSM8K,1154,1,11,16,0.6875
Qwen3-4B,GSM8K,1155,3,15,16,0.9375
Qwen3-4B,GSM8K,1156,1,15,16,0.9375
Qwen3-4B,GSM8K,1157,3,13,16,0.8125
Qwen3-4B,GSM8K,1158,1,13,16,0.8125
Qwen3-4B,GSM8K,1159,1,11,16,0.6875
Qwen3-4B,GSM8K,1160,2,15,16,0.9375
Qwen3-4B,GSM8K,1161,1,0,16,0.0
Qwen3-4B,GSM8K,1162,2,13,16,0.8125
Qwen3-4B,GSM8K,1164,1,11,16,0.6875
Qwen3-4B,GSM8K,1167,1,13,16,0.8125
Qwen3-4B,GSM8K,1168,1,13,16,0.8125
Qwen3-4B,GSM8K,1170,3,14,16,0.875
Qwen3-4B,GSM8K,1173,1,15,16,0.9375
Qwen3-4B,GSM8K,1175,1,15,16,0.9375
Qwen3-4B,GSM8K,1177,5,12,16,0.75
Qwen3-4B,GSM8K,1178,4,14,16,0.875
Qwen3-4B,GSM8K,1180,1,12,16,0.75
Qwen3-4B,GSM8K,1181,3,14,16,0.875
Qwen3-4B,GSM8K,1184,5,15,16,0.9375
Qwen3-4B,GSM8K,1189,1,14,16,0.875
Qwen3-4B,GSM8K,1194,2,12,16,0.75
Qwen3-4B,GSM8K,1195,1,14,16,0.875
Qwen3-4B,GSM8K,1197,2,15,16,0.9375
Qwen3-4B,GSM8K,1198,2,12,16,0.75
Qwen3-4B,GSM8K,1200,5,14,16,0.875
Qwen3-4B,GSM8K,1201,4,14,16,0.875
Qwen3-4B,GSM8K,1204,2,11,16,0.6875
Qwen3-4B,GSM8K,1206,2,14,16,0.875
Qwen3-4B,GSM8K,1207,4,13,16,0.8125
Qwen3-4B,GSM8K,1209,2,12,16,0.75
Qwen3-4B,GSM8K,1210,3,12,16,0.75
Qwen3-4B,GSM8K,1211,1,12,16,0.75
Qwen3-4B,GSM8K,1212,3,14,16,0.875
Qwen3-4B,GSM8K,1215,1,12,16,0.75
Qwen3-4B,GSM8K,1219,1,11,16,0.6875
Qwen3-4B,GSM8K,1220,1,12,16,0.75
Qwen3-4B,GSM8K,1221,2,11,16,0.6875
Qwen3-4B,GSM8K,1222,3,16,16,1.0
Qwen3-4B,GSM8K,1223,4,13,16,0.8125
Qwen3-4B,GSM8K,1226,1,14,16,0.875
Qwen3-4B,GSM8K,1228,6,15,16,0.9375
Qwen3-4B,GSM8K,1229,2,15,16,0.9375
Qwen3-4B,GSM8K,1230,1,15,16,0.9375
Qwen3-4B,GSM8K,1231,8,10,16,0.625
Qwen3-4B,GSM8K,1233,4,13,16,0.8125
Qwen3-4B,GSM8K,1234,5,13,16,0.8125
Qwen3-4B,GSM8K,1237,2,14,16,0.875
Qwen3-4B,GSM8K,1238,1,14,16,0.875
Qwen3-4B,GSM8K,1239,1,13,16,0.8125
Qwen3-4B,GSM8K,1242,4,14,16,0.875
Qwen3-4B,GSM8K,1243,2,16,16,1.0
Qwen3-4B,GSM8K,1244,4,11,16,0.6875
Qwen3-4B,GSM8K,1245,6,11,16,0.6875
Qwen3-4B,GSM8K,1246,2,12,16,0.75
Qwen3-4B,GSM8K,1248,2,15,16,0.9375
Qwen3-4B,GSM8K,1249,1,13,16,0.8125
Qwen3-4B,GSM8K,1250,3,8,16,0.5
Qwen3-4B,GSM8K,1252,3,12,16,0.75
Qwen3-4B,GSM8K,1253,3,14,16,0.875
Qwen3-4B,GSM8K,1254,2,11,16,0.6875
Qwen3-4B,GSM8K,1255,3,15,16,0.9375
Qwen3-4B,GSM8K,1256,2,11,16,0.6875
Qwen3-4B,GSM8K,1257,1,12,16,0.75
Qwen3-4B,GSM8K,1258,1,13,16,0.8125
Qwen3-4B,GSM8K,1259,1,11,16,0.6875
Qwen3-4B,GSM8K,1260,1,10,16,0.625
Qwen3-4B,GSM8K,1261,2,13,16,0.8125
Qwen3-4B,GSM8K,1263,2,14,16,0.875
Qwen3-4B,GSM8K,1264,1,7,16,0.4375
Qwen3-4B,GSM8K,1266,1,12,16,0.75
Qwen3-4B,GSM8K,1270,3,10,16,0.625
Qwen3-4B,GSM8K,1271,2,13,16,0.8125
Qwen3-4B,GSM8K,1272,2,12,16,0.75
Qwen3-4B,GSM8K,1274,3,15,16,0.9375
Qwen3-4B,GSM8K,1275,3,13,16,0.8125
Qwen3-4B,GSM8K,1276,1,13,16,0.8125
Qwen3-4B,GSM8K,1277,3,13,16,0.8125
Qwen3-4B,GSM8K,1278,4,11,16,0.6875
Qwen3-4B,GSM8K,1279,1,14,16,0.875
Qwen3-4B,GSM8K,1280,1,15,16,0.9375
Qwen3-4B,GSM8K,1281,1,13,16,0.8125
Qwen3-4B,GSM8K,1285,3,11,16,0.6875
Qwen3-4B,GSM8K,1286,1,14,16,0.875
Qwen3-4B,GSM8K,1287,3,11,16,0.6875
Qwen3-4B,GSM8K,1289,2,14,16,0.875
Qwen3-4B,GSM8K,1290,3,14,16,0.875
Qwen3-4B,GSM8K,1291,1,11,16,0.6875
Qwen3-4B,GSM8K,1292,1,15,16,0.9375
Qwen3-4B,GSM8K,1293,2,12,16,0.75
Qwen3-4B,GSM8K,1294,1,15,16,0.9375
Qwen3-4B,GSM8K,1295,1,13,16,0.8125
Qwen3-4B,GSM8K,1296,2,14,16,0.875
Qwen3-4B,GSM8K,1297,1,13,16,0.8125
Qwen3-4B,GSM8K,1298,3,12,16,0.75
Qwen3-4B,GSM8K,1299,2,14,16,0.875
Qwen3-4B,GSM8K,1300,1,13,16,0.8125
Qwen3-4B,GSM8K,1301,2,14,16,0.875
Qwen3-4B,GSM8K,1302,1,16,16,1.0
Qwen3-4B,GSM8K,1304,3,13,16,0.8125
Qwen3-4B,GSM8K,1305,7,10,16,0.625
Qwen3-4B,GSM8K,1307,2,11,16,0.6875
Qwen3-4B,GSM8K,1309,7,0,16,0.0
Qwen3-4B,GSM8K,1313,3,16,16,1.0
Qwen3-4B,GSM8K,1315,3,14,16,0.875
Qwen3-4B,GSM8K,1316,1,11,16,0.6875
Qwen3-4B,GSM8K,1317,5,10,16,0.625
Qwen3-4B,GSM8K,1318,3,10,16,0.625
Qwen3-4B,MATH500,1,10,0,16,0.0
Qwen3-4B,MATH500,2,3,11,16,0.6875
Qwen3-4B,MATH500,3,1,13,16,0.8125
Qwen3-4B,MATH500,10,1,4,16,0.25
Qwen3-4B,MATH500,12,3,6,16,0.375
Qwen3-4B,MATH500,15,1,0,16,0.0
Qwen3-4B,MATH500,19,1,2,16,0.125
Qwen3-4B,MATH500,20,1,14,16,0.875
Qwen3-4B,MATH500,21,5,1,16,0.0625
Qwen3-4B,MATH500,23,2,15,16,0.9375
Qwen3-4B,MATH500,24,1,6,16,0.375
Qwen3-4B,MATH500,25,6,0,16,0.0
Qwen3-4B,MATH500,33,3,8,16,0.5
Qwen3-4B,MATH500,35,2,13,16,0.8125
Qwen3-4B,MATH500,36,11,0,16,0.0
Qwen3-4B,MATH500,39,11,15,16,0.9375
Qwen3-4B,MATH500,40,1,15,16,0.9375
Qwen3-4B,MATH500,42,2,14,16,0.875
Qwen3-4B,MATH500,45,1,14,16,0.875
Qwen3-4B,MATH500,46,4,1,16,0.0625
Qwen3-4B,MATH500,47,1,13,16,0.8125
Qwen3-4B,MATH500,49,1,15,16,0.9375
Qwen3-4B,MATH500,51,8,0,16,0.0
Qwen3-4B,MATH500,52,2,15,16,0.9375
Qwen3-4B,MATH500,53,1,13,16,0.8125
Qwen3-4B,MATH500,54,1,14,16,0.875
Qwen3-4B,MATH500,55,1,13,16,0.8125
Qwen3-4B,MATH500,56,1,15,16,0.9375
Qwen3-4B,MATH500,57,1,11,16,0.6875
Qwen3-4B,MATH500,59,2,13,16,0.8125
Qwen3-4B,MATH500,60,13,0,16,0.0
Qwen3-4B,MATH500,61,1,4,16,0.25
Qwen3-4B,MATH500,62,10,3,16,0.1875
Qwen3-4B,MATH500,63,12,2,16,0.125
Qwen3-4B,MATH500,64,15,0,16,0.0
Qwen3-4B,MATH500,66,1,13,16,0.8125
Qwen3-4B,MATH500,68,1,1,16,0.0625
Qwen3-4B,MATH500,69,1,8,16,0.5
Qwen3-4B,MATH500,74,3,13,16,0.8125
Qwen3-4B,MATH500,77,1,14,16,0.875
Qwen3-4B,MATH500,78,5,1,16,0.0625
Qwen3-4B,MATH500,79,1,14,16,0.875
Qwen3-4B,MATH500,83,2,6,16,0.375
Qwen3-4B,MATH500,84,4,11,16,0.6875
Qwen3-4B,MATH500,89,14,4,16,0.25
Qwen3-4B,MATH500,93,1,12,16,0.75
Qwen3-4B,MATH500,95,2,15,16,0.9375
Qwen3-4B,MATH500,96,8,0,16,0.0
Qwen3-4B,MATH500,99,1,1,16,0.0625
Qwen3-4B,MATH500,101,4,0,16,0.0
Qwen3-4B,MATH500,104,1,0,16,0.0
Qwen3-4B,MATH500,106,1,13,16,0.8125
Qwen3-4B,MATH500,109,1,0,16,0.0
Qwen3-4B,MATH500,110,12,0,16,0.0
Qwen3-4B,MATH500,111,1,12,16,0.75
Qwen3-4B,MATH500,114,1,12,16,0.75
Qwen3-4B,MATH500,117,1,14,16,0.875
Qwen3-4B,MATH500,118,1,0,16,0.0
Qwen3-4B,MATH500,121,2,13,16,0.8125
Qwen3-4B,MATH500,122,1,16,16,1.0
Qwen3-4B,MATH500,124,10,4,16,0.25
Qwen3-4B,MATH500,126,1,0,16,0.0
Qwen3-4B,MATH500,129,1,0,16,0.0
Qwen3-4B,MATH500,134,1,4,16,0.25
Qwen3-4B,MATH500,135,1,10,16,0.625
Qwen3-4B,MATH500,139,4,8,16,0.5
Qwen3-4B,MATH500,140,2,11,16,0.6875
Qwen3-4B,MATH500,143,6,1,16,0.0625
Qwen3-4B,MATH500,145,6,1,16,0.0625
Qwen3-4B,MATH500,147,9,4,16,0.25
Qwen3-4B,MATH500,148,1,13,16,0.8125
Qwen3-4B,MATH500,149,1,8,16,0.5
Qwen3-4B,MATH500,150,15,3,16,0.1875
Qwen3-4B,MATH500,151,1,3,16,0.1875
Qwen3-4B,MATH500,152,4,0,16,0.0
Qwen3-4B,MATH500,156,2,0,16,0.0
Qwen3-4B,MATH500,158,2,11,16,0.6875
Qwen3-4B,MATH500,159,2,14,16,0.875
Qwen3-4B,MATH500,163,1,0,16,0.0
Qwen3-4B,MATH500,164,2,0,16,0.0
Qwen3-4B,MATH500,169,2,14,16,0.875
Qwen3-4B,MATH500,170,4,1,16,0.0625
Qwen3-4B,MATH500,172,3,12,16,0.75
Qwen3-4B,MATH500,175,12,5,16,0.3125
Qwen3-4B,MATH500,178,4,12,16,0.75
Qwen3-4B,MATH500,179,1,0,16,0.0
Qwen3-4B,MATH500,182,1,13,16,0.8125
Qwen3-4B,MATH500,183,2,0,16,0.0
Qwen3-4B,MATH500,184,10,0,16,0.0
Qwen3-4B,MATH500,187,2,11,16,0.6875
Qwen3-4B,MATH500,194,6,0,16,0.0
Qwen3-4B,MATH500,195,3,14,16,0.875
Qwen3-4B,MATH500,197,2,1,16,0.0625
Qwen3-4B,MATH500,199,1,12,16,0.75
Qwen3-4B,MATH500,209,4,11,16,0.6875
Qwen3-4B,MATH500,212,2,14,16,0.875
Qwen3-4B,MATH500,213,10,5,16,0.3125
Qwen3-4B,MATH500,215,4,13,16,0.8125
Qwen3-4B,MATH500,221,1,2,16,0.125
Qwen3-4B,MATH500,228,13,0,16,0.0
Qwen3-4B,MATH500,230,4,1,16,0.0625
Qwen3-4B,MATH500,231,1,12,16,0.75
Qwen3-4B,MATH500,232,1,0,16,0.0
Qwen3-4B,MATH500,233,1,11,16,0.6875
Qwen3-4B,MATH500,234,1,5,16,0.3125
Qwen3-4B,MATH500,235,5,13,16,0.8125
Qwen3-4B,MATH500,237,3,11,16,0.6875
Qwen3-4B,MATH500,238,1,8,16,0.5
Qwen3-4B,MATH500,241,2,7,16,0.4375
Qwen3-4B,MATH500,242,7,0,16,0.0
Qwen3-4B,MATH500,245,15,0,16,0.0
Qwen3-4B,MATH500,248,1,0,16,0.0
Qwen3-4B,MATH500,249,1,5,16,0.3125
Qwen3-4B,MATH500,250,2,16,16,1.0
Qwen3-4B,MATH500,252,3,10,16,0.625
Qwen3-4B,MATH500,256,1,13,16,0.8125
Qwen3-4B,MATH500,258,1,14,16,0.875
Qwen3-4B,MATH500,259,3,14,16,0.875
Qwen3-4B,MATH500,269,1,16,16,1.0
Qwen3-4B,MATH500,271,3,1,16,0.0625
Qwen3-4B,MATH500,272,7,0,16,0.0
Qwen3-4B,MATH500,276,2,1,16,0.0625
Qwen3-4B,MATH500,277,1,12,16,0.75
Qwen3-4B,MATH500,280,2,15,16,0.9375
Qwen3-4B,MATH500,283,1,13,16,0.8125
Qwen3-4B,MATH500,284,1,0,16,0.0
Qwen3-4B,MATH500,285,5,0,16,0.0
Qwen3-4B,MATH500,288,3,0,16,0.0
Qwen3-4B,MATH500,289,1,4,16,0.25
Qwen3-4B,MATH500,290,1,13,16,0.8125
Qwen3-4B,MATH500,292,16,0,16,0.0
Qwen3-4B,MATH500,294,1,1,16,0.0625
Qwen3-4B,MATH500,295,6,0,16,0.0
Qwen3-4B,MATH500,298,5,0,16,0.0
Qwen3-4B,MATH500,302,1,1,16,0.0625
Qwen3-4B,MATH500,303,2,1,16,0.0625
Qwen3-4B,MATH500,304,7,10,16,0.625
Qwen3-4B,MATH500,305,2,12,16,0.75
Qwen3-4B,MATH500,306,10,0,16,0.0
Qwen3-4B,MATH500,308,1,0,16,0.0
Qwen3-4B,MATH500,311,4,2,16,0.125
Qwen3-4B,MATH500,317,7,3,16,0.1875
Qwen3-4B,MATH500,318,2,11,16,0.6875
Qwen3-4B,MATH500,319,2,12,16,0.75
Qwen3-4B,MATH500,321,1,11,16,0.6875
Qwen3-4B,MATH500,326,2,0,16,0.0
Qwen3-4B,MATH500,327,4,0,16,0.0
Qwen3-4B,MATH500,330,1,11,16,0.6875
Qwen3-4B,MATH500,332,4,6,16,0.375
Qwen3-4B,MATH500,333,2,3,16,0.1875
Qwen3-4B,MATH500,334,1,13,16,0.8125
Qwen3-4B,MATH500,335,4,5,16,0.3125
Qwen3-4B,MATH500,336,5,10,16,0.625
Qwen3-4B,MATH500,338,1,8,16,0.5
Qwen3-4B,MATH500,340,6,0,16,0.0
Qwen3-4B,MATH500,343,1,13,16,0.8125
Qwen3-4B,MATH500,344,1,15,16,0.9375
Qwen3-4B,MATH500,346,3,16,16,1.0
Qwen3-4B,MATH500,348,2,10,16,0.625
Qwen3-4B,MATH500,351,7,0,16,0.0
Qwen3-4B,MATH500,352,3,0,16,0.0
Qwen3-4B,MATH500,355,10,5,16,0.3125
Qwen3-4B,MATH500,359,6,1,16,0.0625
Qwen3-4B,MATH500,363,1,15,16,0.9375
Qwen3-4B,MATH500,364,2,0,16,0.0
Qwen3-4B,MATH500,365,1,0,16,0.0
Qwen3-4B,MATH500,370,1,13,16,0.8125
Qwen3-4B,MATH500,373,1,11,16,0.6875
Qwen3-4B,MATH500,375,5,13,16,0.8125
Qwen3-4B,MATH500,376,5,9,16,0.5625
Qwen3-4B,MATH500,378,3,14,16,0.875
Qwen3-4B,MATH500,379,2,1,16,0.0625
Qwen3-4B,MATH500,383,1,12,16,0.75
Qwen3-4B,MATH500,384,1,15,16,0.9375
Qwen3-4B,MATH500,388,1,14,16,0.875
Qwen3-4B,MATH500,390,4,1,16,0.0625
Qwen3-4B,MATH500,391,1,3,16,0.1875
Qwen3-4B,MATH500,392,1,1,16,0.0625
Qwen3-4B,MATH500,394,1,0,16,0.0
Qwen3-4B,MATH500,398,2,6,16,0.375
Qwen3-4B,MATH500,401,9,0,16,0.0
Qwen3-4B,MATH500,404,1,11,16,0.6875
Qwen3-4B,MATH500,406,1,15,16,0.9375
Qwen3-4B,MATH500,407,1,13,16,0.8125
Qwen3-4B,MATH500,415,3,7,16,0.4375
Qwen3-4B,MATH500,416,7,2,16,0.125
Qwen3-4B,MATH500,417,2,11,16,0.6875
Qwen3-4B,MATH500,418,7,12,16,0.75
Qwen3-4B,MATH500,419,3,0,16,0.0
Qwen3-4B,MATH500,421,7,0,16,0.0
Qwen3-4B,MATH500,422,9,0,16,0.0
Qwen3-4B,MATH500,423,10,1,16,0.0625
Qwen3-4B,MATH500,425,5,0,16,0.0
Qwen3-4B,MATH500,427,2,12,16,0.75
Qwen3-4B,MATH500,428,5,2,16,0.125
Qwen3-4B,MATH500,429,12,1,16,0.0625
Qwen3-4B,MATH500,431,5,0,16,0.0
Qwen3-4B,MATH500,432,6,1,16,0.0625
Qwen3-4B,MATH500,439,1,2,16,0.125
Qwen3-4B,MATH500,440,4,15,16,0.9375
Qwen3-4B,MATH500,444,2,0,16,0.0
Qwen3-4B,MATH500,445,1,0,16,0.0
Qwen3-4B,MATH500,446,8,13,16,0.8125
Qwen3-4B,MATH500,447,1,15,16,0.9375
Qwen3-4B,MATH500,448,5,6,16,0.375
Qwen3-4B,MATH500,450,1,6,16,0.375
Qwen3-4B,MATH500,453,1,13,16,0.8125
Qwen3-4B,MATH500,454,5,4,16,0.25
Qwen3-4B,MATH500,455,1,13,16,0.8125
Qwen3-4B,MATH500,456,16,0,16,0.0
Qwen3-4B,MATH500,464,1,9,16,0.5625
Qwen3-4B,MATH500,465,3,2,16,0.125
Qwen3-4B,MATH500,466,3,0,16,0.0
Qwen3-4B,MATH500,470,3,0,16,0.0
Qwen3-4B,MATH500,474,1,9,16,0.5625
Qwen3-4B,MATH500,475,1,0,16,0.0
Qwen3-4B,MATH500,478,2,0,16,0.0
Qwen3-4B,MATH500,481,3,0,16,0.0
Qwen3-4B,MATH500,483,9,0,16,0.0
Qwen3-4B,MATH500,484,6,1,16,0.0625
Qwen3-4B,MATH500,485,1,4,16,0.25
Qwen3-4B,MATH500,487,1,15,16,0.9375
Qwen3-4B,MATH500,489,1,10,16,0.625
Qwen3-4B,MATH500,492,1,15,16,0.9375
Qwen3-4B,MATH500,493,7,0,16,0.0
Qwen3-4B,MATH500,496,2,11,16,0.6875
Qwen3-4B,SVAMP,0,5,12,16,0.75
Qwen3-4B,SVAMP,1,2,14,16,0.875
Qwen3-4B,SVAMP,4,1,10,16,0.625
Qwen3-4B,SVAMP,6,2,12,16,0.75
Qwen3-4B,SVAMP,7,1,11,16,0.6875
Qwen3-4B,SVAMP,8,1,11,16,0.6875
Qwen3-4B,SVAMP,9,3,14,16,0.875
Qwen3-4B,SVAMP,11,1,13,16,0.8125
Qwen3-4B,SVAMP,12,2,13,16,0.8125
Qwen3-4B,SVAMP,13,1,14,16,0.875
Qwen3-4B,SVAMP,14,1,15,16,0.9375
Qwen3-4B,SVAMP,15,2,11,16,0.6875
Qwen3-4B,SVAMP,16,6,9,16,0.5625
Qwen3-4B,SVAMP,18,1,14,16,0.875
Qwen3-4B,SVAMP,19,2,12,16,0.75
Qwen3-4B,SVAMP,20,4,15,16,0.9375
Qwen3-4B,SVAMP,21,1,13,16,0.8125
Qwen3-4B,SVAMP,23,5,15,16,0.9375
Qwen3-4B,SVAMP,24,3,0,16,0.0
Qwen3-4B,SVAMP,25,5,14,16,0.875
Qwen3-4B,SVAMP,28,7,12,16,0.75
Qwen3-4B,SVAMP,31,1,11,16,0.6875
Qwen3-4B,SVAMP,32,4,13,16,0.8125
Qwen3-4B,SVAMP,33,3,15,16,0.9375
Qwen3-4B,SVAMP,34,2,13,16,0.8125
Qwen3-4B,SVAMP,37,1,12,16,0.75
Qwen3-4B,SVAMP,38,1,12,16,0.75
Qwen3-4B,SVAMP,41,2,13,16,0.8125
Qwen3-4B,SVAMP,42,4,15,16,0.9375
Qwen3-4B,SVAMP,43,4,14,16,0.875
Qwen3-4B,SVAMP,44,2,15,16,0.9375
Qwen3-4B,SVAMP,47,1,9,16,0.5625
Qwen3-4B,SVAMP,48,1,15,16,0.9375
Qwen3-4B,SVAMP,49,2,13,16,0.8125
Qwen3-4B,SVAMP,51,4,15,16,0.9375
Qwen3-4B,SVAMP,53,3,11,16,0.6875
Qwen3-4B,SVAMP,56,2,14,16,0.875
Qwen3-4B,SVAMP,58,3,15,16,0.9375
Qwen3-4B,SVAMP,59,4,11,16,0.6875
Qwen3-4B,SVAMP,60,2,12,16,0.75
Qwen3-4B,SVAMP,61,7,13,16,0.8125
Qwen3-4B,SVAMP,65,3,15,16,0.9375
Qwen3-4B,SVAMP,67,2,14,16,0.875
Qwen3-4B,SVAMP,68,5,13,16,0.8125
Qwen3-4B,SVAMP,69,1,14,16,0.875
Qwen3-4B,SVAMP,70,2,13,16,0.8125
Qwen3-4B,SVAMP,71,1,14,16,0.875
Qwen3-4B,SVAMP,73,1,15,16,0.9375
Qwen3-4B,SVAMP,75,6,0,16,0.0
Qwen3-4B,SVAMP,76,5,14,16,0.875
Qwen3-4B,SVAMP,78,4,13,16,0.8125
Qwen3-4B,SVAMP,79,3,13,16,0.8125
Qwen3-4B,SVAMP,81,1,14,16,0.875
Qwen3-4B,SVAMP,83,1,12,16,0.75
Qwen3-4B,SVAMP,84,2,10,16,0.625
Qwen3-4B,SVAMP,86,3,15,16,0.9375
Qwen3-4B,SVAMP,88,3,14,16,0.875
Qwen3-4B,SVAMP,89,2,11,16,0.6875
Qwen3-4B,SVAMP,91,1,11,16,0.6875
Qwen3-4B,SVAMP,92,3,10,16,0.625
Qwen3-4B,SVAMP,93,1,14,16,0.875
Qwen3-4B,SVAMP,95,3,12,16,0.75
Qwen3-4B,SVAMP,96,3,14,16,0.875
Qwen3-4B,SVAMP,97,2,15,16,0.9375
Qwen3-4B,SVAMP,98,1,12,16,0.75
Qwen3-4B,SVAMP,101,1,14,16,0.875
Qwen3-4B,SVAMP,102,1,14,16,0.875
Qwen3-4B,SVAMP,103,1,15,16,0.9375
Qwen3-4B,SVAMP,105,1,13,16,0.8125
Qwen3-4B,SVAMP,106,2,14,16,0.875
Qwen3-4B,SVAMP,107,3,15,16,0.9375
Qwen3-4B,SVAMP,108,1,10,16,0.625
Qwen3-4B,SVAMP,109,1,10,16,0.625
Qwen3-4B,SVAMP,111,1,13,16,0.8125
Qwen3-4B,SVAMP,112,4,15,16,0.9375
Qwen3-4B,SVAMP,115,1,13,16,0.8125
Qwen3-4B,SVAMP,117,6,14,16,0.875
Qwen3-4B,SVAMP,118,1,13,16,0.8125
Qwen3-4B,SVAMP,119,1,13,16,0.8125
Qwen3-4B,SVAMP,120,1,13,16,0.8125
Qwen3-4B,SVAMP,122,1,15,16,0.9375
Qwen3-4B,SVAMP,123,2,15,16,0.9375
Qwen3-4B,SVAMP,124,2,15,16,0.9375
Qwen3-4B,SVAMP,125,4,11,16,0.6875
Qwen3-4B,SVAMP,126,1,14,16,0.875
Qwen3-4B,SVAMP,127,4,10,16,0.625
Qwen3-4B,SVAMP,129,4,10,16,0.625
Qwen3-4B,SVAMP,130,4,11,16,0.6875
Qwen3-4B,SVAMP,131,3,12,16,0.75
Qwen3-4B,SVAMP,134,5,11,16,0.6875
Qwen3-4B,SVAMP,135,3,13,16,0.8125
Qwen3-4B,SVAMP,136,1,10,16,0.625
Qwen3-4B,SVAMP,140,1,15,16,0.9375
Qwen3-4B,SVAMP,142,1,14,16,0.875
Qwen3-4B,SVAMP,143,2,11,16,0.6875
Qwen3-4B,SVAMP,144,3,15,16,0.9375
Qwen3-4B,SVAMP,145,3,14,16,0.875
Qwen3-4B,SVAMP,147,2,13,16,0.8125
Qwen3-4B,SVAMP,148,2,13,16,0.8125
Qwen3-4B,SVAMP,149,3,11,16,0.6875
Qwen3-4B,SVAMP,151,2,15,16,0.9375
Qwen3-4B,SVAMP,153,1,14,16,0.875
Qwen3-4B,SVAMP,154,2,12,16,0.75
Qwen3-4B,SVAMP,155,1,12,16,0.75
Qwen3-4B,SVAMP,157,1,14,16,0.875
Qwen3-4B,SVAMP,158,1,14,16,0.875
Qwen3-4B,SVAMP,159,4,10,16,0.625
Qwen3-4B,SVAMP,160,2,13,16,0.8125
Qwen3-4B,SVAMP,161,7,15,16,0.9375
Qwen3-4B,SVAMP,162,3,15,16,0.9375
Qwen3-4B,SVAMP,164,5,13,16,0.8125
Qwen3-4B,SVAMP,165,1,13,16,0.8125
Qwen3-4B,SVAMP,166,2,13,16,0.8125
Qwen3-4B,SVAMP,168,2,11,16,0.6875
Qwen3-4B,SVAMP,173,4,12,16,0.75
Qwen3-4B,SVAMP,174,1,11,16,0.6875
Qwen3-4B,SVAMP,175,2,14,16,0.875
Qwen3-4B,SVAMP,178,2,12,16,0.75
Qwen3-4B,SVAMP,179,1,13,16,0.8125
Qwen3-4B,SVAMP,180,3,10,16,0.625
Qwen3-4B,SVAMP,181,2,16,16,1.0
Qwen3-4B,SVAMP,184,5,13,16,0.8125
Qwen3-4B,SVAMP,185,1,14,16,0.875
Qwen3-4B,SVAMP,186,3,14,16,0.875
Qwen3-4B,SVAMP,187,3,15,16,0.9375
Qwen3-4B,SVAMP,188,2,14,16,0.875
Qwen3-4B,SVAMP,189,1,12,16,0.75
Qwen3-4B,SVAMP,190,2,14,16,0.875
Qwen3-4B,SVAMP,192,2,15,16,0.9375
Qwen3-4B,SVAMP,195,5,12,16,0.75
Qwen3-4B,SVAMP,196,1,14,16,0.875
Qwen3-4B,SVAMP,197,1,13,16,0.8125
Qwen3-4B,SVAMP,198,2,11,16,0.6875
Qwen3-4B,SVAMP,199,1,15,16,0.9375
Qwen3-4B,SVAMP,200,3,11,16,0.6875
Qwen3-4B,SVAMP,202,2,15,16,0.9375
Qwen3-4B,SVAMP,203,2,14,16,0.875
Qwen3-4B,SVAMP,204,1,13,16,0.8125
Qwen3-4B,SVAMP,205,3,14,16,0.875
Qwen3-4B,SVAMP,206,1,14,16,0.875
Qwen3-4B,SVAMP,207,2,13,16,0.8125
Qwen3-4B,SVAMP,211,1,13,16,0.8125
Qwen3-4B,SVAMP,213,5,11,16,0.6875
Qwen3-4B,SVAMP,214,1,11,16,0.6875
Qwen3-4B,SVAMP,216,1,14,16,0.875
Qwen3-4B,SVAMP,217,3,13,16,0.8125
Qwen3-4B,SVAMP,219,1,14,16,0.875
Qwen3-4B,SVAMP,222,1,10,16,0.625
Qwen3-4B,SVAMP,224,1,11,16,0.6875
Qwen3-4B,SVAMP,226,1,5,16,0.3125
Qwen3-4B,SVAMP,227,2,15,16,0.9375
Qwen3-4B,SVAMP,228,1,15,16,0.9375
Qwen3-4B,SVAMP,229,1,7,16,0.4375
Qwen3-4B,SVAMP,233,2,13,16,0.8125
Qwen3-4B,SVAMP,235,3,14,16,0.875
Qwen3-4B,SVAMP,238,3,12,16,0.75
Qwen3-4B,SVAMP,239,2,13,16,0.8125
Qwen3-4B,SVAMP,240,1,13,16,0.8125
Qwen3-4B,SVAMP,241,2,14,16,0.875
Qwen3-4B,SVAMP,242,1,13,16,0.8125
Qwen3-4B,SVAMP,245,2,8,16,0.5
Qwen3-4B,SVAMP,246,2,15,16,0.9375
Qwen3-4B,SVAMP,247,4,12,16,0.75
Qwen3-4B,SVAMP,248,1,12,16,0.75
Qwen3-4B,SVAMP,250,2,10,16,0.625
Qwen3-4B,SVAMP,252,1,12,16,0.75
Qwen3-4B,SVAMP,254,2,14,16,0.875
Qwen3-4B,SVAMP,257,3,14,16,0.875
Qwen3-4B,SVAMP,259,1,12,16,0.75
Qwen3-4B,SVAMP,260,1,14,16,0.875
Qwen3-4B,SVAMP,263,12,13,16,0.8125
Qwen3-4B,SVAMP,264,1,7,16,0.4375
Qwen3-4B,SVAMP,265,3,13,16,0.8125
Qwen3-4B,SVAMP,266,2,12,16,0.75
Qwen3-4B,SVAMP,267,3,14,16,0.875
Qwen3-4B,SVAMP,268,1,14,16,0.875
Qwen3-4B,SVAMP,269,1,10,16,0.625
Qwen3-4B,SVAMP,271,3,14,16,0.875
Qwen3-4B,SVAMP,272,4,13,16,0.8125
Qwen3-4B,SVAMP,274,4,14,16,0.875
Qwen3-4B,SVAMP,275,1,11,16,0.6875
Qwen3-4B,SVAMP,276,1,11,16,0.6875
Qwen3-4B,SVAMP,277,1,10,16,0.625
Qwen3-4B,SVAMP,280,1,11,16,0.6875
Qwen3-4B,SVAMP,282,1,15,16,0.9375
Qwen3-4B,SVAMP,283,1,12,16,0.75
Qwen3-4B,SVAMP,284,3,13,16,0.8125
Qwen3-4B,SVAMP,285,2,12,16,0.75
Qwen3-4B,SVAMP,286,1,14,16,0.875
Qwen3-4B,SVAMP,287,1,11,16,0.6875
Qwen3-4B,SVAMP,288,1,10,16,0.625
Qwen3-4B,SVAMP,289,1,15,16,0.9375
Qwen3-4B,SVAMP,290,2,14,16,0.875
Qwen3-4B,SVAMP,292,2,9,16,0.5625
Qwen3-4B,SVAMP,294,1,7,16,0.4375
Qwen3-4B,SVAMP,295,1,12,16,0.75
Qwen3-4B,SVAMP,299,4,12,16,0.75
Qwen3-4B,SVAMP,302,1,14,16,0.875
Qwen3-4B,SVAMP,303,3,13,16,0.8125
Qwen3-4B,SVAMP,304,1,11,16,0.6875
Qwen3-4B,SVAMP,305,2,12,16,0.75
Qwen3-4B,SVAMP,306,1,12,16,0.75
Qwen3-4B,SVAMP,308,2,14,16,0.875
Qwen3-4B,SVAMP,311,2,13,16,0.8125
Qwen3-4B,SVAMP,312,2,12,16,0.75
Qwen3-4B,SVAMP,313,2,15,16,0.9375
Qwen3-4B,SVAMP,315,2,13,16,0.8125
Qwen3-4B,SVAMP,317,5,13,16,0.8125
Qwen3-4B,SVAMP,318,1,15,16,0.9375
Qwen3-4B,SVAMP,319,1,14,16,0.875
Qwen3-4B,SVAMP,320,2,13,16,0.8125
Qwen3-4B,SVAMP,322,1,14,16,0.875
Qwen3-4B,SVAMP,324,2,12,16,0.75
Qwen3-4B,SVAMP,325,2,14,16,0.875
Qwen3-4B,SVAMP,327,1,12,16,0.75
Qwen3-4B,SVAMP,328,6,12,16,0.75
Qwen3-4B,SVAMP,330,2,12,16,0.75
Qwen3-4B,SVAMP,331,1,13,16,0.8125
Qwen3-4B,SVAMP,332,2,13,16,0.8125
Qwen3-4B,SVAMP,334,4,11,16,0.6875
Qwen3-4B,SVAMP,335,2,15,16,0.9375
Qwen3-4B,SVAMP,336,1,14,16,0.875
Qwen3-4B,SVAMP,338,1,14,16,0.875
Qwen3-4B,SVAMP,339,3,14,16,0.875
Qwen3-4B,SVAMP,340,5,11,16,0.6875
Qwen3-4B,SVAMP,341,2,15,16,0.9375
Qwen3-4B,SVAMP,343,2,12,16,0.75
Qwen3-4B,SVAMP,345,1,12,16,0.75
Qwen3-4B,SVAMP,346,5,13,16,0.8125
Qwen3-4B,SVAMP,349,1,11,16,0.6875
Qwen3-4B,SVAMP,352,1,15,16,0.9375
Qwen3-4B,SVAMP,354,3,13,16,0.8125
Qwen3-4B,SVAMP,355,1,12,16,0.75
Qwen3-4B,SVAMP,356,5,12,16,0.75
Qwen3-4B,SVAMP,359,1,12,16,0.75
Qwen3-4B,SVAMP,361,1,12,16,0.75
Qwen3-4B,SVAMP,364,1,12,16,0.75
Qwen3-4B,SVAMP,365,2,13,16,0.8125
Qwen3-4B,SVAMP,366,1,14,16,0.875
Qwen3-4B,SVAMP,368,1,12,16,0.75
Qwen3-4B,SVAMP,369,1,14,16,0.875
Qwen3-4B,SVAMP,370,5,12,16,0.75
Qwen3-4B,SVAMP,371,1,11,16,0.6875
Qwen3-4B,SVAMP,372,2,16,16,1.0
Qwen3-4B,SVAMP,375,1,12,16,0.75
Qwen3-4B,SVAMP,378,1,14,16,0.875
Qwen3-4B,SVAMP,379,1,11,16,0.6875
Qwen3-4B,SVAMP,381,3,12,16,0.75
Qwen3-4B,SVAMP,383,2,15,16,0.9375
Qwen3-4B,SVAMP,384,2,12,16,0.75
Qwen3-4B,SVAMP,385,1,15,16,0.9375
Qwen3-4B,SVAMP,386,1,13,16,0.8125
Qwen3-4B,SVAMP,388,2,13,16,0.8125
Qwen3-4B,SVAMP,389,1,12,16,0.75
Qwen3-4B,SVAMP,390,1,10,16,0.625
Qwen3-4B,SVAMP,396,2,16,16,1.0
Qwen3-4B,SVAMP,397,1,13,16,0.8125
Qwen3-4B,SVAMP,399,5,13,16,0.8125
Qwen3-4B,SVAMP,400,5,11,16,0.6875
Qwen3-4B,SVAMP,403,3,13,16,0.8125
Qwen3-4B,SVAMP,405,3,11,16,0.6875
Qwen3-4B,SVAMP,406,2,11,16,0.6875
Qwen3-4B,SVAMP,407,2,12,16,0.75
Qwen3-4B,SVAMP,408,1,16,16,1.0
Qwen3-4B,SVAMP,409,1,13,16,0.8125
Qwen3-4B,SVAMP,410,5,13,16,0.8125
Qwen3-4B,SVAMP,411,8,11,16,0.6875
Qwen3-4B,SVAMP,412,2,12,16,0.75
Qwen3-4B,SVAMP,416,2,13,16,0.8125
Qwen3-4B,SVAMP,418,2,11,16,0.6875
Qwen3-4B,SVAMP,419,3,14,16,0.875
Qwen3-4B,SVAMP,421,2,11,16,0.6875
Qwen3-4B,SVAMP,422,1,13,16,0.8125
Qwen3-4B,SVAMP,423,3,14,16,0.875
Qwen3-4B,SVAMP,424,2,12,16,0.75
Qwen3-4B,SVAMP,426,2,14,16,0.875
Qwen3-4B,SVAMP,427,3,14,16,0.875
Qwen3-4B,SVAMP,428,2,9,16,0.5625
Qwen3-4B,SVAMP,429,1,15,16,0.9375
Qwen3-4B,SVAMP,433,2,14,16,0.875
Qwen3-4B,SVAMP,434,1,15,16,0.9375
Qwen3-4B,SVAMP,435,5,11,16,0.6875
Qwen3-4B,SVAMP,436,4,15,16,0.9375
Qwen3-4B,SVAMP,438,3,14,16,0.875
Qwen3-4B,SVAMP,440,3,12,16,0.75
Qwen3-4B,SVAMP,441,2,13,16,0.8125
Qwen3-4B,SVAMP,442,1,13,16,0.8125
Qwen3-4B,SVAMP,443,4,12,16,0.75
Qwen3-4B,SVAMP,444,2,14,16,0.875
Qwen3-4B,SVAMP,449,1,12,16,0.75
Qwen3-4B,SVAMP,450,2,11,16,0.6875
Qwen3-4B,SVAMP,451,2,13,16,0.8125
Qwen3-4B,SVAMP,453,1,11,16,0.6875
Qwen3-4B,SVAMP,454,2,15,16,0.9375
Qwen3-4B,SVAMP,455,1,14,16,0.875
Qwen3-4B,SVAMP,456,2,13,16,0.8125
Qwen3-4B,SVAMP,459,1,15,16,0.9375
Qwen3-4B,SVAMP,460,4,14,16,0.875
Qwen3-4B,SVAMP,461,3,16,16,1.0
Qwen3-4B,SVAMP,463,7,13,16,0.8125
Qwen3-4B,SVAMP,464,1,14,16,0.875
Qwen3-4B,SVAMP,465,2,13,16,0.8125
Qwen3-4B,SVAMP,466,1,10,16,0.625
Qwen3-4B,SVAMP,467,1,11,16,0.6875
Qwen3-4B,SVAMP,468,2,14,16,0.875
Qwen3-4B,SVAMP,469,6,13,16,0.8125
Qwen3-4B,SVAMP,470,1,11,16,0.6875
Qwen3-4B,SVAMP,473,5,11,16,0.6875
Qwen3-4B,SVAMP,475,2,15,16,0.9375
Qwen3-4B,SVAMP,477,1,12,16,0.75
Qwen3-4B,SVAMP,478,1,15,16,0.9375
Qwen3-4B,SVAMP,479,4,13,16,0.8125
Qwen3-4B,SVAMP,481,3,15,16,0.9375
Qwen3-4B,SVAMP,483,4,14,16,0.875
Qwen3-4B,SVAMP,484,1,12,16,0.75
Qwen3-4B,SVAMP,486,3,15,16,0.9375
Qwen3-4B,SVAMP,488,2,15,16,0.9375
Qwen3-4B,SVAMP,491,7,13,16,0.8125
Qwen3-4B,SVAMP,492,1,11,16,0.6875
Qwen3-4B,SVAMP,494,5,15,16,0.9375
Qwen3-4B,SVAMP,496,2,10,16,0.625
Qwen3-4B,SVAMP,497,1,13,16,0.8125
Qwen3-4B,SVAMP,499,6,15,16,0.9375
Qwen3-4B,SVAMP,501,2,14,16,0.875
Qwen3-4B,SVAMP,502,3,16,16,1.0
Qwen3-4B,SVAMP,503,1,13,16,0.8125
Qwen3-4B,SVAMP,504,2,13,16,0.8125
Qwen3-4B,SVAMP,505,9,12,16,0.75
Qwen3-4B,SVAMP,507,3,10,16,0.625
Qwen3-4B,SVAMP,509,2,11,16,0.6875
Qwen3-4B,SVAMP,510,1,11,16,0.6875
Qwen3-4B,SVAMP,511,2,14,16,0.875
Qwen3-4B,SVAMP,513,2,10,16,0.625
Qwen3-4B,SVAMP,514,5,15,16,0.9375
Qwen3-4B,SVAMP,515,1,0,16,0.0
Qwen3-4B,SVAMP,518,5,15,16,0.9375
Qwen3-4B,SVAMP,520,1,9,16,0.5625
Qwen3-4B,SVAMP,521,4,13,16,0.8125
Qwen3-4B,SVAMP,524,1,15,16,0.9375
Qwen3-4B,SVAMP,525,1,14,16,0.875
Qwen3-4B,SVAMP,528,1,12,16,0.75
Qwen3-4B,SVAMP,530,2,12,16,0.75
Qwen3-4B,SVAMP,532,3,11,16,0.6875
Qwen3-4B,SVAMP,533,2,12,16,0.75
Qwen3-4B,SVAMP,534,4,14,16,0.875
Qwen3-4B,SVAMP,535,2,14,16,0.875
Qwen3-4B,SVAMP,536,2,10,16,0.625
Qwen3-4B,SVAMP,538,2,12,16,0.75
Qwen3-4B,SVAMP,539,2,13,16,0.8125
Qwen3-4B,SVAMP,540,1,15,16,0.9375
Qwen3-4B,SVAMP,541,2,11,16,0.6875
Qwen3-4B,SVAMP,544,7,11,16,0.6875
Qwen3-4B,SVAMP,545,2,13,16,0.8125
Qwen3-4B,SVAMP,547,3,15,16,0.9375
Qwen3-4B,SVAMP,549,1,14,16,0.875
Qwen3-4B,SVAMP,551,1,12,16,0.75
Qwen3-4B,SVAMP,553,1,14,16,0.875
Qwen3-4B,SVAMP,557,1,13,16,0.8125
Qwen3-4B,SVAMP,559,2,15,16,0.9375
Qwen3-4B,SVAMP,561,6,13,16,0.8125
Qwen3-4B,SVAMP,562,1,14,16,0.875
Qwen3-4B,SVAMP,564,2,13,16,0.8125
Qwen3-4B,SVAMP,567,1,13,16,0.8125
Qwen3-4B,SVAMP,568,2,14,16,0.875
Qwen3-4B,SVAMP,570,1,9,16,0.5625
Qwen3-4B,SVAMP,571,6,13,16,0.8125
Qwen3-4B,SVAMP,572,4,15,16,0.9375
Qwen3-4B,SVAMP,573,3,12,16,0.75
Qwen3-4B,SVAMP,574,4,8,16,0.5
Qwen3-4B,SVAMP,575,4,11,16,0.6875
Qwen3-4B,SVAMP,577,1,12,16,0.75
Qwen3-4B,SVAMP,580,3,12,16,0.75
Qwen3-4B,SVAMP,581,1,16,16,1.0
Qwen3-4B,SVAMP,582,2,9,16,0.5625
Qwen3-4B,SVAMP,583,3,12,16,0.75
Qwen3-4B,SVAMP,584,2,10,16,0.625
Qwen3-4B,SVAMP,585,3,15,16,0.9375
Qwen3-4B,SVAMP,586,2,11,16,0.6875
Qwen3-4B,SVAMP,587,2,13,16,0.8125
Qwen3-4B,SVAMP,590,1,11,16,0.6875
Qwen3-4B,SVAMP,591,3,10,16,0.625
Qwen3-4B,SVAMP,592,3,11,16,0.6875
Qwen3-4B,SVAMP,593,1,14,16,0.875
Qwen3-4B,SVAMP,594,1,10,16,0.625
Qwen3-4B,SVAMP,596,1,12,16,0.75
Qwen3-4B,SVAMP,597,5,15,16,0.9375
Qwen3-4B,SVAMP,598,1,10,16,0.625
Qwen3-4B,SVAMP,599,6,12,16,0.75
Qwen3-4B,SVAMP,600,2,14,16,0.875
Qwen3-4B,SVAMP,601,1,16,16,1.0
Qwen3-4B,SVAMP,602,1,14,16,0.875
Qwen3-4B,SVAMP,607,1,16,16,1.0
Qwen3-4B,SVAMP,608,1,13,16,0.8125
Qwen3-4B,SVAMP,609,7,15,16,0.9375
Qwen3-4B,SVAMP,610,4,11,16,0.6875
Qwen3-4B,SVAMP,613,1,13,16,0.8125
Qwen3-4B,SVAMP,615,3,13,16,0.8125
Qwen3-4B,SVAMP,616,3,15,16,0.9375
Qwen3-4B,SVAMP,617,3,14,16,0.875
Qwen3-4B,SVAMP,618,5,11,16,0.6875
Qwen3-4B,SVAMP,619,1,9,16,0.5625
Qwen3-4B,SVAMP,622,1,11,16,0.6875
Qwen3-4B,SVAMP,624,1,13,16,0.8125
Qwen3-4B,SVAMP,626,2,14,16,0.875
Qwen3-4B,SVAMP,627,2,14,16,0.875
Qwen3-4B,SVAMP,629,3,15,16,0.9375
Qwen3-4B,SVAMP,631,1,14,16,0.875
Qwen3-4B,SVAMP,632,5,12,16,0.75
Qwen3-4B,SVAMP,635,4,12,16,0.75
Qwen3-4B,SVAMP,637,2,13,16,0.8125
Qwen3-4B,SVAMP,639,2,13,16,0.8125
Qwen3-4B,SVAMP,640,1,15,16,0.9375
Qwen3-4B,SVAMP,641,2,14,16,0.875
Qwen3-4B,SVAMP,642,1,15,16,0.9375
Qwen3-4B,SVAMP,643,2,10,16,0.625
Qwen3-4B,SVAMP,644,1,13,16,0.8125
Qwen3-4B,SVAMP,645,1,14,16,0.875
Qwen3-4B,SVAMP,648,2,14,16,0.875
Qwen3-4B,SVAMP,649,7,12,16,0.75
Qwen3-4B,SVAMP,651,2,13,16,0.8125
Qwen3-4B,SVAMP,652,1,13,16,0.8125
Qwen3-4B,SVAMP,653,1,15,16,0.9375
Qwen3-4B,SVAMP,654,2,13,16,0.8125
Qwen3-4B,SVAMP,655,5,11,16,0.6875
Qwen3-4B,SVAMP,657,1,14,16,0.875
Qwen3-4B,SVAMP,659,1,15,16,0.9375
Qwen3-4B,SVAMP,660,3,11,16,0.6875
Qwen3-4B,SVAMP,661,1,13,16,0.8125
Qwen3-4B,SVAMP,662,2,13,16,0.8125
Qwen3-4B,SVAMP,663,8,8,16,0.5
Qwen3-4B,SVAMP,666,5,11,16,0.6875
Qwen3-4B,SVAMP,667,3,14,16,0.875
Qwen3-4B,SVAMP,668,2,13,16,0.8125
Qwen3-4B,SVAMP,670,1,14,16,0.875
Qwen3-4B,SVAMP,672,1,13,16,0.8125
Qwen3-4B,SVAMP,673,1,12,16,0.75
Qwen3-4B,SVAMP,674,2,15,16,0.9375
Qwen3-4B,SVAMP,677,1,14,16,0.875
Qwen3-4B,SVAMP,678,5,14,16,0.875
Qwen3-4B,SVAMP,679,1,0,16,0.0
Qwen3-4B,SVAMP,681,1,14,16,0.875
Qwen3-4B,SVAMP,682,5,15,16,0.9375
Qwen3-4B,SVAMP,683,1,15,16,0.9375
Qwen3-4B,SVAMP,684,1,13,16,0.8125
Qwen3-4B,SVAMP,685,2,14,16,0.875
Qwen3-4B,SVAMP,686,2,14,16,0.875
Qwen3-4B,SVAMP,687,3,13,16,0.8125
Qwen3-4B,SVAMP,688,1,13,16,0.8125
Qwen3-4B,SVAMP,689,3,16,16,1.0
Qwen3-4B,SVAMP,690,2,15,16,0.9375
Qwen3-4B,SVAMP,691,1,12,16,0.75
Qwen3-4B,SVAMP,692,1,13,16,0.8125
Qwen3-4B,SVAMP,693,3,15,16,0.9375
Qwen3-4B,SVAMP,695,1,12,16,0.75
Qwen3-4B,SVAMP,697,2,16,16,1.0
Qwen3-4B,SVAMP,699,3,14,16,0.875
Qwen3-4B,SVAMP,702,4,12,16,0.75
Qwen3-4B,SVAMP,703,1,9,16,0.5625
Qwen3-4B,SVAMP,704,3,14,16,0.875
Qwen3-4B,SVAMP,707,1,10,16,0.625
Qwen3-4B,SVAMP,709,8,12,16,0.75
Qwen3-4B,SVAMP,710,2,10,16,0.625
Qwen3-4B,SVAMP,711,1,13,16,0.8125
Qwen3-4B,SVAMP,713,4,13,16,0.8125
Qwen3-4B,SVAMP,714,2,13,16,0.8125
Qwen3-4B,SVAMP,718,4,12,16,0.75
Qwen3-4B,SVAMP,719,3,11,16,0.6875
Qwen3-4B,SVAMP,721,1,15,16,0.9375
Qwen3-4B,SVAMP,722,1,12,16,0.75
Qwen3-4B,SVAMP,723,2,14,16,0.875
Qwen3-4B,SVAMP,724,3,14,16,0.875
Qwen3-4B,SVAMP,727,5,14,16,0.875
Qwen3-4B,SVAMP,728,1,11,16,0.6875
Qwen3-4B,SVAMP,730,1,13,16,0.8125
Qwen3-4B,SVAMP,732,1,14,16,0.875
Qwen3-4B,SVAMP,733,1,15,16,0.9375
Qwen3-4B,SVAMP,735,5,14,16,0.875
Qwen3-4B,SVAMP,737,6,10,16,0.625
Qwen3-4B,SVAMP,739,3,15,16,0.9375
Qwen3-4B,SVAMP,740,1,13,16,0.8125
Qwen3-4B,SVAMP,743,4,16,16,1.0
Qwen3-4B,SVAMP,744,11,10,16,0.625
Qwen3-4B,SVAMP,745,4,13,16,0.8125
Qwen3-4B,SVAMP,750,2,14,16,0.875
Qwen3-4B,SVAMP,751,1,13,16,0.8125
Qwen3-4B,SVAMP,752,2,13,16,0.8125
Qwen3-4B,SVAMP,753,2,12,16,0.75
Qwen3-4B,SVAMP,754,1,14,16,0.875
Qwen3-4B,SVAMP,758,3,13,16,0.8125
Qwen3-4B,SVAMP,759,2,13,16,0.8125
Qwen3-4B,SVAMP,761,3,13,16,0.8125
Qwen3-4B,SVAMP,763,1,10,16,0.625
Qwen3-4B,SVAMP,764,3,9,16,0.5625
Qwen3-4B,SVAMP,765,2,14,16,0.875
Qwen3-4B,SVAMP,766,13,9,16,0.5625
Qwen3-4B,SVAMP,768,3,0,16,0.0
Qwen3-4B,SVAMP,769,1,15,16,0.9375
Qwen3-4B,SVAMP,772,3,15,16,0.9375
Qwen3-4B,SVAMP,775,2,13,16,0.8125
Qwen3-4B,SVAMP,776,8,14,16,0.875
Qwen3-4B,SVAMP,777,3,12,16,0.75
Qwen3-4B,SVAMP,778,6,13,16,0.8125
Qwen3-4B,SVAMP,780,2,13,16,0.8125
Qwen3-4B,SVAMP,781,1,10,16,0.625
Qwen3-4B,SVAMP,782,2,16,16,1.0
Qwen3-4B,SVAMP,783,2,14,16,0.875
Qwen3-4B,SVAMP,786,2,16,16,1.0
Qwen3-4B,SVAMP,787,2,14,16,0.875
Qwen3-4B,SVAMP,788,2,15,16,0.9375
Qwen3-4B,SVAMP,789,2,15,16,0.9375
Qwen3-4B,SVAMP,790,5,15,16,0.9375
Qwen3-4B,SVAMP,792,2,8,16,0.5
Qwen3-4B,SVAMP,796,5,13,16,0.8125
Qwen3-4B,SVAMP,797,6,14,16,0.875
Qwen3-4B,SVAMP,798,4,13,16,0.8125
Qwen3-4B,SVAMP,802,1,15,16,0.9375
Qwen3-4B,SVAMP,803,2,14,16,0.875
Qwen3-4B,SVAMP,804,2,13,16,0.8125
Qwen3-4B,SVAMP,806,4,14,16,0.875
Qwen3-4B,SVAMP,807,2,10,16,0.625
Qwen3-4B,SVAMP,808,5,11,16,0.6875
Qwen3-4B,SVAMP,809,5,12,16,0.75
Qwen3-4B,SVAMP,810,5,2,16,0.125
Qwen3-4B,SVAMP,811,6,15,16,0.9375
Qwen3-4B,SVAMP,812,2,15,16,0.9375
Qwen3-4B,SVAMP,813,3,13,16,0.8125
Qwen3-4B,SVAMP,814,4,14,16,0.875
Qwen3-4B,SVAMP,816,4,11,16,0.6875
Qwen3-4B,SVAMP,819,2,14,16,0.875
Qwen3-4B,SVAMP,822,3,13,16,0.8125
Qwen3-4B,SVAMP,823,4,11,16,0.6875
Qwen3-4B,SVAMP,824,1,13,16,0.8125
Qwen3-4B,SVAMP,825,1,14,16,0.875
Qwen3-4B,SVAMP,826,3,14,16,0.875
Qwen3-4B,SVAMP,828,6,12,16,0.75
Qwen3-4B,SVAMP,829,2,13,16,0.8125
Qwen3-4B,SVAMP,831,1,12,16,0.75
Qwen3-4B,SVAMP,832,7,13,16,0.8125
Qwen3-4B,SVAMP,833,3,13,16,0.8125
Qwen3-4B,SVAMP,834,1,12,16,0.75
Qwen3-4B,SVAMP,835,1,11,16,0.6875
Qwen3-4B,SVAMP,836,1,14,16,0.875
Qwen3-4B,SVAMP,840,1,14,16,0.875
Qwen3-4B,SVAMP,841,4,13,16,0.8125
Qwen3-4B,SVAMP,844,5,14,16,0.875
Qwen3-4B,SVAMP,845,2,10,16,0.625
Qwen3-4B,SVAMP,846,1,15,16,0.9375
Qwen3-4B,SVAMP,847,1,14,16,0.875
Qwen3-4B,SVAMP,850,2,11,16,0.6875
Qwen3-4B,SVAMP,851,3,12,16,0.75
Qwen3-4B,SVAMP,852,7,14,16,0.875
Qwen3-4B,SVAMP,853,3,12,16,0.75
Qwen3-4B,SVAMP,854,1,7,16,0.4375
Qwen3-4B,SVAMP,855,4,14,16,0.875
Qwen3-4B,SVAMP,856,1,15,16,0.9375
Qwen3-4B,SVAMP,862,1,16,16,1.0
Qwen3-4B,SVAMP,863,1,13,16,0.8125
Qwen3-4B,SVAMP,864,1,12,16,0.75
Qwen3-4B,SVAMP,866,2,14,16,0.875
Qwen3-4B,SVAMP,870,3,15,16,0.9375
Qwen3-4B,SVAMP,872,6,15,16,0.9375
Qwen3-4B,SVAMP,873,1,14,16,0.875
Qwen3-4B,SVAMP,874,4,14,16,0.875
Qwen3-4B,SVAMP,875,2,13,16,0.8125
Qwen3-4B,SVAMP,876,2,7,16,0.4375
Qwen3-4B,SVAMP,877,1,12,16,0.75
Qwen3-4B,SVAMP,880,1,13,16,0.8125
Qwen3-4B,SVAMP,882,2,14,16,0.875
Qwen3-4B,SVAMP,883,3,11,16,0.6875
Qwen3-4B,SVAMP,884,6,13,16,0.8125
Qwen3-4B,SVAMP,885,1,9,16,0.5625
Qwen3-4B,SVAMP,886,2,13,16,0.8125
Qwen3-4B,SVAMP,888,2,14,16,0.875
Qwen3-4B,SVAMP,891,1,15,16,0.9375
Qwen3-4B,SVAMP,892,2,8,16,0.5
Qwen3-4B,SVAMP,893,3,12,16,0.75
Qwen3-4B,SVAMP,894,5,13,16,0.8125
Qwen3-4B,SVAMP,895,2,11,16,0.6875
Qwen3-4B,SVAMP,896,16,15,16,0.9375
Qwen3-4B,SVAMP,897,1,10,16,0.625
Qwen3-4B,SVAMP,898,4,12,16,0.75
Qwen3-4B,SVAMP,900,2,15,16,0.9375
Qwen3-4B,SVAMP,901,3,11,16,0.6875
Qwen3-4B,SVAMP,903,2,13,16,0.8125
Qwen3-4B,SVAMP,904,3,13,16,0.8125
Qwen3-4B,SVAMP,905,2,13,16,0.8125
Qwen3-4B,SVAMP,907,3,13,16,0.8125
Qwen3-4B,SVAMP,909,1,16,16,1.0
Qwen3-4B,SVAMP,910,3,12,16,0.75
Qwen3-4B,SVAMP,911,4,10,16,0.625
Qwen3-4B,SVAMP,912,1,13,16,0.8125
Qwen3-4B,SVAMP,914,3,9,16,0.5625
Qwen3-4B,SVAMP,915,2,13,16,0.8125
Qwen3-4B,SVAMP,916,1,13,16,0.8125
Qwen3-4B,SVAMP,917,1,14,16,0.875
Qwen3-4B,SVAMP,918,2,12,16,0.75
Qwen3-4B,SVAMP,920,4,14,16,0.875
Qwen3-4B,SVAMP,921,4,13,16,0.8125
Qwen3-4B,SVAMP,922,11,9,16,0.5625
Qwen3-4B,SVAMP,923,1,11,16,0.6875
Qwen3-4B,SVAMP,926,1,14,16,0.875
Qwen3-4B,SVAMP,927,1,0,16,0.0
Qwen3-4B,SVAMP,929,1,11,16,0.6875
Qwen3-4B,SVAMP,930,2,0,16,0.0
Qwen3-4B,SVAMP,934,1,15,16,0.9375
Qwen3-4B,SVAMP,935,3,14,16,0.875
Qwen3-4B,SVAMP,937,3,15,16,0.9375
Qwen3-4B,SVAMP,938,4,14,16,0.875
Qwen3-4B,SVAMP,939,2,13,16,0.8125
Qwen3-4B,SVAMP,940,1,11,16,0.6875
Qwen3-4B,SVAMP,941,2,14,16,0.875
Qwen3-4B,SVAMP,942,3,16,16,1.0
Qwen3-4B,SVAMP,943,1,14,16,0.875
Qwen3-4B,SVAMP,944,3,15,16,0.9375
Qwen3-4B,SVAMP,945,5,12,16,0.75
Qwen3-4B,SVAMP,946,1,16,16,1.0
Qwen3-4B,SVAMP,947,3,10,16,0.625
Qwen3-4B,SVAMP,948,1,9,16,0.5625
Qwen3-4B,SVAMP,949,1,14,16,0.875
Qwen3-4B,SVAMP,950,2,15,16,0.9375
Qwen3-4B,SVAMP,951,6,13,16,0.8125
Qwen3-4B,SVAMP,954,1,11,16,0.6875
Qwen3-4B,SVAMP,956,2,13,16,0.8125
Qwen3-4B,SVAMP,957,2,14,16,0.875
Qwen3-4B,SVAMP,958,2,12,16,0.75
Qwen3-4B,SVAMP,960,2,16,16,1.0
Qwen3-4B,SVAMP,962,1,14,16,0.875
Qwen3-4B,SVAMP,964,1,14,16,0.875
Qwen3-4B,SVAMP,965,2,14,16,0.875
Qwen3-4B,SVAMP,966,1,15,16,0.9375
Qwen3-4B,SVAMP,967,2,14,16,0.875
Qwen3-4B,SVAMP,968,3,13,16,0.8125
Qwen3-4B,SVAMP,969,4,10,16,0.625
Qwen3-4B,SVAMP,970,3,15,16,0.9375
Qwen3-4B,SVAMP,971,1,14,16,0.875
Qwen3-4B,SVAMP,972,3,11,16,0.6875
Qwen3-4B,SVAMP,974,1,14,16,0.875
Qwen3-4B,SVAMP,977,1,15,16,0.9375
Qwen3-4B,SVAMP,978,1,11,16,0.6875
Qwen3-4B,SVAMP,979,5,15,16,0.9375
Qwen3-4B,SVAMP,981,1,13,16,0.8125
Qwen3-4B,SVAMP,984,5,12,16,0.75
Qwen3-4B,SVAMP,985,1,13,16,0.8125
Qwen3-4B,SVAMP,986,11,14,16,0.875
Qwen3-4B,SVAMP,987,2,15,16,0.9375
Qwen3-4B,SVAMP,988,2,14,16,0.875
Qwen3-4B,SVAMP,990,3,11,16,0.6875
Qwen3-4B,SVAMP,991,1,14,16,0.875
Qwen3-4B,SVAMP,992,5,13,16,0.8125
Qwen3-4B,SVAMP,994,1,13,16,0.8125
Qwen3-4B,SVAMP,996,3,13,16,0.8125
Qwen3-4B,SVAMP,999,1,14,16,0.875
