benchmark,tie_metric,tolerance_pp,model_a,model_b,predictor,correct_direction,abs_tie_gap
GSM8K,pass16_pct,3.0,DS-R1-7B,DS-R1-1.5B,frs_pct,True,2.5018953752843203
GSM8K,pass16_pct,3.0,DS-R1-7B,DS-R1-1.5B,pass1_pct,True,2.5018953752843203
GSM8K,pass16_pct,3.0,DS-R1-7B,DS-R1-1.5B,pass16_pct,True,2.5018953752843203
GSM8K,pass16_pct,3.0,DS-R1-7B,DS-R1-1.5B,high_conf_accuracy_pct,True,2.5018953752843203
GSM8K,pass16_pct,5.0,DS-R1-7B,DS-R1-1.5B,frs_pct,True,2.5018953752843203
GSM8K,pass16_pct,5.0,DS-R1-7B,DS-R1-1.5B,pass1_pct,True,2.5018953752843203
GSM8K,pass16_pct,5.0,DS-R1-7B,DS-R1-1.5B,pass16_pct,True,2.5018953752843203
GSM8K,pass16_pct,5.0,DS-R1-7B,DS-R1-1.5B,high_conf_accuracy_pct,True,2.5018953752843203
GSM8K,pass16_pct,2.0,DS-R1-7B,Qwen3-4B,frs_pct,True,1.5163002274450434
GSM8K,pass16_pct,2.0,DS-R1-7B,Qwen3-4B,pass1_pct,True,1.5163002274450434
GSM8K,pass16_pct,2.0,DS-R1-7B,Qwen3-4B,pass16_pct,True,1.5163002274450434
GSM8K,pass16_pct,2.0,DS-R1-7B,Qwen3-4B,high_conf_accuracy_pct,True,1.5163002274450434
GSM8K,pass16_pct,3.0,DS-R1-7B,Qwen3-4B,frs_pct,True,1.5163002274450434
GSM8K,pass16_pct,3.0,DS-R1-7B,Qwen3-4B,pass1_pct,True,1.5163002274450434
GSM8K,pass16_pct,3.0,DS-R1-7B,Qwen3-4B,pass16_pct,True,1.5163002274450434
GSM8K,pass16_pct,3.0,DS-R1-7B,Qwen3-4B,high_conf_accuracy_pct,True,1.5163002274450434
GSM8K,pass16_pct,5.0,DS-R1-7B,Qwen3-4B,frs_pct,True,1.5163002274450434
GSM8K,pass16_pct,5.0,DS-R1-7B,Qwen3-4B,pass1_pct,True,1.5163002274450434
GSM8K,pass16_pct,5.0,DS-R1-7B,Qwen3-4B,pass16_pct,True,1.5163002274450434
GSM8K,pass16_pct,5.0,DS-R1-7B,Qwen3-4B,high_conf_accuracy_pct,True,1.5163002274450434
GSM8K,pass1_pct,2.0,DS-R1-7B,Phi-4,frs_pct,True,1.5
GSM8K,pass1_pct,2.0,DS-R1-7B,Phi-4,pass1_pct,False,1.5
GSM8K,pass1_pct,2.0,DS-R1-7B,Phi-4,pass16_pct,True,1.5
GSM8K,pass1_pct,2.0,DS-R1-7B,Phi-4,high_conf_accuracy_pct,True,1.5
GSM8K,pass1_pct,3.0,DS-R1-7B,Phi-4,frs_pct,True,1.5
GSM8K,pass1_pct,3.0,DS-R1-7B,Phi-4,pass1_pct,False,1.5
GSM8K,pass1_pct,3.0,DS-R1-7B,Phi-4,pass16_pct,True,1.5
GSM8K,pass1_pct,3.0,DS-R1-7B,Phi-4,high_conf_accuracy_pct,True,1.5
GSM8K,pass1_pct,5.0,DS-R1-7B,Phi-4,frs_pct,True,1.5
GSM8K,pass1_pct,5.0,DS-R1-7B,Phi-4,pass1_pct,False,1.5
GSM8K,pass1_pct,5.0,DS-R1-7B,Phi-4,pass16_pct,True,1.5
GSM8K,pass1_pct,5.0,DS-R1-7B,Phi-4,high_conf_accuracy_pct,True,1.5
GSM8K,pass16_pct,1.0,DS-R1-7B,Phi-4,frs_pct,True,0.3032600454889973
GSM8K,pass16_pct,1.0,DS-R1-7B,Phi-4,pass1_pct,False,0.3032600454889973
GSM8K,pass16_pct,1.0,DS-R1-7B,Phi-4,pass16_pct,True,0.3032600454889973
GSM8K,pass16_pct,1.0,DS-R1-7B,Phi-4,high_conf_accuracy_pct,True,0.3032600454889973
GSM8K,pass16_pct,2.0,DS-R1-7B,Phi-4,frs_pct,True,0.3032600454889973
GSM8K,pass16_pct,2.0,DS-R1-7B,Phi-4,pass1_pct,False,0.3032600454889973
GSM8K,pass16_pct,2.0,DS-R1-7B,Phi-4,pass16_pct,True,0.3032600454889973
GSM8K,pass16_pct,2.0,DS-R1-7B,Phi-4,high_conf_accuracy_pct,True,0.3032600454889973
GSM8K,pass16_pct,3.0,DS-R1-7B,Phi-4,frs_pct,True,0.3032600454889973
GSM8K,pass16_pct,3.0,DS-R1-7B,Phi-4,pass1_pct,False,0.3032600454889973
GSM8K,pass16_pct,3.0,DS-R1-7B,Phi-4,pass16_pct,True,0.3032600454889973
GSM8K,pass16_pct,3.0,DS-R1-7B,Phi-4,high_conf_accuracy_pct,True,0.3032600454889973
GSM8K,pass16_pct,5.0,DS-R1-7B,Phi-4,frs_pct,True,0.3032600454889973
GSM8K,pass16_pct,5.0,DS-R1-7B,Phi-4,pass1_pct,False,0.3032600454889973
GSM8K,pass16_pct,5.0,DS-R1-7B,Phi-4,pass16_pct,True,0.3032600454889973
GSM8K,pass16_pct,5.0,DS-R1-7B,Phi-4,high_conf_accuracy_pct,True,0.3032600454889973
GSM8K,pass16_pct,1.0,DS-R1-7B,Qwen2.5-Math,frs_pct,True,0.07581501137225644
GSM8K,pass16_pct,1.0,DS-R1-7B,Qwen2.5-Math,pass1_pct,True,0.07581501137225644
GSM8K,pass16_pct,1.0,DS-R1-7B,Qwen2.5-Math,pass16_pct,False,0.07581501137225644
GSM8K,pass16_pct,1.0,DS-R1-7B,Qwen2.5-Math,high_conf_accuracy_pct,True,0.07581501137225644
GSM8K,pass16_pct,2.0,DS-R1-7B,Qwen2.5-Math,frs_pct,True,0.07581501137225644
GSM8K,pass16_pct,2.0,DS-R1-7B,Qwen2.5-Math,pass1_pct,True,0.07581501137225644
GSM8K,pass16_pct,2.0,DS-R1-7B,Qwen2.5-Math,pass16_pct,False,0.07581501137225644
GSM8K,pass16_pct,2.0,DS-R1-7B,Qwen2.5-Math,high_conf_accuracy_pct,True,0.07581501137225644
GSM8K,pass16_pct,3.0,DS-R1-7B,Qwen2.5-Math,frs_pct,True,0.07581501137225644
GSM8K,pass16_pct,3.0,DS-R1-7B,Qwen2.5-Math,pass1_pct,True,0.07581501137225644
GSM8K,pass16_pct,3.0,DS-R1-7B,Qwen2.5-Math,pass16_pct,False,0.07581501137225644
GSM8K,pass16_pct,3.0,DS-R1-7B,Qwen2.5-Math,high_conf_accuracy_pct,True,0.07581501137225644
GSM8K,pass16_pct,5.0,DS-R1-7B,Qwen2.5-Math,frs_pct,True,0.07581501137225644
GSM8K,pass16_pct,5.0,DS-R1-7B,Qwen2.5-Math,pass1_pct,True,0.07581501137225644
GSM8K,pass16_pct,5.0,DS-R1-7B,Qwen2.5-Math,pass16_pct,False,0.07581501137225644
GSM8K,pass16_pct,5.0,DS-R1-7B,Qwen2.5-Math,high_conf_accuracy_pct,True,0.07581501137225644
GSM8K,pass1_pct,5.0,DS-R1-7B,Phi-4-Reas.,frs_pct,False,3.9000000000000057
GSM8K,pass1_pct,5.0,DS-R1-7B,Phi-4-Reas.,pass1_pct,True,3.9000000000000057
GSM8K,pass1_pct,5.0,DS-R1-7B,Phi-4-Reas.,pass16_pct,False,3.9000000000000057
GSM8K,pass1_pct,5.0,DS-R1-7B,Phi-4-Reas.,high_conf_accuracy_pct,False,3.9000000000000057
GSM8K,pass16_pct,1.0,DS-R1-7B,Phi-4-Reas.,frs_pct,False,0.0
GSM8K,pass16_pct,1.0,DS-R1-7B,Phi-4-Reas.,pass1_pct,True,0.0
GSM8K,pass16_pct,1.0,DS-R1-7B,Phi-4-Reas.,pass16_pct,False,0.0
GSM8K,pass16_pct,1.0,DS-R1-7B,Phi-4-Reas.,high_conf_accuracy_pct,False,0.0
GSM8K,pass16_pct,2.0,DS-R1-7B,Phi-4-Reas.,frs_pct,False,0.0
GSM8K,pass16_pct,2.0,DS-R1-7B,Phi-4-Reas.,pass1_pct,True,0.0
GSM8K,pass16_pct,2.0,DS-R1-7B,Phi-4-Reas.,pass16_pct,False,0.0
GSM8K,pass16_pct,2.0,DS-R1-7B,Phi-4-Reas.,high_conf_accuracy_pct,False,0.0
GSM8K,pass16_pct,3.0,DS-R1-7B,Phi-4-Reas.,frs_pct,False,0.0
GSM8K,pass16_pct,3.0,DS-R1-7B,Phi-4-Reas.,pass1_pct,True,0.0
GSM8K,pass16_pct,3.0,DS-R1-7B,Phi-4-Reas.,pass16_pct,False,0.0
GSM8K,pass16_pct,3.0,DS-R1-7B,Phi-4-Reas.,high_conf_accuracy_pct,False,0.0
GSM8K,pass16_pct,5.0,DS-R1-7B,Phi-4-Reas.,frs_pct,False,0.0
GSM8K,pass16_pct,5.0,DS-R1-7B,Phi-4-Reas.,pass1_pct,True,0.0
GSM8K,pass16_pct,5.0,DS-R1-7B,Phi-4-Reas.,pass16_pct,False,0.0
GSM8K,pass16_pct,5.0,DS-R1-7B,Phi-4-Reas.,high_conf_accuracy_pct,False,0.0
GSM8K,pass1_pct,1.0,DS-R1-7B,Qwen2.5-7B,frs_pct,True,0.5999999999999943
GSM8K,pass1_pct,1.0,DS-R1-7B,Qwen2.5-7B,pass1_pct,True,0.5999999999999943
GSM8K,pass1_pct,1.0,DS-R1-7B,Qwen2.5-7B,pass16_pct,True,0.5999999999999943
GSM8K,pass1_pct,1.0,DS-R1-7B,Qwen2.5-7B,high_conf_accuracy_pct,True,0.5999999999999943
GSM8K,pass1_pct,2.0,DS-R1-7B,Qwen2.5-7B,frs_pct,True,0.5999999999999943
GSM8K,pass1_pct,2.0,DS-R1-7B,Qwen2.5-7B,pass1_pct,True,0.5999999999999943
GSM8K,pass1_pct,2.0,DS-R1-7B,Qwen2.5-7B,pass16_pct,True,0.5999999999999943
GSM8K,pass1_pct,2.0,DS-R1-7B,Qwen2.5-7B,high_conf_accuracy_pct,True,0.5999999999999943
GSM8K,pass1_pct,3.0,DS-R1-7B,Qwen2.5-7B,frs_pct,True,0.5999999999999943
GSM8K,pass1_pct,3.0,DS-R1-7B,Qwen2.5-7B,pass1_pct,True,0.5999999999999943
GSM8K,pass1_pct,3.0,DS-R1-7B,Qwen2.5-7B,pass16_pct,True,0.5999999999999943
GSM8K,pass1_pct,3.0,DS-R1-7B,Qwen2.5-7B,high_conf_accuracy_pct,True,0.5999999999999943
GSM8K,pass1_pct,5.0,DS-R1-7B,Qwen2.5-7B,frs_pct,True,0.5999999999999943
GSM8K,pass1_pct,5.0,DS-R1-7B,Qwen2.5-7B,pass1_pct,True,0.5999999999999943
GSM8K,pass1_pct,5.0,DS-R1-7B,Qwen2.5-7B,pass16_pct,True,0.5999999999999943
GSM8K,pass1_pct,5.0,DS-R1-7B,Qwen2.5-7B,high_conf_accuracy_pct,True,0.5999999999999943
GSM8K,pass16_pct,1.0,DS-R1-7B,Qwen2.5-7B,frs_pct,True,0.6823351023502653
GSM8K,pass16_pct,1.0,DS-R1-7B,Qwen2.5-7B,pass1_pct,True,0.6823351023502653
GSM8K,pass16_pct,1.0,DS-R1-7B,Qwen2.5-7B,pass16_pct,True,0.6823351023502653
GSM8K,pass16_pct,1.0,DS-R1-7B,Qwen2.5-7B,high_conf_accuracy_pct,True,0.6823351023502653
GSM8K,pass16_pct,2.0,DS-R1-7B,Qwen2.5-7B,frs_pct,True,0.6823351023502653
GSM8K,pass16_pct,2.0,DS-R1-7B,Qwen2.5-7B,pass1_pct,True,0.6823351023502653
GSM8K,pass16_pct,2.0,DS-R1-7B,Qwen2.5-7B,pass16_pct,True,0.6823351023502653
GSM8K,pass16_pct,2.0,DS-R1-7B,Qwen2.5-7B,high_conf_accuracy_pct,True,0.6823351023502653
GSM8K,pass16_pct,3.0,DS-R1-7B,Qwen2.5-7B,frs_pct,True,0.6823351023502653
GSM8K,pass16_pct,3.0,DS-R1-7B,Qwen2.5-7B,pass1_pct,True,0.6823351023502653
GSM8K,pass16_pct,3.0,DS-R1-7B,Qwen2.5-7B,pass16_pct,True,0.6823351023502653
GSM8K,pass16_pct,3.0,DS-R1-7B,Qwen2.5-7B,high_conf_accuracy_pct,True,0.6823351023502653
GSM8K,pass16_pct,5.0,DS-R1-7B,Qwen2.5-7B,frs_pct,True,0.6823351023502653
GSM8K,pass16_pct,5.0,DS-R1-7B,Qwen2.5-7B,pass1_pct,True,0.6823351023502653
GSM8K,pass16_pct,5.0,DS-R1-7B,Qwen2.5-7B,pass16_pct,True,0.6823351023502653
GSM8K,pass16_pct,5.0,DS-R1-7B,Qwen2.5-7B,high_conf_accuracy_pct,True,0.6823351023502653
GSM8K,pass16_pct,1.0,DS-R1-7B,LLaMA-3.1-8B,frs_pct,True,0.4548900682335244
GSM8K,pass16_pct,1.0,DS-R1-7B,LLaMA-3.1-8B,pass1_pct,True,0.4548900682335244
GSM8K,pass16_pct,1.0,DS-R1-7B,LLaMA-3.1-8B,pass16_pct,True,0.4548900682335244
GSM8K,pass16_pct,1.0,DS-R1-7B,LLaMA-3.1-8B,high_conf_accuracy_pct,True,0.4548900682335244
GSM8K,pass16_pct,2.0,DS-R1-7B,LLaMA-3.1-8B,frs_pct,True,0.4548900682335244
GSM8K,pass16_pct,2.0,DS-R1-7B,LLaMA-3.1-8B,pass1_pct,True,0.4548900682335244
GSM8K,pass16_pct,2.0,DS-R1-7B,LLaMA-3.1-8B,pass16_pct,True,0.4548900682335244
GSM8K,pass16_pct,2.0,DS-R1-7B,LLaMA-3.1-8B,high_conf_accuracy_pct,True,0.4548900682335244
GSM8K,pass16_pct,3.0,DS-R1-7B,LLaMA-3.1-8B,frs_pct,True,0.4548900682335244
GSM8K,pass16_pct,3.0,DS-R1-7B,LLaMA-3.1-8B,pass1_pct,True,0.4548900682335244
GSM8K,pass16_pct,3.0,DS-R1-7B,LLaMA-3.1-8B,pass16_pct,True,0.4548900682335244
GSM8K,pass16_pct,3.0,DS-R1-7B,LLaMA-3.1-8B,high_conf_accuracy_pct,True,0.4548900682335244
GSM8K,pass16_pct,5.0,DS-R1-7B,LLaMA-3.1-8B,frs_pct,True,0.4548900682335244
GSM8K,pass16_pct,5.0,DS-R1-7B,LLaMA-3.1-8B,pass1_pct,True,0.4548900682335244
GSM8K,pass16_pct,5.0,DS-R1-7B,LLaMA-3.1-8B,pass16_pct,True,0.4548900682335244
GSM8K,pass16_pct,5.0,DS-R1-7B,LLaMA-3.1-8B,high_conf_accuracy_pct,True,0.4548900682335244
GSM8K,pass16_pct,1.0,DS-R1-1.5B,Qwen3-4B,frs_pct,False,0.9855951478392768
GSM8K,pass16_pct,1.0,DS-R1-1.5B,Qwen3-4B,pass1_pct,True,0.9855951478392768
GSM8K,pass16_pct,1.0,DS-R1-1.5B,Qwen3-4B,pass16_pct,True,0.9855951478392768
GSM8K,pass16_pct,1.0,DS-R1-1.5B,Qwen3-4B,high_conf_accuracy_pct,False,0.9855951478392768
GSM8K,pass16_pct,2.0,DS-R1-1.5B,Qwen3-4B,frs_pct,False,0.9855951478392768
GSM8K,pass16_pct,2.0,DS-R1-1.5B,Qwen3-4B,pass1_pct,True,0.9855951478392768
GSM8K,pass16_pct,2.0,DS-R1-1.5B,Qwen3-4B,pass16_pct,True,0.9855951478392768
GSM8K,pass16_pct,2.0,DS-R1-1.5B,Qwen3-4B,high_conf_accuracy_pct,False,0.9855951478392768
GSM8K,pass16_pct,3.0,DS-R1-1.5B,Qwen3-4B,frs_pct,False,0.9855951478392768
GSM8K,pass16_pct,3.0,DS-R1-1.5B,Qwen3-4B,pass1_pct,True,0.9855951478392768
GSM8K,pass16_pct,3.0,DS-R1-1.5B,Qwen3-4B,pass16_pct,True,0.9855951478392768
GSM8K,pass16_pct,3.0,DS-R1-1.5B,Qwen3-4B,high_conf_accuracy_pct,False,0.9855951478392768
GSM8K,pass16_pct,5.0,DS-R1-1.5B,Qwen3-4B,frs_pct,False,0.9855951478392768
GSM8K,pass16_pct,5.0,DS-R1-1.5B,Qwen3-4B,pass1_pct,True,0.9855951478392768
GSM8K,pass16_pct,5.0,DS-R1-1.5B,Qwen3-4B,pass16_pct,True,0.9855951478392768
GSM8K,pass16_pct,5.0,DS-R1-1.5B,Qwen3-4B,high_conf_accuracy_pct,False,0.9855951478392768
GSM8K,pass16_pct,3.0,DS-R1-1.5B,Phi-4,frs_pct,False,2.198635329795323
GSM8K,pass16_pct,3.0,DS-R1-1.5B,Phi-4,pass1_pct,True,2.198635329795323
GSM8K,pass16_pct,3.0,DS-R1-1.5B,Phi-4,pass16_pct,True,2.198635329795323
GSM8K,pass16_pct,3.0,DS-R1-1.5B,Phi-4,high_conf_accuracy_pct,False,2.198635329795323
GSM8K,pass16_pct,5.0,DS-R1-1.5B,Phi-4,frs_pct,False,2.198635329795323
GSM8K,pass16_pct,5.0,DS-R1-1.5B,Phi-4,pass1_pct,True,2.198635329795323
GSM8K,pass16_pct,5.0,DS-R1-1.5B,Phi-4,pass16_pct,True,2.198635329795323
GSM8K,pass16_pct,5.0,DS-R1-1.5B,Phi-4,high_conf_accuracy_pct,False,2.198635329795323
GSM8K,pass16_pct,3.0,DS-R1-1.5B,Qwen2.5-Math,frs_pct,False,2.5777103866565767
GSM8K,pass16_pct,3.0,DS-R1-1.5B,Qwen2.5-Math,pass1_pct,True,2.5777103866565767
GSM8K,pass16_pct,3.0,DS-R1-1.5B,Qwen2.5-Math,pass16_pct,True,2.5777103866565767
GSM8K,pass16_pct,3.0,DS-R1-1.5B,Qwen2.5-Math,high_conf_accuracy_pct,False,2.5777103866565767
GSM8K,pass16_pct,5.0,DS-R1-1.5B,Qwen2.5-Math,frs_pct,False,2.5777103866565767
GSM8K,pass16_pct,5.0,DS-R1-1.5B,Qwen2.5-Math,pass1_pct,True,2.5777103866565767
GSM8K,pass16_pct,5.0,DS-R1-1.5B,Qwen2.5-Math,pass16_pct,True,2.5777103866565767
GSM8K,pass16_pct,5.0,DS-R1-1.5B,Qwen2.5-Math,high_conf_accuracy_pct,False,2.5777103866565767
GSM8K,pass16_pct,3.0,DS-R1-1.5B,Phi-4-Reas.,frs_pct,False,2.5018953752843203
GSM8K,pass16_pct,3.0,DS-R1-1.5B,Phi-4-Reas.,pass1_pct,True,2.5018953752843203
GSM8K,pass16_pct,3.0,DS-R1-1.5B,Phi-4-Reas.,pass16_pct,True,2.5018953752843203
GSM8K,pass16_pct,3.0,DS-R1-1.5B,Phi-4-Reas.,high_conf_accuracy_pct,True,2.5018953752843203
GSM8K,pass16_pct,5.0,DS-R1-1.5B,Phi-4-Reas.,frs_pct,False,2.5018953752843203
GSM8K,pass16_pct,5.0,DS-R1-1.5B,Phi-4-Reas.,pass1_pct,True,2.5018953752843203
GSM8K,pass16_pct,5.0,DS-R1-1.5B,Phi-4-Reas.,pass16_pct,True,2.5018953752843203
GSM8K,pass16_pct,5.0,DS-R1-1.5B,Phi-4-Reas.,high_conf_accuracy_pct,True,2.5018953752843203
GSM8K,pass16_pct,2.0,DS-R1-1.5B,Qwen2.5-7B,frs_pct,False,1.819560272934055
GSM8K,pass16_pct,2.0,DS-R1-1.5B,Qwen2.5-7B,pass1_pct,True,1.819560272934055
GSM8K,pass16_pct,2.0,DS-R1-1.5B,Qwen2.5-7B,pass16_pct,True,1.819560272934055
GSM8K,pass16_pct,2.0,DS-R1-1.5B,Qwen2.5-7B,high_conf_accuracy_pct,False,1.819560272934055
GSM8K,pass16_pct,3.0,DS-R1-1.5B,Qwen2.5-7B,frs_pct,False,1.819560272934055
GSM8K,pass16_pct,3.0,DS-R1-1.5B,Qwen2.5-7B,pass1_pct,True,1.819560272934055
GSM8K,pass16_pct,3.0,DS-R1-1.5B,Qwen2.5-7B,pass16_pct,True,1.819560272934055
GSM8K,pass16_pct,3.0,DS-R1-1.5B,Qwen2.5-7B,high_conf_accuracy_pct,False,1.819560272934055
GSM8K,pass16_pct,5.0,DS-R1-1.5B,Qwen2.5-7B,frs_pct,False,1.819560272934055
GSM8K,pass16_pct,5.0,DS-R1-1.5B,Qwen2.5-7B,pass1_pct,True,1.819560272934055
GSM8K,pass16_pct,5.0,DS-R1-1.5B,Qwen2.5-7B,pass16_pct,True,1.819560272934055
GSM8K,pass16_pct,5.0,DS-R1-1.5B,Qwen2.5-7B,high_conf_accuracy_pct,False,1.819560272934055
GSM8K,pass16_pct,3.0,DS-R1-1.5B,LLaMA-3.1-8B,frs_pct,False,2.047005307050796
GSM8K,pass16_pct,3.0,DS-R1-1.5B,LLaMA-3.1-8B,pass1_pct,True,2.047005307050796
GSM8K,pass16_pct,3.0,DS-R1-1.5B,LLaMA-3.1-8B,pass16_pct,True,2.047005307050796
GSM8K,pass16_pct,3.0,DS-R1-1.5B,LLaMA-3.1-8B,high_conf_accuracy_pct,False,2.047005307050796
GSM8K,pass16_pct,5.0,DS-R1-1.5B,LLaMA-3.1-8B,frs_pct,False,2.047005307050796
GSM8K,pass16_pct,5.0,DS-R1-1.5B,LLaMA-3.1-8B,pass1_pct,True,2.047005307050796
GSM8K,pass16_pct,5.0,DS-R1-1.5B,LLaMA-3.1-8B,pass16_pct,True,2.047005307050796
GSM8K,pass16_pct,5.0,DS-R1-1.5B,LLaMA-3.1-8B,high_conf_accuracy_pct,False,2.047005307050796
GSM8K,pass16_pct,5.0,DS-R1-1.5B,Gemma-7B,frs_pct,True,3.7149355572403238
GSM8K,pass16_pct,5.0,DS-R1-1.5B,Gemma-7B,pass1_pct,True,3.7149355572403238
GSM8K,pass16_pct,5.0,DS-R1-1.5B,Gemma-7B,pass16_pct,True,3.7149355572403238
GSM8K,pass16_pct,5.0,DS-R1-1.5B,Gemma-7B,high_conf_accuracy_pct,True,3.7149355572403238
GSM8K,pass16_pct,2.0,Qwen3-4B,Phi-4,frs_pct,True,1.2130401819560461
GSM8K,pass16_pct,2.0,Qwen3-4B,Phi-4,pass1_pct,True,1.2130401819560461
GSM8K,pass16_pct,2.0,Qwen3-4B,Phi-4,pass16_pct,True,1.2130401819560461
GSM8K,pass16_pct,2.0,Qwen3-4B,Phi-4,high_conf_accuracy_pct,False,1.2130401819560461
GSM8K,pass16_pct,3.0,Qwen3-4B,Phi-4,frs_pct,True,1.2130401819560461
GSM8K,pass16_pct,3.0,Qwen3-4B,Phi-4,pass1_pct,True,1.2130401819560461
GSM8K,pass16_pct,3.0,Qwen3-4B,Phi-4,pass16_pct,True,1.2130401819560461
GSM8K,pass16_pct,3.0,Qwen3-4B,Phi-4,high_conf_accuracy_pct,False,1.2130401819560461
GSM8K,pass16_pct,5.0,Qwen3-4B,Phi-4,frs_pct,True,1.2130401819560461
GSM8K,pass16_pct,5.0,Qwen3-4B,Phi-4,pass1_pct,True,1.2130401819560461
GSM8K,pass16_pct,5.0,Qwen3-4B,Phi-4,pass16_pct,True,1.2130401819560461
GSM8K,pass16_pct,5.0,Qwen3-4B,Phi-4,high_conf_accuracy_pct,False,1.2130401819560461
GSM8K,pass16_pct,2.0,Qwen3-4B,Qwen2.5-Math,frs_pct,False,1.5921152388172999
GSM8K,pass16_pct,2.0,Qwen3-4B,Qwen2.5-Math,pass1_pct,True,1.5921152388172999
GSM8K,pass16_pct,2.0,Qwen3-4B,Qwen2.5-Math,pass16_pct,True,1.5921152388172999
GSM8K,pass16_pct,2.0,Qwen3-4B,Qwen2.5-Math,high_conf_accuracy_pct,False,1.5921152388172999
GSM8K,pass16_pct,3.0,Qwen3-4B,Qwen2.5-Math,frs_pct,False,1.5921152388172999
GSM8K,pass16_pct,3.0,Qwen3-4B,Qwen2.5-Math,pass1_pct,True,1.5921152388172999
GSM8K,pass16_pct,3.0,Qwen3-4B,Qwen2.5-Math,pass16_pct,True,1.5921152388172999
GSM8K,pass16_pct,3.0,Qwen3-4B,Qwen2.5-Math,high_conf_accuracy_pct,False,1.5921152388172999
GSM8K,pass16_pct,5.0,Qwen3-4B,Qwen2.5-Math,frs_pct,False,1.5921152388172999
GSM8K,pass16_pct,5.0,Qwen3-4B,Qwen2.5-Math,pass1_pct,True,1.5921152388172999
GSM8K,pass16_pct,5.0,Qwen3-4B,Qwen2.5-Math,pass16_pct,True,1.5921152388172999
GSM8K,pass16_pct,5.0,Qwen3-4B,Qwen2.5-Math,high_conf_accuracy_pct,False,1.5921152388172999
GSM8K,pass16_pct,2.0,Qwen3-4B,Phi-4-Reas.,frs_pct,False,1.5163002274450434
GSM8K,pass16_pct,2.0,Qwen3-4B,Phi-4-Reas.,pass1_pct,True,1.5163002274450434
GSM8K,pass16_pct,2.0,Qwen3-4B,Phi-4-Reas.,pass16_pct,True,1.5163002274450434
GSM8K,pass16_pct,2.0,Qwen3-4B,Phi-4-Reas.,high_conf_accuracy_pct,True,1.5163002274450434
GSM8K,pass16_pct,3.0,Qwen3-4B,Phi-4-Reas.,frs_pct,False,1.5163002274450434
GSM8K,pass16_pct,3.0,Qwen3-4B,Phi-4-Reas.,pass1_pct,True,1.5163002274450434
GSM8K,pass16_pct,3.0,Qwen3-4B,Phi-4-Reas.,pass16_pct,True,1.5163002274450434
GSM8K,pass16_pct,3.0,Qwen3-4B,Phi-4-Reas.,high_conf_accuracy_pct,True,1.5163002274450434
GSM8K,pass16_pct,5.0,Qwen3-4B,Phi-4-Reas.,frs_pct,False,1.5163002274450434
GSM8K,pass16_pct,5.0,Qwen3-4B,Phi-4-Reas.,pass1_pct,True,1.5163002274450434
GSM8K,pass16_pct,5.0,Qwen3-4B,Phi-4-Reas.,pass16_pct,True,1.5163002274450434
GSM8K,pass16_pct,5.0,Qwen3-4B,Phi-4-Reas.,high_conf_accuracy_pct,True,1.5163002274450434
GSM8K,pass16_pct,1.0,Qwen3-4B,Qwen2.5-7B,frs_pct,True,0.8339651250947782
GSM8K,pass16_pct,1.0,Qwen3-4B,Qwen2.5-7B,pass1_pct,False,0.8339651250947782
GSM8K,pass16_pct,1.0,Qwen3-4B,Qwen2.5-7B,pass16_pct,False,0.8339651250947782
GSM8K,pass16_pct,1.0,Qwen3-4B,Qwen2.5-7B,high_conf_accuracy_pct,True,0.8339651250947782
GSM8K,pass16_pct,2.0,Qwen3-4B,Qwen2.5-7B,frs_pct,True,0.8339651250947782
GSM8K,pass16_pct,2.0,Qwen3-4B,Qwen2.5-7B,pass1_pct,False,0.8339651250947782
GSM8K,pass16_pct,2.0,Qwen3-4B,Qwen2.5-7B,pass16_pct,False,0.8339651250947782
GSM8K,pass16_pct,2.0,Qwen3-4B,Qwen2.5-7B,high_conf_accuracy_pct,True,0.8339651250947782
GSM8K,pass16_pct,3.0,Qwen3-4B,Qwen2.5-7B,frs_pct,True,0.8339651250947782
GSM8K,pass16_pct,3.0,Qwen3-4B,Qwen2.5-7B,pass1_pct,False,0.8339651250947782
GSM8K,pass16_pct,3.0,Qwen3-4B,Qwen2.5-7B,pass16_pct,False,0.8339651250947782
GSM8K,pass16_pct,3.0,Qwen3-4B,Qwen2.5-7B,high_conf_accuracy_pct,True,0.8339651250947782
GSM8K,pass16_pct,5.0,Qwen3-4B,Qwen2.5-7B,frs_pct,True,0.8339651250947782
GSM8K,pass16_pct,5.0,Qwen3-4B,Qwen2.5-7B,pass1_pct,False,0.8339651250947782
GSM8K,pass16_pct,5.0,Qwen3-4B,Qwen2.5-7B,pass16_pct,False,0.8339651250947782
GSM8K,pass16_pct,5.0,Qwen3-4B,Qwen2.5-7B,high_conf_accuracy_pct,True,0.8339651250947782
GSM8K,pass16_pct,2.0,Qwen3-4B,LLaMA-3.1-8B,frs_pct,False,1.061410159211519
GSM8K,pass16_pct,2.0,Qwen3-4B,LLaMA-3.1-8B,pass1_pct,True,1.061410159211519
GSM8K,pass16_pct,2.0,Qwen3-4B,LLaMA-3.1-8B,pass16_pct,True,1.061410159211519
GSM8K,pass16_pct,2.0,Qwen3-4B,LLaMA-3.1-8B,high_conf_accuracy_pct,False,1.061410159211519
GSM8K,pass16_pct,3.0,Qwen3-4B,LLaMA-3.1-8B,frs_pct,False,1.061410159211519
GSM8K,pass16_pct,3.0,Qwen3-4B,LLaMA-3.1-8B,pass1_pct,True,1.061410159211519
GSM8K,pass16_pct,3.0,Qwen3-4B,LLaMA-3.1-8B,pass16_pct,True,1.061410159211519
GSM8K,pass16_pct,3.0,Qwen3-4B,LLaMA-3.1-8B,high_conf_accuracy_pct,False,1.061410159211519
GSM8K,pass16_pct,5.0,Qwen3-4B,LLaMA-3.1-8B,frs_pct,False,1.061410159211519
GSM8K,pass16_pct,5.0,Qwen3-4B,LLaMA-3.1-8B,pass1_pct,True,1.061410159211519
GSM8K,pass16_pct,5.0,Qwen3-4B,LLaMA-3.1-8B,pass16_pct,True,1.061410159211519
GSM8K,pass16_pct,5.0,Qwen3-4B,LLaMA-3.1-8B,high_conf_accuracy_pct,False,1.061410159211519
GSM8K,pass16_pct,5.0,Qwen3-4B,Gemma-7B,frs_pct,True,4.700530705079601
GSM8K,pass16_pct,5.0,Qwen3-4B,Gemma-7B,pass1_pct,True,4.700530705079601
GSM8K,pass16_pct,5.0,Qwen3-4B,Gemma-7B,pass16_pct,True,4.700530705079601
GSM8K,pass16_pct,5.0,Qwen3-4B,Gemma-7B,high_conf_accuracy_pct,True,4.700530705079601
GSM8K,pass16_pct,1.0,Phi-4,Qwen2.5-Math,frs_pct,False,0.37907505686125376
GSM8K,pass16_pct,1.0,Phi-4,Qwen2.5-Math,pass1_pct,False,0.37907505686125376
GSM8K,pass16_pct,1.0,Phi-4,Qwen2.5-Math,pass16_pct,True,0.37907505686125376
GSM8K,pass16_pct,1.0,Phi-4,Qwen2.5-Math,high_conf_accuracy_pct,False,0.37907505686125376
GSM8K,pass16_pct,2.0,Phi-4,Qwen2.5-Math,frs_pct,False,0.37907505686125376
GSM8K,pass16_pct,2.0,Phi-4,Qwen2.5-Math,pass1_pct,False,0.37907505686125376
GSM8K,pass16_pct,2.0,Phi-4,Qwen2.5-Math,pass16_pct,True,0.37907505686125376
GSM8K,pass16_pct,2.0,Phi-4,Qwen2.5-Math,high_conf_accuracy_pct,False,0.37907505686125376
GSM8K,pass16_pct,3.0,Phi-4,Qwen2.5-Math,frs_pct,False,0.37907505686125376
GSM8K,pass16_pct,3.0,Phi-4,Qwen2.5-Math,pass1_pct,False,0.37907505686125376
GSM8K,pass16_pct,3.0,Phi-4,Qwen2.5-Math,pass16_pct,True,0.37907505686125376
GSM8K,pass16_pct,3.0,Phi-4,Qwen2.5-Math,high_conf_accuracy_pct,False,0.37907505686125376
GSM8K,pass16_pct,5.0,Phi-4,Qwen2.5-Math,frs_pct,False,0.37907505686125376
GSM8K,pass16_pct,5.0,Phi-4,Qwen2.5-Math,pass1_pct,False,0.37907505686125376
GSM8K,pass16_pct,5.0,Phi-4,Qwen2.5-Math,pass16_pct,True,0.37907505686125376
GSM8K,pass16_pct,5.0,Phi-4,Qwen2.5-Math,high_conf_accuracy_pct,False,0.37907505686125376
GSM8K,pass1_pct,3.0,Phi-4,Phi-4-Reas.,frs_pct,False,2.4000000000000057
GSM8K,pass1_pct,3.0,Phi-4,Phi-4-Reas.,pass1_pct,True,2.4000000000000057
GSM8K,pass1_pct,3.0,Phi-4,Phi-4-Reas.,pass16_pct,True,2.4000000000000057
GSM8K,pass1_pct,3.0,Phi-4,Phi-4-Reas.,high_conf_accuracy_pct,True,2.4000000000000057
GSM8K,pass1_pct,5.0,Phi-4,Phi-4-Reas.,frs_pct,False,2.4000000000000057
GSM8K,pass1_pct,5.0,Phi-4,Phi-4-Reas.,pass1_pct,True,2.4000000000000057
GSM8K,pass1_pct,5.0,Phi-4,Phi-4-Reas.,pass16_pct,True,2.4000000000000057
GSM8K,pass1_pct,5.0,Phi-4,Phi-4-Reas.,high_conf_accuracy_pct,True,2.4000000000000057
GSM8K,pass16_pct,1.0,Phi-4,Phi-4-Reas.,frs_pct,False,0.3032600454889973
GSM8K,pass16_pct,1.0,Phi-4,Phi-4-Reas.,pass1_pct,True,0.3032600454889973
GSM8K,pass16_pct,1.0,Phi-4,Phi-4-Reas.,pass16_pct,True,0.3032600454889973
GSM8K,pass16_pct,1.0,Phi-4,Phi-4-Reas.,high_conf_accuracy_pct,True,0.3032600454889973
GSM8K,pass16_pct,2.0,Phi-4,Phi-4-Reas.,frs_pct,False,0.3032600454889973
GSM8K,pass16_pct,2.0,Phi-4,Phi-4-Reas.,pass1_pct,True,0.3032600454889973
GSM8K,pass16_pct,2.0,Phi-4,Phi-4-Reas.,pass16_pct,True,0.3032600454889973
GSM8K,pass16_pct,2.0,Phi-4,Phi-4-Reas.,high_conf_accuracy_pct,True,0.3032600454889973
GSM8K,pass16_pct,3.0,Phi-4,Phi-4-Reas.,frs_pct,False,0.3032600454889973
GSM8K,pass16_pct,3.0,Phi-4,Phi-4-Reas.,pass1_pct,True,0.3032600454889973
GSM8K,pass16_pct,3.0,Phi-4,Phi-4-Reas.,pass16_pct,True,0.3032600454889973
GSM8K,pass16_pct,3.0,Phi-4,Phi-4-Reas.,high_conf_accuracy_pct,True,0.3032600454889973
GSM8K,pass16_pct,5.0,Phi-4,Phi-4-Reas.,frs_pct,False,0.3032600454889973
GSM8K,pass16_pct,5.0,Phi-4,Phi-4-Reas.,pass1_pct,True,0.3032600454889973
GSM8K,pass16_pct,5.0,Phi-4,Phi-4-Reas.,pass16_pct,True,0.3032600454889973
GSM8K,pass16_pct,5.0,Phi-4,Phi-4-Reas.,high_conf_accuracy_pct,True,0.3032600454889973
GSM8K,pass1_pct,3.0,Phi-4,Qwen2.5-7B,frs_pct,True,2.0999999999999943
GSM8K,pass1_pct,3.0,Phi-4,Qwen2.5-7B,pass1_pct,True,2.0999999999999943
GSM8K,pass1_pct,3.0,Phi-4,Qwen2.5-7B,pass16_pct,True,2.0999999999999943
GSM8K,pass1_pct,3.0,Phi-4,Qwen2.5-7B,high_conf_accuracy_pct,False,2.0999999999999943
GSM8K,pass1_pct,5.0,Phi-4,Qwen2.5-7B,frs_pct,True,2.0999999999999943
GSM8K,pass1_pct,5.0,Phi-4,Qwen2.5-7B,pass1_pct,True,2.0999999999999943
GSM8K,pass1_pct,5.0,Phi-4,Qwen2.5-7B,pass16_pct,True,2.0999999999999943
GSM8K,pass1_pct,5.0,Phi-4,Qwen2.5-7B,high_conf_accuracy_pct,False,2.0999999999999943
GSM8K,pass16_pct,1.0,Phi-4,Qwen2.5-7B,frs_pct,True,0.37907505686126797
GSM8K,pass16_pct,1.0,Phi-4,Qwen2.5-7B,pass1_pct,True,0.37907505686126797
GSM8K,pass16_pct,1.0,Phi-4,Qwen2.5-7B,pass16_pct,True,0.37907505686126797
GSM8K,pass16_pct,1.0,Phi-4,Qwen2.5-7B,high_conf_accuracy_pct,False,0.37907505686126797
GSM8K,pass16_pct,2.0,Phi-4,Qwen2.5-7B,frs_pct,True,0.37907505686126797
GSM8K,pass16_pct,2.0,Phi-4,Qwen2.5-7B,pass1_pct,True,0.37907505686126797
GSM8K,pass16_pct,2.0,Phi-4,Qwen2.5-7B,pass16_pct,True,0.37907505686126797
GSM8K,pass16_pct,2.0,Phi-4,Qwen2.5-7B,high_conf_accuracy_pct,False,0.37907505686126797
GSM8K,pass16_pct,3.0,Phi-4,Qwen2.5-7B,frs_pct,True,0.37907505686126797
GSM8K,pass16_pct,3.0,Phi-4,Qwen2.5-7B,pass1_pct,True,0.37907505686126797
GSM8K,pass16_pct,3.0,Phi-4,Qwen2.5-7B,pass16_pct,True,0.37907505686126797
GSM8K,pass16_pct,3.0,Phi-4,Qwen2.5-7B,high_conf_accuracy_pct,False,0.37907505686126797
GSM8K,pass16_pct,5.0,Phi-4,Qwen2.5-7B,frs_pct,True,0.37907505686126797
GSM8K,pass16_pct,5.0,Phi-4,Qwen2.5-7B,pass1_pct,True,0.37907505686126797
GSM8K,pass16_pct,5.0,Phi-4,Qwen2.5-7B,pass16_pct,True,0.37907505686126797
GSM8K,pass16_pct,5.0,Phi-4,Qwen2.5-7B,high_conf_accuracy_pct,False,0.37907505686126797
GSM8K,pass16_pct,1.0,Phi-4,LLaMA-3.1-8B,frs_pct,True,0.15163002274452708
GSM8K,pass16_pct,1.0,Phi-4,LLaMA-3.1-8B,pass1_pct,True,0.15163002274452708
GSM8K,pass16_pct,1.0,Phi-4,LLaMA-3.1-8B,pass16_pct,True,0.15163002274452708
GSM8K,pass16_pct,1.0,Phi-4,LLaMA-3.1-8B,high_conf_accuracy_pct,False,0.15163002274452708
GSM8K,pass16_pct,2.0,Phi-4,LLaMA-3.1-8B,frs_pct,True,0.15163002274452708
GSM8K,pass16_pct,2.0,Phi-4,LLaMA-3.1-8B,pass1_pct,True,0.15163002274452708
GSM8K,pass16_pct,2.0,Phi-4,LLaMA-3.1-8B,pass16_pct,True,0.15163002274452708
GSM8K,pass16_pct,2.0,Phi-4,LLaMA-3.1-8B,high_conf_accuracy_pct,False,0.15163002274452708
GSM8K,pass16_pct,3.0,Phi-4,LLaMA-3.1-8B,frs_pct,True,0.15163002274452708
GSM8K,pass16_pct,3.0,Phi-4,LLaMA-3.1-8B,pass1_pct,True,0.15163002274452708
GSM8K,pass16_pct,3.0,Phi-4,LLaMA-3.1-8B,pass16_pct,True,0.15163002274452708
GSM8K,pass16_pct,3.0,Phi-4,LLaMA-3.1-8B,high_conf_accuracy_pct,False,0.15163002274452708
GSM8K,pass16_pct,5.0,Phi-4,LLaMA-3.1-8B,frs_pct,True,0.15163002274452708
GSM8K,pass16_pct,5.0,Phi-4,LLaMA-3.1-8B,pass1_pct,True,0.15163002274452708
GSM8K,pass16_pct,5.0,Phi-4,LLaMA-3.1-8B,pass16_pct,True,0.15163002274452708
GSM8K,pass16_pct,5.0,Phi-4,LLaMA-3.1-8B,high_conf_accuracy_pct,False,0.15163002274452708
GSM8K,pass16_pct,1.0,Qwen2.5-Math,Phi-4-Reas.,frs_pct,False,0.07581501137225644
GSM8K,pass16_pct,1.0,Qwen2.5-Math,Phi-4-Reas.,pass1_pct,True,0.07581501137225644
GSM8K,pass16_pct,1.0,Qwen2.5-Math,Phi-4-Reas.,pass16_pct,False,0.07581501137225644
GSM8K,pass16_pct,1.0,Qwen2.5-Math,Phi-4-Reas.,high_conf_accuracy_pct,True,0.07581501137225644
GSM8K,pass16_pct,2.0,Qwen2.5-Math,Phi-4-Reas.,frs_pct,False,0.07581501137225644
GSM8K,pass16_pct,2.0,Qwen2.5-Math,Phi-4-Reas.,pass1_pct,True,0.07581501137225644
GSM8K,pass16_pct,2.0,Qwen2.5-Math,Phi-4-Reas.,pass16_pct,False,0.07581501137225644
GSM8K,pass16_pct,2.0,Qwen2.5-Math,Phi-4-Reas.,high_conf_accuracy_pct,True,0.07581501137225644
GSM8K,pass16_pct,3.0,Qwen2.5-Math,Phi-4-Reas.,frs_pct,False,0.07581501137225644
GSM8K,pass16_pct,3.0,Qwen2.5-Math,Phi-4-Reas.,pass1_pct,True,0.07581501137225644
GSM8K,pass16_pct,3.0,Qwen2.5-Math,Phi-4-Reas.,pass16_pct,False,0.07581501137225644
GSM8K,pass16_pct,3.0,Qwen2.5-Math,Phi-4-Reas.,high_conf_accuracy_pct,True,0.07581501137225644
GSM8K,pass16_pct,5.0,Qwen2.5-Math,Phi-4-Reas.,frs_pct,False,0.07581501137225644
GSM8K,pass16_pct,5.0,Qwen2.5-Math,Phi-4-Reas.,pass1_pct,True,0.07581501137225644
GSM8K,pass16_pct,5.0,Qwen2.5-Math,Phi-4-Reas.,pass16_pct,False,0.07581501137225644
GSM8K,pass16_pct,5.0,Qwen2.5-Math,Phi-4-Reas.,high_conf_accuracy_pct,True,0.07581501137225644
GSM8K,pass16_pct,1.0,Qwen2.5-Math,Qwen2.5-7B,frs_pct,True,0.7581501137225217
GSM8K,pass16_pct,1.0,Qwen2.5-Math,Qwen2.5-7B,pass1_pct,False,0.7581501137225217
GSM8K,pass16_pct,1.0,Qwen2.5-Math,Qwen2.5-7B,pass16_pct,True,0.7581501137225217
GSM8K,pass16_pct,1.0,Qwen2.5-Math,Qwen2.5-7B,high_conf_accuracy_pct,False,0.7581501137225217
GSM8K,pass16_pct,2.0,Qwen2.5-Math,Qwen2.5-7B,frs_pct,True,0.7581501137225217
GSM8K,pass16_pct,2.0,Qwen2.5-Math,Qwen2.5-7B,pass1_pct,False,0.7581501137225217
GSM8K,pass16_pct,2.0,Qwen2.5-Math,Qwen2.5-7B,pass16_pct,True,0.7581501137225217
GSM8K,pass16_pct,2.0,Qwen2.5-Math,Qwen2.5-7B,high_conf_accuracy_pct,False,0.7581501137225217
GSM8K,pass16_pct,3.0,Qwen2.5-Math,Qwen2.5-7B,frs_pct,True,0.7581501137225217
GSM8K,pass16_pct,3.0,Qwen2.5-Math,Qwen2.5-7B,pass1_pct,False,0.7581501137225217
GSM8K,pass16_pct,3.0,Qwen2.5-Math,Qwen2.5-7B,pass16_pct,True,0.7581501137225217
GSM8K,pass16_pct,3.0,Qwen2.5-Math,Qwen2.5-7B,high_conf_accuracy_pct,False,0.7581501137225217
GSM8K,pass16_pct,5.0,Qwen2.5-Math,Qwen2.5-7B,frs_pct,True,0.7581501137225217
GSM8K,pass16_pct,5.0,Qwen2.5-Math,Qwen2.5-7B,pass1_pct,False,0.7581501137225217
GSM8K,pass16_pct,5.0,Qwen2.5-Math,Qwen2.5-7B,pass16_pct,True,0.7581501137225217
GSM8K,pass16_pct,5.0,Qwen2.5-Math,Qwen2.5-7B,high_conf_accuracy_pct,False,0.7581501137225217
GSM8K,pass1_pct,5.0,Qwen2.5-Math,LLaMA-3.1-8B,frs_pct,True,3.25
GSM8K,pass1_pct,5.0,Qwen2.5-Math,LLaMA-3.1-8B,pass1_pct,True,3.25
GSM8K,pass1_pct,5.0,Qwen2.5-Math,LLaMA-3.1-8B,pass16_pct,True,3.25
GSM8K,pass1_pct,5.0,Qwen2.5-Math,LLaMA-3.1-8B,high_conf_accuracy_pct,False,3.25
GSM8K,pass16_pct,1.0,Qwen2.5-Math,LLaMA-3.1-8B,frs_pct,True,0.5307050796057808
GSM8K,pass16_pct,1.0,Qwen2.5-Math,LLaMA-3.1-8B,pass1_pct,True,0.5307050796057808
GSM8K,pass16_pct,1.0,Qwen2.5-Math,LLaMA-3.1-8B,pass16_pct,True,0.5307050796057808
GSM8K,pass16_pct,1.0,Qwen2.5-Math,LLaMA-3.1-8B,high_conf_accuracy_pct,False,0.5307050796057808
GSM8K,pass16_pct,2.0,Qwen2.5-Math,LLaMA-3.1-8B,frs_pct,True,0.5307050796057808
GSM8K,pass16_pct,2.0,Qwen2.5-Math,LLaMA-3.1-8B,pass1_pct,True,0.5307050796057808
GSM8K,pass16_pct,2.0,Qwen2.5-Math,LLaMA-3.1-8B,pass16_pct,True,0.5307050796057808
GSM8K,pass16_pct,2.0,Qwen2.5-Math,LLaMA-3.1-8B,high_conf_accuracy_pct,False,0.5307050796057808
GSM8K,pass16_pct,3.0,Qwen2.5-Math,LLaMA-3.1-8B,frs_pct,True,0.5307050796057808
GSM8K,pass16_pct,3.0,Qwen2.5-Math,LLaMA-3.1-8B,pass1_pct,True,0.5307050796057808
GSM8K,pass16_pct,3.0,Qwen2.5-Math,LLaMA-3.1-8B,pass16_pct,True,0.5307050796057808
GSM8K,pass16_pct,3.0,Qwen2.5-Math,LLaMA-3.1-8B,high_conf_accuracy_pct,False,0.5307050796057808
GSM8K,pass16_pct,5.0,Qwen2.5-Math,LLaMA-3.1-8B,frs_pct,True,0.5307050796057808
GSM8K,pass16_pct,5.0,Qwen2.5-Math,LLaMA-3.1-8B,pass1_pct,True,0.5307050796057808
GSM8K,pass16_pct,5.0,Qwen2.5-Math,LLaMA-3.1-8B,pass16_pct,True,0.5307050796057808
GSM8K,pass16_pct,5.0,Qwen2.5-Math,LLaMA-3.1-8B,high_conf_accuracy_pct,False,0.5307050796057808
GSM8K,pass1_pct,5.0,Phi-4-Reas.,Qwen2.5-7B,frs_pct,True,4.5
GSM8K,pass1_pct,5.0,Phi-4-Reas.,Qwen2.5-7B,pass1_pct,True,4.5
GSM8K,pass1_pct,5.0,Phi-4-Reas.,Qwen2.5-7B,pass16_pct,True,4.5
GSM8K,pass1_pct,5.0,Phi-4-Reas.,Qwen2.5-7B,high_conf_accuracy_pct,True,4.5
GSM8K,pass16_pct,1.0,Phi-4-Reas.,Qwen2.5-7B,frs_pct,True,0.6823351023502653
GSM8K,pass16_pct,1.0,Phi-4-Reas.,Qwen2.5-7B,pass1_pct,True,0.6823351023502653
GSM8K,pass16_pct,1.0,Phi-4-Reas.,Qwen2.5-7B,pass16_pct,True,0.6823351023502653
GSM8K,pass16_pct,1.0,Phi-4-Reas.,Qwen2.5-7B,high_conf_accuracy_pct,True,0.6823351023502653
GSM8K,pass16_pct,2.0,Phi-4-Reas.,Qwen2.5-7B,frs_pct,True,0.6823351023502653
GSM8K,pass16_pct,2.0,Phi-4-Reas.,Qwen2.5-7B,pass1_pct,True,0.6823351023502653
GSM8K,pass16_pct,2.0,Phi-4-Reas.,Qwen2.5-7B,pass16_pct,True,0.6823351023502653
GSM8K,pass16_pct,2.0,Phi-4-Reas.,Qwen2.5-7B,high_conf_accuracy_pct,True,0.6823351023502653
GSM8K,pass16_pct,3.0,Phi-4-Reas.,Qwen2.5-7B,frs_pct,True,0.6823351023502653
GSM8K,pass16_pct,3.0,Phi-4-Reas.,Qwen2.5-7B,pass1_pct,True,0.6823351023502653
GSM8K,pass16_pct,3.0,Phi-4-Reas.,Qwen2.5-7B,pass16_pct,True,0.6823351023502653
GSM8K,pass16_pct,3.0,Phi-4-Reas.,Qwen2.5-7B,high_conf_accuracy_pct,True,0.6823351023502653
GSM8K,pass16_pct,5.0,Phi-4-Reas.,Qwen2.5-7B,frs_pct,True,0.6823351023502653
GSM8K,pass16_pct,5.0,Phi-4-Reas.,Qwen2.5-7B,pass1_pct,True,0.6823351023502653
GSM8K,pass16_pct,5.0,Phi-4-Reas.,Qwen2.5-7B,pass16_pct,True,0.6823351023502653
GSM8K,pass16_pct,5.0,Phi-4-Reas.,Qwen2.5-7B,high_conf_accuracy_pct,True,0.6823351023502653
GSM8K,pass16_pct,1.0,Phi-4-Reas.,LLaMA-3.1-8B,frs_pct,True,0.4548900682335244
GSM8K,pass16_pct,1.0,Phi-4-Reas.,LLaMA-3.1-8B,pass1_pct,True,0.4548900682335244
GSM8K,pass16_pct,1.0,Phi-4-Reas.,LLaMA-3.1-8B,pass16_pct,True,0.4548900682335244
GSM8K,pass16_pct,1.0,Phi-4-Reas.,LLaMA-3.1-8B,high_conf_accuracy_pct,True,0.4548900682335244
GSM8K,pass16_pct,2.0,Phi-4-Reas.,LLaMA-3.1-8B,frs_pct,True,0.4548900682335244
GSM8K,pass16_pct,2.0,Phi-4-Reas.,LLaMA-3.1-8B,pass1_pct,True,0.4548900682335244
GSM8K,pass16_pct,2.0,Phi-4-Reas.,LLaMA-3.1-8B,pass16_pct,True,0.4548900682335244
GSM8K,pass16_pct,2.0,Phi-4-Reas.,LLaMA-3.1-8B,high_conf_accuracy_pct,True,0.4548900682335244
GSM8K,pass16_pct,3.0,Phi-4-Reas.,LLaMA-3.1-8B,frs_pct,True,0.4548900682335244
GSM8K,pass16_pct,3.0,Phi-4-Reas.,LLaMA-3.1-8B,pass1_pct,True,0.4548900682335244
GSM8K,pass16_pct,3.0,Phi-4-Reas.,LLaMA-3.1-8B,pass16_pct,True,0.4548900682335244
GSM8K,pass16_pct,3.0,Phi-4-Reas.,LLaMA-3.1-8B,high_conf_accuracy_pct,True,0.4548900682335244
GSM8K,pass16_pct,5.0,Phi-4-Reas.,LLaMA-3.1-8B,frs_pct,True,0.4548900682335244
GSM8K,pass16_pct,5.0,Phi-4-Reas.,LLaMA-3.1-8B,pass1_pct,True,0.4548900682335244
GSM8K,pass16_pct,5.0,Phi-4-Reas.,LLaMA-3.1-8B,pass16_pct,True,0.4548900682335244
GSM8K,pass16_pct,5.0,Phi-4-Reas.,LLaMA-3.1-8B,high_conf_accuracy_pct,True,0.4548900682335244
GSM8K,pass16_pct,1.0,Qwen2.5-7B,LLaMA-3.1-8B,frs_pct,True,0.22744503411674089
GSM8K,pass16_pct,1.0,Qwen2.5-7B,LLaMA-3.1-8B,pass1_pct,False,0.22744503411674089
GSM8K,pass16_pct,1.0,Qwen2.5-7B,LLaMA-3.1-8B,pass16_pct,True,0.22744503411674089
GSM8K,pass16_pct,1.0,Qwen2.5-7B,LLaMA-3.1-8B,high_conf_accuracy_pct,True,0.22744503411674089
GSM8K,pass16_pct,2.0,Qwen2.5-7B,LLaMA-3.1-8B,frs_pct,True,0.22744503411674089
GSM8K,pass16_pct,2.0,Qwen2.5-7B,LLaMA-3.1-8B,pass1_pct,False,0.22744503411674089
GSM8K,pass16_pct,2.0,Qwen2.5-7B,LLaMA-3.1-8B,pass16_pct,True,0.22744503411674089
GSM8K,pass16_pct,2.0,Qwen2.5-7B,LLaMA-3.1-8B,high_conf_accuracy_pct,True,0.22744503411674089
GSM8K,pass16_pct,3.0,Qwen2.5-7B,LLaMA-3.1-8B,frs_pct,True,0.22744503411674089
GSM8K,pass16_pct,3.0,Qwen2.5-7B,LLaMA-3.1-8B,pass1_pct,False,0.22744503411674089
GSM8K,pass16_pct,3.0,Qwen2.5-7B,LLaMA-3.1-8B,pass16_pct,True,0.22744503411674089
GSM8K,pass16_pct,3.0,Qwen2.5-7B,LLaMA-3.1-8B,high_conf_accuracy_pct,True,0.22744503411674089
GSM8K,pass16_pct,5.0,Qwen2.5-7B,LLaMA-3.1-8B,frs_pct,True,0.22744503411674089
GSM8K,pass16_pct,5.0,Qwen2.5-7B,LLaMA-3.1-8B,pass1_pct,False,0.22744503411674089
GSM8K,pass16_pct,5.0,Qwen2.5-7B,LLaMA-3.1-8B,pass16_pct,True,0.22744503411674089
GSM8K,pass16_pct,5.0,Qwen2.5-7B,LLaMA-3.1-8B,high_conf_accuracy_pct,True,0.22744503411674089
MATH500,pass16_pct,1.0,DS-R1-7B,Qwen3-4B,frs_pct,True,0.20000000000000284
MATH500,pass16_pct,1.0,DS-R1-7B,Qwen3-4B,pass1_pct,True,0.20000000000000284
MATH500,pass16_pct,1.0,DS-R1-7B,Qwen3-4B,pass16_pct,False,0.20000000000000284
MATH500,pass16_pct,1.0,DS-R1-7B,Qwen3-4B,high_conf_accuracy_pct,True,0.20000000000000284
MATH500,pass16_pct,2.0,DS-R1-7B,Qwen3-4B,frs_pct,True,0.20000000000000284
MATH500,pass16_pct,2.0,DS-R1-7B,Qwen3-4B,pass1_pct,True,0.20000000000000284
MATH500,pass16_pct,2.0,DS-R1-7B,Qwen3-4B,pass16_pct,False,0.20000000000000284
MATH500,pass16_pct,2.0,DS-R1-7B,Qwen3-4B,high_conf_accuracy_pct,True,0.20000000000000284
MATH500,pass16_pct,3.0,DS-R1-7B,Qwen3-4B,frs_pct,True,0.20000000000000284
MATH500,pass16_pct,3.0,DS-R1-7B,Qwen3-4B,pass1_pct,True,0.20000000000000284
MATH500,pass16_pct,3.0,DS-R1-7B,Qwen3-4B,pass16_pct,False,0.20000000000000284
MATH500,pass16_pct,3.0,DS-R1-7B,Qwen3-4B,high_conf_accuracy_pct,True,0.20000000000000284
MATH500,pass16_pct,5.0,DS-R1-7B,Qwen3-4B,frs_pct,True,0.20000000000000284
MATH500,pass16_pct,5.0,DS-R1-7B,Qwen3-4B,pass1_pct,True,0.20000000000000284
MATH500,pass16_pct,5.0,DS-R1-7B,Qwen3-4B,pass16_pct,False,0.20000000000000284
MATH500,pass16_pct,5.0,DS-R1-7B,Qwen3-4B,high_conf_accuracy_pct,True,0.20000000000000284
MATH500,pass1_pct,3.0,DS-R1-7B,Phi-4,frs_pct,False,2.8000000000000043
MATH500,pass1_pct,3.0,DS-R1-7B,Phi-4,pass1_pct,False,2.8000000000000043
MATH500,pass1_pct,3.0,DS-R1-7B,Phi-4,pass16_pct,True,2.8000000000000043
MATH500,pass1_pct,3.0,DS-R1-7B,Phi-4,high_conf_accuracy_pct,False,2.8000000000000043
MATH500,pass1_pct,5.0,DS-R1-7B,Phi-4,frs_pct,False,2.8000000000000043
MATH500,pass1_pct,5.0,DS-R1-7B,Phi-4,pass1_pct,False,2.8000000000000043
MATH500,pass1_pct,5.0,DS-R1-7B,Phi-4,pass16_pct,True,2.8000000000000043
MATH500,pass1_pct,5.0,DS-R1-7B,Phi-4,high_conf_accuracy_pct,False,2.8000000000000043
MATH500,pass1_pct,1.0,DS-R1-7B,Qwen2.5-Math,frs_pct,False,0.0
MATH500,pass1_pct,1.0,DS-R1-7B,Qwen2.5-Math,pass1_pct,False,0.0
MATH500,pass1_pct,1.0,DS-R1-7B,Qwen2.5-Math,pass16_pct,True,0.0
MATH500,pass1_pct,1.0,DS-R1-7B,Qwen2.5-Math,high_conf_accuracy_pct,False,0.0
MATH500,pass1_pct,2.0,DS-R1-7B,Qwen2.5-Math,frs_pct,False,0.0
MATH500,pass1_pct,2.0,DS-R1-7B,Qwen2.5-Math,pass1_pct,False,0.0
MATH500,pass1_pct,2.0,DS-R1-7B,Qwen2.5-Math,pass16_pct,True,0.0
MATH500,pass1_pct,2.0,DS-R1-7B,Qwen2.5-Math,high_conf_accuracy_pct,False,0.0
MATH500,pass1_pct,3.0,DS-R1-7B,Qwen2.5-Math,frs_pct,False,0.0
MATH500,pass1_pct,3.0,DS-R1-7B,Qwen2.5-Math,pass1_pct,False,0.0
MATH500,pass1_pct,3.0,DS-R1-7B,Qwen2.5-Math,pass16_pct,True,0.0
MATH500,pass1_pct,3.0,DS-R1-7B,Qwen2.5-Math,high_conf_accuracy_pct,False,0.0
MATH500,pass1_pct,5.0,DS-R1-7B,Qwen2.5-Math,frs_pct,False,0.0
MATH500,pass1_pct,5.0,DS-R1-7B,Qwen2.5-Math,pass1_pct,False,0.0
MATH500,pass1_pct,5.0,DS-R1-7B,Qwen2.5-Math,pass16_pct,True,0.0
MATH500,pass1_pct,5.0,DS-R1-7B,Qwen2.5-Math,high_conf_accuracy_pct,False,0.0
MATH500,pass16_pct,3.0,DS-R1-7B,Qwen2.5-Math,frs_pct,False,2.200000000000003
MATH500,pass16_pct,3.0,DS-R1-7B,Qwen2.5-Math,pass1_pct,False,2.200000000000003
MATH500,pass16_pct,3.0,DS-R1-7B,Qwen2.5-Math,pass16_pct,True,2.200000000000003
MATH500,pass16_pct,3.0,DS-R1-7B,Qwen2.5-Math,high_conf_accuracy_pct,False,2.200000000000003
MATH500,pass16_pct,5.0,DS-R1-7B,Qwen2.5-Math,frs_pct,False,2.200000000000003
MATH500,pass16_pct,5.0,DS-R1-7B,Qwen2.5-Math,pass1_pct,False,2.200000000000003
MATH500,pass16_pct,5.0,DS-R1-7B,Qwen2.5-Math,pass16_pct,True,2.200000000000003
MATH500,pass16_pct,5.0,DS-R1-7B,Qwen2.5-Math,high_conf_accuracy_pct,False,2.200000000000003
MATH500,pass1_pct,3.0,DS-R1-7B,Qwen2.5-7B,frs_pct,True,3.0
MATH500,pass1_pct,3.0,DS-R1-7B,Qwen2.5-7B,pass1_pct,True,3.0
MATH500,pass1_pct,3.0,DS-R1-7B,Qwen2.5-7B,pass16_pct,False,3.0
MATH500,pass1_pct,3.0,DS-R1-7B,Qwen2.5-7B,high_conf_accuracy_pct,True,3.0
MATH500,pass1_pct,5.0,DS-R1-7B,Qwen2.5-7B,frs_pct,True,3.0
MATH500,pass1_pct,5.0,DS-R1-7B,Qwen2.5-7B,pass1_pct,True,3.0
MATH500,pass1_pct,5.0,DS-R1-7B,Qwen2.5-7B,pass16_pct,False,3.0
MATH500,pass1_pct,5.0,DS-R1-7B,Qwen2.5-7B,high_conf_accuracy_pct,True,3.0
MATH500,pass16_pct,5.0,DS-R1-7B,LLaMA-3.1-8B,frs_pct,True,4.0
MATH500,pass16_pct,5.0,DS-R1-7B,LLaMA-3.1-8B,pass1_pct,True,4.0
MATH500,pass16_pct,5.0,DS-R1-7B,LLaMA-3.1-8B,pass16_pct,False,4.0
MATH500,pass16_pct,5.0,DS-R1-7B,LLaMA-3.1-8B,high_conf_accuracy_pct,True,4.0
MATH500,pass16_pct,5.0,DS-R1-1.5B,LLaMA-3.1-8B,frs_pct,True,3.799999999999997
MATH500,pass16_pct,5.0,DS-R1-1.5B,LLaMA-3.1-8B,pass1_pct,True,3.799999999999997
MATH500,pass16_pct,5.0,DS-R1-1.5B,LLaMA-3.1-8B,pass16_pct,True,3.799999999999997
MATH500,pass16_pct,5.0,DS-R1-1.5B,LLaMA-3.1-8B,high_conf_accuracy_pct,True,3.799999999999997
MATH500,pass16_pct,2.0,Qwen3-4B,Qwen2.5-Math,frs_pct,True,2.0
MATH500,pass16_pct,2.0,Qwen3-4B,Qwen2.5-Math,pass1_pct,True,2.0
MATH500,pass16_pct,2.0,Qwen3-4B,Qwen2.5-Math,pass16_pct,True,2.0
MATH500,pass16_pct,2.0,Qwen3-4B,Qwen2.5-Math,high_conf_accuracy_pct,True,2.0
MATH500,pass16_pct,3.0,Qwen3-4B,Qwen2.5-Math,frs_pct,True,2.0
MATH500,pass16_pct,3.0,Qwen3-4B,Qwen2.5-Math,pass1_pct,True,2.0
MATH500,pass16_pct,3.0,Qwen3-4B,Qwen2.5-Math,pass16_pct,True,2.0
MATH500,pass16_pct,3.0,Qwen3-4B,Qwen2.5-Math,high_conf_accuracy_pct,True,2.0
MATH500,pass16_pct,5.0,Qwen3-4B,Qwen2.5-Math,frs_pct,True,2.0
MATH500,pass16_pct,5.0,Qwen3-4B,Qwen2.5-Math,pass1_pct,True,2.0
MATH500,pass16_pct,5.0,Qwen3-4B,Qwen2.5-Math,pass16_pct,True,2.0
MATH500,pass16_pct,5.0,Qwen3-4B,Qwen2.5-Math,high_conf_accuracy_pct,True,2.0
MATH500,pass16_pct,5.0,Qwen3-4B,LLaMA-3.1-8B,frs_pct,True,3.799999999999997
MATH500,pass16_pct,5.0,Qwen3-4B,LLaMA-3.1-8B,pass1_pct,True,3.799999999999997
MATH500,pass16_pct,5.0,Qwen3-4B,LLaMA-3.1-8B,pass16_pct,False,3.799999999999997
MATH500,pass16_pct,5.0,Qwen3-4B,LLaMA-3.1-8B,high_conf_accuracy_pct,False,3.799999999999997
MATH500,pass1_pct,3.0,Phi-4,Qwen2.5-Math,frs_pct,False,2.8000000000000043
MATH500,pass1_pct,3.0,Phi-4,Qwen2.5-Math,pass1_pct,False,2.8000000000000043
MATH500,pass1_pct,3.0,Phi-4,Qwen2.5-Math,pass16_pct,True,2.8000000000000043
MATH500,pass1_pct,3.0,Phi-4,Qwen2.5-Math,high_conf_accuracy_pct,False,2.8000000000000043
MATH500,pass1_pct,5.0,Phi-4,Qwen2.5-Math,frs_pct,False,2.8000000000000043
MATH500,pass1_pct,5.0,Phi-4,Qwen2.5-Math,pass1_pct,False,2.8000000000000043
MATH500,pass1_pct,5.0,Phi-4,Qwen2.5-Math,pass16_pct,True,2.8000000000000043
MATH500,pass1_pct,5.0,Phi-4,Qwen2.5-Math,high_conf_accuracy_pct,False,2.8000000000000043
MATH500,pass16_pct,5.0,Phi-4,Phi-4-Reas.,frs_pct,False,3.3999999999999915
MATH500,pass16_pct,5.0,Phi-4,Phi-4-Reas.,pass1_pct,False,3.3999999999999915
MATH500,pass16_pct,5.0,Phi-4,Phi-4-Reas.,pass16_pct,False,3.3999999999999915
MATH500,pass16_pct,5.0,Phi-4,Phi-4-Reas.,high_conf_accuracy_pct,False,3.3999999999999915
MATH500,pass1_pct,1.0,Phi-4,Qwen2.5-7B,frs_pct,False,0.19999999999999574
MATH500,pass1_pct,1.0,Phi-4,Qwen2.5-7B,pass1_pct,True,0.19999999999999574
MATH500,pass1_pct,1.0,Phi-4,Qwen2.5-7B,pass16_pct,True,0.19999999999999574
MATH500,pass1_pct,1.0,Phi-4,Qwen2.5-7B,high_conf_accuracy_pct,True,0.19999999999999574
MATH500,pass1_pct,2.0,Phi-4,Qwen2.5-7B,frs_pct,False,0.19999999999999574
MATH500,pass1_pct,2.0,Phi-4,Qwen2.5-7B,pass1_pct,True,0.19999999999999574
MATH500,pass1_pct,2.0,Phi-4,Qwen2.5-7B,pass16_pct,True,0.19999999999999574
MATH500,pass1_pct,2.0,Phi-4,Qwen2.5-7B,high_conf_accuracy_pct,True,0.19999999999999574
MATH500,pass1_pct,3.0,Phi-4,Qwen2.5-7B,frs_pct,False,0.19999999999999574
MATH500,pass1_pct,3.0,Phi-4,Qwen2.5-7B,pass1_pct,True,0.19999999999999574
MATH500,pass1_pct,3.0,Phi-4,Qwen2.5-7B,pass16_pct,True,0.19999999999999574
MATH500,pass1_pct,3.0,Phi-4,Qwen2.5-7B,high_conf_accuracy_pct,True,0.19999999999999574
MATH500,pass1_pct,5.0,Phi-4,Qwen2.5-7B,frs_pct,False,0.19999999999999574
MATH500,pass1_pct,5.0,Phi-4,Qwen2.5-7B,pass1_pct,True,0.19999999999999574
MATH500,pass1_pct,5.0,Phi-4,Qwen2.5-7B,pass16_pct,True,0.19999999999999574
MATH500,pass1_pct,5.0,Phi-4,Qwen2.5-7B,high_conf_accuracy_pct,True,0.19999999999999574
MATH500,pass16_pct,1.0,Phi-4,Qwen2.5-7B,frs_pct,False,1.0
MATH500,pass16_pct,1.0,Phi-4,Qwen2.5-7B,pass1_pct,True,1.0
MATH500,pass16_pct,1.0,Phi-4,Qwen2.5-7B,pass16_pct,True,1.0
MATH500,pass16_pct,1.0,Phi-4,Qwen2.5-7B,high_conf_accuracy_pct,True,1.0
MATH500,pass16_pct,2.0,Phi-4,Qwen2.5-7B,frs_pct,False,1.0
MATH500,pass16_pct,2.0,Phi-4,Qwen2.5-7B,pass1_pct,True,1.0
MATH500,pass16_pct,2.0,Phi-4,Qwen2.5-7B,pass16_pct,True,1.0
MATH500,pass16_pct,2.0,Phi-4,Qwen2.5-7B,high_conf_accuracy_pct,True,1.0
MATH500,pass16_pct,3.0,Phi-4,Qwen2.5-7B,frs_pct,False,1.0
MATH500,pass16_pct,3.0,Phi-4,Qwen2.5-7B,pass1_pct,True,1.0
MATH500,pass16_pct,3.0,Phi-4,Qwen2.5-7B,pass16_pct,True,1.0
MATH500,pass16_pct,3.0,Phi-4,Qwen2.5-7B,high_conf_accuracy_pct,True,1.0
MATH500,pass16_pct,5.0,Phi-4,Qwen2.5-7B,frs_pct,False,1.0
MATH500,pass16_pct,5.0,Phi-4,Qwen2.5-7B,pass1_pct,True,1.0
MATH500,pass16_pct,5.0,Phi-4,Qwen2.5-7B,pass16_pct,True,1.0
MATH500,pass16_pct,5.0,Phi-4,Qwen2.5-7B,high_conf_accuracy_pct,True,1.0
MATH500,pass1_pct,3.0,Qwen2.5-Math,Qwen2.5-7B,frs_pct,True,3.0
MATH500,pass1_pct,3.0,Qwen2.5-Math,Qwen2.5-7B,pass1_pct,True,3.0
MATH500,pass1_pct,3.0,Qwen2.5-Math,Qwen2.5-7B,pass16_pct,False,3.0
MATH500,pass1_pct,3.0,Qwen2.5-Math,Qwen2.5-7B,high_conf_accuracy_pct,True,3.0
MATH500,pass1_pct,5.0,Qwen2.5-Math,Qwen2.5-7B,frs_pct,True,3.0
MATH500,pass1_pct,5.0,Qwen2.5-Math,Qwen2.5-7B,pass1_pct,True,3.0
MATH500,pass1_pct,5.0,Qwen2.5-Math,Qwen2.5-7B,pass16_pct,False,3.0
MATH500,pass1_pct,5.0,Qwen2.5-Math,Qwen2.5-7B,high_conf_accuracy_pct,True,3.0
MATH500,pass16_pct,2.0,Qwen2.5-Math,LLaMA-3.1-8B,frs_pct,True,1.7999999999999972
MATH500,pass16_pct,2.0,Qwen2.5-Math,LLaMA-3.1-8B,pass1_pct,True,1.7999999999999972
MATH500,pass16_pct,2.0,Qwen2.5-Math,LLaMA-3.1-8B,pass16_pct,False,1.7999999999999972
MATH500,pass16_pct,2.0,Qwen2.5-Math,LLaMA-3.1-8B,high_conf_accuracy_pct,True,1.7999999999999972
MATH500,pass16_pct,3.0,Qwen2.5-Math,LLaMA-3.1-8B,frs_pct,True,1.7999999999999972
MATH500,pass16_pct,3.0,Qwen2.5-Math,LLaMA-3.1-8B,pass1_pct,True,1.7999999999999972
MATH500,pass16_pct,3.0,Qwen2.5-Math,LLaMA-3.1-8B,pass16_pct,False,1.7999999999999972
MATH500,pass16_pct,3.0,Qwen2.5-Math,LLaMA-3.1-8B,high_conf_accuracy_pct,True,1.7999999999999972
MATH500,pass16_pct,5.0,Qwen2.5-Math,LLaMA-3.1-8B,frs_pct,True,1.7999999999999972
MATH500,pass16_pct,5.0,Qwen2.5-Math,LLaMA-3.1-8B,pass1_pct,True,1.7999999999999972
MATH500,pass16_pct,5.0,Qwen2.5-Math,LLaMA-3.1-8B,pass16_pct,False,1.7999999999999972
MATH500,pass16_pct,5.0,Qwen2.5-Math,LLaMA-3.1-8B,high_conf_accuracy_pct,True,1.7999999999999972
MATH500,pass16_pct,5.0,Phi-4-Reas.,Qwen2.5-7B,frs_pct,True,4.3999999999999915
MATH500,pass16_pct,5.0,Phi-4-Reas.,Qwen2.5-7B,pass1_pct,True,4.3999999999999915
MATH500,pass16_pct,5.0,Phi-4-Reas.,Qwen2.5-7B,pass16_pct,True,4.3999999999999915
MATH500,pass16_pct,5.0,Phi-4-Reas.,Qwen2.5-7B,high_conf_accuracy_pct,True,4.3999999999999915
SVAMP,pass16_pct,1.0,DS-R1-7B,DS-R1-1.5B,frs_pct,True,0.7000000000000028
SVAMP,pass16_pct,1.0,DS-R1-7B,DS-R1-1.5B,pass1_pct,True,0.7000000000000028
SVAMP,pass16_pct,1.0,DS-R1-7B,DS-R1-1.5B,pass16_pct,True,0.7000000000000028
SVAMP,pass16_pct,1.0,DS-R1-7B,DS-R1-1.5B,high_conf_accuracy_pct,True,0.7000000000000028
SVAMP,pass16_pct,2.0,DS-R1-7B,DS-R1-1.5B,frs_pct,True,0.7000000000000028
SVAMP,pass16_pct,2.0,DS-R1-7B,DS-R1-1.5B,pass1_pct,True,0.7000000000000028
SVAMP,pass16_pct,2.0,DS-R1-7B,DS-R1-1.5B,pass16_pct,True,0.7000000000000028
SVAMP,pass16_pct,2.0,DS-R1-7B,DS-R1-1.5B,high_conf_accuracy_pct,True,0.7000000000000028
SVAMP,pass16_pct,3.0,DS-R1-7B,DS-R1-1.5B,frs_pct,True,0.7000000000000028
SVAMP,pass16_pct,3.0,DS-R1-7B,DS-R1-1.5B,pass1_pct,True,0.7000000000000028
SVAMP,pass16_pct,3.0,DS-R1-7B,DS-R1-1.5B,pass16_pct,True,0.7000000000000028
SVAMP,pass16_pct,3.0,DS-R1-7B,DS-R1-1.5B,high_conf_accuracy_pct,True,0.7000000000000028
SVAMP,pass16_pct,5.0,DS-R1-7B,DS-R1-1.5B,frs_pct,True,0.7000000000000028
SVAMP,pass16_pct,5.0,DS-R1-7B,DS-R1-1.5B,pass1_pct,True,0.7000000000000028
SVAMP,pass16_pct,5.0,DS-R1-7B,DS-R1-1.5B,pass16_pct,True,0.7000000000000028
SVAMP,pass16_pct,5.0,DS-R1-7B,DS-R1-1.5B,high_conf_accuracy_pct,True,0.7000000000000028
SVAMP,pass16_pct,1.0,DS-R1-7B,Qwen3-4B,frs_pct,True,0.7000000000000028
SVAMP,pass16_pct,1.0,DS-R1-7B,Qwen3-4B,pass1_pct,True,0.7000000000000028
SVAMP,pass16_pct,1.0,DS-R1-7B,Qwen3-4B,pass16_pct,True,0.7000000000000028
SVAMP,pass16_pct,1.0,DS-R1-7B,Qwen3-4B,high_conf_accuracy_pct,True,0.7000000000000028
SVAMP,pass16_pct,2.0,DS-R1-7B,Qwen3-4B,frs_pct,True,0.7000000000000028
SVAMP,pass16_pct,2.0,DS-R1-7B,Qwen3-4B,pass1_pct,True,0.7000000000000028
SVAMP,pass16_pct,2.0,DS-R1-7B,Qwen3-4B,pass16_pct,True,0.7000000000000028
SVAMP,pass16_pct,2.0,DS-R1-7B,Qwen3-4B,high_conf_accuracy_pct,True,0.7000000000000028
SVAMP,pass16_pct,3.0,DS-R1-7B,Qwen3-4B,frs_pct,True,0.7000000000000028
SVAMP,pass16_pct,3.0,DS-R1-7B,Qwen3-4B,pass1_pct,True,0.7000000000000028
SVAMP,pass16_pct,3.0,DS-R1-7B,Qwen3-4B,pass16_pct,True,0.7000000000000028
SVAMP,pass16_pct,3.0,DS-R1-7B,Qwen3-4B,high_conf_accuracy_pct,True,0.7000000000000028
SVAMP,pass16_pct,5.0,DS-R1-7B,Qwen3-4B,frs_pct,True,0.7000000000000028
SVAMP,pass16_pct,5.0,DS-R1-7B,Qwen3-4B,pass1_pct,True,0.7000000000000028
SVAMP,pass16_pct,5.0,DS-R1-7B,Qwen3-4B,pass16_pct,True,0.7000000000000028
SVAMP,pass16_pct,5.0,DS-R1-7B,Qwen3-4B,high_conf_accuracy_pct,True,0.7000000000000028
SVAMP,pass1_pct,2.0,DS-R1-7B,Phi-4,frs_pct,True,1.2000000000000028
SVAMP,pass1_pct,2.0,DS-R1-7B,Phi-4,pass1_pct,False,1.2000000000000028
SVAMP,pass1_pct,2.0,DS-R1-7B,Phi-4,pass16_pct,True,1.2000000000000028
SVAMP,pass1_pct,2.0,DS-R1-7B,Phi-4,high_conf_accuracy_pct,True,1.2000000000000028
SVAMP,pass1_pct,3.0,DS-R1-7B,Phi-4,frs_pct,True,1.2000000000000028
SVAMP,pass1_pct,3.0,DS-R1-7B,Phi-4,pass1_pct,False,1.2000000000000028
SVAMP,pass1_pct,3.0,DS-R1-7B,Phi-4,pass16_pct,True,1.2000000000000028
SVAMP,pass1_pct,3.0,DS-R1-7B,Phi-4,high_conf_accuracy_pct,True,1.2000000000000028
SVAMP,pass1_pct,5.0,DS-R1-7B,Phi-4,frs_pct,True,1.2000000000000028
SVAMP,pass1_pct,5.0,DS-R1-7B,Phi-4,pass1_pct,False,1.2000000000000028
SVAMP,pass1_pct,5.0,DS-R1-7B,Phi-4,pass16_pct,True,1.2000000000000028
SVAMP,pass1_pct,5.0,DS-R1-7B,Phi-4,high_conf_accuracy_pct,True,1.2000000000000028
SVAMP,pass16_pct,1.0,DS-R1-7B,Phi-4,frs_pct,True,0.09999999999999432
SVAMP,pass16_pct,1.0,DS-R1-7B,Phi-4,pass1_pct,False,0.09999999999999432
SVAMP,pass16_pct,1.0,DS-R1-7B,Phi-4,pass16_pct,True,0.09999999999999432
SVAMP,pass16_pct,1.0,DS-R1-7B,Phi-4,high_conf_accuracy_pct,True,0.09999999999999432
SVAMP,pass16_pct,2.0,DS-R1-7B,Phi-4,frs_pct,True,0.09999999999999432
SVAMP,pass16_pct,2.0,DS-R1-7B,Phi-4,pass1_pct,False,0.09999999999999432
SVAMP,pass16_pct,2.0,DS-R1-7B,Phi-4,pass16_pct,True,0.09999999999999432
SVAMP,pass16_pct,2.0,DS-R1-7B,Phi-4,high_conf_accuracy_pct,True,0.09999999999999432
SVAMP,pass16_pct,3.0,DS-R1-7B,Phi-4,frs_pct,True,0.09999999999999432
SVAMP,pass16_pct,3.0,DS-R1-7B,Phi-4,pass1_pct,False,0.09999999999999432
SVAMP,pass16_pct,3.0,DS-R1-7B,Phi-4,pass16_pct,True,0.09999999999999432
SVAMP,pass16_pct,3.0,DS-R1-7B,Phi-4,high_conf_accuracy_pct,True,0.09999999999999432
SVAMP,pass16_pct,5.0,DS-R1-7B,Phi-4,frs_pct,True,0.09999999999999432
SVAMP,pass16_pct,5.0,DS-R1-7B,Phi-4,pass1_pct,False,0.09999999999999432
SVAMP,pass16_pct,5.0,DS-R1-7B,Phi-4,pass16_pct,True,0.09999999999999432
SVAMP,pass16_pct,5.0,DS-R1-7B,Phi-4,high_conf_accuracy_pct,True,0.09999999999999432
SVAMP,pass1_pct,1.0,DS-R1-7B,Qwen2.5-Math,frs_pct,True,0.29999999999999716
SVAMP,pass1_pct,1.0,DS-R1-7B,Qwen2.5-Math,pass1_pct,True,0.29999999999999716
SVAMP,pass1_pct,1.0,DS-R1-7B,Qwen2.5-Math,pass16_pct,False,0.29999999999999716
SVAMP,pass1_pct,1.0,DS-R1-7B,Qwen2.5-Math,high_conf_accuracy_pct,True,0.29999999999999716
SVAMP,pass1_pct,2.0,DS-R1-7B,Qwen2.5-Math,frs_pct,True,0.29999999999999716
SVAMP,pass1_pct,2.0,DS-R1-7B,Qwen2.5-Math,pass1_pct,True,0.29999999999999716
SVAMP,pass1_pct,2.0,DS-R1-7B,Qwen2.5-Math,pass16_pct,False,0.29999999999999716
SVAMP,pass1_pct,2.0,DS-R1-7B,Qwen2.5-Math,high_conf_accuracy_pct,True,0.29999999999999716
SVAMP,pass1_pct,3.0,DS-R1-7B,Qwen2.5-Math,frs_pct,True,0.29999999999999716
SVAMP,pass1_pct,3.0,DS-R1-7B,Qwen2.5-Math,pass1_pct,True,0.29999999999999716
SVAMP,pass1_pct,3.0,DS-R1-7B,Qwen2.5-Math,pass16_pct,False,0.29999999999999716
SVAMP,pass1_pct,3.0,DS-R1-7B,Qwen2.5-Math,high_conf_accuracy_pct,True,0.29999999999999716
SVAMP,pass1_pct,5.0,DS-R1-7B,Qwen2.5-Math,frs_pct,True,0.29999999999999716
SVAMP,pass1_pct,5.0,DS-R1-7B,Qwen2.5-Math,pass1_pct,True,0.29999999999999716
SVAMP,pass1_pct,5.0,DS-R1-7B,Qwen2.5-Math,pass16_pct,False,0.29999999999999716
SVAMP,pass1_pct,5.0,DS-R1-7B,Qwen2.5-Math,high_conf_accuracy_pct,True,0.29999999999999716
SVAMP,pass16_pct,1.0,DS-R1-7B,Qwen2.5-Math,frs_pct,True,0.20000000000000284
SVAMP,pass16_pct,1.0,DS-R1-7B,Qwen2.5-Math,pass1_pct,True,0.20000000000000284
SVAMP,pass16_pct,1.0,DS-R1-7B,Qwen2.5-Math,pass16_pct,False,0.20000000000000284
SVAMP,pass16_pct,1.0,DS-R1-7B,Qwen2.5-Math,high_conf_accuracy_pct,True,0.20000000000000284
SVAMP,pass16_pct,2.0,DS-R1-7B,Qwen2.5-Math,frs_pct,True,0.20000000000000284
SVAMP,pass16_pct,2.0,DS-R1-7B,Qwen2.5-Math,pass1_pct,True,0.20000000000000284
SVAMP,pass16_pct,2.0,DS-R1-7B,Qwen2.5-Math,pass16_pct,False,0.20000000000000284
SVAMP,pass16_pct,2.0,DS-R1-7B,Qwen2.5-Math,high_conf_accuracy_pct,True,0.20000000000000284
SVAMP,pass16_pct,3.0,DS-R1-7B,Qwen2.5-Math,frs_pct,True,0.20000000000000284
SVAMP,pass16_pct,3.0,DS-R1-7B,Qwen2.5-Math,pass1_pct,True,0.20000000000000284
SVAMP,pass16_pct,3.0,DS-R1-7B,Qwen2.5-Math,pass16_pct,False,0.20000000000000284
SVAMP,pass16_pct,3.0,DS-R1-7B,Qwen2.5-Math,high_conf_accuracy_pct,True,0.20000000000000284
SVAMP,pass16_pct,5.0,DS-R1-7B,Qwen2.5-Math,frs_pct,True,0.20000000000000284
SVAMP,pass16_pct,5.0,DS-R1-7B,Qwen2.5-Math,pass1_pct,True,0.20000000000000284
SVAMP,pass16_pct,5.0,DS-R1-7B,Qwen2.5-Math,pass16_pct,False,0.20000000000000284
SVAMP,pass16_pct,5.0,DS-R1-7B,Qwen2.5-Math,high_conf_accuracy_pct,True,0.20000000000000284
SVAMP,pass1_pct,5.0,DS-R1-7B,Phi-4-Reas.,frs_pct,True,3.5
SVAMP,pass1_pct,5.0,DS-R1-7B,Phi-4-Reas.,pass1_pct,False,3.5
SVAMP,pass1_pct,5.0,DS-R1-7B,Phi-4-Reas.,pass16_pct,True,3.5
SVAMP,pass1_pct,5.0,DS-R1-7B,Phi-4-Reas.,high_conf_accuracy_pct,True,3.5
SVAMP,pass16_pct,1.0,DS-R1-7B,Phi-4-Reas.,frs_pct,True,0.5999999999999943
SVAMP,pass16_pct,1.0,DS-R1-7B,Phi-4-Reas.,pass1_pct,False,0.5999999999999943
SVAMP,pass16_pct,1.0,DS-R1-7B,Phi-4-Reas.,pass16_pct,True,0.5999999999999943
SVAMP,pass16_pct,1.0,DS-R1-7B,Phi-4-Reas.,high_conf_accuracy_pct,True,0.5999999999999943
SVAMP,pass16_pct,2.0,DS-R1-7B,Phi-4-Reas.,frs_pct,True,0.5999999999999943
SVAMP,pass16_pct,2.0,DS-R1-7B,Phi-4-Reas.,pass1_pct,False,0.5999999999999943
SVAMP,pass16_pct,2.0,DS-R1-7B,Phi-4-Reas.,pass16_pct,True,0.5999999999999943
SVAMP,pass16_pct,2.0,DS-R1-7B,Phi-4-Reas.,high_conf_accuracy_pct,True,0.5999999999999943
SVAMP,pass16_pct,3.0,DS-R1-7B,Phi-4-Reas.,frs_pct,True,0.5999999999999943
SVAMP,pass16_pct,3.0,DS-R1-7B,Phi-4-Reas.,pass1_pct,False,0.5999999999999943
SVAMP,pass16_pct,3.0,DS-R1-7B,Phi-4-Reas.,pass16_pct,True,0.5999999999999943
SVAMP,pass16_pct,3.0,DS-R1-7B,Phi-4-Reas.,high_conf_accuracy_pct,True,0.5999999999999943
SVAMP,pass16_pct,5.0,DS-R1-7B,Phi-4-Reas.,frs_pct,True,0.5999999999999943
SVAMP,pass16_pct,5.0,DS-R1-7B,Phi-4-Reas.,pass1_pct,False,0.5999999999999943
SVAMP,pass16_pct,5.0,DS-R1-7B,Phi-4-Reas.,pass16_pct,True,0.5999999999999943
SVAMP,pass16_pct,5.0,DS-R1-7B,Phi-4-Reas.,high_conf_accuracy_pct,True,0.5999999999999943
SVAMP,pass1_pct,3.0,DS-R1-7B,Qwen2.5-7B,frs_pct,True,2.5
SVAMP,pass1_pct,3.0,DS-R1-7B,Qwen2.5-7B,pass1_pct,False,2.5
SVAMP,pass1_pct,3.0,DS-R1-7B,Qwen2.5-7B,pass16_pct,True,2.5
SVAMP,pass1_pct,3.0,DS-R1-7B,Qwen2.5-7B,high_conf_accuracy_pct,True,2.5
SVAMP,pass1_pct,5.0,DS-R1-7B,Qwen2.5-7B,frs_pct,True,2.5
SVAMP,pass1_pct,5.0,DS-R1-7B,Qwen2.5-7B,pass1_pct,False,2.5
SVAMP,pass1_pct,5.0,DS-R1-7B,Qwen2.5-7B,pass16_pct,True,2.5
SVAMP,pass1_pct,5.0,DS-R1-7B,Qwen2.5-7B,high_conf_accuracy_pct,True,2.5
SVAMP,pass16_pct,1.0,DS-R1-7B,Qwen2.5-7B,frs_pct,True,0.4000000000000057
SVAMP,pass16_pct,1.0,DS-R1-7B,Qwen2.5-7B,pass1_pct,False,0.4000000000000057
SVAMP,pass16_pct,1.0,DS-R1-7B,Qwen2.5-7B,pass16_pct,True,0.4000000000000057
SVAMP,pass16_pct,1.0,DS-R1-7B,Qwen2.5-7B,high_conf_accuracy_pct,True,0.4000000000000057
SVAMP,pass16_pct,2.0,DS-R1-7B,Qwen2.5-7B,frs_pct,True,0.4000000000000057
SVAMP,pass16_pct,2.0,DS-R1-7B,Qwen2.5-7B,pass1_pct,False,0.4000000000000057
SVAMP,pass16_pct,2.0,DS-R1-7B,Qwen2.5-7B,pass16_pct,True,0.4000000000000057
SVAMP,pass16_pct,2.0,DS-R1-7B,Qwen2.5-7B,high_conf_accuracy_pct,True,0.4000000000000057
SVAMP,pass16_pct,3.0,DS-R1-7B,Qwen2.5-7B,frs_pct,True,0.4000000000000057
SVAMP,pass16_pct,3.0,DS-R1-7B,Qwen2.5-7B,pass1_pct,False,0.4000000000000057
SVAMP,pass16_pct,3.0,DS-R1-7B,Qwen2.5-7B,pass16_pct,True,0.4000000000000057
SVAMP,pass16_pct,3.0,DS-R1-7B,Qwen2.5-7B,high_conf_accuracy_pct,True,0.4000000000000057
SVAMP,pass16_pct,5.0,DS-R1-7B,Qwen2.5-7B,frs_pct,True,0.4000000000000057
SVAMP,pass16_pct,5.0,DS-R1-7B,Qwen2.5-7B,pass1_pct,False,0.4000000000000057
SVAMP,pass16_pct,5.0,DS-R1-7B,Qwen2.5-7B,pass16_pct,True,0.4000000000000057
SVAMP,pass16_pct,5.0,DS-R1-7B,Qwen2.5-7B,high_conf_accuracy_pct,True,0.4000000000000057
SVAMP,pass16_pct,1.0,DS-R1-7B,LLaMA-3.1-8B,frs_pct,True,0.09999999999999432
SVAMP,pass16_pct,1.0,DS-R1-7B,LLaMA-3.1-8B,pass1_pct,True,0.09999999999999432
SVAMP,pass16_pct,1.0,DS-R1-7B,LLaMA-3.1-8B,pass16_pct,True,0.09999999999999432
SVAMP,pass16_pct,1.0,DS-R1-7B,LLaMA-3.1-8B,high_conf_accuracy_pct,True,0.09999999999999432
SVAMP,pass16_pct,2.0,DS-R1-7B,LLaMA-3.1-8B,frs_pct,True,0.09999999999999432
SVAMP,pass16_pct,2.0,DS-R1-7B,LLaMA-3.1-8B,pass1_pct,True,0.09999999999999432
SVAMP,pass16_pct,2.0,DS-R1-7B,LLaMA-3.1-8B,pass16_pct,True,0.09999999999999432
SVAMP,pass16_pct,2.0,DS-R1-7B,LLaMA-3.1-8B,high_conf_accuracy_pct,True,0.09999999999999432
SVAMP,pass16_pct,3.0,DS-R1-7B,LLaMA-3.1-8B,frs_pct,True,0.09999999999999432
SVAMP,pass16_pct,3.0,DS-R1-7B,LLaMA-3.1-8B,pass1_pct,True,0.09999999999999432
SVAMP,pass16_pct,3.0,DS-R1-7B,LLaMA-3.1-8B,pass16_pct,True,0.09999999999999432
SVAMP,pass16_pct,3.0,DS-R1-7B,LLaMA-3.1-8B,high_conf_accuracy_pct,True,0.09999999999999432
SVAMP,pass16_pct,5.0,DS-R1-7B,LLaMA-3.1-8B,frs_pct,True,0.09999999999999432
SVAMP,pass16_pct,5.0,DS-R1-7B,LLaMA-3.1-8B,pass1_pct,True,0.09999999999999432
SVAMP,pass16_pct,5.0,DS-R1-7B,LLaMA-3.1-8B,pass16_pct,True,0.09999999999999432
SVAMP,pass16_pct,5.0,DS-R1-7B,LLaMA-3.1-8B,high_conf_accuracy_pct,True,0.09999999999999432
SVAMP,pass16_pct,5.0,DS-R1-7B,Gemma-7B,frs_pct,True,3.5999999999999943
SVAMP,pass16_pct,5.0,DS-R1-7B,Gemma-7B,pass1_pct,True,3.5999999999999943
SVAMP,pass16_pct,5.0,DS-R1-7B,Gemma-7B,pass16_pct,True,3.5999999999999943
SVAMP,pass16_pct,5.0,DS-R1-7B,Gemma-7B,high_conf_accuracy_pct,True,3.5999999999999943
SVAMP,pass16_pct,1.0,DS-R1-1.5B,Qwen3-4B,frs_pct,False,0.0
SVAMP,pass16_pct,1.0,DS-R1-1.5B,Qwen3-4B,pass1_pct,True,0.0
SVAMP,pass16_pct,1.0,DS-R1-1.5B,Qwen3-4B,pass16_pct,False,0.0
SVAMP,pass16_pct,1.0,DS-R1-1.5B,Qwen3-4B,high_conf_accuracy_pct,False,0.0
SVAMP,pass16_pct,2.0,DS-R1-1.5B,Qwen3-4B,frs_pct,False,0.0
SVAMP,pass16_pct,2.0,DS-R1-1.5B,Qwen3-4B,pass1_pct,True,0.0
SVAMP,pass16_pct,2.0,DS-R1-1.5B,Qwen3-4B,pass16_pct,False,0.0
SVAMP,pass16_pct,2.0,DS-R1-1.5B,Qwen3-4B,high_conf_accuracy_pct,False,0.0
SVAMP,pass16_pct,3.0,DS-R1-1.5B,Qwen3-4B,frs_pct,False,0.0
SVAMP,pass16_pct,3.0,DS-R1-1.5B,Qwen3-4B,pass1_pct,True,0.0
SVAMP,pass16_pct,3.0,DS-R1-1.5B,Qwen3-4B,pass16_pct,False,0.0
SVAMP,pass16_pct,3.0,DS-R1-1.5B,Qwen3-4B,high_conf_accuracy_pct,False,0.0
SVAMP,pass16_pct,5.0,DS-R1-1.5B,Qwen3-4B,frs_pct,False,0.0
SVAMP,pass16_pct,5.0,DS-R1-1.5B,Qwen3-4B,pass1_pct,True,0.0
SVAMP,pass16_pct,5.0,DS-R1-1.5B,Qwen3-4B,pass16_pct,False,0.0
SVAMP,pass16_pct,5.0,DS-R1-1.5B,Qwen3-4B,high_conf_accuracy_pct,False,0.0
SVAMP,pass16_pct,1.0,DS-R1-1.5B,Phi-4,frs_pct,False,0.6000000000000085
SVAMP,pass16_pct,1.0,DS-R1-1.5B,Phi-4,pass1_pct,True,0.6000000000000085
SVAMP,pass16_pct,1.0,DS-R1-1.5B,Phi-4,pass16_pct,True,0.6000000000000085
SVAMP,pass16_pct,1.0,DS-R1-1.5B,Phi-4,high_conf_accuracy_pct,False,0.6000000000000085
SVAMP,pass16_pct,2.0,DS-R1-1.5B,Phi-4,frs_pct,False,0.6000000000000085
SVAMP,pass16_pct,2.0,DS-R1-1.5B,Phi-4,pass1_pct,True,0.6000000000000085
SVAMP,pass16_pct,2.0,DS-R1-1.5B,Phi-4,pass16_pct,True,0.6000000000000085
SVAMP,pass16_pct,2.0,DS-R1-1.5B,Phi-4,high_conf_accuracy_pct,False,0.6000000000000085
SVAMP,pass16_pct,3.0,DS-R1-1.5B,Phi-4,frs_pct,False,0.6000000000000085
SVAMP,pass16_pct,3.0,DS-R1-1.5B,Phi-4,pass1_pct,True,0.6000000000000085
SVAMP,pass16_pct,3.0,DS-R1-1.5B,Phi-4,pass16_pct,True,0.6000000000000085
SVAMP,pass16_pct,3.0,DS-R1-1.5B,Phi-4,high_conf_accuracy_pct,False,0.6000000000000085
SVAMP,pass16_pct,5.0,DS-R1-1.5B,Phi-4,frs_pct,False,0.6000000000000085
SVAMP,pass16_pct,5.0,DS-R1-1.5B,Phi-4,pass1_pct,True,0.6000000000000085
SVAMP,pass16_pct,5.0,DS-R1-1.5B,Phi-4,pass16_pct,True,0.6000000000000085
SVAMP,pass16_pct,5.0,DS-R1-1.5B,Phi-4,high_conf_accuracy_pct,False,0.6000000000000085
SVAMP,pass16_pct,1.0,DS-R1-1.5B,Qwen2.5-Math,frs_pct,False,0.9000000000000057
SVAMP,pass16_pct,1.0,DS-R1-1.5B,Qwen2.5-Math,pass1_pct,True,0.9000000000000057
SVAMP,pass16_pct,1.0,DS-R1-1.5B,Qwen2.5-Math,pass16_pct,True,0.9000000000000057
SVAMP,pass16_pct,1.0,DS-R1-1.5B,Qwen2.5-Math,high_conf_accuracy_pct,False,0.9000000000000057
SVAMP,pass16_pct,2.0,DS-R1-1.5B,Qwen2.5-Math,frs_pct,False,0.9000000000000057
SVAMP,pass16_pct,2.0,DS-R1-1.5B,Qwen2.5-Math,pass1_pct,True,0.9000000000000057
SVAMP,pass16_pct,2.0,DS-R1-1.5B,Qwen2.5-Math,pass16_pct,True,0.9000000000000057
SVAMP,pass16_pct,2.0,DS-R1-1.5B,Qwen2.5-Math,high_conf_accuracy_pct,False,0.9000000000000057
SVAMP,pass16_pct,3.0,DS-R1-1.5B,Qwen2.5-Math,frs_pct,False,0.9000000000000057
SVAMP,pass16_pct,3.0,DS-R1-1.5B,Qwen2.5-Math,pass1_pct,True,0.9000000000000057
SVAMP,pass16_pct,3.0,DS-R1-1.5B,Qwen2.5-Math,pass16_pct,True,0.9000000000000057
SVAMP,pass16_pct,3.0,DS-R1-1.5B,Qwen2.5-Math,high_conf_accuracy_pct,False,0.9000000000000057
SVAMP,pass16_pct,5.0,DS-R1-1.5B,Qwen2.5-Math,frs_pct,False,0.9000000000000057
SVAMP,pass16_pct,5.0,DS-R1-1.5B,Qwen2.5-Math,pass1_pct,True,0.9000000000000057
SVAMP,pass16_pct,5.0,DS-R1-1.5B,Qwen2.5-Math,pass16_pct,True,0.9000000000000057
SVAMP,pass16_pct,5.0,DS-R1-1.5B,Qwen2.5-Math,high_conf_accuracy_pct,False,0.9000000000000057
SVAMP,pass16_pct,1.0,DS-R1-1.5B,Phi-4-Reas.,frs_pct,False,0.10000000000000853
SVAMP,pass16_pct,1.0,DS-R1-1.5B,Phi-4-Reas.,pass1_pct,True,0.10000000000000853
SVAMP,pass16_pct,1.0,DS-R1-1.5B,Phi-4-Reas.,pass16_pct,True,0.10000000000000853
SVAMP,pass16_pct,1.0,DS-R1-1.5B,Phi-4-Reas.,high_conf_accuracy_pct,True,0.10000000000000853
SVAMP,pass16_pct,2.0,DS-R1-1.5B,Phi-4-Reas.,frs_pct,False,0.10000000000000853
SVAMP,pass16_pct,2.0,DS-R1-1.5B,Phi-4-Reas.,pass1_pct,True,0.10000000000000853
SVAMP,pass16_pct,2.0,DS-R1-1.5B,Phi-4-Reas.,pass16_pct,True,0.10000000000000853
SVAMP,pass16_pct,2.0,DS-R1-1.5B,Phi-4-Reas.,high_conf_accuracy_pct,True,0.10000000000000853
SVAMP,pass16_pct,3.0,DS-R1-1.5B,Phi-4-Reas.,frs_pct,False,0.10000000000000853
SVAMP,pass16_pct,3.0,DS-R1-1.5B,Phi-4-Reas.,pass1_pct,True,0.10000000000000853
SVAMP,pass16_pct,3.0,DS-R1-1.5B,Phi-4-Reas.,pass16_pct,True,0.10000000000000853
SVAMP,pass16_pct,3.0,DS-R1-1.5B,Phi-4-Reas.,high_conf_accuracy_pct,True,0.10000000000000853
SVAMP,pass16_pct,5.0,DS-R1-1.5B,Phi-4-Reas.,frs_pct,False,0.10000000000000853
SVAMP,pass16_pct,5.0,DS-R1-1.5B,Phi-4-Reas.,pass1_pct,True,0.10000000000000853
SVAMP,pass16_pct,5.0,DS-R1-1.5B,Phi-4-Reas.,pass16_pct,True,0.10000000000000853
SVAMP,pass16_pct,5.0,DS-R1-1.5B,Phi-4-Reas.,high_conf_accuracy_pct,True,0.10000000000000853
SVAMP,pass16_pct,1.0,DS-R1-1.5B,Qwen2.5-7B,frs_pct,False,0.29999999999999716
SVAMP,pass16_pct,1.0,DS-R1-1.5B,Qwen2.5-7B,pass1_pct,True,0.29999999999999716
SVAMP,pass16_pct,1.0,DS-R1-1.5B,Qwen2.5-7B,pass16_pct,True,0.29999999999999716
SVAMP,pass16_pct,1.0,DS-R1-1.5B,Qwen2.5-7B,high_conf_accuracy_pct,False,0.29999999999999716
SVAMP,pass16_pct,2.0,DS-R1-1.5B,Qwen2.5-7B,frs_pct,False,0.29999999999999716
SVAMP,pass16_pct,2.0,DS-R1-1.5B,Qwen2.5-7B,pass1_pct,True,0.29999999999999716
SVAMP,pass16_pct,2.0,DS-R1-1.5B,Qwen2.5-7B,pass16_pct,True,0.29999999999999716
SVAMP,pass16_pct,2.0,DS-R1-1.5B,Qwen2.5-7B,high_conf_accuracy_pct,False,0.29999999999999716
SVAMP,pass16_pct,3.0,DS-R1-1.5B,Qwen2.5-7B,frs_pct,False,0.29999999999999716
SVAMP,pass16_pct,3.0,DS-R1-1.5B,Qwen2.5-7B,pass1_pct,True,0.29999999999999716
SVAMP,pass16_pct,3.0,DS-R1-1.5B,Qwen2.5-7B,pass16_pct,True,0.29999999999999716
SVAMP,pass16_pct,3.0,DS-R1-1.5B,Qwen2.5-7B,high_conf_accuracy_pct,False,0.29999999999999716
SVAMP,pass16_pct,5.0,DS-R1-1.5B,Qwen2.5-7B,frs_pct,False,0.29999999999999716
SVAMP,pass16_pct,5.0,DS-R1-1.5B,Qwen2.5-7B,pass1_pct,True,0.29999999999999716
SVAMP,pass16_pct,5.0,DS-R1-1.5B,Qwen2.5-7B,pass16_pct,True,0.29999999999999716
SVAMP,pass16_pct,5.0,DS-R1-1.5B,Qwen2.5-7B,high_conf_accuracy_pct,False,0.29999999999999716
SVAMP,pass16_pct,1.0,DS-R1-1.5B,LLaMA-3.1-8B,frs_pct,False,0.6000000000000085
SVAMP,pass16_pct,1.0,DS-R1-1.5B,LLaMA-3.1-8B,pass1_pct,True,0.6000000000000085
SVAMP,pass16_pct,1.0,DS-R1-1.5B,LLaMA-3.1-8B,pass16_pct,True,0.6000000000000085
SVAMP,pass16_pct,1.0,DS-R1-1.5B,LLaMA-3.1-8B,high_conf_accuracy_pct,False,0.6000000000000085
SVAMP,pass16_pct,2.0,DS-R1-1.5B,LLaMA-3.1-8B,frs_pct,False,0.6000000000000085
SVAMP,pass16_pct,2.0,DS-R1-1.5B,LLaMA-3.1-8B,pass1_pct,True,0.6000000000000085
SVAMP,pass16_pct,2.0,DS-R1-1.5B,LLaMA-3.1-8B,pass16_pct,True,0.6000000000000085
SVAMP,pass16_pct,2.0,DS-R1-1.5B,LLaMA-3.1-8B,high_conf_accuracy_pct,False,0.6000000000000085
SVAMP,pass16_pct,3.0,DS-R1-1.5B,LLaMA-3.1-8B,frs_pct,False,0.6000000000000085
SVAMP,pass16_pct,3.0,DS-R1-1.5B,LLaMA-3.1-8B,pass1_pct,True,0.6000000000000085
SVAMP,pass16_pct,3.0,DS-R1-1.5B,LLaMA-3.1-8B,pass16_pct,True,0.6000000000000085
SVAMP,pass16_pct,3.0,DS-R1-1.5B,LLaMA-3.1-8B,high_conf_accuracy_pct,False,0.6000000000000085
SVAMP,pass16_pct,5.0,DS-R1-1.5B,LLaMA-3.1-8B,frs_pct,False,0.6000000000000085
SVAMP,pass16_pct,5.0,DS-R1-1.5B,LLaMA-3.1-8B,pass1_pct,True,0.6000000000000085
SVAMP,pass16_pct,5.0,DS-R1-1.5B,LLaMA-3.1-8B,pass16_pct,True,0.6000000000000085
SVAMP,pass16_pct,5.0,DS-R1-1.5B,LLaMA-3.1-8B,high_conf_accuracy_pct,False,0.6000000000000085
SVAMP,pass16_pct,3.0,DS-R1-1.5B,Gemma-7B,frs_pct,True,2.8999999999999915
SVAMP,pass16_pct,3.0,DS-R1-1.5B,Gemma-7B,pass1_pct,True,2.8999999999999915
SVAMP,pass16_pct,3.0,DS-R1-1.5B,Gemma-7B,pass16_pct,True,2.8999999999999915
SVAMP,pass16_pct,3.0,DS-R1-1.5B,Gemma-7B,high_conf_accuracy_pct,True,2.8999999999999915
SVAMP,pass16_pct,5.0,DS-R1-1.5B,Gemma-7B,frs_pct,True,2.8999999999999915
SVAMP,pass16_pct,5.0,DS-R1-1.5B,Gemma-7B,pass1_pct,True,2.8999999999999915
SVAMP,pass16_pct,5.0,DS-R1-1.5B,Gemma-7B,pass16_pct,True,2.8999999999999915
SVAMP,pass16_pct,5.0,DS-R1-1.5B,Gemma-7B,high_conf_accuracy_pct,True,2.8999999999999915
SVAMP,pass16_pct,1.0,Qwen3-4B,Phi-4,frs_pct,True,0.6000000000000085
SVAMP,pass16_pct,1.0,Qwen3-4B,Phi-4,pass1_pct,False,0.6000000000000085
SVAMP,pass16_pct,1.0,Qwen3-4B,Phi-4,pass16_pct,False,0.6000000000000085
SVAMP,pass16_pct,1.0,Qwen3-4B,Phi-4,high_conf_accuracy_pct,True,0.6000000000000085
SVAMP,pass16_pct,2.0,Qwen3-4B,Phi-4,frs_pct,True,0.6000000000000085
SVAMP,pass16_pct,2.0,Qwen3-4B,Phi-4,pass1_pct,False,0.6000000000000085
SVAMP,pass16_pct,2.0,Qwen3-4B,Phi-4,pass16_pct,False,0.6000000000000085
SVAMP,pass16_pct,2.0,Qwen3-4B,Phi-4,high_conf_accuracy_pct,True,0.6000000000000085
SVAMP,pass16_pct,3.0,Qwen3-4B,Phi-4,frs_pct,True,0.6000000000000085
SVAMP,pass16_pct,3.0,Qwen3-4B,Phi-4,pass1_pct,False,0.6000000000000085
SVAMP,pass16_pct,3.0,Qwen3-4B,Phi-4,pass16_pct,False,0.6000000000000085
SVAMP,pass16_pct,3.0,Qwen3-4B,Phi-4,high_conf_accuracy_pct,True,0.6000000000000085
SVAMP,pass16_pct,5.0,Qwen3-4B,Phi-4,frs_pct,True,0.6000000000000085
SVAMP,pass16_pct,5.0,Qwen3-4B,Phi-4,pass1_pct,False,0.6000000000000085
SVAMP,pass16_pct,5.0,Qwen3-4B,Phi-4,pass16_pct,False,0.6000000000000085
SVAMP,pass16_pct,5.0,Qwen3-4B,Phi-4,high_conf_accuracy_pct,True,0.6000000000000085
SVAMP,pass16_pct,1.0,Qwen3-4B,Qwen2.5-Math,frs_pct,False,0.9000000000000057
SVAMP,pass16_pct,1.0,Qwen3-4B,Qwen2.5-Math,pass1_pct,True,0.9000000000000057
SVAMP,pass16_pct,1.0,Qwen3-4B,Qwen2.5-Math,pass16_pct,True,0.9000000000000057
SVAMP,pass16_pct,1.0,Qwen3-4B,Qwen2.5-Math,high_conf_accuracy_pct,False,0.9000000000000057
SVAMP,pass16_pct,2.0,Qwen3-4B,Qwen2.5-Math,frs_pct,False,0.9000000000000057
SVAMP,pass16_pct,2.0,Qwen3-4B,Qwen2.5-Math,pass1_pct,True,0.9000000000000057
SVAMP,pass16_pct,2.0,Qwen3-4B,Qwen2.5-Math,pass16_pct,True,0.9000000000000057
SVAMP,pass16_pct,2.0,Qwen3-4B,Qwen2.5-Math,high_conf_accuracy_pct,False,0.9000000000000057
SVAMP,pass16_pct,3.0,Qwen3-4B,Qwen2.5-Math,frs_pct,False,0.9000000000000057
SVAMP,pass16_pct,3.0,Qwen3-4B,Qwen2.5-Math,pass1_pct,True,0.9000000000000057
SVAMP,pass16_pct,3.0,Qwen3-4B,Qwen2.5-Math,pass16_pct,True,0.9000000000000057
SVAMP,pass16_pct,3.0,Qwen3-4B,Qwen2.5-Math,high_conf_accuracy_pct,False,0.9000000000000057
SVAMP,pass16_pct,5.0,Qwen3-4B,Qwen2.5-Math,frs_pct,False,0.9000000000000057
SVAMP,pass16_pct,5.0,Qwen3-4B,Qwen2.5-Math,pass1_pct,True,0.9000000000000057
SVAMP,pass16_pct,5.0,Qwen3-4B,Qwen2.5-Math,pass16_pct,True,0.9000000000000057
SVAMP,pass16_pct,5.0,Qwen3-4B,Qwen2.5-Math,high_conf_accuracy_pct,False,0.9000000000000057
SVAMP,pass16_pct,1.0,Qwen3-4B,Phi-4-Reas.,frs_pct,False,0.10000000000000853
SVAMP,pass16_pct,1.0,Qwen3-4B,Phi-4-Reas.,pass1_pct,True,0.10000000000000853
SVAMP,pass16_pct,1.0,Qwen3-4B,Phi-4-Reas.,pass16_pct,True,0.10000000000000853
SVAMP,pass16_pct,1.0,Qwen3-4B,Phi-4-Reas.,high_conf_accuracy_pct,True,0.10000000000000853
SVAMP,pass16_pct,2.0,Qwen3-4B,Phi-4-Reas.,frs_pct,False,0.10000000000000853
SVAMP,pass16_pct,2.0,Qwen3-4B,Phi-4-Reas.,pass1_pct,True,0.10000000000000853
SVAMP,pass16_pct,2.0,Qwen3-4B,Phi-4-Reas.,pass16_pct,True,0.10000000000000853
SVAMP,pass16_pct,2.0,Qwen3-4B,Phi-4-Reas.,high_conf_accuracy_pct,True,0.10000000000000853
SVAMP,pass16_pct,3.0,Qwen3-4B,Phi-4-Reas.,frs_pct,False,0.10000000000000853
SVAMP,pass16_pct,3.0,Qwen3-4B,Phi-4-Reas.,pass1_pct,True,0.10000000000000853
SVAMP,pass16_pct,3.0,Qwen3-4B,Phi-4-Reas.,pass16_pct,True,0.10000000000000853
SVAMP,pass16_pct,3.0,Qwen3-4B,Phi-4-Reas.,high_conf_accuracy_pct,True,0.10000000000000853
SVAMP,pass16_pct,5.0,Qwen3-4B,Phi-4-Reas.,frs_pct,False,0.10000000000000853
SVAMP,pass16_pct,5.0,Qwen3-4B,Phi-4-Reas.,pass1_pct,True,0.10000000000000853
SVAMP,pass16_pct,5.0,Qwen3-4B,Phi-4-Reas.,pass16_pct,True,0.10000000000000853
SVAMP,pass16_pct,5.0,Qwen3-4B,Phi-4-Reas.,high_conf_accuracy_pct,True,0.10000000000000853
SVAMP,pass16_pct,1.0,Qwen3-4B,Qwen2.5-7B,frs_pct,True,0.29999999999999716
SVAMP,pass16_pct,1.0,Qwen3-4B,Qwen2.5-7B,pass1_pct,False,0.29999999999999716
SVAMP,pass16_pct,1.0,Qwen3-4B,Qwen2.5-7B,pass16_pct,False,0.29999999999999716
SVAMP,pass16_pct,1.0,Qwen3-4B,Qwen2.5-7B,high_conf_accuracy_pct,True,0.29999999999999716
SVAMP,pass16_pct,2.0,Qwen3-4B,Qwen2.5-7B,frs_pct,True,0.29999999999999716
SVAMP,pass16_pct,2.0,Qwen3-4B,Qwen2.5-7B,pass1_pct,False,0.29999999999999716
SVAMP,pass16_pct,2.0,Qwen3-4B,Qwen2.5-7B,pass16_pct,False,0.29999999999999716
SVAMP,pass16_pct,2.0,Qwen3-4B,Qwen2.5-7B,high_conf_accuracy_pct,True,0.29999999999999716
SVAMP,pass16_pct,3.0,Qwen3-4B,Qwen2.5-7B,frs_pct,True,0.29999999999999716
SVAMP,pass16_pct,3.0,Qwen3-4B,Qwen2.5-7B,pass1_pct,False,0.29999999999999716
SVAMP,pass16_pct,3.0,Qwen3-4B,Qwen2.5-7B,pass16_pct,False,0.29999999999999716
SVAMP,pass16_pct,3.0,Qwen3-4B,Qwen2.5-7B,high_conf_accuracy_pct,True,0.29999999999999716
SVAMP,pass16_pct,5.0,Qwen3-4B,Qwen2.5-7B,frs_pct,True,0.29999999999999716
SVAMP,pass16_pct,5.0,Qwen3-4B,Qwen2.5-7B,pass1_pct,False,0.29999999999999716
SVAMP,pass16_pct,5.0,Qwen3-4B,Qwen2.5-7B,pass16_pct,False,0.29999999999999716
SVAMP,pass16_pct,5.0,Qwen3-4B,Qwen2.5-7B,high_conf_accuracy_pct,True,0.29999999999999716
SVAMP,pass16_pct,1.0,Qwen3-4B,LLaMA-3.1-8B,frs_pct,True,0.6000000000000085
SVAMP,pass16_pct,1.0,Qwen3-4B,LLaMA-3.1-8B,pass1_pct,False,0.6000000000000085
SVAMP,pass16_pct,1.0,Qwen3-4B,LLaMA-3.1-8B,pass16_pct,False,0.6000000000000085
SVAMP,pass16_pct,1.0,Qwen3-4B,LLaMA-3.1-8B,high_conf_accuracy_pct,True,0.6000000000000085
SVAMP,pass16_pct,2.0,Qwen3-4B,LLaMA-3.1-8B,frs_pct,True,0.6000000000000085
SVAMP,pass16_pct,2.0,Qwen3-4B,LLaMA-3.1-8B,pass1_pct,False,0.6000000000000085
SVAMP,pass16_pct,2.0,Qwen3-4B,LLaMA-3.1-8B,pass16_pct,False,0.6000000000000085
SVAMP,pass16_pct,2.0,Qwen3-4B,LLaMA-3.1-8B,high_conf_accuracy_pct,True,0.6000000000000085
SVAMP,pass16_pct,3.0,Qwen3-4B,LLaMA-3.1-8B,frs_pct,True,0.6000000000000085
SVAMP,pass16_pct,3.0,Qwen3-4B,LLaMA-3.1-8B,pass1_pct,False,0.6000000000000085
SVAMP,pass16_pct,3.0,Qwen3-4B,LLaMA-3.1-8B,pass16_pct,False,0.6000000000000085
SVAMP,pass16_pct,3.0,Qwen3-4B,LLaMA-3.1-8B,high_conf_accuracy_pct,True,0.6000000000000085
SVAMP,pass16_pct,5.0,Qwen3-4B,LLaMA-3.1-8B,frs_pct,True,0.6000000000000085
SVAMP,pass16_pct,5.0,Qwen3-4B,LLaMA-3.1-8B,pass1_pct,False,0.6000000000000085
SVAMP,pass16_pct,5.0,Qwen3-4B,LLaMA-3.1-8B,pass16_pct,False,0.6000000000000085
SVAMP,pass16_pct,5.0,Qwen3-4B,LLaMA-3.1-8B,high_conf_accuracy_pct,True,0.6000000000000085
SVAMP,pass16_pct,3.0,Qwen3-4B,Gemma-7B,frs_pct,True,2.8999999999999915
SVAMP,pass16_pct,3.0,Qwen3-4B,Gemma-7B,pass1_pct,True,2.8999999999999915
SVAMP,pass16_pct,3.0,Qwen3-4B,Gemma-7B,pass16_pct,True,2.8999999999999915
SVAMP,pass16_pct,3.0,Qwen3-4B,Gemma-7B,high_conf_accuracy_pct,True,2.8999999999999915
SVAMP,pass16_pct,5.0,Qwen3-4B,Gemma-7B,frs_pct,True,2.8999999999999915
SVAMP,pass16_pct,5.0,Qwen3-4B,Gemma-7B,pass1_pct,True,2.8999999999999915
SVAMP,pass16_pct,5.0,Qwen3-4B,Gemma-7B,pass16_pct,True,2.8999999999999915
SVAMP,pass16_pct,5.0,Qwen3-4B,Gemma-7B,high_conf_accuracy_pct,True,2.8999999999999915
SVAMP,pass1_pct,2.0,Phi-4,Qwen2.5-Math,frs_pct,False,1.5
SVAMP,pass1_pct,2.0,Phi-4,Qwen2.5-Math,pass1_pct,False,1.5
SVAMP,pass1_pct,2.0,Phi-4,Qwen2.5-Math,pass16_pct,True,1.5
SVAMP,pass1_pct,2.0,Phi-4,Qwen2.5-Math,high_conf_accuracy_pct,False,1.5
SVAMP,pass1_pct,3.0,Phi-4,Qwen2.5-Math,frs_pct,False,1.5
SVAMP,pass1_pct,3.0,Phi-4,Qwen2.5-Math,pass1_pct,False,1.5
SVAMP,pass1_pct,3.0,Phi-4,Qwen2.5-Math,pass16_pct,True,1.5
SVAMP,pass1_pct,3.0,Phi-4,Qwen2.5-Math,high_conf_accuracy_pct,False,1.5
SVAMP,pass1_pct,5.0,Phi-4,Qwen2.5-Math,frs_pct,False,1.5
SVAMP,pass1_pct,5.0,Phi-4,Qwen2.5-Math,pass1_pct,False,1.5
SVAMP,pass1_pct,5.0,Phi-4,Qwen2.5-Math,pass16_pct,True,1.5
SVAMP,pass1_pct,5.0,Phi-4,Qwen2.5-Math,high_conf_accuracy_pct,False,1.5
SVAMP,pass16_pct,1.0,Phi-4,Qwen2.5-Math,frs_pct,False,0.29999999999999716
SVAMP,pass16_pct,1.0,Phi-4,Qwen2.5-Math,pass1_pct,False,0.29999999999999716
SVAMP,pass16_pct,1.0,Phi-4,Qwen2.5-Math,pass16_pct,True,0.29999999999999716
SVAMP,pass16_pct,1.0,Phi-4,Qwen2.5-Math,high_conf_accuracy_pct,False,0.29999999999999716
SVAMP,pass16_pct,2.0,Phi-4,Qwen2.5-Math,frs_pct,False,0.29999999999999716
SVAMP,pass16_pct,2.0,Phi-4,Qwen2.5-Math,pass1_pct,False,0.29999999999999716
SVAMP,pass16_pct,2.0,Phi-4,Qwen2.5-Math,pass16_pct,True,0.29999999999999716
SVAMP,pass16_pct,2.0,Phi-4,Qwen2.5-Math,high_conf_accuracy_pct,False,0.29999999999999716
SVAMP,pass16_pct,3.0,Phi-4,Qwen2.5-Math,frs_pct,False,0.29999999999999716
SVAMP,pass16_pct,3.0,Phi-4,Qwen2.5-Math,pass1_pct,False,0.29999999999999716
SVAMP,pass16_pct,3.0,Phi-4,Qwen2.5-Math,pass16_pct,True,0.29999999999999716
SVAMP,pass16_pct,3.0,Phi-4,Qwen2.5-Math,high_conf_accuracy_pct,False,0.29999999999999716
SVAMP,pass16_pct,5.0,Phi-4,Qwen2.5-Math,frs_pct,False,0.29999999999999716
SVAMP,pass16_pct,5.0,Phi-4,Qwen2.5-Math,pass1_pct,False,0.29999999999999716
SVAMP,pass16_pct,5.0,Phi-4,Qwen2.5-Math,pass16_pct,True,0.29999999999999716
SVAMP,pass16_pct,5.0,Phi-4,Qwen2.5-Math,high_conf_accuracy_pct,False,0.29999999999999716
SVAMP,pass1_pct,3.0,Phi-4,Phi-4-Reas.,frs_pct,False,2.299999999999997
SVAMP,pass1_pct,3.0,Phi-4,Phi-4-Reas.,pass1_pct,True,2.299999999999997
SVAMP,pass1_pct,3.0,Phi-4,Phi-4-Reas.,pass16_pct,False,2.299999999999997
SVAMP,pass1_pct,3.0,Phi-4,Phi-4-Reas.,high_conf_accuracy_pct,True,2.299999999999997
SVAMP,pass1_pct,5.0,Phi-4,Phi-4-Reas.,frs_pct,False,2.299999999999997
SVAMP,pass1_pct,5.0,Phi-4,Phi-4-Reas.,pass1_pct,True,2.299999999999997
SVAMP,pass1_pct,5.0,Phi-4,Phi-4-Reas.,pass16_pct,False,2.299999999999997
SVAMP,pass1_pct,5.0,Phi-4,Phi-4-Reas.,high_conf_accuracy_pct,True,2.299999999999997
SVAMP,pass16_pct,1.0,Phi-4,Phi-4-Reas.,frs_pct,False,0.5
SVAMP,pass16_pct,1.0,Phi-4,Phi-4-Reas.,pass1_pct,True,0.5
SVAMP,pass16_pct,1.0,Phi-4,Phi-4-Reas.,pass16_pct,False,0.5
SVAMP,pass16_pct,1.0,Phi-4,Phi-4-Reas.,high_conf_accuracy_pct,True,0.5
SVAMP,pass16_pct,2.0,Phi-4,Phi-4-Reas.,frs_pct,False,0.5
SVAMP,pass16_pct,2.0,Phi-4,Phi-4-Reas.,pass1_pct,True,0.5
SVAMP,pass16_pct,2.0,Phi-4,Phi-4-Reas.,pass16_pct,False,0.5
SVAMP,pass16_pct,2.0,Phi-4,Phi-4-Reas.,high_conf_accuracy_pct,True,0.5
SVAMP,pass16_pct,3.0,Phi-4,Phi-4-Reas.,frs_pct,False,0.5
SVAMP,pass16_pct,3.0,Phi-4,Phi-4-Reas.,pass1_pct,True,0.5
SVAMP,pass16_pct,3.0,Phi-4,Phi-4-Reas.,pass16_pct,False,0.5
SVAMP,pass16_pct,3.0,Phi-4,Phi-4-Reas.,high_conf_accuracy_pct,True,0.5
SVAMP,pass16_pct,5.0,Phi-4,Phi-4-Reas.,frs_pct,False,0.5
SVAMP,pass16_pct,5.0,Phi-4,Phi-4-Reas.,pass1_pct,True,0.5
SVAMP,pass16_pct,5.0,Phi-4,Phi-4-Reas.,pass16_pct,False,0.5
SVAMP,pass16_pct,5.0,Phi-4,Phi-4-Reas.,high_conf_accuracy_pct,True,0.5
SVAMP,pass1_pct,2.0,Phi-4,Qwen2.5-7B,frs_pct,True,1.2999999999999972
SVAMP,pass1_pct,2.0,Phi-4,Qwen2.5-7B,pass1_pct,False,1.2999999999999972
SVAMP,pass1_pct,2.0,Phi-4,Qwen2.5-7B,pass16_pct,True,1.2999999999999972
SVAMP,pass1_pct,2.0,Phi-4,Qwen2.5-7B,high_conf_accuracy_pct,False,1.2999999999999972
SVAMP,pass1_pct,3.0,Phi-4,Qwen2.5-7B,frs_pct,True,1.2999999999999972
SVAMP,pass1_pct,3.0,Phi-4,Qwen2.5-7B,pass1_pct,False,1.2999999999999972
SVAMP,pass1_pct,3.0,Phi-4,Qwen2.5-7B,pass16_pct,True,1.2999999999999972
SVAMP,pass1_pct,3.0,Phi-4,Qwen2.5-7B,high_conf_accuracy_pct,False,1.2999999999999972
SVAMP,pass1_pct,5.0,Phi-4,Qwen2.5-7B,frs_pct,True,1.2999999999999972
SVAMP,pass1_pct,5.0,Phi-4,Qwen2.5-7B,pass1_pct,False,1.2999999999999972
SVAMP,pass1_pct,5.0,Phi-4,Qwen2.5-7B,pass16_pct,True,1.2999999999999972
SVAMP,pass1_pct,5.0,Phi-4,Qwen2.5-7B,high_conf_accuracy_pct,False,1.2999999999999972
SVAMP,pass16_pct,1.0,Phi-4,Qwen2.5-7B,frs_pct,True,0.30000000000001137
SVAMP,pass16_pct,1.0,Phi-4,Qwen2.5-7B,pass1_pct,False,0.30000000000001137
SVAMP,pass16_pct,1.0,Phi-4,Qwen2.5-7B,pass16_pct,True,0.30000000000001137
SVAMP,pass16_pct,1.0,Phi-4,Qwen2.5-7B,high_conf_accuracy_pct,False,0.30000000000001137
SVAMP,pass16_pct,2.0,Phi-4,Qwen2.5-7B,frs_pct,True,0.30000000000001137
SVAMP,pass16_pct,2.0,Phi-4,Qwen2.5-7B,pass1_pct,False,0.30000000000001137
SVAMP,pass16_pct,2.0,Phi-4,Qwen2.5-7B,pass16_pct,True,0.30000000000001137
SVAMP,pass16_pct,2.0,Phi-4,Qwen2.5-7B,high_conf_accuracy_pct,False,0.30000000000001137
SVAMP,pass16_pct,3.0,Phi-4,Qwen2.5-7B,frs_pct,True,0.30000000000001137
SVAMP,pass16_pct,3.0,Phi-4,Qwen2.5-7B,pass1_pct,False,0.30000000000001137
SVAMP,pass16_pct,3.0,Phi-4,Qwen2.5-7B,pass16_pct,True,0.30000000000001137
SVAMP,pass16_pct,3.0,Phi-4,Qwen2.5-7B,high_conf_accuracy_pct,False,0.30000000000001137
SVAMP,pass16_pct,5.0,Phi-4,Qwen2.5-7B,frs_pct,True,0.30000000000001137
SVAMP,pass16_pct,5.0,Phi-4,Qwen2.5-7B,pass1_pct,False,0.30000000000001137
SVAMP,pass16_pct,5.0,Phi-4,Qwen2.5-7B,pass16_pct,True,0.30000000000001137
SVAMP,pass16_pct,5.0,Phi-4,Qwen2.5-7B,high_conf_accuracy_pct,False,0.30000000000001137
SVAMP,pass16_pct,1.0,Phi-4,LLaMA-3.1-8B,frs_pct,False,0.0
SVAMP,pass16_pct,1.0,Phi-4,LLaMA-3.1-8B,pass1_pct,True,0.0
SVAMP,pass16_pct,1.0,Phi-4,LLaMA-3.1-8B,pass16_pct,False,0.0
SVAMP,pass16_pct,1.0,Phi-4,LLaMA-3.1-8B,high_conf_accuracy_pct,False,0.0
SVAMP,pass16_pct,2.0,Phi-4,LLaMA-3.1-8B,frs_pct,False,0.0
SVAMP,pass16_pct,2.0,Phi-4,LLaMA-3.1-8B,pass1_pct,True,0.0
SVAMP,pass16_pct,2.0,Phi-4,LLaMA-3.1-8B,pass16_pct,False,0.0
SVAMP,pass16_pct,2.0,Phi-4,LLaMA-3.1-8B,high_conf_accuracy_pct,False,0.0
SVAMP,pass16_pct,3.0,Phi-4,LLaMA-3.1-8B,frs_pct,False,0.0
SVAMP,pass16_pct,3.0,Phi-4,LLaMA-3.1-8B,pass1_pct,True,0.0
SVAMP,pass16_pct,3.0,Phi-4,LLaMA-3.1-8B,pass16_pct,False,0.0
SVAMP,pass16_pct,3.0,Phi-4,LLaMA-3.1-8B,high_conf_accuracy_pct,False,0.0
SVAMP,pass16_pct,5.0,Phi-4,LLaMA-3.1-8B,frs_pct,False,0.0
SVAMP,pass16_pct,5.0,Phi-4,LLaMA-3.1-8B,pass1_pct,True,0.0
SVAMP,pass16_pct,5.0,Phi-4,LLaMA-3.1-8B,pass16_pct,False,0.0
SVAMP,pass16_pct,5.0,Phi-4,LLaMA-3.1-8B,high_conf_accuracy_pct,False,0.0
SVAMP,pass16_pct,5.0,Phi-4,Gemma-7B,frs_pct,True,3.5
SVAMP,pass16_pct,5.0,Phi-4,Gemma-7B,pass1_pct,True,3.5
SVAMP,pass16_pct,5.0,Phi-4,Gemma-7B,pass16_pct,True,3.5
SVAMP,pass16_pct,5.0,Phi-4,Gemma-7B,high_conf_accuracy_pct,True,3.5
SVAMP,pass1_pct,5.0,Qwen2.5-Math,Phi-4-Reas.,frs_pct,True,3.799999999999997
SVAMP,pass1_pct,5.0,Qwen2.5-Math,Phi-4-Reas.,pass1_pct,True,3.799999999999997
SVAMP,pass1_pct,5.0,Qwen2.5-Math,Phi-4-Reas.,pass16_pct,False,3.799999999999997
SVAMP,pass1_pct,5.0,Qwen2.5-Math,Phi-4-Reas.,high_conf_accuracy_pct,True,3.799999999999997
SVAMP,pass16_pct,1.0,Qwen2.5-Math,Phi-4-Reas.,frs_pct,True,0.7999999999999972
SVAMP,pass16_pct,1.0,Qwen2.5-Math,Phi-4-Reas.,pass1_pct,True,0.7999999999999972
SVAMP,pass16_pct,1.0,Qwen2.5-Math,Phi-4-Reas.,pass16_pct,False,0.7999999999999972
SVAMP,pass16_pct,1.0,Qwen2.5-Math,Phi-4-Reas.,high_conf_accuracy_pct,True,0.7999999999999972
SVAMP,pass16_pct,2.0,Qwen2.5-Math,Phi-4-Reas.,frs_pct,True,0.7999999999999972
SVAMP,pass16_pct,2.0,Qwen2.5-Math,Phi-4-Reas.,pass1_pct,True,0.7999999999999972
SVAMP,pass16_pct,2.0,Qwen2.5-Math,Phi-4-Reas.,pass16_pct,False,0.7999999999999972
SVAMP,pass16_pct,2.0,Qwen2.5-Math,Phi-4-Reas.,high_conf_accuracy_pct,True,0.7999999999999972
SVAMP,pass16_pct,3.0,Qwen2.5-Math,Phi-4-Reas.,frs_pct,True,0.7999999999999972
SVAMP,pass16_pct,3.0,Qwen2.5-Math,Phi-4-Reas.,pass1_pct,True,0.7999999999999972
SVAMP,pass16_pct,3.0,Qwen2.5-Math,Phi-4-Reas.,pass16_pct,False,0.7999999999999972
SVAMP,pass16_pct,3.0,Qwen2.5-Math,Phi-4-Reas.,high_conf_accuracy_pct,True,0.7999999999999972
SVAMP,pass16_pct,5.0,Qwen2.5-Math,Phi-4-Reas.,frs_pct,True,0.7999999999999972
SVAMP,pass16_pct,5.0,Qwen2.5-Math,Phi-4-Reas.,pass1_pct,True,0.7999999999999972
SVAMP,pass16_pct,5.0,Qwen2.5-Math,Phi-4-Reas.,pass16_pct,False,0.7999999999999972
SVAMP,pass16_pct,5.0,Qwen2.5-Math,Phi-4-Reas.,high_conf_accuracy_pct,True,0.7999999999999972
SVAMP,pass1_pct,3.0,Qwen2.5-Math,Qwen2.5-7B,frs_pct,True,2.799999999999997
SVAMP,pass1_pct,3.0,Qwen2.5-Math,Qwen2.5-7B,pass1_pct,False,2.799999999999997
SVAMP,pass1_pct,3.0,Qwen2.5-Math,Qwen2.5-7B,pass16_pct,True,2.799999999999997
SVAMP,pass1_pct,3.0,Qwen2.5-Math,Qwen2.5-7B,high_conf_accuracy_pct,False,2.799999999999997
SVAMP,pass1_pct,5.0,Qwen2.5-Math,Qwen2.5-7B,frs_pct,True,2.799999999999997
SVAMP,pass1_pct,5.0,Qwen2.5-Math,Qwen2.5-7B,pass1_pct,False,2.799999999999997
SVAMP,pass1_pct,5.0,Qwen2.5-Math,Qwen2.5-7B,pass16_pct,True,2.799999999999997
SVAMP,pass1_pct,5.0,Qwen2.5-Math,Qwen2.5-7B,high_conf_accuracy_pct,False,2.799999999999997
SVAMP,pass16_pct,1.0,Qwen2.5-Math,Qwen2.5-7B,frs_pct,True,0.6000000000000085
SVAMP,pass16_pct,1.0,Qwen2.5-Math,Qwen2.5-7B,pass1_pct,False,0.6000000000000085
SVAMP,pass16_pct,1.0,Qwen2.5-Math,Qwen2.5-7B,pass16_pct,True,0.6000000000000085
SVAMP,pass16_pct,1.0,Qwen2.5-Math,Qwen2.5-7B,high_conf_accuracy_pct,False,0.6000000000000085
SVAMP,pass16_pct,2.0,Qwen2.5-Math,Qwen2.5-7B,frs_pct,True,0.6000000000000085
SVAMP,pass16_pct,2.0,Qwen2.5-Math,Qwen2.5-7B,pass1_pct,False,0.6000000000000085
SVAMP,pass16_pct,2.0,Qwen2.5-Math,Qwen2.5-7B,pass16_pct,True,0.6000000000000085
SVAMP,pass16_pct,2.0,Qwen2.5-Math,Qwen2.5-7B,high_conf_accuracy_pct,False,0.6000000000000085
SVAMP,pass16_pct,3.0,Qwen2.5-Math,Qwen2.5-7B,frs_pct,True,0.6000000000000085
SVAMP,pass16_pct,3.0,Qwen2.5-Math,Qwen2.5-7B,pass1_pct,False,0.6000000000000085
SVAMP,pass16_pct,3.0,Qwen2.5-Math,Qwen2.5-7B,pass16_pct,True,0.6000000000000085
SVAMP,pass16_pct,3.0,Qwen2.5-Math,Qwen2.5-7B,high_conf_accuracy_pct,False,0.6000000000000085
SVAMP,pass16_pct,5.0,Qwen2.5-Math,Qwen2.5-7B,frs_pct,True,0.6000000000000085
SVAMP,pass16_pct,5.0,Qwen2.5-Math,Qwen2.5-7B,pass1_pct,False,0.6000000000000085
SVAMP,pass16_pct,5.0,Qwen2.5-Math,Qwen2.5-7B,pass16_pct,True,0.6000000000000085
SVAMP,pass16_pct,5.0,Qwen2.5-Math,Qwen2.5-7B,high_conf_accuracy_pct,False,0.6000000000000085
SVAMP,pass16_pct,1.0,Qwen2.5-Math,LLaMA-3.1-8B,frs_pct,False,0.29999999999999716
SVAMP,pass16_pct,1.0,Qwen2.5-Math,LLaMA-3.1-8B,pass1_pct,True,0.29999999999999716
SVAMP,pass16_pct,1.0,Qwen2.5-Math,LLaMA-3.1-8B,pass16_pct,True,0.29999999999999716
SVAMP,pass16_pct,1.0,Qwen2.5-Math,LLaMA-3.1-8B,high_conf_accuracy_pct,False,0.29999999999999716
SVAMP,pass16_pct,2.0,Qwen2.5-Math,LLaMA-3.1-8B,frs_pct,False,0.29999999999999716
SVAMP,pass16_pct,2.0,Qwen2.5-Math,LLaMA-3.1-8B,pass1_pct,True,0.29999999999999716
SVAMP,pass16_pct,2.0,Qwen2.5-Math,LLaMA-3.1-8B,pass16_pct,True,0.29999999999999716
SVAMP,pass16_pct,2.0,Qwen2.5-Math,LLaMA-3.1-8B,high_conf_accuracy_pct,False,0.29999999999999716
SVAMP,pass16_pct,3.0,Qwen2.5-Math,LLaMA-3.1-8B,frs_pct,False,0.29999999999999716
SVAMP,pass16_pct,3.0,Qwen2.5-Math,LLaMA-3.1-8B,pass1_pct,True,0.29999999999999716
SVAMP,pass16_pct,3.0,Qwen2.5-Math,LLaMA-3.1-8B,pass16_pct,True,0.29999999999999716
SVAMP,pass16_pct,3.0,Qwen2.5-Math,LLaMA-3.1-8B,high_conf_accuracy_pct,False,0.29999999999999716
SVAMP,pass16_pct,5.0,Qwen2.5-Math,LLaMA-3.1-8B,frs_pct,False,0.29999999999999716
SVAMP,pass16_pct,5.0,Qwen2.5-Math,LLaMA-3.1-8B,pass1_pct,True,0.29999999999999716
SVAMP,pass16_pct,5.0,Qwen2.5-Math,LLaMA-3.1-8B,pass16_pct,True,0.29999999999999716
SVAMP,pass16_pct,5.0,Qwen2.5-Math,LLaMA-3.1-8B,high_conf_accuracy_pct,False,0.29999999999999716
SVAMP,pass16_pct,5.0,Qwen2.5-Math,Gemma-7B,frs_pct,True,3.799999999999997
SVAMP,pass16_pct,5.0,Qwen2.5-Math,Gemma-7B,pass1_pct,True,3.799999999999997
SVAMP,pass16_pct,5.0,Qwen2.5-Math,Gemma-7B,pass16_pct,True,3.799999999999997
SVAMP,pass16_pct,5.0,Qwen2.5-Math,Gemma-7B,high_conf_accuracy_pct,True,3.799999999999997
SVAMP,pass1_pct,1.0,Phi-4-Reas.,Qwen2.5-7B,frs_pct,True,1.0
SVAMP,pass1_pct,1.0,Phi-4-Reas.,Qwen2.5-7B,pass1_pct,True,1.0
SVAMP,pass1_pct,1.0,Phi-4-Reas.,Qwen2.5-7B,pass16_pct,False,1.0
SVAMP,pass1_pct,1.0,Phi-4-Reas.,Qwen2.5-7B,high_conf_accuracy_pct,True,1.0
SVAMP,pass1_pct,2.0,Phi-4-Reas.,Qwen2.5-7B,frs_pct,True,1.0
SVAMP,pass1_pct,2.0,Phi-4-Reas.,Qwen2.5-7B,pass1_pct,True,1.0
SVAMP,pass1_pct,2.0,Phi-4-Reas.,Qwen2.5-7B,pass16_pct,False,1.0
SVAMP,pass1_pct,2.0,Phi-4-Reas.,Qwen2.5-7B,high_conf_accuracy_pct,True,1.0
SVAMP,pass1_pct,3.0,Phi-4-Reas.,Qwen2.5-7B,frs_pct,True,1.0
SVAMP,pass1_pct,3.0,Phi-4-Reas.,Qwen2.5-7B,pass1_pct,True,1.0
SVAMP,pass1_pct,3.0,Phi-4-Reas.,Qwen2.5-7B,pass16_pct,False,1.0
SVAMP,pass1_pct,3.0,Phi-4-Reas.,Qwen2.5-7B,high_conf_accuracy_pct,True,1.0
SVAMP,pass1_pct,5.0,Phi-4-Reas.,Qwen2.5-7B,frs_pct,True,1.0
SVAMP,pass1_pct,5.0,Phi-4-Reas.,Qwen2.5-7B,pass1_pct,True,1.0
SVAMP,pass1_pct,5.0,Phi-4-Reas.,Qwen2.5-7B,pass16_pct,False,1.0
SVAMP,pass1_pct,5.0,Phi-4-Reas.,Qwen2.5-7B,high_conf_accuracy_pct,True,1.0
SVAMP,pass16_pct,1.0,Phi-4-Reas.,Qwen2.5-7B,frs_pct,True,0.19999999999998863
SVAMP,pass16_pct,1.0,Phi-4-Reas.,Qwen2.5-7B,pass1_pct,True,0.19999999999998863
SVAMP,pass16_pct,1.0,Phi-4-Reas.,Qwen2.5-7B,pass16_pct,False,0.19999999999998863
SVAMP,pass16_pct,1.0,Phi-4-Reas.,Qwen2.5-7B,high_conf_accuracy_pct,True,0.19999999999998863
SVAMP,pass16_pct,2.0,Phi-4-Reas.,Qwen2.5-7B,frs_pct,True,0.19999999999998863
SVAMP,pass16_pct,2.0,Phi-4-Reas.,Qwen2.5-7B,pass1_pct,True,0.19999999999998863
SVAMP,pass16_pct,2.0,Phi-4-Reas.,Qwen2.5-7B,pass16_pct,False,0.19999999999998863
SVAMP,pass16_pct,2.0,Phi-4-Reas.,Qwen2.5-7B,high_conf_accuracy_pct,True,0.19999999999998863
SVAMP,pass16_pct,3.0,Phi-4-Reas.,Qwen2.5-7B,frs_pct,True,0.19999999999998863
SVAMP,pass16_pct,3.0,Phi-4-Reas.,Qwen2.5-7B,pass1_pct,True,0.19999999999998863
SVAMP,pass16_pct,3.0,Phi-4-Reas.,Qwen2.5-7B,pass16_pct,False,0.19999999999998863
SVAMP,pass16_pct,3.0,Phi-4-Reas.,Qwen2.5-7B,high_conf_accuracy_pct,True,0.19999999999998863
SVAMP,pass16_pct,5.0,Phi-4-Reas.,Qwen2.5-7B,frs_pct,True,0.19999999999998863
SVAMP,pass16_pct,5.0,Phi-4-Reas.,Qwen2.5-7B,pass1_pct,True,0.19999999999998863
SVAMP,pass16_pct,5.0,Phi-4-Reas.,Qwen2.5-7B,pass16_pct,False,0.19999999999998863
SVAMP,pass16_pct,5.0,Phi-4-Reas.,Qwen2.5-7B,high_conf_accuracy_pct,True,0.19999999999998863
SVAMP,pass16_pct,1.0,Phi-4-Reas.,LLaMA-3.1-8B,frs_pct,False,0.5
SVAMP,pass16_pct,1.0,Phi-4-Reas.,LLaMA-3.1-8B,pass1_pct,True,0.5
SVAMP,pass16_pct,1.0,Phi-4-Reas.,LLaMA-3.1-8B,pass16_pct,False,0.5
SVAMP,pass16_pct,1.0,Phi-4-Reas.,LLaMA-3.1-8B,high_conf_accuracy_pct,True,0.5
SVAMP,pass16_pct,2.0,Phi-4-Reas.,LLaMA-3.1-8B,frs_pct,False,0.5
SVAMP,pass16_pct,2.0,Phi-4-Reas.,LLaMA-3.1-8B,pass1_pct,True,0.5
SVAMP,pass16_pct,2.0,Phi-4-Reas.,LLaMA-3.1-8B,pass16_pct,False,0.5
SVAMP,pass16_pct,2.0,Phi-4-Reas.,LLaMA-3.1-8B,high_conf_accuracy_pct,True,0.5
SVAMP,pass16_pct,3.0,Phi-4-Reas.,LLaMA-3.1-8B,frs_pct,False,0.5
SVAMP,pass16_pct,3.0,Phi-4-Reas.,LLaMA-3.1-8B,pass1_pct,True,0.5
SVAMP,pass16_pct,3.0,Phi-4-Reas.,LLaMA-3.1-8B,pass16_pct,False,0.5
SVAMP,pass16_pct,3.0,Phi-4-Reas.,LLaMA-3.1-8B,high_conf_accuracy_pct,True,0.5
SVAMP,pass16_pct,5.0,Phi-4-Reas.,LLaMA-3.1-8B,frs_pct,False,0.5
SVAMP,pass16_pct,5.0,Phi-4-Reas.,LLaMA-3.1-8B,pass1_pct,True,0.5
SVAMP,pass16_pct,5.0,Phi-4-Reas.,LLaMA-3.1-8B,pass16_pct,False,0.5
SVAMP,pass16_pct,5.0,Phi-4-Reas.,LLaMA-3.1-8B,high_conf_accuracy_pct,True,0.5
SVAMP,pass16_pct,3.0,Phi-4-Reas.,Gemma-7B,frs_pct,True,3.0
SVAMP,pass16_pct,3.0,Phi-4-Reas.,Gemma-7B,pass1_pct,True,3.0
SVAMP,pass16_pct,3.0,Phi-4-Reas.,Gemma-7B,pass16_pct,True,3.0
SVAMP,pass16_pct,3.0,Phi-4-Reas.,Gemma-7B,high_conf_accuracy_pct,True,3.0
SVAMP,pass16_pct,5.0,Phi-4-Reas.,Gemma-7B,frs_pct,True,3.0
SVAMP,pass16_pct,5.0,Phi-4-Reas.,Gemma-7B,pass1_pct,True,3.0
SVAMP,pass16_pct,5.0,Phi-4-Reas.,Gemma-7B,pass16_pct,True,3.0
SVAMP,pass16_pct,5.0,Phi-4-Reas.,Gemma-7B,high_conf_accuracy_pct,True,3.0
SVAMP,pass16_pct,1.0,Qwen2.5-7B,LLaMA-3.1-8B,frs_pct,True,0.30000000000001137
SVAMP,pass16_pct,1.0,Qwen2.5-7B,LLaMA-3.1-8B,pass1_pct,False,0.30000000000001137
SVAMP,pass16_pct,1.0,Qwen2.5-7B,LLaMA-3.1-8B,pass16_pct,True,0.30000000000001137
SVAMP,pass16_pct,1.0,Qwen2.5-7B,LLaMA-3.1-8B,high_conf_accuracy_pct,True,0.30000000000001137
SVAMP,pass16_pct,2.0,Qwen2.5-7B,LLaMA-3.1-8B,frs_pct,True,0.30000000000001137
SVAMP,pass16_pct,2.0,Qwen2.5-7B,LLaMA-3.1-8B,pass1_pct,False,0.30000000000001137
SVAMP,pass16_pct,2.0,Qwen2.5-7B,LLaMA-3.1-8B,pass16_pct,True,0.30000000000001137
SVAMP,pass16_pct,2.0,Qwen2.5-7B,LLaMA-3.1-8B,high_conf_accuracy_pct,True,0.30000000000001137
SVAMP,pass16_pct,3.0,Qwen2.5-7B,LLaMA-3.1-8B,frs_pct,True,0.30000000000001137
SVAMP,pass16_pct,3.0,Qwen2.5-7B,LLaMA-3.1-8B,pass1_pct,False,0.30000000000001137
SVAMP,pass16_pct,3.0,Qwen2.5-7B,LLaMA-3.1-8B,pass16_pct,True,0.30000000000001137
SVAMP,pass16_pct,3.0,Qwen2.5-7B,LLaMA-3.1-8B,high_conf_accuracy_pct,True,0.30000000000001137
SVAMP,pass16_pct,5.0,Qwen2.5-7B,LLaMA-3.1-8B,frs_pct,True,0.30000000000001137
SVAMP,pass16_pct,5.0,Qwen2.5-7B,LLaMA-3.1-8B,pass1_pct,False,0.30000000000001137
SVAMP,pass16_pct,5.0,Qwen2.5-7B,LLaMA-3.1-8B,pass16_pct,True,0.30000000000001137
SVAMP,pass16_pct,5.0,Qwen2.5-7B,LLaMA-3.1-8B,high_conf_accuracy_pct,True,0.30000000000001137
SVAMP,pass16_pct,5.0,Qwen2.5-7B,Gemma-7B,frs_pct,True,3.1999999999999886
SVAMP,pass16_pct,5.0,Qwen2.5-7B,Gemma-7B,pass1_pct,True,3.1999999999999886
SVAMP,pass16_pct,5.0,Qwen2.5-7B,Gemma-7B,pass16_pct,True,3.1999999999999886
SVAMP,pass16_pct,5.0,Qwen2.5-7B,Gemma-7B,high_conf_accuracy_pct,True,3.1999999999999886
SVAMP,pass16_pct,5.0,LLaMA-3.1-8B,Gemma-7B,frs_pct,True,3.5
SVAMP,pass16_pct,5.0,LLaMA-3.1-8B,Gemma-7B,pass1_pct,True,3.5
SVAMP,pass16_pct,5.0,LLaMA-3.1-8B,Gemma-7B,pass16_pct,True,3.5
SVAMP,pass16_pct,5.0,LLaMA-3.1-8B,Gemma-7B,high_conf_accuracy_pct,True,3.5
AQuA,pass16_pct,3.0,DS-R1-7B,DS-R1-1.5B,frs_pct,True,2.7559055118110223
AQuA,pass16_pct,3.0,DS-R1-7B,DS-R1-1.5B,pass1_pct,True,2.7559055118110223
AQuA,pass16_pct,3.0,DS-R1-7B,DS-R1-1.5B,pass16_pct,True,2.7559055118110223
AQuA,pass16_pct,3.0,DS-R1-7B,DS-R1-1.5B,high_conf_accuracy_pct,True,2.7559055118110223
AQuA,pass16_pct,5.0,DS-R1-7B,DS-R1-1.5B,frs_pct,True,2.7559055118110223
AQuA,pass16_pct,5.0,DS-R1-7B,DS-R1-1.5B,pass1_pct,True,2.7559055118110223
AQuA,pass16_pct,5.0,DS-R1-7B,DS-R1-1.5B,pass16_pct,True,2.7559055118110223
AQuA,pass16_pct,5.0,DS-R1-7B,DS-R1-1.5B,high_conf_accuracy_pct,True,2.7559055118110223
AQuA,pass16_pct,2.0,DS-R1-7B,Qwen3-4B,frs_pct,True,1.1811023622047259
AQuA,pass16_pct,2.0,DS-R1-7B,Qwen3-4B,pass1_pct,True,1.1811023622047259
AQuA,pass16_pct,2.0,DS-R1-7B,Qwen3-4B,pass16_pct,True,1.1811023622047259
AQuA,pass16_pct,2.0,DS-R1-7B,Qwen3-4B,high_conf_accuracy_pct,True,1.1811023622047259
AQuA,pass16_pct,3.0,DS-R1-7B,Qwen3-4B,frs_pct,True,1.1811023622047259
AQuA,pass16_pct,3.0,DS-R1-7B,Qwen3-4B,pass1_pct,True,1.1811023622047259
AQuA,pass16_pct,3.0,DS-R1-7B,Qwen3-4B,pass16_pct,True,1.1811023622047259
AQuA,pass16_pct,3.0,DS-R1-7B,Qwen3-4B,high_conf_accuracy_pct,True,1.1811023622047259
AQuA,pass16_pct,5.0,DS-R1-7B,Qwen3-4B,frs_pct,True,1.1811023622047259
AQuA,pass16_pct,5.0,DS-R1-7B,Qwen3-4B,pass1_pct,True,1.1811023622047259
AQuA,pass16_pct,5.0,DS-R1-7B,Qwen3-4B,pass16_pct,True,1.1811023622047259
AQuA,pass16_pct,5.0,DS-R1-7B,Qwen3-4B,high_conf_accuracy_pct,True,1.1811023622047259
AQuA,pass16_pct,3.0,DS-R1-7B,Phi-4,frs_pct,False,2.7559055118110223
AQuA,pass16_pct,3.0,DS-R1-7B,Phi-4,pass1_pct,True,2.7559055118110223
AQuA,pass16_pct,3.0,DS-R1-7B,Phi-4,pass16_pct,True,2.7559055118110223
AQuA,pass16_pct,3.0,DS-R1-7B,Phi-4,high_conf_accuracy_pct,False,2.7559055118110223
AQuA,pass16_pct,5.0,DS-R1-7B,Phi-4,frs_pct,False,2.7559055118110223
AQuA,pass16_pct,5.0,DS-R1-7B,Phi-4,pass1_pct,True,2.7559055118110223
AQuA,pass16_pct,5.0,DS-R1-7B,Phi-4,pass16_pct,True,2.7559055118110223
AQuA,pass16_pct,5.0,DS-R1-7B,Phi-4,high_conf_accuracy_pct,False,2.7559055118110223
AQuA,pass16_pct,5.0,DS-R1-7B,Qwen2.5-Math,frs_pct,False,3.5433070866141776
AQuA,pass16_pct,5.0,DS-R1-7B,Qwen2.5-Math,pass1_pct,False,3.5433070866141776
AQuA,pass16_pct,5.0,DS-R1-7B,Qwen2.5-Math,pass16_pct,True,3.5433070866141776
AQuA,pass16_pct,5.0,DS-R1-7B,Qwen2.5-Math,high_conf_accuracy_pct,False,3.5433070866141776
AQuA,pass1_pct,2.0,DS-R1-7B,Phi-4-Reas.,frs_pct,False,1.2000000000000028
AQuA,pass1_pct,2.0,DS-R1-7B,Phi-4-Reas.,pass1_pct,False,1.2000000000000028
AQuA,pass1_pct,2.0,DS-R1-7B,Phi-4-Reas.,pass16_pct,False,1.2000000000000028
AQuA,pass1_pct,2.0,DS-R1-7B,Phi-4-Reas.,high_conf_accuracy_pct,False,1.2000000000000028
AQuA,pass1_pct,3.0,DS-R1-7B,Phi-4-Reas.,frs_pct,False,1.2000000000000028
AQuA,pass1_pct,3.0,DS-R1-7B,Phi-4-Reas.,pass1_pct,False,1.2000000000000028
AQuA,pass1_pct,3.0,DS-R1-7B,Phi-4-Reas.,pass16_pct,False,1.2000000000000028
AQuA,pass1_pct,3.0,DS-R1-7B,Phi-4-Reas.,high_conf_accuracy_pct,False,1.2000000000000028
AQuA,pass1_pct,5.0,DS-R1-7B,Phi-4-Reas.,frs_pct,False,1.2000000000000028
AQuA,pass1_pct,5.0,DS-R1-7B,Phi-4-Reas.,pass1_pct,False,1.2000000000000028
AQuA,pass1_pct,5.0,DS-R1-7B,Phi-4-Reas.,pass16_pct,False,1.2000000000000028
AQuA,pass1_pct,5.0,DS-R1-7B,Phi-4-Reas.,high_conf_accuracy_pct,False,1.2000000000000028
AQuA,pass16_pct,1.0,DS-R1-7B,Phi-4-Reas.,frs_pct,False,0.39370078740155634
AQuA,pass16_pct,1.0,DS-R1-7B,Phi-4-Reas.,pass1_pct,False,0.39370078740155634
AQuA,pass16_pct,1.0,DS-R1-7B,Phi-4-Reas.,pass16_pct,False,0.39370078740155634
AQuA,pass16_pct,1.0,DS-R1-7B,Phi-4-Reas.,high_conf_accuracy_pct,False,0.39370078740155634
AQuA,pass16_pct,2.0,DS-R1-7B,Phi-4-Reas.,frs_pct,False,0.39370078740155634
AQuA,pass16_pct,2.0,DS-R1-7B,Phi-4-Reas.,pass1_pct,False,0.39370078740155634
AQuA,pass16_pct,2.0,DS-R1-7B,Phi-4-Reas.,pass16_pct,False,0.39370078740155634
AQuA,pass16_pct,2.0,DS-R1-7B,Phi-4-Reas.,high_conf_accuracy_pct,False,0.39370078740155634
AQuA,pass16_pct,3.0,DS-R1-7B,Phi-4-Reas.,frs_pct,False,0.39370078740155634
AQuA,pass16_pct,3.0,DS-R1-7B,Phi-4-Reas.,pass1_pct,False,0.39370078740155634
AQuA,pass16_pct,3.0,DS-R1-7B,Phi-4-Reas.,pass16_pct,False,0.39370078740155634
AQuA,pass16_pct,3.0,DS-R1-7B,Phi-4-Reas.,high_conf_accuracy_pct,False,0.39370078740155634
AQuA,pass16_pct,5.0,DS-R1-7B,Phi-4-Reas.,frs_pct,False,0.39370078740155634
AQuA,pass16_pct,5.0,DS-R1-7B,Phi-4-Reas.,pass1_pct,False,0.39370078740155634
AQuA,pass16_pct,5.0,DS-R1-7B,Phi-4-Reas.,pass16_pct,False,0.39370078740155634
AQuA,pass16_pct,5.0,DS-R1-7B,Phi-4-Reas.,high_conf_accuracy_pct,False,0.39370078740155634
AQuA,pass16_pct,2.0,DS-R1-7B,Qwen2.5-7B,frs_pct,True,1.1811023622047259
AQuA,pass16_pct,2.0,DS-R1-7B,Qwen2.5-7B,pass1_pct,False,1.1811023622047259
AQuA,pass16_pct,2.0,DS-R1-7B,Qwen2.5-7B,pass16_pct,False,1.1811023622047259
AQuA,pass16_pct,2.0,DS-R1-7B,Qwen2.5-7B,high_conf_accuracy_pct,True,1.1811023622047259
AQuA,pass16_pct,3.0,DS-R1-7B,Qwen2.5-7B,frs_pct,True,1.1811023622047259
AQuA,pass16_pct,3.0,DS-R1-7B,Qwen2.5-7B,pass1_pct,False,1.1811023622047259
AQuA,pass16_pct,3.0,DS-R1-7B,Qwen2.5-7B,pass16_pct,False,1.1811023622047259
AQuA,pass16_pct,3.0,DS-R1-7B,Qwen2.5-7B,high_conf_accuracy_pct,True,1.1811023622047259
AQuA,pass16_pct,5.0,DS-R1-7B,Qwen2.5-7B,frs_pct,True,1.1811023622047259
AQuA,pass16_pct,5.0,DS-R1-7B,Qwen2.5-7B,pass1_pct,False,1.1811023622047259
AQuA,pass16_pct,5.0,DS-R1-7B,Qwen2.5-7B,pass16_pct,False,1.1811023622047259
AQuA,pass16_pct,5.0,DS-R1-7B,Qwen2.5-7B,high_conf_accuracy_pct,True,1.1811023622047259
AQuA,pass16_pct,5.0,DS-R1-7B,LLaMA-3.1-8B,frs_pct,True,4.330708661417319
AQuA,pass16_pct,5.0,DS-R1-7B,LLaMA-3.1-8B,pass1_pct,True,4.330708661417319
AQuA,pass16_pct,5.0,DS-R1-7B,LLaMA-3.1-8B,pass16_pct,False,4.330708661417319
AQuA,pass16_pct,5.0,DS-R1-7B,LLaMA-3.1-8B,high_conf_accuracy_pct,True,4.330708661417319
AQuA,pass16_pct,2.0,DS-R1-7B,Gemma-7B,frs_pct,True,1.1811023622047259
AQuA,pass16_pct,2.0,DS-R1-7B,Gemma-7B,pass1_pct,True,1.1811023622047259
AQuA,pass16_pct,2.0,DS-R1-7B,Gemma-7B,pass16_pct,False,1.1811023622047259
AQuA,pass16_pct,2.0,DS-R1-7B,Gemma-7B,high_conf_accuracy_pct,True,1.1811023622047259
AQuA,pass16_pct,3.0,DS-R1-7B,Gemma-7B,frs_pct,True,1.1811023622047259
AQuA,pass16_pct,3.0,DS-R1-7B,Gemma-7B,pass1_pct,True,1.1811023622047259
AQuA,pass16_pct,3.0,DS-R1-7B,Gemma-7B,pass16_pct,False,1.1811023622047259
AQuA,pass16_pct,3.0,DS-R1-7B,Gemma-7B,high_conf_accuracy_pct,True,1.1811023622047259
AQuA,pass16_pct,5.0,DS-R1-7B,Gemma-7B,frs_pct,True,1.1811023622047259
AQuA,pass16_pct,5.0,DS-R1-7B,Gemma-7B,pass1_pct,True,1.1811023622047259
AQuA,pass16_pct,5.0,DS-R1-7B,Gemma-7B,pass16_pct,False,1.1811023622047259
AQuA,pass16_pct,5.0,DS-R1-7B,Gemma-7B,high_conf_accuracy_pct,True,1.1811023622047259
AQuA,pass16_pct,2.0,DS-R1-1.5B,Qwen3-4B,frs_pct,False,1.5748031496062964
AQuA,pass16_pct,2.0,DS-R1-1.5B,Qwen3-4B,pass1_pct,True,1.5748031496062964
AQuA,pass16_pct,2.0,DS-R1-1.5B,Qwen3-4B,pass16_pct,True,1.5748031496062964
AQuA,pass16_pct,2.0,DS-R1-1.5B,Qwen3-4B,high_conf_accuracy_pct,False,1.5748031496062964
AQuA,pass16_pct,3.0,DS-R1-1.5B,Qwen3-4B,frs_pct,False,1.5748031496062964
AQuA,pass16_pct,3.0,DS-R1-1.5B,Qwen3-4B,pass1_pct,True,1.5748031496062964
AQuA,pass16_pct,3.0,DS-R1-1.5B,Qwen3-4B,pass16_pct,True,1.5748031496062964
AQuA,pass16_pct,3.0,DS-R1-1.5B,Qwen3-4B,high_conf_accuracy_pct,False,1.5748031496062964
AQuA,pass16_pct,5.0,DS-R1-1.5B,Qwen3-4B,frs_pct,False,1.5748031496062964
AQuA,pass16_pct,5.0,DS-R1-1.5B,Qwen3-4B,pass1_pct,True,1.5748031496062964
AQuA,pass16_pct,5.0,DS-R1-1.5B,Qwen3-4B,pass16_pct,True,1.5748031496062964
AQuA,pass16_pct,5.0,DS-R1-1.5B,Qwen3-4B,high_conf_accuracy_pct,False,1.5748031496062964
AQuA,pass16_pct,3.0,DS-R1-1.5B,Phi-4-Reas.,frs_pct,False,2.362204724409466
AQuA,pass16_pct,3.0,DS-R1-1.5B,Phi-4-Reas.,pass1_pct,True,2.362204724409466
AQuA,pass16_pct,3.0,DS-R1-1.5B,Phi-4-Reas.,pass16_pct,True,2.362204724409466
AQuA,pass16_pct,3.0,DS-R1-1.5B,Phi-4-Reas.,high_conf_accuracy_pct,False,2.362204724409466
AQuA,pass16_pct,5.0,DS-R1-1.5B,Phi-4-Reas.,frs_pct,False,2.362204724409466
AQuA,pass16_pct,5.0,DS-R1-1.5B,Phi-4-Reas.,pass1_pct,True,2.362204724409466
AQuA,pass16_pct,5.0,DS-R1-1.5B,Phi-4-Reas.,pass16_pct,True,2.362204724409466
AQuA,pass16_pct,5.0,DS-R1-1.5B,Phi-4-Reas.,high_conf_accuracy_pct,False,2.362204724409466
AQuA,pass16_pct,5.0,DS-R1-1.5B,Qwen2.5-7B,frs_pct,False,3.937007874015748
AQuA,pass16_pct,5.0,DS-R1-1.5B,Qwen2.5-7B,pass1_pct,True,3.937007874015748
AQuA,pass16_pct,5.0,DS-R1-1.5B,Qwen2.5-7B,pass16_pct,True,3.937007874015748
AQuA,pass16_pct,5.0,DS-R1-1.5B,Qwen2.5-7B,high_conf_accuracy_pct,True,3.937007874015748
AQuA,pass16_pct,5.0,DS-R1-1.5B,Gemma-7B,frs_pct,True,3.937007874015748
AQuA,pass16_pct,5.0,DS-R1-1.5B,Gemma-7B,pass1_pct,True,3.937007874015748
AQuA,pass16_pct,5.0,DS-R1-1.5B,Gemma-7B,pass16_pct,False,3.937007874015748
AQuA,pass16_pct,5.0,DS-R1-1.5B,Gemma-7B,high_conf_accuracy_pct,True,3.937007874015748
AQuA,pass16_pct,5.0,Qwen3-4B,Phi-4,frs_pct,False,3.937007874015748
AQuA,pass16_pct,5.0,Qwen3-4B,Phi-4,pass1_pct,True,3.937007874015748
AQuA,pass16_pct,5.0,Qwen3-4B,Phi-4,pass16_pct,True,3.937007874015748
AQuA,pass16_pct,5.0,Qwen3-4B,Phi-4,high_conf_accuracy_pct,False,3.937007874015748
AQuA,pass16_pct,5.0,Qwen3-4B,Qwen2.5-Math,frs_pct,False,4.7244094488189035
AQuA,pass16_pct,5.0,Qwen3-4B,Qwen2.5-Math,pass1_pct,False,4.7244094488189035
AQuA,pass16_pct,5.0,Qwen3-4B,Qwen2.5-Math,pass16_pct,True,4.7244094488189035
AQuA,pass16_pct,5.0,Qwen3-4B,Qwen2.5-Math,high_conf_accuracy_pct,False,4.7244094488189035
AQuA,pass16_pct,1.0,Qwen3-4B,Phi-4-Reas.,frs_pct,True,0.7874015748031695
AQuA,pass16_pct,1.0,Qwen3-4B,Phi-4-Reas.,pass1_pct,True,0.7874015748031695
AQuA,pass16_pct,1.0,Qwen3-4B,Phi-4-Reas.,pass16_pct,True,0.7874015748031695
AQuA,pass16_pct,1.0,Qwen3-4B,Phi-4-Reas.,high_conf_accuracy_pct,True,0.7874015748031695
AQuA,pass16_pct,2.0,Qwen3-4B,Phi-4-Reas.,frs_pct,True,0.7874015748031695
AQuA,pass16_pct,2.0,Qwen3-4B,Phi-4-Reas.,pass1_pct,True,0.7874015748031695
AQuA,pass16_pct,2.0,Qwen3-4B,Phi-4-Reas.,pass16_pct,True,0.7874015748031695
AQuA,pass16_pct,2.0,Qwen3-4B,Phi-4-Reas.,high_conf_accuracy_pct,True,0.7874015748031695
AQuA,pass16_pct,3.0,Qwen3-4B,Phi-4-Reas.,frs_pct,True,0.7874015748031695
AQuA,pass16_pct,3.0,Qwen3-4B,Phi-4-Reas.,pass1_pct,True,0.7874015748031695
AQuA,pass16_pct,3.0,Qwen3-4B,Phi-4-Reas.,pass16_pct,True,0.7874015748031695
AQuA,pass16_pct,3.0,Qwen3-4B,Phi-4-Reas.,high_conf_accuracy_pct,True,0.7874015748031695
AQuA,pass16_pct,5.0,Qwen3-4B,Phi-4-Reas.,frs_pct,True,0.7874015748031695
AQuA,pass16_pct,5.0,Qwen3-4B,Phi-4-Reas.,pass1_pct,True,0.7874015748031695
AQuA,pass16_pct,5.0,Qwen3-4B,Phi-4-Reas.,pass16_pct,True,0.7874015748031695
AQuA,pass16_pct,5.0,Qwen3-4B,Phi-4-Reas.,high_conf_accuracy_pct,True,0.7874015748031695
AQuA,pass16_pct,3.0,Qwen3-4B,Qwen2.5-7B,frs_pct,False,2.3622047244094517
AQuA,pass16_pct,3.0,Qwen3-4B,Qwen2.5-7B,pass1_pct,True,2.3622047244094517
AQuA,pass16_pct,3.0,Qwen3-4B,Qwen2.5-7B,pass16_pct,True,2.3622047244094517
AQuA,pass16_pct,3.0,Qwen3-4B,Qwen2.5-7B,high_conf_accuracy_pct,True,2.3622047244094517
AQuA,pass16_pct,5.0,Qwen3-4B,Qwen2.5-7B,frs_pct,False,2.3622047244094517
AQuA,pass16_pct,5.0,Qwen3-4B,Qwen2.5-7B,pass1_pct,True,2.3622047244094517
AQuA,pass16_pct,5.0,Qwen3-4B,Qwen2.5-7B,pass16_pct,True,2.3622047244094517
AQuA,pass16_pct,5.0,Qwen3-4B,Qwen2.5-7B,high_conf_accuracy_pct,True,2.3622047244094517
AQuA,pass16_pct,3.0,Qwen3-4B,Gemma-7B,frs_pct,True,2.3622047244094517
AQuA,pass16_pct,3.0,Qwen3-4B,Gemma-7B,pass1_pct,True,2.3622047244094517
AQuA,pass16_pct,3.0,Qwen3-4B,Gemma-7B,pass16_pct,False,2.3622047244094517
AQuA,pass16_pct,3.0,Qwen3-4B,Gemma-7B,high_conf_accuracy_pct,True,2.3622047244094517
AQuA,pass16_pct,5.0,Qwen3-4B,Gemma-7B,frs_pct,True,2.3622047244094517
AQuA,pass16_pct,5.0,Qwen3-4B,Gemma-7B,pass1_pct,True,2.3622047244094517
AQuA,pass16_pct,5.0,Qwen3-4B,Gemma-7B,pass16_pct,False,2.3622047244094517
AQuA,pass16_pct,5.0,Qwen3-4B,Gemma-7B,high_conf_accuracy_pct,True,2.3622047244094517
AQuA,pass16_pct,1.0,Phi-4,Qwen2.5-Math,frs_pct,True,0.7874015748031553
AQuA,pass16_pct,1.0,Phi-4,Qwen2.5-Math,pass1_pct,True,0.7874015748031553
AQuA,pass16_pct,1.0,Phi-4,Qwen2.5-Math,pass16_pct,False,0.7874015748031553
AQuA,pass16_pct,1.0,Phi-4,Qwen2.5-Math,high_conf_accuracy_pct,True,0.7874015748031553
AQuA,pass16_pct,2.0,Phi-4,Qwen2.5-Math,frs_pct,True,0.7874015748031553
AQuA,pass16_pct,2.0,Phi-4,Qwen2.5-Math,pass1_pct,True,0.7874015748031553
AQuA,pass16_pct,2.0,Phi-4,Qwen2.5-Math,pass16_pct,False,0.7874015748031553
AQuA,pass16_pct,2.0,Phi-4,Qwen2.5-Math,high_conf_accuracy_pct,True,0.7874015748031553
AQuA,pass16_pct,3.0,Phi-4,Qwen2.5-Math,frs_pct,True,0.7874015748031553
AQuA,pass16_pct,3.0,Phi-4,Qwen2.5-Math,pass1_pct,True,0.7874015748031553
AQuA,pass16_pct,3.0,Phi-4,Qwen2.5-Math,pass16_pct,False,0.7874015748031553
AQuA,pass16_pct,3.0,Phi-4,Qwen2.5-Math,high_conf_accuracy_pct,True,0.7874015748031553
AQuA,pass16_pct,5.0,Phi-4,Qwen2.5-Math,frs_pct,True,0.7874015748031553
AQuA,pass16_pct,5.0,Phi-4,Qwen2.5-Math,pass1_pct,True,0.7874015748031553
AQuA,pass16_pct,5.0,Phi-4,Qwen2.5-Math,pass16_pct,False,0.7874015748031553
AQuA,pass16_pct,5.0,Phi-4,Qwen2.5-Math,high_conf_accuracy_pct,True,0.7874015748031553
AQuA,pass16_pct,5.0,Phi-4,Phi-4-Reas.,frs_pct,True,3.1496062992125786
AQuA,pass16_pct,5.0,Phi-4,Phi-4-Reas.,pass1_pct,False,3.1496062992125786
AQuA,pass16_pct,5.0,Phi-4,Phi-4-Reas.,pass16_pct,False,3.1496062992125786
AQuA,pass16_pct,5.0,Phi-4,Phi-4-Reas.,high_conf_accuracy_pct,True,3.1496062992125786
AQuA,pass1_pct,1.0,Phi-4,Qwen2.5-7B,frs_pct,True,0.7000000000000028
AQuA,pass1_pct,1.0,Phi-4,Qwen2.5-7B,pass1_pct,False,0.7000000000000028
AQuA,pass1_pct,1.0,Phi-4,Qwen2.5-7B,pass16_pct,True,0.7000000000000028
AQuA,pass1_pct,1.0,Phi-4,Qwen2.5-7B,high_conf_accuracy_pct,False,0.7000000000000028
AQuA,pass1_pct,2.0,Phi-4,Qwen2.5-7B,frs_pct,True,0.7000000000000028
AQuA,pass1_pct,2.0,Phi-4,Qwen2.5-7B,pass1_pct,False,0.7000000000000028
AQuA,pass1_pct,2.0,Phi-4,Qwen2.5-7B,pass16_pct,True,0.7000000000000028
AQuA,pass1_pct,2.0,Phi-4,Qwen2.5-7B,high_conf_accuracy_pct,False,0.7000000000000028
AQuA,pass1_pct,3.0,Phi-4,Qwen2.5-7B,frs_pct,True,0.7000000000000028
AQuA,pass1_pct,3.0,Phi-4,Qwen2.5-7B,pass1_pct,False,0.7000000000000028
AQuA,pass1_pct,3.0,Phi-4,Qwen2.5-7B,pass16_pct,True,0.7000000000000028
AQuA,pass1_pct,3.0,Phi-4,Qwen2.5-7B,high_conf_accuracy_pct,False,0.7000000000000028
AQuA,pass1_pct,5.0,Phi-4,Qwen2.5-7B,frs_pct,True,0.7000000000000028
AQuA,pass1_pct,5.0,Phi-4,Qwen2.5-7B,pass1_pct,False,0.7000000000000028
AQuA,pass1_pct,5.0,Phi-4,Qwen2.5-7B,pass16_pct,True,0.7000000000000028
AQuA,pass1_pct,5.0,Phi-4,Qwen2.5-7B,high_conf_accuracy_pct,False,0.7000000000000028
AQuA,pass16_pct,2.0,Phi-4,Qwen2.5-7B,frs_pct,True,1.5748031496062964
AQuA,pass16_pct,2.0,Phi-4,Qwen2.5-7B,pass1_pct,False,1.5748031496062964
AQuA,pass16_pct,2.0,Phi-4,Qwen2.5-7B,pass16_pct,True,1.5748031496062964
AQuA,pass16_pct,2.0,Phi-4,Qwen2.5-7B,high_conf_accuracy_pct,False,1.5748031496062964
AQuA,pass16_pct,3.0,Phi-4,Qwen2.5-7B,frs_pct,True,1.5748031496062964
AQuA,pass16_pct,3.0,Phi-4,Qwen2.5-7B,pass1_pct,False,1.5748031496062964
AQuA,pass16_pct,3.0,Phi-4,Qwen2.5-7B,pass16_pct,True,1.5748031496062964
AQuA,pass16_pct,3.0,Phi-4,Qwen2.5-7B,high_conf_accuracy_pct,False,1.5748031496062964
AQuA,pass16_pct,5.0,Phi-4,Qwen2.5-7B,frs_pct,True,1.5748031496062964
AQuA,pass16_pct,5.0,Phi-4,Qwen2.5-7B,pass1_pct,False,1.5748031496062964
AQuA,pass16_pct,5.0,Phi-4,Qwen2.5-7B,pass16_pct,True,1.5748031496062964
AQuA,pass16_pct,5.0,Phi-4,Qwen2.5-7B,high_conf_accuracy_pct,False,1.5748031496062964
AQuA,pass16_pct,2.0,Phi-4,LLaMA-3.1-8B,frs_pct,True,1.5748031496062964
AQuA,pass16_pct,2.0,Phi-4,LLaMA-3.1-8B,pass1_pct,True,1.5748031496062964
AQuA,pass16_pct,2.0,Phi-4,LLaMA-3.1-8B,pass16_pct,False,1.5748031496062964
AQuA,pass16_pct,2.0,Phi-4,LLaMA-3.1-8B,high_conf_accuracy_pct,False,1.5748031496062964
AQuA,pass16_pct,3.0,Phi-4,LLaMA-3.1-8B,frs_pct,True,1.5748031496062964
AQuA,pass16_pct,3.0,Phi-4,LLaMA-3.1-8B,pass1_pct,True,1.5748031496062964
AQuA,pass16_pct,3.0,Phi-4,LLaMA-3.1-8B,pass16_pct,False,1.5748031496062964
AQuA,pass16_pct,3.0,Phi-4,LLaMA-3.1-8B,high_conf_accuracy_pct,False,1.5748031496062964
AQuA,pass16_pct,5.0,Phi-4,LLaMA-3.1-8B,frs_pct,True,1.5748031496062964
AQuA,pass16_pct,5.0,Phi-4,LLaMA-3.1-8B,pass1_pct,True,1.5748031496062964
AQuA,pass16_pct,5.0,Phi-4,LLaMA-3.1-8B,pass16_pct,False,1.5748031496062964
AQuA,pass16_pct,5.0,Phi-4,LLaMA-3.1-8B,high_conf_accuracy_pct,False,1.5748031496062964
AQuA,pass16_pct,2.0,Phi-4,Gemma-7B,frs_pct,True,1.5748031496062964
AQuA,pass16_pct,2.0,Phi-4,Gemma-7B,pass1_pct,True,1.5748031496062964
AQuA,pass16_pct,2.0,Phi-4,Gemma-7B,pass16_pct,True,1.5748031496062964
AQuA,pass16_pct,2.0,Phi-4,Gemma-7B,high_conf_accuracy_pct,True,1.5748031496062964
AQuA,pass16_pct,3.0,Phi-4,Gemma-7B,frs_pct,True,1.5748031496062964
AQuA,pass16_pct,3.0,Phi-4,Gemma-7B,pass1_pct,True,1.5748031496062964
AQuA,pass16_pct,3.0,Phi-4,Gemma-7B,pass16_pct,True,1.5748031496062964
AQuA,pass16_pct,3.0,Phi-4,Gemma-7B,high_conf_accuracy_pct,True,1.5748031496062964
AQuA,pass16_pct,5.0,Phi-4,Gemma-7B,frs_pct,True,1.5748031496062964
AQuA,pass16_pct,5.0,Phi-4,Gemma-7B,pass1_pct,True,1.5748031496062964
AQuA,pass16_pct,5.0,Phi-4,Gemma-7B,pass16_pct,True,1.5748031496062964
AQuA,pass16_pct,5.0,Phi-4,Gemma-7B,high_conf_accuracy_pct,True,1.5748031496062964
AQuA,pass16_pct,5.0,Qwen2.5-Math,Phi-4-Reas.,frs_pct,True,3.937007874015734
AQuA,pass16_pct,5.0,Qwen2.5-Math,Phi-4-Reas.,pass1_pct,True,3.937007874015734
AQuA,pass16_pct,5.0,Qwen2.5-Math,Phi-4-Reas.,pass16_pct,False,3.937007874015734
AQuA,pass16_pct,5.0,Qwen2.5-Math,Phi-4-Reas.,high_conf_accuracy_pct,True,3.937007874015734
AQuA,pass16_pct,3.0,Qwen2.5-Math,Qwen2.5-7B,frs_pct,False,2.3622047244094517
AQuA,pass16_pct,3.0,Qwen2.5-Math,Qwen2.5-7B,pass1_pct,False,2.3622047244094517
AQuA,pass16_pct,3.0,Qwen2.5-Math,Qwen2.5-7B,pass16_pct,True,2.3622047244094517
AQuA,pass16_pct,3.0,Qwen2.5-Math,Qwen2.5-7B,high_conf_accuracy_pct,False,2.3622047244094517
AQuA,pass16_pct,5.0,Qwen2.5-Math,Qwen2.5-7B,frs_pct,False,2.3622047244094517
AQuA,pass16_pct,5.0,Qwen2.5-Math,Qwen2.5-7B,pass1_pct,False,2.3622047244094517
AQuA,pass16_pct,5.0,Qwen2.5-Math,Qwen2.5-7B,pass16_pct,True,2.3622047244094517
AQuA,pass16_pct,5.0,Qwen2.5-Math,Qwen2.5-7B,high_conf_accuracy_pct,False,2.3622047244094517
AQuA,pass16_pct,1.0,Qwen2.5-Math,LLaMA-3.1-8B,frs_pct,True,0.7874015748031411
AQuA,pass16_pct,1.0,Qwen2.5-Math,LLaMA-3.1-8B,pass1_pct,False,0.7874015748031411
AQuA,pass16_pct,1.0,Qwen2.5-Math,LLaMA-3.1-8B,pass16_pct,False,0.7874015748031411
AQuA,pass16_pct,1.0,Qwen2.5-Math,LLaMA-3.1-8B,high_conf_accuracy_pct,False,0.7874015748031411
AQuA,pass16_pct,2.0,Qwen2.5-Math,LLaMA-3.1-8B,frs_pct,True,0.7874015748031411
AQuA,pass16_pct,2.0,Qwen2.5-Math,LLaMA-3.1-8B,pass1_pct,False,0.7874015748031411
AQuA,pass16_pct,2.0,Qwen2.5-Math,LLaMA-3.1-8B,pass16_pct,False,0.7874015748031411
AQuA,pass16_pct,2.0,Qwen2.5-Math,LLaMA-3.1-8B,high_conf_accuracy_pct,False,0.7874015748031411
AQuA,pass16_pct,3.0,Qwen2.5-Math,LLaMA-3.1-8B,frs_pct,True,0.7874015748031411
AQuA,pass16_pct,3.0,Qwen2.5-Math,LLaMA-3.1-8B,pass1_pct,False,0.7874015748031411
AQuA,pass16_pct,3.0,Qwen2.5-Math,LLaMA-3.1-8B,pass16_pct,False,0.7874015748031411
AQuA,pass16_pct,3.0,Qwen2.5-Math,LLaMA-3.1-8B,high_conf_accuracy_pct,False,0.7874015748031411
AQuA,pass16_pct,5.0,Qwen2.5-Math,LLaMA-3.1-8B,frs_pct,True,0.7874015748031411
AQuA,pass16_pct,5.0,Qwen2.5-Math,LLaMA-3.1-8B,pass1_pct,False,0.7874015748031411
AQuA,pass16_pct,5.0,Qwen2.5-Math,LLaMA-3.1-8B,pass16_pct,False,0.7874015748031411
AQuA,pass16_pct,5.0,Qwen2.5-Math,LLaMA-3.1-8B,high_conf_accuracy_pct,False,0.7874015748031411
AQuA,pass16_pct,3.0,Qwen2.5-Math,Gemma-7B,frs_pct,True,2.3622047244094517
AQuA,pass16_pct,3.0,Qwen2.5-Math,Gemma-7B,pass1_pct,True,2.3622047244094517
AQuA,pass16_pct,3.0,Qwen2.5-Math,Gemma-7B,pass16_pct,True,2.3622047244094517
AQuA,pass16_pct,3.0,Qwen2.5-Math,Gemma-7B,high_conf_accuracy_pct,True,2.3622047244094517
AQuA,pass16_pct,5.0,Qwen2.5-Math,Gemma-7B,frs_pct,True,2.3622047244094517
AQuA,pass16_pct,5.0,Qwen2.5-Math,Gemma-7B,pass1_pct,True,2.3622047244094517
AQuA,pass16_pct,5.0,Qwen2.5-Math,Gemma-7B,pass16_pct,True,2.3622047244094517
AQuA,pass16_pct,5.0,Qwen2.5-Math,Gemma-7B,high_conf_accuracy_pct,True,2.3622047244094517
AQuA,pass16_pct,2.0,Phi-4-Reas.,Qwen2.5-7B,frs_pct,True,1.5748031496062822
AQuA,pass16_pct,2.0,Phi-4-Reas.,Qwen2.5-7B,pass1_pct,False,1.5748031496062822
AQuA,pass16_pct,2.0,Phi-4-Reas.,Qwen2.5-7B,pass16_pct,False,1.5748031496062822
AQuA,pass16_pct,2.0,Phi-4-Reas.,Qwen2.5-7B,high_conf_accuracy_pct,False,1.5748031496062822
AQuA,pass16_pct,3.0,Phi-4-Reas.,Qwen2.5-7B,frs_pct,True,1.5748031496062822
AQuA,pass16_pct,3.0,Phi-4-Reas.,Qwen2.5-7B,pass1_pct,False,1.5748031496062822
AQuA,pass16_pct,3.0,Phi-4-Reas.,Qwen2.5-7B,pass16_pct,False,1.5748031496062822
AQuA,pass16_pct,3.0,Phi-4-Reas.,Qwen2.5-7B,high_conf_accuracy_pct,False,1.5748031496062822
AQuA,pass16_pct,5.0,Phi-4-Reas.,Qwen2.5-7B,frs_pct,True,1.5748031496062822
AQuA,pass16_pct,5.0,Phi-4-Reas.,Qwen2.5-7B,pass1_pct,False,1.5748031496062822
AQuA,pass16_pct,5.0,Phi-4-Reas.,Qwen2.5-7B,pass16_pct,False,1.5748031496062822
AQuA,pass16_pct,5.0,Phi-4-Reas.,Qwen2.5-7B,high_conf_accuracy_pct,False,1.5748031496062822
AQuA,pass16_pct,5.0,Phi-4-Reas.,LLaMA-3.1-8B,frs_pct,True,4.724409448818875
AQuA,pass16_pct,5.0,Phi-4-Reas.,LLaMA-3.1-8B,pass1_pct,True,4.724409448818875
AQuA,pass16_pct,5.0,Phi-4-Reas.,LLaMA-3.1-8B,pass16_pct,False,4.724409448818875
AQuA,pass16_pct,5.0,Phi-4-Reas.,LLaMA-3.1-8B,high_conf_accuracy_pct,True,4.724409448818875
AQuA,pass16_pct,2.0,Phi-4-Reas.,Gemma-7B,frs_pct,True,1.5748031496062822
AQuA,pass16_pct,2.0,Phi-4-Reas.,Gemma-7B,pass1_pct,True,1.5748031496062822
AQuA,pass16_pct,2.0,Phi-4-Reas.,Gemma-7B,pass16_pct,False,1.5748031496062822
AQuA,pass16_pct,2.0,Phi-4-Reas.,Gemma-7B,high_conf_accuracy_pct,True,1.5748031496062822
AQuA,pass16_pct,3.0,Phi-4-Reas.,Gemma-7B,frs_pct,True,1.5748031496062822
AQuA,pass16_pct,3.0,Phi-4-Reas.,Gemma-7B,pass1_pct,True,1.5748031496062822
AQuA,pass16_pct,3.0,Phi-4-Reas.,Gemma-7B,pass16_pct,False,1.5748031496062822
AQuA,pass16_pct,3.0,Phi-4-Reas.,Gemma-7B,high_conf_accuracy_pct,True,1.5748031496062822
AQuA,pass16_pct,5.0,Phi-4-Reas.,Gemma-7B,frs_pct,True,1.5748031496062822
AQuA,pass16_pct,5.0,Phi-4-Reas.,Gemma-7B,pass1_pct,True,1.5748031496062822
AQuA,pass16_pct,5.0,Phi-4-Reas.,Gemma-7B,pass16_pct,False,1.5748031496062822
AQuA,pass16_pct,5.0,Phi-4-Reas.,Gemma-7B,high_conf_accuracy_pct,True,1.5748031496062822
AQuA,pass16_pct,5.0,Qwen2.5-7B,LLaMA-3.1-8B,frs_pct,True,3.149606299212593
AQuA,pass16_pct,5.0,Qwen2.5-7B,LLaMA-3.1-8B,pass1_pct,True,3.149606299212593
AQuA,pass16_pct,5.0,Qwen2.5-7B,LLaMA-3.1-8B,pass16_pct,False,3.149606299212593
AQuA,pass16_pct,5.0,Qwen2.5-7B,LLaMA-3.1-8B,high_conf_accuracy_pct,True,3.149606299212593
AQuA,pass16_pct,1.0,Qwen2.5-7B,Gemma-7B,frs_pct,True,0.0
AQuA,pass16_pct,1.0,Qwen2.5-7B,Gemma-7B,pass1_pct,True,0.0
AQuA,pass16_pct,1.0,Qwen2.5-7B,Gemma-7B,pass16_pct,False,0.0
AQuA,pass16_pct,1.0,Qwen2.5-7B,Gemma-7B,high_conf_accuracy_pct,True,0.0
AQuA,pass16_pct,2.0,Qwen2.5-7B,Gemma-7B,frs_pct,True,0.0
AQuA,pass16_pct,2.0,Qwen2.5-7B,Gemma-7B,pass1_pct,True,0.0
AQuA,pass16_pct,2.0,Qwen2.5-7B,Gemma-7B,pass16_pct,False,0.0
AQuA,pass16_pct,2.0,Qwen2.5-7B,Gemma-7B,high_conf_accuracy_pct,True,0.0
AQuA,pass16_pct,3.0,Qwen2.5-7B,Gemma-7B,frs_pct,True,0.0
AQuA,pass16_pct,3.0,Qwen2.5-7B,Gemma-7B,pass1_pct,True,0.0
AQuA,pass16_pct,3.0,Qwen2.5-7B,Gemma-7B,pass16_pct,False,0.0
AQuA,pass16_pct,3.0,Qwen2.5-7B,Gemma-7B,high_conf_accuracy_pct,True,0.0
AQuA,pass16_pct,5.0,Qwen2.5-7B,Gemma-7B,frs_pct,True,0.0
AQuA,pass16_pct,5.0,Qwen2.5-7B,Gemma-7B,pass1_pct,True,0.0
AQuA,pass16_pct,5.0,Qwen2.5-7B,Gemma-7B,pass16_pct,False,0.0
AQuA,pass16_pct,5.0,Qwen2.5-7B,Gemma-7B,high_conf_accuracy_pct,True,0.0
AQuA,pass16_pct,5.0,LLaMA-3.1-8B,Gemma-7B,frs_pct,True,3.149606299212593
AQuA,pass16_pct,5.0,LLaMA-3.1-8B,Gemma-7B,pass1_pct,True,3.149606299212593
AQuA,pass16_pct,5.0,LLaMA-3.1-8B,Gemma-7B,pass16_pct,True,3.149606299212593
AQuA,pass16_pct,5.0,LLaMA-3.1-8B,Gemma-7B,high_conf_accuracy_pct,True,3.149606299212593
GPQA,pass16_pct,3.0,DS-R1-7B,DS-R1-1.5B,frs_pct,True,2.0089285714285836
GPQA,pass16_pct,3.0,DS-R1-7B,DS-R1-1.5B,pass1_pct,True,2.0089285714285836
GPQA,pass16_pct,3.0,DS-R1-7B,DS-R1-1.5B,pass16_pct,True,2.0089285714285836
GPQA,pass16_pct,3.0,DS-R1-7B,DS-R1-1.5B,high_conf_accuracy_pct,True,2.0089285714285836
GPQA,pass16_pct,5.0,DS-R1-7B,DS-R1-1.5B,frs_pct,True,2.0089285714285836
GPQA,pass16_pct,5.0,DS-R1-7B,DS-R1-1.5B,pass1_pct,True,2.0089285714285836
GPQA,pass16_pct,5.0,DS-R1-7B,DS-R1-1.5B,pass16_pct,True,2.0089285714285836
GPQA,pass16_pct,5.0,DS-R1-7B,DS-R1-1.5B,high_conf_accuracy_pct,True,2.0089285714285836
GPQA,pass16_pct,2.0,DS-R1-7B,Qwen3-4B,frs_pct,True,1.1160714285714448
GPQA,pass16_pct,2.0,DS-R1-7B,Qwen3-4B,pass1_pct,False,1.1160714285714448
GPQA,pass16_pct,2.0,DS-R1-7B,Qwen3-4B,pass16_pct,True,1.1160714285714448
GPQA,pass16_pct,2.0,DS-R1-7B,Qwen3-4B,high_conf_accuracy_pct,False,1.1160714285714448
GPQA,pass16_pct,3.0,DS-R1-7B,Qwen3-4B,frs_pct,True,1.1160714285714448
GPQA,pass16_pct,3.0,DS-R1-7B,Qwen3-4B,pass1_pct,False,1.1160714285714448
GPQA,pass16_pct,3.0,DS-R1-7B,Qwen3-4B,pass16_pct,True,1.1160714285714448
GPQA,pass16_pct,3.0,DS-R1-7B,Qwen3-4B,high_conf_accuracy_pct,False,1.1160714285714448
GPQA,pass16_pct,5.0,DS-R1-7B,Qwen3-4B,frs_pct,True,1.1160714285714448
GPQA,pass16_pct,5.0,DS-R1-7B,Qwen3-4B,pass1_pct,False,1.1160714285714448
GPQA,pass16_pct,5.0,DS-R1-7B,Qwen3-4B,pass16_pct,True,1.1160714285714448
GPQA,pass16_pct,5.0,DS-R1-7B,Qwen3-4B,high_conf_accuracy_pct,False,1.1160714285714448
GPQA,pass16_pct,5.0,DS-R1-7B,Phi-4,frs_pct,True,4.6875
GPQA,pass16_pct,5.0,DS-R1-7B,Phi-4,pass1_pct,True,4.6875
GPQA,pass16_pct,5.0,DS-R1-7B,Phi-4,pass16_pct,True,4.6875
GPQA,pass16_pct,5.0,DS-R1-7B,Phi-4,high_conf_accuracy_pct,True,4.6875
GPQA,pass16_pct,2.0,DS-R1-7B,Qwen2.5-Math,frs_pct,True,1.7857142857142776
GPQA,pass16_pct,2.0,DS-R1-7B,Qwen2.5-Math,pass1_pct,True,1.7857142857142776
GPQA,pass16_pct,2.0,DS-R1-7B,Qwen2.5-Math,pass16_pct,True,1.7857142857142776
GPQA,pass16_pct,2.0,DS-R1-7B,Qwen2.5-Math,high_conf_accuracy_pct,True,1.7857142857142776
GPQA,pass16_pct,3.0,DS-R1-7B,Qwen2.5-Math,frs_pct,True,1.7857142857142776
GPQA,pass16_pct,3.0,DS-R1-7B,Qwen2.5-Math,pass1_pct,True,1.7857142857142776
GPQA,pass16_pct,3.0,DS-R1-7B,Qwen2.5-Math,pass16_pct,True,1.7857142857142776
GPQA,pass16_pct,3.0,DS-R1-7B,Qwen2.5-Math,high_conf_accuracy_pct,True,1.7857142857142776
GPQA,pass16_pct,5.0,DS-R1-7B,Qwen2.5-Math,frs_pct,True,1.7857142857142776
GPQA,pass16_pct,5.0,DS-R1-7B,Qwen2.5-Math,pass1_pct,True,1.7857142857142776
GPQA,pass16_pct,5.0,DS-R1-7B,Qwen2.5-Math,pass16_pct,True,1.7857142857142776
GPQA,pass16_pct,5.0,DS-R1-7B,Qwen2.5-Math,high_conf_accuracy_pct,True,1.7857142857142776
GPQA,pass1_pct,3.0,DS-R1-7B,Phi-4-Reas.,frs_pct,True,2.200000000000003
GPQA,pass1_pct,3.0,DS-R1-7B,Phi-4-Reas.,pass1_pct,True,2.200000000000003
GPQA,pass1_pct,3.0,DS-R1-7B,Phi-4-Reas.,pass16_pct,True,2.200000000000003
GPQA,pass1_pct,3.0,DS-R1-7B,Phi-4-Reas.,high_conf_accuracy_pct,False,2.200000000000003
GPQA,pass1_pct,5.0,DS-R1-7B,Phi-4-Reas.,frs_pct,True,2.200000000000003
GPQA,pass1_pct,5.0,DS-R1-7B,Phi-4-Reas.,pass1_pct,True,2.200000000000003
GPQA,pass1_pct,5.0,DS-R1-7B,Phi-4-Reas.,pass16_pct,True,2.200000000000003
GPQA,pass1_pct,5.0,DS-R1-7B,Phi-4-Reas.,high_conf_accuracy_pct,False,2.200000000000003
GPQA,pass16_pct,2.0,DS-R1-7B,Phi-4-Reas.,frs_pct,True,1.1160714285714448
GPQA,pass16_pct,2.0,DS-R1-7B,Phi-4-Reas.,pass1_pct,True,1.1160714285714448
GPQA,pass16_pct,2.0,DS-R1-7B,Phi-4-Reas.,pass16_pct,True,1.1160714285714448
GPQA,pass16_pct,2.0,DS-R1-7B,Phi-4-Reas.,high_conf_accuracy_pct,False,1.1160714285714448
GPQA,pass16_pct,3.0,DS-R1-7B,Phi-4-Reas.,frs_pct,True,1.1160714285714448
GPQA,pass16_pct,3.0,DS-R1-7B,Phi-4-Reas.,pass1_pct,True,1.1160714285714448
GPQA,pass16_pct,3.0,DS-R1-7B,Phi-4-Reas.,pass16_pct,True,1.1160714285714448
GPQA,pass16_pct,3.0,DS-R1-7B,Phi-4-Reas.,high_conf_accuracy_pct,False,1.1160714285714448
GPQA,pass16_pct,5.0,DS-R1-7B,Phi-4-Reas.,frs_pct,True,1.1160714285714448
GPQA,pass16_pct,5.0,DS-R1-7B,Phi-4-Reas.,pass1_pct,True,1.1160714285714448
GPQA,pass16_pct,5.0,DS-R1-7B,Phi-4-Reas.,pass16_pct,True,1.1160714285714448
GPQA,pass16_pct,5.0,DS-R1-7B,Phi-4-Reas.,high_conf_accuracy_pct,False,1.1160714285714448
GPQA,pass16_pct,3.0,DS-R1-7B,LLaMA-3.1-8B,frs_pct,True,2.678571428571445
GPQA,pass16_pct,3.0,DS-R1-7B,LLaMA-3.1-8B,pass1_pct,True,2.678571428571445
GPQA,pass16_pct,3.0,DS-R1-7B,LLaMA-3.1-8B,pass16_pct,True,2.678571428571445
GPQA,pass16_pct,3.0,DS-R1-7B,LLaMA-3.1-8B,high_conf_accuracy_pct,True,2.678571428571445
GPQA,pass16_pct,5.0,DS-R1-7B,LLaMA-3.1-8B,frs_pct,True,2.678571428571445
GPQA,pass16_pct,5.0,DS-R1-7B,LLaMA-3.1-8B,pass1_pct,True,2.678571428571445
GPQA,pass16_pct,5.0,DS-R1-7B,LLaMA-3.1-8B,pass16_pct,True,2.678571428571445
GPQA,pass16_pct,5.0,DS-R1-7B,LLaMA-3.1-8B,high_conf_accuracy_pct,True,2.678571428571445
GPQA,pass16_pct,2.0,DS-R1-7B,Gemma-7B,frs_pct,True,1.3392857142857224
GPQA,pass16_pct,2.0,DS-R1-7B,Gemma-7B,pass1_pct,True,1.3392857142857224
GPQA,pass16_pct,2.0,DS-R1-7B,Gemma-7B,pass16_pct,True,1.3392857142857224
GPQA,pass16_pct,2.0,DS-R1-7B,Gemma-7B,high_conf_accuracy_pct,True,1.3392857142857224
GPQA,pass16_pct,3.0,DS-R1-7B,Gemma-7B,frs_pct,True,1.3392857142857224
GPQA,pass16_pct,3.0,DS-R1-7B,Gemma-7B,pass1_pct,True,1.3392857142857224
GPQA,pass16_pct,3.0,DS-R1-7B,Gemma-7B,pass16_pct,True,1.3392857142857224
GPQA,pass16_pct,3.0,DS-R1-7B,Gemma-7B,high_conf_accuracy_pct,True,1.3392857142857224
GPQA,pass16_pct,5.0,DS-R1-7B,Gemma-7B,frs_pct,True,1.3392857142857224
GPQA,pass16_pct,5.0,DS-R1-7B,Gemma-7B,pass1_pct,True,1.3392857142857224
GPQA,pass16_pct,5.0,DS-R1-7B,Gemma-7B,pass16_pct,True,1.3392857142857224
GPQA,pass16_pct,5.0,DS-R1-7B,Gemma-7B,high_conf_accuracy_pct,True,1.3392857142857224
GPQA,pass16_pct,1.0,DS-R1-1.5B,Qwen3-4B,frs_pct,True,0.8928571428571388
GPQA,pass16_pct,1.0,DS-R1-1.5B,Qwen3-4B,pass1_pct,True,0.8928571428571388
GPQA,pass16_pct,1.0,DS-R1-1.5B,Qwen3-4B,pass16_pct,True,0.8928571428571388
GPQA,pass16_pct,1.0,DS-R1-1.5B,Qwen3-4B,high_conf_accuracy_pct,True,0.8928571428571388
GPQA,pass16_pct,2.0,DS-R1-1.5B,Qwen3-4B,frs_pct,True,0.8928571428571388
GPQA,pass16_pct,2.0,DS-R1-1.5B,Qwen3-4B,pass1_pct,True,0.8928571428571388
GPQA,pass16_pct,2.0,DS-R1-1.5B,Qwen3-4B,pass16_pct,True,0.8928571428571388
GPQA,pass16_pct,2.0,DS-R1-1.5B,Qwen3-4B,high_conf_accuracy_pct,True,0.8928571428571388
GPQA,pass16_pct,3.0,DS-R1-1.5B,Qwen3-4B,frs_pct,True,0.8928571428571388
GPQA,pass16_pct,3.0,DS-R1-1.5B,Qwen3-4B,pass1_pct,True,0.8928571428571388
GPQA,pass16_pct,3.0,DS-R1-1.5B,Qwen3-4B,pass16_pct,True,0.8928571428571388
GPQA,pass16_pct,3.0,DS-R1-1.5B,Qwen3-4B,high_conf_accuracy_pct,True,0.8928571428571388
GPQA,pass16_pct,5.0,DS-R1-1.5B,Qwen3-4B,frs_pct,True,0.8928571428571388
GPQA,pass16_pct,5.0,DS-R1-1.5B,Qwen3-4B,pass1_pct,True,0.8928571428571388
GPQA,pass16_pct,5.0,DS-R1-1.5B,Qwen3-4B,pass16_pct,True,0.8928571428571388
GPQA,pass16_pct,5.0,DS-R1-1.5B,Qwen3-4B,high_conf_accuracy_pct,True,0.8928571428571388
GPQA,pass16_pct,3.0,DS-R1-1.5B,Phi-4,frs_pct,False,2.6785714285714164
GPQA,pass16_pct,3.0,DS-R1-1.5B,Phi-4,pass1_pct,False,2.6785714285714164
GPQA,pass16_pct,3.0,DS-R1-1.5B,Phi-4,pass16_pct,False,2.6785714285714164
GPQA,pass16_pct,3.0,DS-R1-1.5B,Phi-4,high_conf_accuracy_pct,False,2.6785714285714164
GPQA,pass16_pct,5.0,DS-R1-1.5B,Phi-4,frs_pct,False,2.6785714285714164
GPQA,pass16_pct,5.0,DS-R1-1.5B,Phi-4,pass1_pct,False,2.6785714285714164
GPQA,pass16_pct,5.0,DS-R1-1.5B,Phi-4,pass16_pct,False,2.6785714285714164
GPQA,pass16_pct,5.0,DS-R1-1.5B,Phi-4,high_conf_accuracy_pct,False,2.6785714285714164
GPQA,pass16_pct,1.0,DS-R1-1.5B,Qwen2.5-Math,frs_pct,True,0.22321428571430602
GPQA,pass16_pct,1.0,DS-R1-1.5B,Qwen2.5-Math,pass1_pct,True,0.22321428571430602
GPQA,pass16_pct,1.0,DS-R1-1.5B,Qwen2.5-Math,pass16_pct,False,0.22321428571430602
GPQA,pass16_pct,1.0,DS-R1-1.5B,Qwen2.5-Math,high_conf_accuracy_pct,False,0.22321428571430602
GPQA,pass16_pct,2.0,DS-R1-1.5B,Qwen2.5-Math,frs_pct,True,0.22321428571430602
GPQA,pass16_pct,2.0,DS-R1-1.5B,Qwen2.5-Math,pass1_pct,True,0.22321428571430602
GPQA,pass16_pct,2.0,DS-R1-1.5B,Qwen2.5-Math,pass16_pct,False,0.22321428571430602
GPQA,pass16_pct,2.0,DS-R1-1.5B,Qwen2.5-Math,high_conf_accuracy_pct,False,0.22321428571430602
GPQA,pass16_pct,3.0,DS-R1-1.5B,Qwen2.5-Math,frs_pct,True,0.22321428571430602
GPQA,pass16_pct,3.0,DS-R1-1.5B,Qwen2.5-Math,pass1_pct,True,0.22321428571430602
GPQA,pass16_pct,3.0,DS-R1-1.5B,Qwen2.5-Math,pass16_pct,False,0.22321428571430602
GPQA,pass16_pct,3.0,DS-R1-1.5B,Qwen2.5-Math,high_conf_accuracy_pct,False,0.22321428571430602
GPQA,pass16_pct,5.0,DS-R1-1.5B,Qwen2.5-Math,frs_pct,True,0.22321428571430602
GPQA,pass16_pct,5.0,DS-R1-1.5B,Qwen2.5-Math,pass1_pct,True,0.22321428571430602
GPQA,pass16_pct,5.0,DS-R1-1.5B,Qwen2.5-Math,pass16_pct,False,0.22321428571430602
GPQA,pass16_pct,5.0,DS-R1-1.5B,Qwen2.5-Math,high_conf_accuracy_pct,False,0.22321428571430602
GPQA,pass16_pct,1.0,DS-R1-1.5B,Phi-4-Reas.,frs_pct,True,0.8928571428571388
GPQA,pass16_pct,1.0,DS-R1-1.5B,Phi-4-Reas.,pass1_pct,True,0.8928571428571388
GPQA,pass16_pct,1.0,DS-R1-1.5B,Phi-4-Reas.,pass16_pct,True,0.8928571428571388
GPQA,pass16_pct,1.0,DS-R1-1.5B,Phi-4-Reas.,high_conf_accuracy_pct,True,0.8928571428571388
GPQA,pass16_pct,2.0,DS-R1-1.5B,Phi-4-Reas.,frs_pct,True,0.8928571428571388
GPQA,pass16_pct,2.0,DS-R1-1.5B,Phi-4-Reas.,pass1_pct,True,0.8928571428571388
GPQA,pass16_pct,2.0,DS-R1-1.5B,Phi-4-Reas.,pass16_pct,True,0.8928571428571388
GPQA,pass16_pct,2.0,DS-R1-1.5B,Phi-4-Reas.,high_conf_accuracy_pct,True,0.8928571428571388
GPQA,pass16_pct,3.0,DS-R1-1.5B,Phi-4-Reas.,frs_pct,True,0.8928571428571388
GPQA,pass16_pct,3.0,DS-R1-1.5B,Phi-4-Reas.,pass1_pct,True,0.8928571428571388
GPQA,pass16_pct,3.0,DS-R1-1.5B,Phi-4-Reas.,pass16_pct,True,0.8928571428571388
GPQA,pass16_pct,3.0,DS-R1-1.5B,Phi-4-Reas.,high_conf_accuracy_pct,True,0.8928571428571388
GPQA,pass16_pct,5.0,DS-R1-1.5B,Phi-4-Reas.,frs_pct,True,0.8928571428571388
GPQA,pass16_pct,5.0,DS-R1-1.5B,Phi-4-Reas.,pass1_pct,True,0.8928571428571388
GPQA,pass16_pct,5.0,DS-R1-1.5B,Phi-4-Reas.,pass16_pct,True,0.8928571428571388
GPQA,pass16_pct,5.0,DS-R1-1.5B,Phi-4-Reas.,high_conf_accuracy_pct,True,0.8928571428571388
GPQA,pass1_pct,2.0,DS-R1-1.5B,Qwen2.5-7B,frs_pct,False,2.0
GPQA,pass1_pct,2.0,DS-R1-1.5B,Qwen2.5-7B,pass1_pct,False,2.0
GPQA,pass1_pct,2.0,DS-R1-1.5B,Qwen2.5-7B,pass16_pct,False,2.0
GPQA,pass1_pct,2.0,DS-R1-1.5B,Qwen2.5-7B,high_conf_accuracy_pct,True,2.0
GPQA,pass1_pct,3.0,DS-R1-1.5B,Qwen2.5-7B,frs_pct,False,2.0
GPQA,pass1_pct,3.0,DS-R1-1.5B,Qwen2.5-7B,pass1_pct,False,2.0
GPQA,pass1_pct,3.0,DS-R1-1.5B,Qwen2.5-7B,pass16_pct,False,2.0
GPQA,pass1_pct,3.0,DS-R1-1.5B,Qwen2.5-7B,high_conf_accuracy_pct,True,2.0
GPQA,pass1_pct,5.0,DS-R1-1.5B,Qwen2.5-7B,frs_pct,False,2.0
GPQA,pass1_pct,5.0,DS-R1-1.5B,Qwen2.5-7B,pass1_pct,False,2.0
GPQA,pass1_pct,5.0,DS-R1-1.5B,Qwen2.5-7B,pass16_pct,False,2.0
GPQA,pass1_pct,5.0,DS-R1-1.5B,Qwen2.5-7B,high_conf_accuracy_pct,True,2.0
GPQA,pass1_pct,1.0,DS-R1-1.5B,LLaMA-3.1-8B,frs_pct,False,0.5
GPQA,pass1_pct,1.0,DS-R1-1.5B,LLaMA-3.1-8B,pass1_pct,True,0.5
GPQA,pass1_pct,1.0,DS-R1-1.5B,LLaMA-3.1-8B,pass16_pct,False,0.5
GPQA,pass1_pct,1.0,DS-R1-1.5B,LLaMA-3.1-8B,high_conf_accuracy_pct,True,0.5
GPQA,pass1_pct,2.0,DS-R1-1.5B,LLaMA-3.1-8B,frs_pct,False,0.5
GPQA,pass1_pct,2.0,DS-R1-1.5B,LLaMA-3.1-8B,pass1_pct,True,0.5
GPQA,pass1_pct,2.0,DS-R1-1.5B,LLaMA-3.1-8B,pass16_pct,False,0.5
GPQA,pass1_pct,2.0,DS-R1-1.5B,LLaMA-3.1-8B,high_conf_accuracy_pct,True,0.5
GPQA,pass1_pct,3.0,DS-R1-1.5B,LLaMA-3.1-8B,frs_pct,False,0.5
GPQA,pass1_pct,3.0,DS-R1-1.5B,LLaMA-3.1-8B,pass1_pct,True,0.5
GPQA,pass1_pct,3.0,DS-R1-1.5B,LLaMA-3.1-8B,pass16_pct,False,0.5
GPQA,pass1_pct,3.0,DS-R1-1.5B,LLaMA-3.1-8B,high_conf_accuracy_pct,True,0.5
GPQA,pass1_pct,5.0,DS-R1-1.5B,LLaMA-3.1-8B,frs_pct,False,0.5
GPQA,pass1_pct,5.0,DS-R1-1.5B,LLaMA-3.1-8B,pass1_pct,True,0.5
GPQA,pass1_pct,5.0,DS-R1-1.5B,LLaMA-3.1-8B,pass16_pct,False,0.5
GPQA,pass1_pct,5.0,DS-R1-1.5B,LLaMA-3.1-8B,high_conf_accuracy_pct,True,0.5
GPQA,pass16_pct,1.0,DS-R1-1.5B,LLaMA-3.1-8B,frs_pct,False,0.6696428571428612
GPQA,pass16_pct,1.0,DS-R1-1.5B,LLaMA-3.1-8B,pass1_pct,True,0.6696428571428612
GPQA,pass16_pct,1.0,DS-R1-1.5B,LLaMA-3.1-8B,pass16_pct,False,0.6696428571428612
GPQA,pass16_pct,1.0,DS-R1-1.5B,LLaMA-3.1-8B,high_conf_accuracy_pct,True,0.6696428571428612
GPQA,pass16_pct,2.0,DS-R1-1.5B,LLaMA-3.1-8B,frs_pct,False,0.6696428571428612
GPQA,pass16_pct,2.0,DS-R1-1.5B,LLaMA-3.1-8B,pass1_pct,True,0.6696428571428612
GPQA,pass16_pct,2.0,DS-R1-1.5B,LLaMA-3.1-8B,pass16_pct,False,0.6696428571428612
GPQA,pass16_pct,2.0,DS-R1-1.5B,LLaMA-3.1-8B,high_conf_accuracy_pct,True,0.6696428571428612
GPQA,pass16_pct,3.0,DS-R1-1.5B,LLaMA-3.1-8B,frs_pct,False,0.6696428571428612
GPQA,pass16_pct,3.0,DS-R1-1.5B,LLaMA-3.1-8B,pass1_pct,True,0.6696428571428612
GPQA,pass16_pct,3.0,DS-R1-1.5B,LLaMA-3.1-8B,pass16_pct,False,0.6696428571428612
GPQA,pass16_pct,3.0,DS-R1-1.5B,LLaMA-3.1-8B,high_conf_accuracy_pct,True,0.6696428571428612
GPQA,pass16_pct,5.0,DS-R1-1.5B,LLaMA-3.1-8B,frs_pct,False,0.6696428571428612
GPQA,pass16_pct,5.0,DS-R1-1.5B,LLaMA-3.1-8B,pass1_pct,True,0.6696428571428612
GPQA,pass16_pct,5.0,DS-R1-1.5B,LLaMA-3.1-8B,pass16_pct,False,0.6696428571428612
GPQA,pass16_pct,5.0,DS-R1-1.5B,LLaMA-3.1-8B,high_conf_accuracy_pct,True,0.6696428571428612
GPQA,pass16_pct,1.0,DS-R1-1.5B,Gemma-7B,frs_pct,True,0.6696428571428612
GPQA,pass16_pct,1.0,DS-R1-1.5B,Gemma-7B,pass1_pct,True,0.6696428571428612
GPQA,pass16_pct,1.0,DS-R1-1.5B,Gemma-7B,pass16_pct,False,0.6696428571428612
GPQA,pass16_pct,1.0,DS-R1-1.5B,Gemma-7B,high_conf_accuracy_pct,True,0.6696428571428612
GPQA,pass16_pct,2.0,DS-R1-1.5B,Gemma-7B,frs_pct,True,0.6696428571428612
GPQA,pass16_pct,2.0,DS-R1-1.5B,Gemma-7B,pass1_pct,True,0.6696428571428612
GPQA,pass16_pct,2.0,DS-R1-1.5B,Gemma-7B,pass16_pct,False,0.6696428571428612
GPQA,pass16_pct,2.0,DS-R1-1.5B,Gemma-7B,high_conf_accuracy_pct,True,0.6696428571428612
GPQA,pass16_pct,3.0,DS-R1-1.5B,Gemma-7B,frs_pct,True,0.6696428571428612
GPQA,pass16_pct,3.0,DS-R1-1.5B,Gemma-7B,pass1_pct,True,0.6696428571428612
GPQA,pass16_pct,3.0,DS-R1-1.5B,Gemma-7B,pass16_pct,False,0.6696428571428612
GPQA,pass16_pct,3.0,DS-R1-1.5B,Gemma-7B,high_conf_accuracy_pct,True,0.6696428571428612
GPQA,pass16_pct,5.0,DS-R1-1.5B,Gemma-7B,frs_pct,True,0.6696428571428612
GPQA,pass16_pct,5.0,DS-R1-1.5B,Gemma-7B,pass1_pct,True,0.6696428571428612
GPQA,pass16_pct,5.0,DS-R1-1.5B,Gemma-7B,pass16_pct,False,0.6696428571428612
GPQA,pass16_pct,5.0,DS-R1-1.5B,Gemma-7B,high_conf_accuracy_pct,True,0.6696428571428612
GPQA,pass16_pct,5.0,Qwen3-4B,Phi-4,frs_pct,False,3.571428571428555
GPQA,pass16_pct,5.0,Qwen3-4B,Phi-4,pass1_pct,False,3.571428571428555
GPQA,pass16_pct,5.0,Qwen3-4B,Phi-4,pass16_pct,False,3.571428571428555
GPQA,pass16_pct,5.0,Qwen3-4B,Phi-4,high_conf_accuracy_pct,False,3.571428571428555
GPQA,pass16_pct,1.0,Qwen3-4B,Qwen2.5-Math,frs_pct,True,0.6696428571428328
GPQA,pass16_pct,1.0,Qwen3-4B,Qwen2.5-Math,pass1_pct,True,0.6696428571428328
GPQA,pass16_pct,1.0,Qwen3-4B,Qwen2.5-Math,pass16_pct,True,0.6696428571428328
GPQA,pass16_pct,1.0,Qwen3-4B,Qwen2.5-Math,high_conf_accuracy_pct,True,0.6696428571428328
GPQA,pass16_pct,2.0,Qwen3-4B,Qwen2.5-Math,frs_pct,True,0.6696428571428328
GPQA,pass16_pct,2.0,Qwen3-4B,Qwen2.5-Math,pass1_pct,True,0.6696428571428328
GPQA,pass16_pct,2.0,Qwen3-4B,Qwen2.5-Math,pass16_pct,True,0.6696428571428328
GPQA,pass16_pct,2.0,Qwen3-4B,Qwen2.5-Math,high_conf_accuracy_pct,True,0.6696428571428328
GPQA,pass16_pct,3.0,Qwen3-4B,Qwen2.5-Math,frs_pct,True,0.6696428571428328
GPQA,pass16_pct,3.0,Qwen3-4B,Qwen2.5-Math,pass1_pct,True,0.6696428571428328
GPQA,pass16_pct,3.0,Qwen3-4B,Qwen2.5-Math,pass16_pct,True,0.6696428571428328
GPQA,pass16_pct,3.0,Qwen3-4B,Qwen2.5-Math,high_conf_accuracy_pct,True,0.6696428571428328
GPQA,pass16_pct,5.0,Qwen3-4B,Qwen2.5-Math,frs_pct,True,0.6696428571428328
GPQA,pass16_pct,5.0,Qwen3-4B,Qwen2.5-Math,pass1_pct,True,0.6696428571428328
GPQA,pass16_pct,5.0,Qwen3-4B,Qwen2.5-Math,pass16_pct,True,0.6696428571428328
GPQA,pass16_pct,5.0,Qwen3-4B,Qwen2.5-Math,high_conf_accuracy_pct,True,0.6696428571428328
GPQA,pass16_pct,1.0,Qwen3-4B,Phi-4-Reas.,frs_pct,True,0.0
GPQA,pass16_pct,1.0,Qwen3-4B,Phi-4-Reas.,pass1_pct,False,0.0
GPQA,pass16_pct,1.0,Qwen3-4B,Phi-4-Reas.,pass16_pct,False,0.0
GPQA,pass16_pct,1.0,Qwen3-4B,Phi-4-Reas.,high_conf_accuracy_pct,False,0.0
GPQA,pass16_pct,2.0,Qwen3-4B,Phi-4-Reas.,frs_pct,True,0.0
GPQA,pass16_pct,2.0,Qwen3-4B,Phi-4-Reas.,pass1_pct,False,0.0
GPQA,pass16_pct,2.0,Qwen3-4B,Phi-4-Reas.,pass16_pct,False,0.0
GPQA,pass16_pct,2.0,Qwen3-4B,Phi-4-Reas.,high_conf_accuracy_pct,False,0.0
GPQA,pass16_pct,3.0,Qwen3-4B,Phi-4-Reas.,frs_pct,True,0.0
GPQA,pass16_pct,3.0,Qwen3-4B,Phi-4-Reas.,pass1_pct,False,0.0
GPQA,pass16_pct,3.0,Qwen3-4B,Phi-4-Reas.,pass16_pct,False,0.0
GPQA,pass16_pct,3.0,Qwen3-4B,Phi-4-Reas.,high_conf_accuracy_pct,False,0.0
GPQA,pass16_pct,5.0,Qwen3-4B,Phi-4-Reas.,frs_pct,True,0.0
GPQA,pass16_pct,5.0,Qwen3-4B,Phi-4-Reas.,pass1_pct,False,0.0
GPQA,pass16_pct,5.0,Qwen3-4B,Phi-4-Reas.,pass16_pct,False,0.0
GPQA,pass16_pct,5.0,Qwen3-4B,Phi-4-Reas.,high_conf_accuracy_pct,False,0.0
GPQA,pass16_pct,2.0,Qwen3-4B,LLaMA-3.1-8B,frs_pct,True,1.5625
GPQA,pass16_pct,2.0,Qwen3-4B,LLaMA-3.1-8B,pass1_pct,True,1.5625
GPQA,pass16_pct,2.0,Qwen3-4B,LLaMA-3.1-8B,pass16_pct,True,1.5625
GPQA,pass16_pct,2.0,Qwen3-4B,LLaMA-3.1-8B,high_conf_accuracy_pct,True,1.5625
GPQA,pass16_pct,3.0,Qwen3-4B,LLaMA-3.1-8B,frs_pct,True,1.5625
GPQA,pass16_pct,3.0,Qwen3-4B,LLaMA-3.1-8B,pass1_pct,True,1.5625
GPQA,pass16_pct,3.0,Qwen3-4B,LLaMA-3.1-8B,pass16_pct,True,1.5625
GPQA,pass16_pct,3.0,Qwen3-4B,LLaMA-3.1-8B,high_conf_accuracy_pct,True,1.5625
GPQA,pass16_pct,5.0,Qwen3-4B,LLaMA-3.1-8B,frs_pct,True,1.5625
GPQA,pass16_pct,5.0,Qwen3-4B,LLaMA-3.1-8B,pass1_pct,True,1.5625
GPQA,pass16_pct,5.0,Qwen3-4B,LLaMA-3.1-8B,pass16_pct,True,1.5625
GPQA,pass16_pct,5.0,Qwen3-4B,LLaMA-3.1-8B,high_conf_accuracy_pct,True,1.5625
GPQA,pass16_pct,1.0,Qwen3-4B,Gemma-7B,frs_pct,True,0.2232142857142776
GPQA,pass16_pct,1.0,Qwen3-4B,Gemma-7B,pass1_pct,True,0.2232142857142776
GPQA,pass16_pct,1.0,Qwen3-4B,Gemma-7B,pass16_pct,True,0.2232142857142776
GPQA,pass16_pct,1.0,Qwen3-4B,Gemma-7B,high_conf_accuracy_pct,True,0.2232142857142776
GPQA,pass16_pct,2.0,Qwen3-4B,Gemma-7B,frs_pct,True,0.2232142857142776
GPQA,pass16_pct,2.0,Qwen3-4B,Gemma-7B,pass1_pct,True,0.2232142857142776
GPQA,pass16_pct,2.0,Qwen3-4B,Gemma-7B,pass16_pct,True,0.2232142857142776
GPQA,pass16_pct,2.0,Qwen3-4B,Gemma-7B,high_conf_accuracy_pct,True,0.2232142857142776
GPQA,pass16_pct,3.0,Qwen3-4B,Gemma-7B,frs_pct,True,0.2232142857142776
GPQA,pass16_pct,3.0,Qwen3-4B,Gemma-7B,pass1_pct,True,0.2232142857142776
GPQA,pass16_pct,3.0,Qwen3-4B,Gemma-7B,pass16_pct,True,0.2232142857142776
GPQA,pass16_pct,3.0,Qwen3-4B,Gemma-7B,high_conf_accuracy_pct,True,0.2232142857142776
GPQA,pass16_pct,5.0,Qwen3-4B,Gemma-7B,frs_pct,True,0.2232142857142776
GPQA,pass16_pct,5.0,Qwen3-4B,Gemma-7B,pass1_pct,True,0.2232142857142776
GPQA,pass16_pct,5.0,Qwen3-4B,Gemma-7B,pass16_pct,True,0.2232142857142776
GPQA,pass16_pct,5.0,Qwen3-4B,Gemma-7B,high_conf_accuracy_pct,True,0.2232142857142776
GPQA,pass16_pct,3.0,Phi-4,Qwen2.5-Math,frs_pct,False,2.9017857142857224
GPQA,pass16_pct,3.0,Phi-4,Qwen2.5-Math,pass1_pct,True,2.9017857142857224
GPQA,pass16_pct,3.0,Phi-4,Qwen2.5-Math,pass16_pct,False,2.9017857142857224
GPQA,pass16_pct,3.0,Phi-4,Qwen2.5-Math,high_conf_accuracy_pct,False,2.9017857142857224
GPQA,pass16_pct,5.0,Phi-4,Qwen2.5-Math,frs_pct,False,2.9017857142857224
GPQA,pass16_pct,5.0,Phi-4,Qwen2.5-Math,pass1_pct,True,2.9017857142857224
GPQA,pass16_pct,5.0,Phi-4,Qwen2.5-Math,pass16_pct,False,2.9017857142857224
GPQA,pass16_pct,5.0,Phi-4,Qwen2.5-Math,high_conf_accuracy_pct,False,2.9017857142857224
GPQA,pass16_pct,5.0,Phi-4,Phi-4-Reas.,frs_pct,True,3.571428571428555
GPQA,pass16_pct,5.0,Phi-4,Phi-4-Reas.,pass1_pct,True,3.571428571428555
GPQA,pass16_pct,5.0,Phi-4,Phi-4-Reas.,pass16_pct,True,3.571428571428555
GPQA,pass16_pct,5.0,Phi-4,Phi-4-Reas.,high_conf_accuracy_pct,True,3.571428571428555
GPQA,pass16_pct,3.0,Phi-4,LLaMA-3.1-8B,frs_pct,False,2.008928571428555
GPQA,pass16_pct,3.0,Phi-4,LLaMA-3.1-8B,pass1_pct,False,2.008928571428555
GPQA,pass16_pct,3.0,Phi-4,LLaMA-3.1-8B,pass16_pct,False,2.008928571428555
GPQA,pass16_pct,3.0,Phi-4,LLaMA-3.1-8B,high_conf_accuracy_pct,False,2.008928571428555
GPQA,pass16_pct,5.0,Phi-4,LLaMA-3.1-8B,frs_pct,False,2.008928571428555
GPQA,pass16_pct,5.0,Phi-4,LLaMA-3.1-8B,pass1_pct,False,2.008928571428555
GPQA,pass16_pct,5.0,Phi-4,LLaMA-3.1-8B,pass16_pct,False,2.008928571428555
GPQA,pass16_pct,5.0,Phi-4,LLaMA-3.1-8B,high_conf_accuracy_pct,False,2.008928571428555
GPQA,pass1_pct,5.0,Phi-4,Gemma-7B,frs_pct,True,4.899999999999999
GPQA,pass1_pct,5.0,Phi-4,Gemma-7B,pass1_pct,True,4.899999999999999
GPQA,pass1_pct,5.0,Phi-4,Gemma-7B,pass16_pct,False,4.899999999999999
GPQA,pass1_pct,5.0,Phi-4,Gemma-7B,high_conf_accuracy_pct,True,4.899999999999999
GPQA,pass16_pct,5.0,Phi-4,Gemma-7B,frs_pct,True,3.3482142857142776
GPQA,pass16_pct,5.0,Phi-4,Gemma-7B,pass1_pct,True,3.3482142857142776
GPQA,pass16_pct,5.0,Phi-4,Gemma-7B,pass16_pct,False,3.3482142857142776
GPQA,pass16_pct,5.0,Phi-4,Gemma-7B,high_conf_accuracy_pct,True,3.3482142857142776
GPQA,pass16_pct,1.0,Qwen2.5-Math,Phi-4-Reas.,frs_pct,True,0.6696428571428328
GPQA,pass16_pct,1.0,Qwen2.5-Math,Phi-4-Reas.,pass1_pct,True,0.6696428571428328
GPQA,pass16_pct,1.0,Qwen2.5-Math,Phi-4-Reas.,pass16_pct,True,0.6696428571428328
GPQA,pass16_pct,1.0,Qwen2.5-Math,Phi-4-Reas.,high_conf_accuracy_pct,True,0.6696428571428328
GPQA,pass16_pct,2.0,Qwen2.5-Math,Phi-4-Reas.,frs_pct,True,0.6696428571428328
GPQA,pass16_pct,2.0,Qwen2.5-Math,Phi-4-Reas.,pass1_pct,True,0.6696428571428328
GPQA,pass16_pct,2.0,Qwen2.5-Math,Phi-4-Reas.,pass16_pct,True,0.6696428571428328
GPQA,pass16_pct,2.0,Qwen2.5-Math,Phi-4-Reas.,high_conf_accuracy_pct,True,0.6696428571428328
GPQA,pass16_pct,3.0,Qwen2.5-Math,Phi-4-Reas.,frs_pct,True,0.6696428571428328
GPQA,pass16_pct,3.0,Qwen2.5-Math,Phi-4-Reas.,pass1_pct,True,0.6696428571428328
GPQA,pass16_pct,3.0,Qwen2.5-Math,Phi-4-Reas.,pass16_pct,True,0.6696428571428328
GPQA,pass16_pct,3.0,Qwen2.5-Math,Phi-4-Reas.,high_conf_accuracy_pct,True,0.6696428571428328
GPQA,pass16_pct,5.0,Qwen2.5-Math,Phi-4-Reas.,frs_pct,True,0.6696428571428328
GPQA,pass16_pct,5.0,Qwen2.5-Math,Phi-4-Reas.,pass1_pct,True,0.6696428571428328
GPQA,pass16_pct,5.0,Qwen2.5-Math,Phi-4-Reas.,pass16_pct,True,0.6696428571428328
GPQA,pass16_pct,5.0,Qwen2.5-Math,Phi-4-Reas.,high_conf_accuracy_pct,True,0.6696428571428328
GPQA,pass16_pct,1.0,Qwen2.5-Math,LLaMA-3.1-8B,frs_pct,False,0.8928571428571672
GPQA,pass16_pct,1.0,Qwen2.5-Math,LLaMA-3.1-8B,pass1_pct,True,0.8928571428571672
GPQA,pass16_pct,1.0,Qwen2.5-Math,LLaMA-3.1-8B,pass16_pct,False,0.8928571428571672
GPQA,pass16_pct,1.0,Qwen2.5-Math,LLaMA-3.1-8B,high_conf_accuracy_pct,False,0.8928571428571672
GPQA,pass16_pct,2.0,Qwen2.5-Math,LLaMA-3.1-8B,frs_pct,False,0.8928571428571672
GPQA,pass16_pct,2.0,Qwen2.5-Math,LLaMA-3.1-8B,pass1_pct,True,0.8928571428571672
GPQA,pass16_pct,2.0,Qwen2.5-Math,LLaMA-3.1-8B,pass16_pct,False,0.8928571428571672
GPQA,pass16_pct,2.0,Qwen2.5-Math,LLaMA-3.1-8B,high_conf_accuracy_pct,False,0.8928571428571672
GPQA,pass16_pct,3.0,Qwen2.5-Math,LLaMA-3.1-8B,frs_pct,False,0.8928571428571672
GPQA,pass16_pct,3.0,Qwen2.5-Math,LLaMA-3.1-8B,pass1_pct,True,0.8928571428571672
GPQA,pass16_pct,3.0,Qwen2.5-Math,LLaMA-3.1-8B,pass16_pct,False,0.8928571428571672
GPQA,pass16_pct,3.0,Qwen2.5-Math,LLaMA-3.1-8B,high_conf_accuracy_pct,False,0.8928571428571672
GPQA,pass16_pct,5.0,Qwen2.5-Math,LLaMA-3.1-8B,frs_pct,False,0.8928571428571672
GPQA,pass16_pct,5.0,Qwen2.5-Math,LLaMA-3.1-8B,pass1_pct,True,0.8928571428571672
GPQA,pass16_pct,5.0,Qwen2.5-Math,LLaMA-3.1-8B,pass16_pct,False,0.8928571428571672
GPQA,pass16_pct,5.0,Qwen2.5-Math,LLaMA-3.1-8B,high_conf_accuracy_pct,False,0.8928571428571672
GPQA,pass1_pct,1.0,Qwen2.5-Math,Gemma-7B,frs_pct,True,0.5
GPQA,pass1_pct,1.0,Qwen2.5-Math,Gemma-7B,pass1_pct,False,0.5
GPQA,pass1_pct,1.0,Qwen2.5-Math,Gemma-7B,pass16_pct,False,0.5
GPQA,pass1_pct,1.0,Qwen2.5-Math,Gemma-7B,high_conf_accuracy_pct,True,0.5
GPQA,pass1_pct,2.0,Qwen2.5-Math,Gemma-7B,frs_pct,True,0.5
GPQA,pass1_pct,2.0,Qwen2.5-Math,Gemma-7B,pass1_pct,False,0.5
GPQA,pass1_pct,2.0,Qwen2.5-Math,Gemma-7B,pass16_pct,False,0.5
GPQA,pass1_pct,2.0,Qwen2.5-Math,Gemma-7B,high_conf_accuracy_pct,True,0.5
GPQA,pass1_pct,3.0,Qwen2.5-Math,Gemma-7B,frs_pct,True,0.5
GPQA,pass1_pct,3.0,Qwen2.5-Math,Gemma-7B,pass1_pct,False,0.5
GPQA,pass1_pct,3.0,Qwen2.5-Math,Gemma-7B,pass16_pct,False,0.5
GPQA,pass1_pct,3.0,Qwen2.5-Math,Gemma-7B,high_conf_accuracy_pct,True,0.5
GPQA,pass1_pct,5.0,Qwen2.5-Math,Gemma-7B,frs_pct,True,0.5
GPQA,pass1_pct,5.0,Qwen2.5-Math,Gemma-7B,pass1_pct,False,0.5
GPQA,pass1_pct,5.0,Qwen2.5-Math,Gemma-7B,pass16_pct,False,0.5
GPQA,pass1_pct,5.0,Qwen2.5-Math,Gemma-7B,high_conf_accuracy_pct,True,0.5
GPQA,pass16_pct,1.0,Qwen2.5-Math,Gemma-7B,frs_pct,True,0.4464285714285552
GPQA,pass16_pct,1.0,Qwen2.5-Math,Gemma-7B,pass1_pct,False,0.4464285714285552
GPQA,pass16_pct,1.0,Qwen2.5-Math,Gemma-7B,pass16_pct,False,0.4464285714285552
GPQA,pass16_pct,1.0,Qwen2.5-Math,Gemma-7B,high_conf_accuracy_pct,True,0.4464285714285552
GPQA,pass16_pct,2.0,Qwen2.5-Math,Gemma-7B,frs_pct,True,0.4464285714285552
GPQA,pass16_pct,2.0,Qwen2.5-Math,Gemma-7B,pass1_pct,False,0.4464285714285552
GPQA,pass16_pct,2.0,Qwen2.5-Math,Gemma-7B,pass16_pct,False,0.4464285714285552
GPQA,pass16_pct,2.0,Qwen2.5-Math,Gemma-7B,high_conf_accuracy_pct,True,0.4464285714285552
GPQA,pass16_pct,3.0,Qwen2.5-Math,Gemma-7B,frs_pct,True,0.4464285714285552
GPQA,pass16_pct,3.0,Qwen2.5-Math,Gemma-7B,pass1_pct,False,0.4464285714285552
GPQA,pass16_pct,3.0,Qwen2.5-Math,Gemma-7B,pass16_pct,False,0.4464285714285552
GPQA,pass16_pct,3.0,Qwen2.5-Math,Gemma-7B,high_conf_accuracy_pct,True,0.4464285714285552
GPQA,pass16_pct,5.0,Qwen2.5-Math,Gemma-7B,frs_pct,True,0.4464285714285552
GPQA,pass16_pct,5.0,Qwen2.5-Math,Gemma-7B,pass1_pct,False,0.4464285714285552
GPQA,pass16_pct,5.0,Qwen2.5-Math,Gemma-7B,pass16_pct,False,0.4464285714285552
GPQA,pass16_pct,5.0,Qwen2.5-Math,Gemma-7B,high_conf_accuracy_pct,True,0.4464285714285552
GPQA,pass16_pct,2.0,Phi-4-Reas.,LLaMA-3.1-8B,frs_pct,True,1.5625
GPQA,pass16_pct,2.0,Phi-4-Reas.,LLaMA-3.1-8B,pass1_pct,True,1.5625
GPQA,pass16_pct,2.0,Phi-4-Reas.,LLaMA-3.1-8B,pass16_pct,True,1.5625
GPQA,pass16_pct,2.0,Phi-4-Reas.,LLaMA-3.1-8B,high_conf_accuracy_pct,True,1.5625
GPQA,pass16_pct,3.0,Phi-4-Reas.,LLaMA-3.1-8B,frs_pct,True,1.5625
GPQA,pass16_pct,3.0,Phi-4-Reas.,LLaMA-3.1-8B,pass1_pct,True,1.5625
GPQA,pass16_pct,3.0,Phi-4-Reas.,LLaMA-3.1-8B,pass16_pct,True,1.5625
GPQA,pass16_pct,3.0,Phi-4-Reas.,LLaMA-3.1-8B,high_conf_accuracy_pct,True,1.5625
GPQA,pass16_pct,5.0,Phi-4-Reas.,LLaMA-3.1-8B,frs_pct,True,1.5625
GPQA,pass16_pct,5.0,Phi-4-Reas.,LLaMA-3.1-8B,pass1_pct,True,1.5625
GPQA,pass16_pct,5.0,Phi-4-Reas.,LLaMA-3.1-8B,pass16_pct,True,1.5625
GPQA,pass16_pct,5.0,Phi-4-Reas.,LLaMA-3.1-8B,high_conf_accuracy_pct,True,1.5625
GPQA,pass16_pct,1.0,Phi-4-Reas.,Gemma-7B,frs_pct,True,0.2232142857142776
GPQA,pass16_pct,1.0,Phi-4-Reas.,Gemma-7B,pass1_pct,True,0.2232142857142776
GPQA,pass16_pct,1.0,Phi-4-Reas.,Gemma-7B,pass16_pct,True,0.2232142857142776
GPQA,pass16_pct,1.0,Phi-4-Reas.,Gemma-7B,high_conf_accuracy_pct,True,0.2232142857142776
GPQA,pass16_pct,2.0,Phi-4-Reas.,Gemma-7B,frs_pct,True,0.2232142857142776
GPQA,pass16_pct,2.0,Phi-4-Reas.,Gemma-7B,pass1_pct,True,0.2232142857142776
GPQA,pass16_pct,2.0,Phi-4-Reas.,Gemma-7B,pass16_pct,True,0.2232142857142776
GPQA,pass16_pct,2.0,Phi-4-Reas.,Gemma-7B,high_conf_accuracy_pct,True,0.2232142857142776
GPQA,pass16_pct,3.0,Phi-4-Reas.,Gemma-7B,frs_pct,True,0.2232142857142776
GPQA,pass16_pct,3.0,Phi-4-Reas.,Gemma-7B,pass1_pct,True,0.2232142857142776
GPQA,pass16_pct,3.0,Phi-4-Reas.,Gemma-7B,pass16_pct,True,0.2232142857142776
GPQA,pass16_pct,3.0,Phi-4-Reas.,Gemma-7B,high_conf_accuracy_pct,True,0.2232142857142776
GPQA,pass16_pct,5.0,Phi-4-Reas.,Gemma-7B,frs_pct,True,0.2232142857142776
GPQA,pass16_pct,5.0,Phi-4-Reas.,Gemma-7B,pass1_pct,True,0.2232142857142776
GPQA,pass16_pct,5.0,Phi-4-Reas.,Gemma-7B,pass16_pct,True,0.2232142857142776
GPQA,pass16_pct,5.0,Phi-4-Reas.,Gemma-7B,high_conf_accuracy_pct,True,0.2232142857142776
GPQA,pass1_pct,3.0,Qwen2.5-7B,LLaMA-3.1-8B,frs_pct,True,2.5
GPQA,pass1_pct,3.0,Qwen2.5-7B,LLaMA-3.1-8B,pass1_pct,False,2.5
GPQA,pass1_pct,3.0,Qwen2.5-7B,LLaMA-3.1-8B,pass16_pct,False,2.5
GPQA,pass1_pct,3.0,Qwen2.5-7B,LLaMA-3.1-8B,high_conf_accuracy_pct,True,2.5
GPQA,pass1_pct,5.0,Qwen2.5-7B,LLaMA-3.1-8B,frs_pct,True,2.5
GPQA,pass1_pct,5.0,Qwen2.5-7B,LLaMA-3.1-8B,pass1_pct,False,2.5
GPQA,pass1_pct,5.0,Qwen2.5-7B,LLaMA-3.1-8B,pass16_pct,False,2.5
GPQA,pass1_pct,5.0,Qwen2.5-7B,LLaMA-3.1-8B,high_conf_accuracy_pct,True,2.5
GPQA,pass16_pct,2.0,LLaMA-3.1-8B,Gemma-7B,frs_pct,True,1.3392857142857224
GPQA,pass16_pct,2.0,LLaMA-3.1-8B,Gemma-7B,pass1_pct,True,1.3392857142857224
GPQA,pass16_pct,2.0,LLaMA-3.1-8B,Gemma-7B,pass16_pct,False,1.3392857142857224
GPQA,pass16_pct,2.0,LLaMA-3.1-8B,Gemma-7B,high_conf_accuracy_pct,True,1.3392857142857224
GPQA,pass16_pct,3.0,LLaMA-3.1-8B,Gemma-7B,frs_pct,True,1.3392857142857224
GPQA,pass16_pct,3.0,LLaMA-3.1-8B,Gemma-7B,pass1_pct,True,1.3392857142857224
GPQA,pass16_pct,3.0,LLaMA-3.1-8B,Gemma-7B,pass16_pct,False,1.3392857142857224
GPQA,pass16_pct,3.0,LLaMA-3.1-8B,Gemma-7B,high_conf_accuracy_pct,True,1.3392857142857224
GPQA,pass16_pct,5.0,LLaMA-3.1-8B,Gemma-7B,frs_pct,True,1.3392857142857224
GPQA,pass16_pct,5.0,LLaMA-3.1-8B,Gemma-7B,pass1_pct,True,1.3392857142857224
GPQA,pass16_pct,5.0,LLaMA-3.1-8B,Gemma-7B,pass16_pct,False,1.3392857142857224
GPQA,pass16_pct,5.0,LLaMA-3.1-8B,Gemma-7B,high_conf_accuracy_pct,True,1.3392857142857224
CSQA,pass16_pct,3.0,DS-R1-7B,DS-R1-1.5B,frs_pct,True,2.211302211302211
CSQA,pass16_pct,3.0,DS-R1-7B,DS-R1-1.5B,pass1_pct,True,2.211302211302211
CSQA,pass16_pct,3.0,DS-R1-7B,DS-R1-1.5B,pass16_pct,True,2.211302211302211
CSQA,pass16_pct,3.0,DS-R1-7B,DS-R1-1.5B,high_conf_accuracy_pct,True,2.211302211302211
CSQA,pass16_pct,5.0,DS-R1-7B,DS-R1-1.5B,frs_pct,True,2.211302211302211
CSQA,pass16_pct,5.0,DS-R1-7B,DS-R1-1.5B,pass1_pct,True,2.211302211302211
CSQA,pass16_pct,5.0,DS-R1-7B,DS-R1-1.5B,pass16_pct,True,2.211302211302211
CSQA,pass16_pct,5.0,DS-R1-7B,DS-R1-1.5B,high_conf_accuracy_pct,True,2.211302211302211
CSQA,pass16_pct,2.0,DS-R1-7B,Qwen3-4B,frs_pct,False,1.63800163800164
CSQA,pass16_pct,2.0,DS-R1-7B,Qwen3-4B,pass1_pct,True,1.63800163800164
CSQA,pass16_pct,2.0,DS-R1-7B,Qwen3-4B,pass16_pct,True,1.63800163800164
CSQA,pass16_pct,2.0,DS-R1-7B,Qwen3-4B,high_conf_accuracy_pct,True,1.63800163800164
CSQA,pass16_pct,3.0,DS-R1-7B,Qwen3-4B,frs_pct,False,1.63800163800164
CSQA,pass16_pct,3.0,DS-R1-7B,Qwen3-4B,pass1_pct,True,1.63800163800164
CSQA,pass16_pct,3.0,DS-R1-7B,Qwen3-4B,pass16_pct,True,1.63800163800164
CSQA,pass16_pct,3.0,DS-R1-7B,Qwen3-4B,high_conf_accuracy_pct,True,1.63800163800164
CSQA,pass16_pct,5.0,DS-R1-7B,Qwen3-4B,frs_pct,False,1.63800163800164
CSQA,pass16_pct,5.0,DS-R1-7B,Qwen3-4B,pass1_pct,True,1.63800163800164
CSQA,pass16_pct,5.0,DS-R1-7B,Qwen3-4B,pass16_pct,True,1.63800163800164
CSQA,pass16_pct,5.0,DS-R1-7B,Qwen3-4B,high_conf_accuracy_pct,True,1.63800163800164
CSQA,pass16_pct,1.0,DS-R1-7B,Phi-4,frs_pct,True,0.08190008190007347
CSQA,pass16_pct,1.0,DS-R1-7B,Phi-4,pass1_pct,True,0.08190008190007347
CSQA,pass16_pct,1.0,DS-R1-7B,Phi-4,pass16_pct,True,0.08190008190007347
CSQA,pass16_pct,1.0,DS-R1-7B,Phi-4,high_conf_accuracy_pct,False,0.08190008190007347
CSQA,pass16_pct,2.0,DS-R1-7B,Phi-4,frs_pct,True,0.08190008190007347
CSQA,pass16_pct,2.0,DS-R1-7B,Phi-4,pass1_pct,True,0.08190008190007347
CSQA,pass16_pct,2.0,DS-R1-7B,Phi-4,pass16_pct,True,0.08190008190007347
CSQA,pass16_pct,2.0,DS-R1-7B,Phi-4,high_conf_accuracy_pct,False,0.08190008190007347
CSQA,pass16_pct,3.0,DS-R1-7B,Phi-4,frs_pct,True,0.08190008190007347
CSQA,pass16_pct,3.0,DS-R1-7B,Phi-4,pass1_pct,True,0.08190008190007347
CSQA,pass16_pct,3.0,DS-R1-7B,Phi-4,pass16_pct,True,0.08190008190007347
CSQA,pass16_pct,3.0,DS-R1-7B,Phi-4,high_conf_accuracy_pct,False,0.08190008190007347
CSQA,pass16_pct,5.0,DS-R1-7B,Phi-4,frs_pct,True,0.08190008190007347
CSQA,pass16_pct,5.0,DS-R1-7B,Phi-4,pass1_pct,True,0.08190008190007347
CSQA,pass16_pct,5.0,DS-R1-7B,Phi-4,pass16_pct,True,0.08190008190007347
CSQA,pass16_pct,5.0,DS-R1-7B,Phi-4,high_conf_accuracy_pct,False,0.08190008190007347
CSQA,pass1_pct,2.0,DS-R1-7B,Qwen2.5-Math,frs_pct,True,1.3999999999999986
CSQA,pass1_pct,2.0,DS-R1-7B,Qwen2.5-Math,pass1_pct,True,1.3999999999999986
CSQA,pass1_pct,2.0,DS-R1-7B,Qwen2.5-Math,pass16_pct,False,1.3999999999999986
CSQA,pass1_pct,2.0,DS-R1-7B,Qwen2.5-Math,high_conf_accuracy_pct,True,1.3999999999999986
CSQA,pass1_pct,3.0,DS-R1-7B,Qwen2.5-Math,frs_pct,True,1.3999999999999986
CSQA,pass1_pct,3.0,DS-R1-7B,Qwen2.5-Math,pass1_pct,True,1.3999999999999986
CSQA,pass1_pct,3.0,DS-R1-7B,Qwen2.5-Math,pass16_pct,False,1.3999999999999986
CSQA,pass1_pct,3.0,DS-R1-7B,Qwen2.5-Math,high_conf_accuracy_pct,True,1.3999999999999986
CSQA,pass1_pct,5.0,DS-R1-7B,Qwen2.5-Math,frs_pct,True,1.3999999999999986
CSQA,pass1_pct,5.0,DS-R1-7B,Qwen2.5-Math,pass1_pct,True,1.3999999999999986
CSQA,pass1_pct,5.0,DS-R1-7B,Qwen2.5-Math,pass16_pct,False,1.3999999999999986
CSQA,pass1_pct,5.0,DS-R1-7B,Qwen2.5-Math,high_conf_accuracy_pct,True,1.3999999999999986
CSQA,pass16_pct,2.0,DS-R1-7B,Qwen2.5-Math,frs_pct,True,1.8837018837018888
CSQA,pass16_pct,2.0,DS-R1-7B,Qwen2.5-Math,pass1_pct,True,1.8837018837018888
CSQA,pass16_pct,2.0,DS-R1-7B,Qwen2.5-Math,pass16_pct,False,1.8837018837018888
CSQA,pass16_pct,2.0,DS-R1-7B,Qwen2.5-Math,high_conf_accuracy_pct,True,1.8837018837018888
CSQA,pass16_pct,3.0,DS-R1-7B,Qwen2.5-Math,frs_pct,True,1.8837018837018888
CSQA,pass16_pct,3.0,DS-R1-7B,Qwen2.5-Math,pass1_pct,True,1.8837018837018888
CSQA,pass16_pct,3.0,DS-R1-7B,Qwen2.5-Math,pass16_pct,False,1.8837018837018888
CSQA,pass16_pct,3.0,DS-R1-7B,Qwen2.5-Math,high_conf_accuracy_pct,True,1.8837018837018888
CSQA,pass16_pct,5.0,DS-R1-7B,Qwen2.5-Math,frs_pct,True,1.8837018837018888
CSQA,pass16_pct,5.0,DS-R1-7B,Qwen2.5-Math,pass1_pct,True,1.8837018837018888
CSQA,pass16_pct,5.0,DS-R1-7B,Qwen2.5-Math,pass16_pct,False,1.8837018837018888
CSQA,pass16_pct,5.0,DS-R1-7B,Qwen2.5-Math,high_conf_accuracy_pct,True,1.8837018837018888
CSQA,pass16_pct,2.0,DS-R1-7B,Phi-4-Reas.,frs_pct,True,1.5561015561015665
CSQA,pass16_pct,2.0,DS-R1-7B,Phi-4-Reas.,pass1_pct,True,1.5561015561015665
CSQA,pass16_pct,2.0,DS-R1-7B,Phi-4-Reas.,pass16_pct,False,1.5561015561015665
CSQA,pass16_pct,2.0,DS-R1-7B,Phi-4-Reas.,high_conf_accuracy_pct,False,1.5561015561015665
CSQA,pass16_pct,3.0,DS-R1-7B,Phi-4-Reas.,frs_pct,True,1.5561015561015665
CSQA,pass16_pct,3.0,DS-R1-7B,Phi-4-Reas.,pass1_pct,True,1.5561015561015665
CSQA,pass16_pct,3.0,DS-R1-7B,Phi-4-Reas.,pass16_pct,False,1.5561015561015665
CSQA,pass16_pct,3.0,DS-R1-7B,Phi-4-Reas.,high_conf_accuracy_pct,False,1.5561015561015665
CSQA,pass16_pct,5.0,DS-R1-7B,Phi-4-Reas.,frs_pct,True,1.5561015561015665
CSQA,pass16_pct,5.0,DS-R1-7B,Phi-4-Reas.,pass1_pct,True,1.5561015561015665
CSQA,pass16_pct,5.0,DS-R1-7B,Phi-4-Reas.,pass16_pct,False,1.5561015561015665
CSQA,pass16_pct,5.0,DS-R1-7B,Phi-4-Reas.,high_conf_accuracy_pct,False,1.5561015561015665
CSQA,pass16_pct,3.0,DS-R1-7B,Qwen2.5-7B,frs_pct,False,2.047502047502036
CSQA,pass16_pct,3.0,DS-R1-7B,Qwen2.5-7B,pass1_pct,True,2.047502047502036
CSQA,pass16_pct,3.0,DS-R1-7B,Qwen2.5-7B,pass16_pct,True,2.047502047502036
CSQA,pass16_pct,3.0,DS-R1-7B,Qwen2.5-7B,high_conf_accuracy_pct,True,2.047502047502036
CSQA,pass16_pct,5.0,DS-R1-7B,Qwen2.5-7B,frs_pct,False,2.047502047502036
CSQA,pass16_pct,5.0,DS-R1-7B,Qwen2.5-7B,pass1_pct,True,2.047502047502036
CSQA,pass16_pct,5.0,DS-R1-7B,Qwen2.5-7B,pass16_pct,True,2.047502047502036
CSQA,pass16_pct,5.0,DS-R1-7B,Qwen2.5-7B,high_conf_accuracy_pct,True,2.047502047502036
CSQA,pass16_pct,5.0,DS-R1-7B,LLaMA-3.1-8B,frs_pct,True,4.422604422604422
CSQA,pass16_pct,5.0,DS-R1-7B,LLaMA-3.1-8B,pass1_pct,False,4.422604422604422
CSQA,pass16_pct,5.0,DS-R1-7B,LLaMA-3.1-8B,pass16_pct,False,4.422604422604422
CSQA,pass16_pct,5.0,DS-R1-7B,LLaMA-3.1-8B,high_conf_accuracy_pct,False,4.422604422604422
CSQA,pass16_pct,3.0,DS-R1-7B,Gemma-7B,frs_pct,True,2.7027027027026946
CSQA,pass16_pct,3.0,DS-R1-7B,Gemma-7B,pass1_pct,True,2.7027027027026946
CSQA,pass16_pct,3.0,DS-R1-7B,Gemma-7B,pass16_pct,True,2.7027027027026946
CSQA,pass16_pct,3.0,DS-R1-7B,Gemma-7B,high_conf_accuracy_pct,True,2.7027027027026946
CSQA,pass16_pct,5.0,DS-R1-7B,Gemma-7B,frs_pct,True,2.7027027027026946
CSQA,pass16_pct,5.0,DS-R1-7B,Gemma-7B,pass1_pct,True,2.7027027027026946
CSQA,pass16_pct,5.0,DS-R1-7B,Gemma-7B,pass16_pct,True,2.7027027027026946
CSQA,pass16_pct,5.0,DS-R1-7B,Gemma-7B,high_conf_accuracy_pct,True,2.7027027027026946
CSQA,pass16_pct,5.0,DS-R1-1.5B,Qwen3-4B,frs_pct,True,3.849303849303851
CSQA,pass16_pct,5.0,DS-R1-1.5B,Qwen3-4B,pass1_pct,True,3.849303849303851
CSQA,pass16_pct,5.0,DS-R1-1.5B,Qwen3-4B,pass16_pct,True,3.849303849303851
CSQA,pass16_pct,5.0,DS-R1-1.5B,Qwen3-4B,high_conf_accuracy_pct,True,3.849303849303851
CSQA,pass16_pct,3.0,DS-R1-1.5B,Phi-4,frs_pct,True,2.1294021294021377
CSQA,pass16_pct,3.0,DS-R1-1.5B,Phi-4,pass1_pct,False,2.1294021294021377
CSQA,pass16_pct,3.0,DS-R1-1.5B,Phi-4,pass16_pct,True,2.1294021294021377
CSQA,pass16_pct,3.0,DS-R1-1.5B,Phi-4,high_conf_accuracy_pct,True,2.1294021294021377
CSQA,pass16_pct,5.0,DS-R1-1.5B,Phi-4,frs_pct,True,2.1294021294021377
CSQA,pass16_pct,5.0,DS-R1-1.5B,Phi-4,pass1_pct,False,2.1294021294021377
CSQA,pass16_pct,5.0,DS-R1-1.5B,Phi-4,pass16_pct,True,2.1294021294021377
CSQA,pass16_pct,5.0,DS-R1-1.5B,Phi-4,high_conf_accuracy_pct,True,2.1294021294021377
CSQA,pass16_pct,5.0,DS-R1-1.5B,Qwen2.5-Math,frs_pct,True,4.0950040950041
CSQA,pass16_pct,5.0,DS-R1-1.5B,Qwen2.5-Math,pass1_pct,True,4.0950040950041
CSQA,pass16_pct,5.0,DS-R1-1.5B,Qwen2.5-Math,pass16_pct,True,4.0950040950041
CSQA,pass16_pct,5.0,DS-R1-1.5B,Qwen2.5-Math,high_conf_accuracy_pct,True,4.0950040950041
CSQA,pass1_pct,3.0,DS-R1-1.5B,Phi-4-Reas.,frs_pct,False,2.700000000000003
CSQA,pass1_pct,3.0,DS-R1-1.5B,Phi-4-Reas.,pass1_pct,False,2.700000000000003
CSQA,pass1_pct,3.0,DS-R1-1.5B,Phi-4-Reas.,pass16_pct,True,2.700000000000003
CSQA,pass1_pct,3.0,DS-R1-1.5B,Phi-4-Reas.,high_conf_accuracy_pct,True,2.700000000000003
CSQA,pass1_pct,5.0,DS-R1-1.5B,Phi-4-Reas.,frs_pct,False,2.700000000000003
CSQA,pass1_pct,5.0,DS-R1-1.5B,Phi-4-Reas.,pass1_pct,False,2.700000000000003
CSQA,pass1_pct,5.0,DS-R1-1.5B,Phi-4-Reas.,pass16_pct,True,2.700000000000003
CSQA,pass1_pct,5.0,DS-R1-1.5B,Phi-4-Reas.,high_conf_accuracy_pct,True,2.700000000000003
CSQA,pass16_pct,5.0,DS-R1-1.5B,Phi-4-Reas.,frs_pct,False,3.7674037674037777
CSQA,pass16_pct,5.0,DS-R1-1.5B,Phi-4-Reas.,pass1_pct,False,3.7674037674037777
CSQA,pass16_pct,5.0,DS-R1-1.5B,Phi-4-Reas.,pass16_pct,True,3.7674037674037777
CSQA,pass16_pct,5.0,DS-R1-1.5B,Phi-4-Reas.,high_conf_accuracy_pct,True,3.7674037674037777
CSQA,pass16_pct,5.0,DS-R1-1.5B,Qwen2.5-7B,frs_pct,True,4.258804258804247
CSQA,pass16_pct,5.0,DS-R1-1.5B,Qwen2.5-7B,pass1_pct,True,4.258804258804247
CSQA,pass16_pct,5.0,DS-R1-1.5B,Qwen2.5-7B,pass16_pct,True,4.258804258804247
CSQA,pass16_pct,5.0,DS-R1-1.5B,Qwen2.5-7B,high_conf_accuracy_pct,True,4.258804258804247
CSQA,pass16_pct,1.0,DS-R1-1.5B,Gemma-7B,frs_pct,True,0.4914004914004835
CSQA,pass16_pct,1.0,DS-R1-1.5B,Gemma-7B,pass1_pct,True,0.4914004914004835
CSQA,pass16_pct,1.0,DS-R1-1.5B,Gemma-7B,pass16_pct,True,0.4914004914004835
CSQA,pass16_pct,1.0,DS-R1-1.5B,Gemma-7B,high_conf_accuracy_pct,True,0.4914004914004835
CSQA,pass16_pct,2.0,DS-R1-1.5B,Gemma-7B,frs_pct,True,0.4914004914004835
CSQA,pass16_pct,2.0,DS-R1-1.5B,Gemma-7B,pass1_pct,True,0.4914004914004835
CSQA,pass16_pct,2.0,DS-R1-1.5B,Gemma-7B,pass16_pct,True,0.4914004914004835
CSQA,pass16_pct,2.0,DS-R1-1.5B,Gemma-7B,high_conf_accuracy_pct,True,0.4914004914004835
CSQA,pass16_pct,3.0,DS-R1-1.5B,Gemma-7B,frs_pct,True,0.4914004914004835
CSQA,pass16_pct,3.0,DS-R1-1.5B,Gemma-7B,pass1_pct,True,0.4914004914004835
CSQA,pass16_pct,3.0,DS-R1-1.5B,Gemma-7B,pass16_pct,True,0.4914004914004835
CSQA,pass16_pct,3.0,DS-R1-1.5B,Gemma-7B,high_conf_accuracy_pct,True,0.4914004914004835
CSQA,pass16_pct,5.0,DS-R1-1.5B,Gemma-7B,frs_pct,True,0.4914004914004835
CSQA,pass16_pct,5.0,DS-R1-1.5B,Gemma-7B,pass1_pct,True,0.4914004914004835
CSQA,pass16_pct,5.0,DS-R1-1.5B,Gemma-7B,pass16_pct,True,0.4914004914004835
CSQA,pass16_pct,5.0,DS-R1-1.5B,Gemma-7B,high_conf_accuracy_pct,True,0.4914004914004835
CSQA,pass16_pct,2.0,Qwen3-4B,Phi-4,frs_pct,False,1.7199017199017135
CSQA,pass16_pct,2.0,Qwen3-4B,Phi-4,pass1_pct,True,1.7199017199017135
CSQA,pass16_pct,2.0,Qwen3-4B,Phi-4,pass16_pct,True,1.7199017199017135
CSQA,pass16_pct,2.0,Qwen3-4B,Phi-4,high_conf_accuracy_pct,True,1.7199017199017135
CSQA,pass16_pct,3.0,Qwen3-4B,Phi-4,frs_pct,False,1.7199017199017135
CSQA,pass16_pct,3.0,Qwen3-4B,Phi-4,pass1_pct,True,1.7199017199017135
CSQA,pass16_pct,3.0,Qwen3-4B,Phi-4,pass16_pct,True,1.7199017199017135
CSQA,pass16_pct,3.0,Qwen3-4B,Phi-4,high_conf_accuracy_pct,True,1.7199017199017135
CSQA,pass16_pct,5.0,Qwen3-4B,Phi-4,frs_pct,False,1.7199017199017135
CSQA,pass16_pct,5.0,Qwen3-4B,Phi-4,pass1_pct,True,1.7199017199017135
CSQA,pass16_pct,5.0,Qwen3-4B,Phi-4,pass16_pct,True,1.7199017199017135
CSQA,pass16_pct,5.0,Qwen3-4B,Phi-4,high_conf_accuracy_pct,True,1.7199017199017135
CSQA,pass16_pct,1.0,Qwen3-4B,Qwen2.5-Math,frs_pct,True,0.24570024570024884
CSQA,pass16_pct,1.0,Qwen3-4B,Qwen2.5-Math,pass1_pct,True,0.24570024570024884
CSQA,pass16_pct,1.0,Qwen3-4B,Qwen2.5-Math,pass16_pct,False,0.24570024570024884
CSQA,pass16_pct,1.0,Qwen3-4B,Qwen2.5-Math,high_conf_accuracy_pct,True,0.24570024570024884
CSQA,pass16_pct,2.0,Qwen3-4B,Qwen2.5-Math,frs_pct,True,0.24570024570024884
CSQA,pass16_pct,2.0,Qwen3-4B,Qwen2.5-Math,pass1_pct,True,0.24570024570024884
CSQA,pass16_pct,2.0,Qwen3-4B,Qwen2.5-Math,pass16_pct,False,0.24570024570024884
CSQA,pass16_pct,2.0,Qwen3-4B,Qwen2.5-Math,high_conf_accuracy_pct,True,0.24570024570024884
CSQA,pass16_pct,3.0,Qwen3-4B,Qwen2.5-Math,frs_pct,True,0.24570024570024884
CSQA,pass16_pct,3.0,Qwen3-4B,Qwen2.5-Math,pass1_pct,True,0.24570024570024884
CSQA,pass16_pct,3.0,Qwen3-4B,Qwen2.5-Math,pass16_pct,False,0.24570024570024884
CSQA,pass16_pct,3.0,Qwen3-4B,Qwen2.5-Math,high_conf_accuracy_pct,True,0.24570024570024884
CSQA,pass16_pct,5.0,Qwen3-4B,Qwen2.5-Math,frs_pct,True,0.24570024570024884
CSQA,pass16_pct,5.0,Qwen3-4B,Qwen2.5-Math,pass1_pct,True,0.24570024570024884
CSQA,pass16_pct,5.0,Qwen3-4B,Qwen2.5-Math,pass16_pct,False,0.24570024570024884
CSQA,pass16_pct,5.0,Qwen3-4B,Qwen2.5-Math,high_conf_accuracy_pct,True,0.24570024570024884
CSQA,pass16_pct,1.0,Qwen3-4B,Phi-4-Reas.,frs_pct,True,0.08190008190007347
CSQA,pass16_pct,1.0,Qwen3-4B,Phi-4-Reas.,pass1_pct,True,0.08190008190007347
CSQA,pass16_pct,1.0,Qwen3-4B,Phi-4-Reas.,pass16_pct,True,0.08190008190007347
CSQA,pass16_pct,1.0,Qwen3-4B,Phi-4-Reas.,high_conf_accuracy_pct,True,0.08190008190007347
CSQA,pass16_pct,2.0,Qwen3-4B,Phi-4-Reas.,frs_pct,True,0.08190008190007347
CSQA,pass16_pct,2.0,Qwen3-4B,Phi-4-Reas.,pass1_pct,True,0.08190008190007347
CSQA,pass16_pct,2.0,Qwen3-4B,Phi-4-Reas.,pass16_pct,True,0.08190008190007347
CSQA,pass16_pct,2.0,Qwen3-4B,Phi-4-Reas.,high_conf_accuracy_pct,True,0.08190008190007347
CSQA,pass16_pct,3.0,Qwen3-4B,Phi-4-Reas.,frs_pct,True,0.08190008190007347
CSQA,pass16_pct,3.0,Qwen3-4B,Phi-4-Reas.,pass1_pct,True,0.08190008190007347
CSQA,pass16_pct,3.0,Qwen3-4B,Phi-4-Reas.,pass16_pct,True,0.08190008190007347
CSQA,pass16_pct,3.0,Qwen3-4B,Phi-4-Reas.,high_conf_accuracy_pct,True,0.08190008190007347
CSQA,pass16_pct,5.0,Qwen3-4B,Phi-4-Reas.,frs_pct,True,0.08190008190007347
CSQA,pass16_pct,5.0,Qwen3-4B,Phi-4-Reas.,pass1_pct,True,0.08190008190007347
CSQA,pass16_pct,5.0,Qwen3-4B,Phi-4-Reas.,pass16_pct,True,0.08190008190007347
CSQA,pass16_pct,5.0,Qwen3-4B,Phi-4-Reas.,high_conf_accuracy_pct,True,0.08190008190007347
CSQA,pass16_pct,1.0,Qwen3-4B,Qwen2.5-7B,frs_pct,False,0.4095004095003958
CSQA,pass16_pct,1.0,Qwen3-4B,Qwen2.5-7B,pass1_pct,True,0.4095004095003958
CSQA,pass16_pct,1.0,Qwen3-4B,Qwen2.5-7B,pass16_pct,True,0.4095004095003958
CSQA,pass16_pct,1.0,Qwen3-4B,Qwen2.5-7B,high_conf_accuracy_pct,False,0.4095004095003958
CSQA,pass16_pct,2.0,Qwen3-4B,Qwen2.5-7B,frs_pct,False,0.4095004095003958
CSQA,pass16_pct,2.0,Qwen3-4B,Qwen2.5-7B,pass1_pct,True,0.4095004095003958
CSQA,pass16_pct,2.0,Qwen3-4B,Qwen2.5-7B,pass16_pct,True,0.4095004095003958
CSQA,pass16_pct,2.0,Qwen3-4B,Qwen2.5-7B,high_conf_accuracy_pct,False,0.4095004095003958
CSQA,pass16_pct,3.0,Qwen3-4B,Qwen2.5-7B,frs_pct,False,0.4095004095003958
CSQA,pass16_pct,3.0,Qwen3-4B,Qwen2.5-7B,pass1_pct,True,0.4095004095003958
CSQA,pass16_pct,3.0,Qwen3-4B,Qwen2.5-7B,pass16_pct,True,0.4095004095003958
CSQA,pass16_pct,3.0,Qwen3-4B,Qwen2.5-7B,high_conf_accuracy_pct,False,0.4095004095003958
CSQA,pass16_pct,5.0,Qwen3-4B,Qwen2.5-7B,frs_pct,False,0.4095004095003958
CSQA,pass16_pct,5.0,Qwen3-4B,Qwen2.5-7B,pass1_pct,True,0.4095004095003958
CSQA,pass16_pct,5.0,Qwen3-4B,Qwen2.5-7B,pass16_pct,True,0.4095004095003958
CSQA,pass16_pct,5.0,Qwen3-4B,Qwen2.5-7B,high_conf_accuracy_pct,False,0.4095004095003958
CSQA,pass1_pct,5.0,Qwen3-4B,LLaMA-3.1-8B,frs_pct,True,3.200000000000003
CSQA,pass1_pct,5.0,Qwen3-4B,LLaMA-3.1-8B,pass1_pct,True,3.200000000000003
CSQA,pass1_pct,5.0,Qwen3-4B,LLaMA-3.1-8B,pass16_pct,False,3.200000000000003
CSQA,pass1_pct,5.0,Qwen3-4B,LLaMA-3.1-8B,high_conf_accuracy_pct,True,3.200000000000003
CSQA,pass16_pct,3.0,Qwen3-4B,LLaMA-3.1-8B,frs_pct,True,2.7846027846027823
CSQA,pass16_pct,3.0,Qwen3-4B,LLaMA-3.1-8B,pass1_pct,True,2.7846027846027823
CSQA,pass16_pct,3.0,Qwen3-4B,LLaMA-3.1-8B,pass16_pct,False,2.7846027846027823
CSQA,pass16_pct,3.0,Qwen3-4B,LLaMA-3.1-8B,high_conf_accuracy_pct,True,2.7846027846027823
CSQA,pass16_pct,5.0,Qwen3-4B,LLaMA-3.1-8B,frs_pct,True,2.7846027846027823
CSQA,pass16_pct,5.0,Qwen3-4B,LLaMA-3.1-8B,pass1_pct,True,2.7846027846027823
CSQA,pass16_pct,5.0,Qwen3-4B,LLaMA-3.1-8B,pass16_pct,False,2.7846027846027823
CSQA,pass16_pct,5.0,Qwen3-4B,LLaMA-3.1-8B,high_conf_accuracy_pct,True,2.7846027846027823
CSQA,pass16_pct,5.0,Qwen3-4B,Gemma-7B,frs_pct,True,4.340704340704335
CSQA,pass16_pct,5.0,Qwen3-4B,Gemma-7B,pass1_pct,True,4.340704340704335
CSQA,pass16_pct,5.0,Qwen3-4B,Gemma-7B,pass16_pct,True,4.340704340704335
CSQA,pass16_pct,5.0,Qwen3-4B,Gemma-7B,high_conf_accuracy_pct,True,4.340704340704335
CSQA,pass16_pct,2.0,Phi-4,Qwen2.5-Math,frs_pct,False,1.9656019656019623
CSQA,pass16_pct,2.0,Phi-4,Qwen2.5-Math,pass1_pct,True,1.9656019656019623
CSQA,pass16_pct,2.0,Phi-4,Qwen2.5-Math,pass16_pct,True,1.9656019656019623
CSQA,pass16_pct,2.0,Phi-4,Qwen2.5-Math,high_conf_accuracy_pct,False,1.9656019656019623
CSQA,pass16_pct,3.0,Phi-4,Qwen2.5-Math,frs_pct,False,1.9656019656019623
CSQA,pass16_pct,3.0,Phi-4,Qwen2.5-Math,pass1_pct,True,1.9656019656019623
CSQA,pass16_pct,3.0,Phi-4,Qwen2.5-Math,pass16_pct,True,1.9656019656019623
CSQA,pass16_pct,3.0,Phi-4,Qwen2.5-Math,high_conf_accuracy_pct,False,1.9656019656019623
CSQA,pass16_pct,5.0,Phi-4,Qwen2.5-Math,frs_pct,False,1.9656019656019623
CSQA,pass16_pct,5.0,Phi-4,Qwen2.5-Math,pass1_pct,True,1.9656019656019623
CSQA,pass16_pct,5.0,Phi-4,Qwen2.5-Math,pass16_pct,True,1.9656019656019623
CSQA,pass16_pct,5.0,Phi-4,Qwen2.5-Math,high_conf_accuracy_pct,False,1.9656019656019623
CSQA,pass16_pct,2.0,Phi-4,Phi-4-Reas.,frs_pct,False,1.63800163800164
CSQA,pass16_pct,2.0,Phi-4,Phi-4-Reas.,pass1_pct,True,1.63800163800164
CSQA,pass16_pct,2.0,Phi-4,Phi-4-Reas.,pass16_pct,True,1.63800163800164
CSQA,pass16_pct,2.0,Phi-4,Phi-4-Reas.,high_conf_accuracy_pct,True,1.63800163800164
CSQA,pass16_pct,3.0,Phi-4,Phi-4-Reas.,frs_pct,False,1.63800163800164
CSQA,pass16_pct,3.0,Phi-4,Phi-4-Reas.,pass1_pct,True,1.63800163800164
CSQA,pass16_pct,3.0,Phi-4,Phi-4-Reas.,pass16_pct,True,1.63800163800164
CSQA,pass16_pct,3.0,Phi-4,Phi-4-Reas.,high_conf_accuracy_pct,True,1.63800163800164
CSQA,pass16_pct,5.0,Phi-4,Phi-4-Reas.,frs_pct,False,1.63800163800164
CSQA,pass16_pct,5.0,Phi-4,Phi-4-Reas.,pass1_pct,True,1.63800163800164
CSQA,pass16_pct,5.0,Phi-4,Phi-4-Reas.,pass16_pct,True,1.63800163800164
CSQA,pass16_pct,5.0,Phi-4,Phi-4-Reas.,high_conf_accuracy_pct,True,1.63800163800164
CSQA,pass16_pct,3.0,Phi-4,Qwen2.5-7B,frs_pct,False,2.1294021294021093
CSQA,pass16_pct,3.0,Phi-4,Qwen2.5-7B,pass1_pct,True,2.1294021294021093
CSQA,pass16_pct,3.0,Phi-4,Qwen2.5-7B,pass16_pct,True,2.1294021294021093
CSQA,pass16_pct,3.0,Phi-4,Qwen2.5-7B,high_conf_accuracy_pct,True,2.1294021294021093
CSQA,pass16_pct,5.0,Phi-4,Qwen2.5-7B,frs_pct,False,2.1294021294021093
CSQA,pass16_pct,5.0,Phi-4,Qwen2.5-7B,pass1_pct,True,2.1294021294021093
CSQA,pass16_pct,5.0,Phi-4,Qwen2.5-7B,pass16_pct,True,2.1294021294021093
CSQA,pass16_pct,5.0,Phi-4,Qwen2.5-7B,high_conf_accuracy_pct,True,2.1294021294021093
CSQA,pass16_pct,5.0,Phi-4,LLaMA-3.1-8B,frs_pct,True,4.504504504504496
CSQA,pass16_pct,5.0,Phi-4,LLaMA-3.1-8B,pass1_pct,False,4.504504504504496
CSQA,pass16_pct,5.0,Phi-4,LLaMA-3.1-8B,pass16_pct,False,4.504504504504496
CSQA,pass16_pct,5.0,Phi-4,LLaMA-3.1-8B,high_conf_accuracy_pct,False,4.504504504504496
CSQA,pass16_pct,3.0,Phi-4,Gemma-7B,frs_pct,True,2.620802620802621
CSQA,pass16_pct,3.0,Phi-4,Gemma-7B,pass1_pct,False,2.620802620802621
CSQA,pass16_pct,3.0,Phi-4,Gemma-7B,pass16_pct,True,2.620802620802621
CSQA,pass16_pct,3.0,Phi-4,Gemma-7B,high_conf_accuracy_pct,True,2.620802620802621
CSQA,pass16_pct,5.0,Phi-4,Gemma-7B,frs_pct,True,2.620802620802621
CSQA,pass16_pct,5.0,Phi-4,Gemma-7B,pass1_pct,False,2.620802620802621
CSQA,pass16_pct,5.0,Phi-4,Gemma-7B,pass16_pct,True,2.620802620802621
CSQA,pass16_pct,5.0,Phi-4,Gemma-7B,high_conf_accuracy_pct,True,2.620802620802621
CSQA,pass16_pct,1.0,Qwen2.5-Math,Phi-4-Reas.,frs_pct,False,0.3276003276003223
CSQA,pass16_pct,1.0,Qwen2.5-Math,Phi-4-Reas.,pass1_pct,False,0.3276003276003223
CSQA,pass16_pct,1.0,Qwen2.5-Math,Phi-4-Reas.,pass16_pct,False,0.3276003276003223
CSQA,pass16_pct,1.0,Qwen2.5-Math,Phi-4-Reas.,high_conf_accuracy_pct,True,0.3276003276003223
CSQA,pass16_pct,2.0,Qwen2.5-Math,Phi-4-Reas.,frs_pct,False,0.3276003276003223
CSQA,pass16_pct,2.0,Qwen2.5-Math,Phi-4-Reas.,pass1_pct,False,0.3276003276003223
CSQA,pass16_pct,2.0,Qwen2.5-Math,Phi-4-Reas.,pass16_pct,False,0.3276003276003223
CSQA,pass16_pct,2.0,Qwen2.5-Math,Phi-4-Reas.,high_conf_accuracy_pct,True,0.3276003276003223
CSQA,pass16_pct,3.0,Qwen2.5-Math,Phi-4-Reas.,frs_pct,False,0.3276003276003223
CSQA,pass16_pct,3.0,Qwen2.5-Math,Phi-4-Reas.,pass1_pct,False,0.3276003276003223
CSQA,pass16_pct,3.0,Qwen2.5-Math,Phi-4-Reas.,pass16_pct,False,0.3276003276003223
CSQA,pass16_pct,3.0,Qwen2.5-Math,Phi-4-Reas.,high_conf_accuracy_pct,True,0.3276003276003223
CSQA,pass16_pct,5.0,Qwen2.5-Math,Phi-4-Reas.,frs_pct,False,0.3276003276003223
CSQA,pass16_pct,5.0,Qwen2.5-Math,Phi-4-Reas.,pass1_pct,False,0.3276003276003223
CSQA,pass16_pct,5.0,Qwen2.5-Math,Phi-4-Reas.,pass16_pct,False,0.3276003276003223
CSQA,pass16_pct,5.0,Qwen2.5-Math,Phi-4-Reas.,high_conf_accuracy_pct,True,0.3276003276003223
CSQA,pass16_pct,1.0,Qwen2.5-Math,Qwen2.5-7B,frs_pct,False,0.16380016380014695
CSQA,pass16_pct,1.0,Qwen2.5-Math,Qwen2.5-7B,pass1_pct,True,0.16380016380014695
CSQA,pass16_pct,1.0,Qwen2.5-Math,Qwen2.5-7B,pass16_pct,True,0.16380016380014695
CSQA,pass16_pct,1.0,Qwen2.5-Math,Qwen2.5-7B,high_conf_accuracy_pct,True,0.16380016380014695
CSQA,pass16_pct,2.0,Qwen2.5-Math,Qwen2.5-7B,frs_pct,False,0.16380016380014695
CSQA,pass16_pct,2.0,Qwen2.5-Math,Qwen2.5-7B,pass1_pct,True,0.16380016380014695
CSQA,pass16_pct,2.0,Qwen2.5-Math,Qwen2.5-7B,pass16_pct,True,0.16380016380014695
CSQA,pass16_pct,2.0,Qwen2.5-Math,Qwen2.5-7B,high_conf_accuracy_pct,True,0.16380016380014695
CSQA,pass16_pct,3.0,Qwen2.5-Math,Qwen2.5-7B,frs_pct,False,0.16380016380014695
CSQA,pass16_pct,3.0,Qwen2.5-Math,Qwen2.5-7B,pass1_pct,True,0.16380016380014695
CSQA,pass16_pct,3.0,Qwen2.5-Math,Qwen2.5-7B,pass16_pct,True,0.16380016380014695
CSQA,pass16_pct,3.0,Qwen2.5-Math,Qwen2.5-7B,high_conf_accuracy_pct,True,0.16380016380014695
CSQA,pass16_pct,5.0,Qwen2.5-Math,Qwen2.5-7B,frs_pct,False,0.16380016380014695
CSQA,pass16_pct,5.0,Qwen2.5-Math,Qwen2.5-7B,pass1_pct,True,0.16380016380014695
CSQA,pass16_pct,5.0,Qwen2.5-Math,Qwen2.5-7B,pass16_pct,True,0.16380016380014695
CSQA,pass16_pct,5.0,Qwen2.5-Math,Qwen2.5-7B,high_conf_accuracy_pct,True,0.16380016380014695
CSQA,pass16_pct,3.0,Qwen2.5-Math,LLaMA-3.1-8B,frs_pct,True,2.5389025389025335
CSQA,pass16_pct,3.0,Qwen2.5-Math,LLaMA-3.1-8B,pass1_pct,False,2.5389025389025335
CSQA,pass16_pct,3.0,Qwen2.5-Math,LLaMA-3.1-8B,pass16_pct,False,2.5389025389025335
CSQA,pass16_pct,3.0,Qwen2.5-Math,LLaMA-3.1-8B,high_conf_accuracy_pct,False,2.5389025389025335
CSQA,pass16_pct,5.0,Qwen2.5-Math,LLaMA-3.1-8B,frs_pct,True,2.5389025389025335
CSQA,pass16_pct,5.0,Qwen2.5-Math,LLaMA-3.1-8B,pass1_pct,False,2.5389025389025335
CSQA,pass16_pct,5.0,Qwen2.5-Math,LLaMA-3.1-8B,pass16_pct,False,2.5389025389025335
CSQA,pass16_pct,5.0,Qwen2.5-Math,LLaMA-3.1-8B,high_conf_accuracy_pct,False,2.5389025389025335
CSQA,pass16_pct,5.0,Qwen2.5-Math,Gemma-7B,frs_pct,True,4.5864045864045835
CSQA,pass16_pct,5.0,Qwen2.5-Math,Gemma-7B,pass1_pct,True,4.5864045864045835
CSQA,pass16_pct,5.0,Qwen2.5-Math,Gemma-7B,pass16_pct,True,4.5864045864045835
CSQA,pass16_pct,5.0,Qwen2.5-Math,Gemma-7B,high_conf_accuracy_pct,True,4.5864045864045835
CSQA,pass16_pct,1.0,Phi-4-Reas.,Qwen2.5-7B,frs_pct,True,0.49140049140046926
CSQA,pass16_pct,1.0,Phi-4-Reas.,Qwen2.5-7B,pass1_pct,True,0.49140049140046926
CSQA,pass16_pct,1.0,Phi-4-Reas.,Qwen2.5-7B,pass16_pct,True,0.49140049140046926
CSQA,pass16_pct,1.0,Phi-4-Reas.,Qwen2.5-7B,high_conf_accuracy_pct,True,0.49140049140046926
CSQA,pass16_pct,2.0,Phi-4-Reas.,Qwen2.5-7B,frs_pct,True,0.49140049140046926
CSQA,pass16_pct,2.0,Phi-4-Reas.,Qwen2.5-7B,pass1_pct,True,0.49140049140046926
CSQA,pass16_pct,2.0,Phi-4-Reas.,Qwen2.5-7B,pass16_pct,True,0.49140049140046926
CSQA,pass16_pct,2.0,Phi-4-Reas.,Qwen2.5-7B,high_conf_accuracy_pct,True,0.49140049140046926
CSQA,pass16_pct,3.0,Phi-4-Reas.,Qwen2.5-7B,frs_pct,True,0.49140049140046926
CSQA,pass16_pct,3.0,Phi-4-Reas.,Qwen2.5-7B,pass1_pct,True,0.49140049140046926
CSQA,pass16_pct,3.0,Phi-4-Reas.,Qwen2.5-7B,pass16_pct,True,0.49140049140046926
CSQA,pass16_pct,3.0,Phi-4-Reas.,Qwen2.5-7B,high_conf_accuracy_pct,True,0.49140049140046926
CSQA,pass16_pct,5.0,Phi-4-Reas.,Qwen2.5-7B,frs_pct,True,0.49140049140046926
CSQA,pass16_pct,5.0,Phi-4-Reas.,Qwen2.5-7B,pass1_pct,True,0.49140049140046926
CSQA,pass16_pct,5.0,Phi-4-Reas.,Qwen2.5-7B,pass16_pct,True,0.49140049140046926
CSQA,pass16_pct,5.0,Phi-4-Reas.,Qwen2.5-7B,high_conf_accuracy_pct,True,0.49140049140046926
CSQA,pass16_pct,3.0,Phi-4-Reas.,LLaMA-3.1-8B,frs_pct,False,2.866502866502856
CSQA,pass16_pct,3.0,Phi-4-Reas.,LLaMA-3.1-8B,pass1_pct,False,2.866502866502856
CSQA,pass16_pct,3.0,Phi-4-Reas.,LLaMA-3.1-8B,pass16_pct,False,2.866502866502856
CSQA,pass16_pct,3.0,Phi-4-Reas.,LLaMA-3.1-8B,high_conf_accuracy_pct,False,2.866502866502856
CSQA,pass16_pct,5.0,Phi-4-Reas.,LLaMA-3.1-8B,frs_pct,False,2.866502866502856
CSQA,pass16_pct,5.0,Phi-4-Reas.,LLaMA-3.1-8B,pass1_pct,False,2.866502866502856
CSQA,pass16_pct,5.0,Phi-4-Reas.,LLaMA-3.1-8B,pass16_pct,False,2.866502866502856
CSQA,pass16_pct,5.0,Phi-4-Reas.,LLaMA-3.1-8B,high_conf_accuracy_pct,False,2.866502866502856
CSQA,pass16_pct,5.0,Phi-4-Reas.,Gemma-7B,frs_pct,True,4.258804258804261
CSQA,pass16_pct,5.0,Phi-4-Reas.,Gemma-7B,pass1_pct,True,4.258804258804261
CSQA,pass16_pct,5.0,Phi-4-Reas.,Gemma-7B,pass16_pct,True,4.258804258804261
CSQA,pass16_pct,5.0,Phi-4-Reas.,Gemma-7B,high_conf_accuracy_pct,True,4.258804258804261
CSQA,pass16_pct,3.0,Qwen2.5-7B,LLaMA-3.1-8B,frs_pct,True,2.3751023751023865
CSQA,pass16_pct,3.0,Qwen2.5-7B,LLaMA-3.1-8B,pass1_pct,True,2.3751023751023865
CSQA,pass16_pct,3.0,Qwen2.5-7B,LLaMA-3.1-8B,pass16_pct,False,2.3751023751023865
CSQA,pass16_pct,3.0,Qwen2.5-7B,LLaMA-3.1-8B,high_conf_accuracy_pct,True,2.3751023751023865
CSQA,pass16_pct,5.0,Qwen2.5-7B,LLaMA-3.1-8B,frs_pct,True,2.3751023751023865
CSQA,pass16_pct,5.0,Qwen2.5-7B,LLaMA-3.1-8B,pass1_pct,True,2.3751023751023865
CSQA,pass16_pct,5.0,Qwen2.5-7B,LLaMA-3.1-8B,pass16_pct,False,2.3751023751023865
CSQA,pass16_pct,5.0,Qwen2.5-7B,LLaMA-3.1-8B,high_conf_accuracy_pct,True,2.3751023751023865
CSQA,pass16_pct,5.0,Qwen2.5-7B,Gemma-7B,frs_pct,True,4.75020475020473
CSQA,pass16_pct,5.0,Qwen2.5-7B,Gemma-7B,pass1_pct,True,4.75020475020473
CSQA,pass16_pct,5.0,Qwen2.5-7B,Gemma-7B,pass16_pct,True,4.75020475020473
CSQA,pass16_pct,5.0,Qwen2.5-7B,Gemma-7B,high_conf_accuracy_pct,True,4.75020475020473
