model,dataset,benchmark,question_id,reasoning_score_top_conf,mean_reasoning_score_random,selection_gain_question,n_random_valid,n_top_valid
DS-R1-1.5B,AQuA,AQuA,2,1.0,0.3125,0.6875,1,1
DS-R1-1.5B,AQuA,AQuA,5,0.3125,0.4375,-0.125,1,1
DS-R1-1.5B,AQuA,AQuA,8,0.625,0.3125,0.3125,1,1
DS-R1-1.5B,AQuA,AQuA,21,0.5625,0.5625,0.0,1,1
DS-R1-1.5B,AQuA,AQuA,31,1.0,1.0,0.0,1,1
DS-R1-1.5B,AQuA,AQuA,45,0.8125,0.875,-0.0625,1,1
DS-R1-1.5B,AQuA,AQuA,46,1.0,0.6875,0.3125,1,1
DS-R1-1.5B,AQuA,AQuA,48,1.0,0.5625,0.4375,1,1
DS-R1-1.5B,AQuA,AQuA,49,1.0,1.0,0.0,1,1
DS-R1-1.5B,AQuA,AQuA,53,1.0,1.0,0.0,1,1
DS-R1-1.5B,AQuA,AQuA,62,1.0,0.625,0.375,1,1
DS-R1-1.5B,AQuA,AQuA,65,1.0,0.875,0.125,1,1
DS-R1-1.5B,AQuA,AQuA,72,1.0,1.0,0.0,1,1
DS-R1-1.5B,AQuA,AQuA,75,0.625,0.3125,0.3125,1,1
DS-R1-1.5B,AQuA,AQuA,77,0.25,0.3125,-0.0625,1,1
DS-R1-1.5B,AQuA,AQuA,90,0.875,0.375,0.5,1,1
DS-R1-1.5B,AQuA,AQuA,93,1.0,0.5,0.5,1,1
DS-R1-1.5B,AQuA,AQuA,109,0.875,0.5,0.375,1,1
DS-R1-1.5B,AQuA,AQuA,114,0.3125,0.3125,0.0,1,1
DS-R1-1.5B,AQuA,AQuA,120,1.0,0.4375,0.5625,1,1
DS-R1-1.5B,AQuA,AQuA,125,0.5,0.3125,0.1875,1,1
DS-R1-1.5B,AQuA,AQuA,128,1.0,1.0,0.0,1,1
DS-R1-1.5B,AQuA,AQuA,129,0.5625,0.5625,0.0,1,1
DS-R1-1.5B,AQuA,AQuA,133,1.0,0.6875,0.3125,1,1
DS-R1-1.5B,AQuA,AQuA,145,1.0,0.3125,0.6875,1,1
DS-R1-1.5B,AQuA,AQuA,146,0.3125,0.3125,0.0,1,1
DS-R1-1.5B,AQuA,AQuA,156,1.0,0.625,0.375,1,1
DS-R1-1.5B,AQuA,AQuA,158,0.375,0.5625,-0.1875,1,1
DS-R1-1.5B,AQuA,AQuA,177,0.75,1.0,-0.25,1,1
DS-R1-1.5B,AQuA,AQuA,183,1.0,1.0,0.0,1,1
DS-R1-1.5B,AQuA,AQuA,184,0.3125,0.375,-0.0625,1,1
DS-R1-1.5B,AQuA,AQuA,187,0.5625,0.3125,0.25,1,1
DS-R1-1.5B,AQuA,AQuA,189,1.0,0.3125,0.6875,1,1
DS-R1-1.5B,AQuA,AQuA,191,0.875,0.5,0.375,1,1
DS-R1-1.5B,AQuA,AQuA,197,0.625,0.375,0.25,1,1
DS-R1-1.5B,AQuA,AQuA,201,0.5625,0.375,0.1875,1,1
DS-R1-1.5B,AQuA,AQuA,202,0.5625,0.3125,0.25,1,1
DS-R1-1.5B,AQuA,AQuA,204,0.875,0.875,0.0,1,1
DS-R1-1.5B,AQuA,AQuA,205,0.25,0.25,0.0,1,1
DS-R1-1.5B,AQuA,AQuA,207,0.3125,0.3125,0.0,1,1
DS-R1-1.5B,AQuA,AQuA,211,0.375,0.625,-0.25,1,1
DS-R1-1.5B,AQuA,AQuA,217,0.875,0.625,0.25,1,1
DS-R1-1.5B,AQuA,AQuA,218,0.625,0.625,0.0,1,1
DS-R1-1.5B,AQuA,AQuA,219,1.0,0.5625,0.4375,1,1
DS-R1-1.5B,AQuA,AQuA,220,1.0,0.6875,0.3125,1,1
DS-R1-1.5B,AQuA,AQuA,229,1.0,0.6875,0.3125,1,1
DS-R1-1.5B,AQuA,AQuA,230,1.0,0.875,0.125,1,1
DS-R1-1.5B,AQuA,AQuA,236,0.625,0.3125,0.3125,1,1
DS-R1-1.5B,AQuA,AQuA,243,0.625,0.625,0.0,1,1
DS-R1-1.5B,AQuA,AQuA,253,0.3125,0.6875,-0.375,1,1
DS-R1-1.5B,CommonsenseQA,CSQA,33,0.8125,1.0,-0.1875,1,1
DS-R1-1.5B,CommonsenseQA,CSQA,71,0.5625,0.8125,-0.25,1,1
DS-R1-1.5B,CommonsenseQA,CSQA,72,1.0,0.3125,0.6875,1,1
DS-R1-1.5B,CommonsenseQA,CSQA,107,0.4375,0.6875,-0.25,1,1
DS-R1-1.5B,CommonsenseQA,CSQA,157,0.5625,0.375,0.1875,1,1
DS-R1-1.5B,CommonsenseQA,CSQA,158,0.5625,0.3125,0.25,1,1
DS-R1-1.5B,CommonsenseQA,CSQA,165,1.0,0.625,0.375,1,1
DS-R1-1.5B,CommonsenseQA,CSQA,186,0.625,0.6875,-0.0625,1,1
DS-R1-1.5B,CommonsenseQA,CSQA,193,0.4375,0.4375,0.0,1,1
DS-R1-1.5B,CommonsenseQA,CSQA,202,0.3125,0.3125,0.0,1,1
DS-R1-1.5B,CommonsenseQA,CSQA,210,1.0,1.0,0.0,1,1
DS-R1-1.5B,CommonsenseQA,CSQA,216,0.0,0.375,-0.375,1,1
DS-R1-1.5B,CommonsenseQA,CSQA,253,1.0,0.6875,0.3125,1,1
DS-R1-1.5B,CommonsenseQA,CSQA,268,0.3125,1.0,-0.6875,1,1
DS-R1-1.5B,CommonsenseQA,CSQA,273,0.3125,0.3125,0.0,1,1
DS-R1-1.5B,CommonsenseQA,CSQA,303,1.0,0.8125,0.1875,1,1
DS-R1-1.5B,CommonsenseQA,CSQA,310,0.8125,0.5,0.3125,1,1
DS-R1-1.5B,CommonsenseQA,CSQA,339,0.3125,0.3125,0.0,1,1
DS-R1-1.5B,CommonsenseQA,CSQA,348,0.8125,0.8125,0.0,1,1
DS-R1-1.5B,CommonsenseQA,CSQA,349,0.3125,0.3125,0.0,1,1
DS-R1-1.5B,CommonsenseQA,CSQA,362,0.3125,0.3125,0.0,1,1
DS-R1-1.5B,CommonsenseQA,CSQA,363,1.0,0.375,0.625,1,1
DS-R1-1.5B,CommonsenseQA,CSQA,401,1.0,0.3125,0.6875,1,1
DS-R1-1.5B,CommonsenseQA,CSQA,436,0.3125,0.6875,-0.375,1,1
DS-R1-1.5B,CommonsenseQA,CSQA,450,0.3125,0.625,-0.3125,1,1
DS-R1-1.5B,CommonsenseQA,CSQA,483,1.0,0.8125,0.1875,1,1
DS-R1-1.5B,CommonsenseQA,CSQA,489,0.8125,0.8125,0.0,1,1
DS-R1-1.5B,CommonsenseQA,CSQA,493,0.625,0.625,0.0,1,1
DS-R1-1.5B,CommonsenseQA,CSQA,500,0.875,0.625,0.25,1,1
DS-R1-1.5B,CommonsenseQA,CSQA,513,0.0625,0.3125,-0.25,1,1
DS-R1-1.5B,CommonsenseQA,CSQA,566,1.0,0.8125,0.1875,1,1
DS-R1-1.5B,CommonsenseQA,CSQA,614,1.0,0.5625,0.4375,1,1
DS-R1-1.5B,CommonsenseQA,CSQA,649,0.75,1.0,-0.25,1,1
DS-R1-1.5B,CommonsenseQA,CSQA,660,1.0,1.0,0.0,1,1
DS-R1-1.5B,CommonsenseQA,CSQA,706,1.0,0.3125,0.6875,1,1
DS-R1-1.5B,CommonsenseQA,CSQA,748,0.3125,0.5625,-0.25,1,1
DS-R1-1.5B,CommonsenseQA,CSQA,755,0.4375,0.5,-0.0625,1,1
DS-R1-1.5B,CommonsenseQA,CSQA,871,0.3125,0.8125,-0.5,1,1
DS-R1-1.5B,CommonsenseQA,CSQA,927,0.3125,0.75,-0.4375,1,1
DS-R1-1.5B,CommonsenseQA,CSQA,953,0.3125,0.3125,0.0,1,1
DS-R1-1.5B,CommonsenseQA,CSQA,957,0.3125,1.0,-0.6875,1,1
DS-R1-1.5B,CommonsenseQA,CSQA,975,0.0,0.8125,-0.8125,1,1
DS-R1-1.5B,CommonsenseQA,CSQA,978,0.3125,0.4375,-0.125,1,1
DS-R1-1.5B,CommonsenseQA,CSQA,995,0.75,0.8125,-0.0625,1,1
DS-R1-1.5B,CommonsenseQA,CSQA,1006,0.0,0.375,-0.375,1,1
DS-R1-1.5B,CommonsenseQA,CSQA,1018,1.0,0.375,0.625,1,1
DS-R1-1.5B,CommonsenseQA,CSQA,1072,0.3125,0.8125,-0.5,1,1
DS-R1-1.5B,CommonsenseQA,CSQA,1119,0.375,1.0,-0.625,1,1
DS-R1-1.5B,CommonsenseQA,CSQA,1195,0.625,1.0,-0.375,1,1
DS-R1-1.5B,CommonsenseQA,CSQA,1207,1.0,0.8125,0.1875,1,1
DS-R1-1.5B,GPQA,GPQA,0,0.4375,0.5,-0.0625,1,1
DS-R1-1.5B,GPQA,GPQA,3,0.5625,0.3125,0.25,1,1
DS-R1-1.5B,GPQA,GPQA,5,0.875,0.5625,0.3125,1,1
DS-R1-1.5B,GPQA,GPQA,7,0.75,0.375,0.375,1,1
DS-R1-1.5B,GPQA,GPQA,12,0.3125,0.625,-0.3125,1,1
DS-R1-1.5B,GPQA,GPQA,45,0.5,0.5625,-0.0625,1,1
DS-R1-1.5B,GPQA,GPQA,53,0.5,0.5,0.0,1,1
DS-R1-1.5B,GPQA,GPQA,77,0.6875,0.5625,0.125,1,1
DS-R1-1.5B,GPQA,GPQA,84,0.75,0.625,0.125,1,1
DS-R1-1.5B,GPQA,GPQA,86,0.8125,0.5625,0.25,1,1
DS-R1-1.5B,GPQA,GPQA,92,0.4375,0.375,0.0625,1,1
DS-R1-1.5B,GPQA,GPQA,95,0.3125,0.4375,-0.125,1,1
DS-R1-1.5B,GPQA,GPQA,98,0.375,0.5625,-0.1875,1,1
DS-R1-1.5B,GPQA,GPQA,102,0.3125,0.5,-0.1875,1,1
DS-R1-1.5B,GPQA,GPQA,113,0.4375,0.4375,0.0,1,1
DS-R1-1.5B,GPQA,GPQA,122,0.3125,0.5,-0.1875,1,1
DS-R1-1.5B,GPQA,GPQA,139,0.4375,0.375,0.0625,1,1
DS-R1-1.5B,GPQA,GPQA,140,0.5625,0.5,0.0625,1,1
DS-R1-1.5B,GPQA,GPQA,141,0.8125,0.5625,0.25,1,1
DS-R1-1.5B,GPQA,GPQA,145,0.5625,0.5,0.0625,1,1
DS-R1-1.5B,GPQA,GPQA,154,0.5,0.25,0.25,1,1
DS-R1-1.5B,GPQA,GPQA,163,0.25,0.5,-0.25,1,1
DS-R1-1.5B,GPQA,GPQA,178,0.8125,0.375,0.4375,1,1
DS-R1-1.5B,GPQA,GPQA,186,0.0,0.4375,-0.4375,1,1
DS-R1-1.5B,GPQA,GPQA,192,0.375,0.3125,0.0625,1,1
DS-R1-1.5B,GPQA,GPQA,197,1.0,0.3125,0.6875,1,1
DS-R1-1.5B,GPQA,GPQA,224,0.375,0.5625,-0.1875,1,1
DS-R1-1.5B,GPQA,GPQA,226,0.5,0.3125,0.1875,1,1
DS-R1-1.5B,GPQA,GPQA,227,0.125,0.3125,-0.1875,1,1
DS-R1-1.5B,GPQA,GPQA,239,0.3125,0.375,-0.0625,1,1
DS-R1-1.5B,GPQA,GPQA,248,0.5625,0.375,0.1875,1,1
DS-R1-1.5B,GPQA,GPQA,254,0.5625,0.375,0.1875,1,1
DS-R1-1.5B,GPQA,GPQA,258,0.5,0.3125,0.1875,1,1
DS-R1-1.5B,GPQA,GPQA,265,0.0,0.5625,-0.5625,1,1
DS-R1-1.5B,GPQA,GPQA,277,0.5625,0.25,0.3125,1,1
DS-R1-1.5B,GPQA,GPQA,290,0.6875,1.0,-0.3125,1,1
DS-R1-1.5B,GPQA,GPQA,297,1.0,1.0,0.0,1,1
DS-R1-1.5B,GPQA,GPQA,299,0.375,0.8125,-0.4375,1,1
DS-R1-1.5B,GPQA,GPQA,307,0.25,0.5625,-0.3125,1,1
DS-R1-1.5B,GPQA,GPQA,311,0.5625,0.4375,0.125,1,1
DS-R1-1.5B,GPQA,GPQA,351,0.375,0.375,0.0,1,1
DS-R1-1.5B,GPQA,GPQA,352,0.6875,0.5625,0.125,1,1
DS-R1-1.5B,GPQA,GPQA,356,0.25,0.25,0.0,1,1
DS-R1-1.5B,GPQA,GPQA,360,1.0,1.0,0.0,1,1
DS-R1-1.5B,GPQA,GPQA,371,0.5,0.5,0.0,1,1
DS-R1-1.5B,GPQA,GPQA,400,0.375,0.5,-0.125,1,1
DS-R1-1.5B,GPQA,GPQA,404,0.3125,0.375,-0.0625,1,1
DS-R1-1.5B,GPQA,GPQA,422,0.3125,0.5625,-0.25,1,1
DS-R1-1.5B,GPQA,GPQA,425,1.0,0.3125,0.6875,1,1
DS-R1-1.5B,GPQA,GPQA,439,0.3125,0.5625,-0.25,1,1
DS-R1-1.5B,GSM8K,GSM8K,45,1.0,1.0,0.0,1,1
DS-R1-1.5B,GSM8K,GSM8K,52,1.0,0.875,0.125,1,1
DS-R1-1.5B,GSM8K,GSM8K,59,1.0,0.875,0.125,1,1
DS-R1-1.5B,GSM8K,GSM8K,65,1.0,0.6875,0.3125,1,1
DS-R1-1.5B,GSM8K,GSM8K,70,1.0,0.3125,0.6875,1,1
DS-R1-1.5B,GSM8K,GSM8K,87,0.5625,0.4375,0.125,1,1
DS-R1-1.5B,GSM8K,GSM8K,100,0.3125,0.375,-0.0625,1,1
DS-R1-1.5B,GSM8K,GSM8K,134,1.0,1.0,0.0,1,1
DS-R1-1.5B,GSM8K,GSM8K,147,0.375,0.25,0.125,1,1
DS-R1-1.5B,GSM8K,GSM8K,165,1.0,1.0,0.0,1,1
DS-R1-1.5B,GSM8K,GSM8K,188,1.0,0.875,0.125,1,1
DS-R1-1.5B,GSM8K,GSM8K,252,0.875,0.75,0.125,1,1
DS-R1-1.5B,GSM8K,GSM8K,304,0.625,0.25,0.375,1,1
DS-R1-1.5B,GSM8K,GSM8K,363,1.0,0.875,0.125,1,1
DS-R1-1.5B,GSM8K,GSM8K,395,0.8125,0.625,0.1875,1,1
DS-R1-1.5B,GSM8K,GSM8K,456,1.0,1.0,0.0,1,1
DS-R1-1.5B,GSM8K,GSM8K,491,1.0,1.0,0.0,1,1
DS-R1-1.5B,GSM8K,GSM8K,542,1.0,1.0,0.0,1,1
DS-R1-1.5B,GSM8K,GSM8K,564,1.0,0.25,0.75,1,1
DS-R1-1.5B,GSM8K,GSM8K,618,1.0,0.6875,0.3125,1,1
DS-R1-1.5B,GSM8K,GSM8K,631,1.0,1.0,0.0,1,1
DS-R1-1.5B,GSM8K,GSM8K,640,0.75,0.3125,0.4375,1,1
DS-R1-1.5B,GSM8K,GSM8K,646,1.0,1.0,0.0,1,1
DS-R1-1.5B,GSM8K,GSM8K,656,1.0,0.625,0.375,1,1
DS-R1-1.5B,GSM8K,GSM8K,667,0.3125,1.0,-0.6875,1,1
DS-R1-1.5B,GSM8K,GSM8K,672,0.3125,0.3125,0.0,1,1
DS-R1-1.5B,GSM8K,GSM8K,747,1.0,0.875,0.125,1,1
DS-R1-1.5B,GSM8K,GSM8K,766,1.0,0.8125,0.1875,1,1
DS-R1-1.5B,GSM8K,GSM8K,772,1.0,0.875,0.125,1,1
DS-R1-1.5B,GSM8K,GSM8K,850,1.0,0.875,0.125,1,1
DS-R1-1.5B,GSM8K,GSM8K,855,1.0,0.75,0.25,1,1
DS-R1-1.5B,GSM8K,GSM8K,858,1.0,0.25,0.75,1,1
DS-R1-1.5B,GSM8K,GSM8K,860,1.0,0.6875,0.3125,1,1
DS-R1-1.5B,GSM8K,GSM8K,864,1.0,0.75,0.25,1,1
DS-R1-1.5B,GSM8K,GSM8K,921,1.0,1.0,0.0,1,1
DS-R1-1.5B,GSM8K,GSM8K,932,1.0,0.375,0.625,1,1
DS-R1-1.5B,GSM8K,GSM8K,944,1.0,0.875,0.125,1,1
DS-R1-1.5B,GSM8K,GSM8K,952,0.4375,0.4375,0.0,1,1
DS-R1-1.5B,GSM8K,GSM8K,955,1.0,0.3125,0.6875,1,1
DS-R1-1.5B,GSM8K,GSM8K,974,1.0,1.0,0.0,1,1
DS-R1-1.5B,GSM8K,GSM8K,998,1.0,1.0,0.0,1,1
DS-R1-1.5B,GSM8K,GSM8K,1010,1.0,1.0,0.0,1,1
DS-R1-1.5B,GSM8K,GSM8K,1024,1.0,1.0,0.0,1,1
DS-R1-1.5B,GSM8K,GSM8K,1038,0.375,0.3125,0.0625,1,1
DS-R1-1.5B,GSM8K,GSM8K,1055,1.0,0.875,0.125,1,1
DS-R1-1.5B,GSM8K,GSM8K,1077,0.375,0.375,0.0,1,1
DS-R1-1.5B,GSM8K,GSM8K,1115,1.0,0.875,0.125,1,1
DS-R1-1.5B,GSM8K,GSM8K,1149,1.0,0.75,0.25,1,1
DS-R1-1.5B,GSM8K,GSM8K,1241,1.0,1.0,0.0,1,1
DS-R1-1.5B,GSM8K,GSM8K,1251,0.625,0.3125,0.3125,1,1
DS-R1-1.5B,MATH500,MATH500,5,1.0,0.875,0.125,1,1
DS-R1-1.5B,MATH500,MATH500,17,1.0,0.3125,0.6875,1,1
DS-R1-1.5B,MATH500,MATH500,21,0.3125,0.375,-0.0625,1,1
DS-R1-1.5B,MATH500,MATH500,34,1.0,1.0,0.0,1,1
DS-R1-1.5B,MATH500,MATH500,36,0.5,0.5625,-0.0625,1,1
DS-R1-1.5B,MATH500,MATH500,62,1.0,1.0,0.0,1,1
DS-R1-1.5B,MATH500,MATH500,66,1.0,0.8125,0.1875,1,1
DS-R1-1.5B,MATH500,MATH500,72,1.0,0.8125,0.1875,1,1
DS-R1-1.5B,MATH500,MATH500,85,1.0,1.0,0.0,1,1
DS-R1-1.5B,MATH500,MATH500,95,1.0,0.8125,0.1875,1,1
DS-R1-1.5B,MATH500,MATH500,114,1.0,1.0,0.0,1,1
DS-R1-1.5B,MATH500,MATH500,138,0.3125,0.3125,0.0,1,1
DS-R1-1.5B,MATH500,MATH500,158,0.8125,0.75,0.0625,1,1
DS-R1-1.5B,MATH500,MATH500,160,1.0,0.75,0.25,1,1
DS-R1-1.5B,MATH500,MATH500,163,0.375,0.4375,-0.0625,1,1
DS-R1-1.5B,MATH500,MATH500,175,0.8125,1.0,-0.1875,1,1
DS-R1-1.5B,MATH500,MATH500,177,0.75,0.4375,0.3125,1,1
DS-R1-1.5B,MATH500,MATH500,201,1.0,1.0,0.0,1,1
DS-R1-1.5B,MATH500,MATH500,211,0.6875,0.8125,-0.125,1,1
DS-R1-1.5B,MATH500,MATH500,219,0.3125,0.3125,0.0,1,1
DS-R1-1.5B,MATH500,MATH500,222,0.375,0.3125,0.0625,1,1
DS-R1-1.5B,MATH500,MATH500,235,1.0,1.0,0.0,1,1
DS-R1-1.5B,MATH500,MATH500,255,1.0,0.875,0.125,1,1
DS-R1-1.5B,MATH500,MATH500,260,1.0,1.0,0.0,1,1
DS-R1-1.5B,MATH500,MATH500,269,1.0,0.6875,0.3125,1,1
DS-R1-1.5B,MATH500,MATH500,270,1.0,1.0,0.0,1,1
DS-R1-1.5B,MATH500,MATH500,279,0.625,0.875,-0.25,1,1
DS-R1-1.5B,MATH500,MATH500,280,0.875,0.3125,0.5625,1,1
DS-R1-1.5B,MATH500,MATH500,290,1.0,0.8125,0.1875,1,1
DS-R1-1.5B,MATH500,MATH500,334,1.0,1.0,0.0,1,1
DS-R1-1.5B,MATH500,MATH500,339,1.0,0.875,0.125,1,1
DS-R1-1.5B,MATH500,MATH500,359,1.0,1.0,0.0,1,1
DS-R1-1.5B,MATH500,MATH500,371,0.25,0.3125,-0.0625,1,1
DS-R1-1.5B,MATH500,MATH500,373,1.0,0.75,0.25,1,1
DS-R1-1.5B,MATH500,MATH500,376,1.0,0.8125,0.1875,1,1
DS-R1-1.5B,MATH500,MATH500,379,1.0,0.5625,0.4375,1,1
DS-R1-1.5B,MATH500,MATH500,380,0.4375,0.625,-0.1875,1,1
DS-R1-1.5B,MATH500,MATH500,393,1.0,0.6875,0.3125,1,1
DS-R1-1.5B,MATH500,MATH500,397,1.0,0.875,0.125,1,1
DS-R1-1.5B,MATH500,MATH500,419,0.5625,0.75,-0.1875,1,1
DS-R1-1.5B,MATH500,MATH500,421,0.5,0.5,0.0,1,1
DS-R1-1.5B,MATH500,MATH500,423,0.375,0.5625,-0.1875,1,1
DS-R1-1.5B,MATH500,MATH500,425,0.25,0.25,0.0,1,1
DS-R1-1.5B,MATH500,MATH500,428,1.0,0.5,0.5,1,1
DS-R1-1.5B,MATH500,MATH500,431,1.0,0.4375,0.5625,1,1
DS-R1-1.5B,MATH500,MATH500,460,0.3125,0.625,-0.3125,1,1
DS-R1-1.5B,MATH500,MATH500,461,1.0,0.75,0.25,1,1
DS-R1-1.5B,MATH500,MATH500,487,1.0,1.0,0.0,1,1
DS-R1-1.5B,MATH500,MATH500,494,0.3125,0.3125,0.0,1,1
DS-R1-1.5B,MATH500,MATH500,498,0.0,0.5,-0.5,1,1
DS-R1-1.5B,SVAMP,SVAMP,33,0.4375,0.375,0.0625,1,1
DS-R1-1.5B,SVAMP,SVAMP,34,1.0,0.625,0.375,1,1
DS-R1-1.5B,SVAMP,SVAMP,51,1.0,0.6875,0.3125,1,1
DS-R1-1.5B,SVAMP,SVAMP,54,0.3125,0.25,0.0625,1,1
DS-R1-1.5B,SVAMP,SVAMP,63,1.0,0.6875,0.3125,1,1
DS-R1-1.5B,SVAMP,SVAMP,98,1.0,1.0,0.0,1,1
DS-R1-1.5B,SVAMP,SVAMP,129,1.0,1.0,0.0,1,1
DS-R1-1.5B,SVAMP,SVAMP,163,0.3125,0.25,0.0625,1,1
DS-R1-1.5B,SVAMP,SVAMP,176,0.3125,0.3125,0.0,1,1
DS-R1-1.5B,SVAMP,SVAMP,191,0.25,0.0625,0.1875,1,1
DS-R1-1.5B,SVAMP,SVAMP,243,1.0,0.6875,0.3125,1,1
DS-R1-1.5B,SVAMP,SVAMP,251,1.0,1.0,0.0,1,1
DS-R1-1.5B,SVAMP,SVAMP,303,1.0,0.6875,0.3125,1,1
DS-R1-1.5B,SVAMP,SVAMP,372,0.6875,0.5625,0.125,1,1
DS-R1-1.5B,SVAMP,SVAMP,381,1.0,1.0,0.0,1,1
DS-R1-1.5B,SVAMP,SVAMP,385,1.0,0.875,0.125,1,1
DS-R1-1.5B,SVAMP,SVAMP,387,0.875,1.0,-0.125,1,1
DS-R1-1.5B,SVAMP,SVAMP,396,1.0,0.8125,0.1875,1,1
DS-R1-1.5B,SVAMP,SVAMP,408,0.3125,1.0,-0.6875,1,1
DS-R1-1.5B,SVAMP,SVAMP,441,1.0,0.75,0.25,1,1
DS-R1-1.5B,SVAMP,SVAMP,450,1.0,0.875,0.125,1,1
DS-R1-1.5B,SVAMP,SVAMP,478,1.0,0.625,0.375,1,1
DS-R1-1.5B,SVAMP,SVAMP,496,1.0,1.0,0.0,1,1
DS-R1-1.5B,SVAMP,SVAMP,503,1.0,1.0,0.0,1,1
DS-R1-1.5B,SVAMP,SVAMP,511,1.0,1.0,0.0,1,1
DS-R1-1.5B,SVAMP,SVAMP,513,0.3125,0.3125,0.0,1,1
DS-R1-1.5B,SVAMP,SVAMP,519,1.0,0.75,0.25,1,1
DS-R1-1.5B,SVAMP,SVAMP,520,1.0,0.875,0.125,1,1
DS-R1-1.5B,SVAMP,SVAMP,552,0.625,0.625,0.0,1,1
DS-R1-1.5B,SVAMP,SVAMP,630,1.0,1.0,0.0,1,1
DS-R1-1.5B,SVAMP,SVAMP,639,1.0,1.0,0.0,1,1
DS-R1-1.5B,SVAMP,SVAMP,642,0.1875,0.5625,-0.375,1,1
DS-R1-1.5B,SVAMP,SVAMP,644,1.0,0.875,0.125,1,1
DS-R1-1.5B,SVAMP,SVAMP,665,0.375,0.875,-0.5,1,1
DS-R1-1.5B,SVAMP,SVAMP,690,0.6875,0.5625,0.125,1,1
DS-R1-1.5B,SVAMP,SVAMP,700,1.0,0.6875,0.3125,1,1
DS-R1-1.5B,SVAMP,SVAMP,711,0.6875,1.0,-0.3125,1,1
DS-R1-1.5B,SVAMP,SVAMP,717,0.75,0.75,0.0,1,1
DS-R1-1.5B,SVAMP,SVAMP,732,1.0,0.25,0.75,1,1
DS-R1-1.5B,SVAMP,SVAMP,759,1.0,1.0,0.0,1,1
DS-R1-1.5B,SVAMP,SVAMP,770,0.875,0.25,0.625,1,1
DS-R1-1.5B,SVAMP,SVAMP,856,1.0,0.75,0.25,1,1
DS-R1-1.5B,SVAMP,SVAMP,883,1.0,0.875,0.125,1,1
DS-R1-1.5B,SVAMP,SVAMP,896,0.5,0.5,0.0,1,1
DS-R1-1.5B,SVAMP,SVAMP,902,0.25,0.5625,-0.3125,1,1
DS-R1-1.5B,SVAMP,SVAMP,908,0.8125,0.6875,0.125,1,1
DS-R1-1.5B,SVAMP,SVAMP,912,1.0,0.75,0.25,1,1
DS-R1-1.5B,SVAMP,SVAMP,940,1.0,1.0,0.0,1,1
DS-R1-1.5B,SVAMP,SVAMP,955,0.25,0.875,-0.625,1,1
DS-R1-1.5B,SVAMP,SVAMP,994,1.0,1.0,0.0,1,1
DS-R1-7B,AQuA,AQuA,2,1.0,0.875,0.125,1,1
DS-R1-7B,AQuA,AQuA,6,1.0,0.375,0.625,1,1
DS-R1-7B,AQuA,AQuA,8,0.8125,0.6875,0.125,1,1
DS-R1-7B,AQuA,AQuA,16,1.0,1.0,0.0,1,1
DS-R1-7B,AQuA,AQuA,17,1.0,1.0,0.0,1,1
DS-R1-7B,AQuA,AQuA,18,1.0,1.0,0.0,1,1
DS-R1-7B,AQuA,AQuA,20,0.3125,0.3125,0.0,1,1
DS-R1-7B,AQuA,AQuA,24,1.0,1.0,0.0,1,1
DS-R1-7B,AQuA,AQuA,26,1.0,0.8125,0.1875,1,1
DS-R1-7B,AQuA,AQuA,37,1.0,1.0,0.0,1,1
DS-R1-7B,AQuA,AQuA,44,1.0,1.0,0.0,1,1
DS-R1-7B,AQuA,AQuA,47,1.0,1.0,0.0,1,1
DS-R1-7B,AQuA,AQuA,49,1.0,1.0,0.0,1,1
DS-R1-7B,AQuA,AQuA,56,0.75,0.75,0.0,1,1
DS-R1-7B,AQuA,AQuA,60,1.0,1.0,0.0,1,1
DS-R1-7B,AQuA,AQuA,65,1.0,1.0,0.0,1,1
DS-R1-7B,AQuA,AQuA,68,0.625,0.75,-0.125,1,1
DS-R1-7B,AQuA,AQuA,71,1.0,1.0,0.0,1,1
DS-R1-7B,AQuA,AQuA,72,1.0,1.0,0.0,1,1
DS-R1-7B,AQuA,AQuA,78,1.0,0.875,0.125,1,1
DS-R1-7B,AQuA,AQuA,87,1.0,0.875,0.125,1,1
DS-R1-7B,AQuA,AQuA,95,1.0,1.0,0.0,1,1
DS-R1-7B,AQuA,AQuA,96,1.0,1.0,0.0,1,1
DS-R1-7B,AQuA,AQuA,100,1.0,1.0,0.0,1,1
DS-R1-7B,AQuA,AQuA,104,0.5625,0.5625,0.0,1,1
DS-R1-7B,AQuA,AQuA,110,0.875,1.0,-0.125,1,1
DS-R1-7B,AQuA,AQuA,111,0.8125,0.375,0.4375,1,1
DS-R1-7B,AQuA,AQuA,114,0.5625,0.75,-0.1875,1,1
DS-R1-7B,AQuA,AQuA,116,0.8125,0.5625,0.25,1,1
DS-R1-7B,AQuA,AQuA,120,1.0,1.0,0.0,1,1
DS-R1-7B,AQuA,AQuA,125,1.0,0.75,0.25,1,1
DS-R1-7B,AQuA,AQuA,130,1.0,1.0,0.0,1,1
DS-R1-7B,AQuA,AQuA,132,0.6875,0.5625,0.125,1,1
DS-R1-7B,AQuA,AQuA,142,1.0,1.0,0.0,1,1
DS-R1-7B,AQuA,AQuA,146,0.5625,0.5625,0.0,1,1
DS-R1-7B,AQuA,AQuA,155,1.0,0.625,0.375,1,1
DS-R1-7B,AQuA,AQuA,182,0.4375,0.3125,0.125,1,1
DS-R1-7B,AQuA,AQuA,186,1.0,0.75,0.25,1,1
DS-R1-7B,AQuA,AQuA,196,0.6875,0.3125,0.375,1,1
DS-R1-7B,AQuA,AQuA,202,1.0,0.875,0.125,1,1
DS-R1-7B,AQuA,AQuA,203,1.0,1.0,0.0,1,1
DS-R1-7B,AQuA,AQuA,210,0.25,0.375,-0.125,1,1
DS-R1-7B,AQuA,AQuA,219,1.0,1.0,0.0,1,1
DS-R1-7B,AQuA,AQuA,221,1.0,0.8125,0.1875,1,1
DS-R1-7B,AQuA,AQuA,223,1.0,1.0,0.0,1,1
DS-R1-7B,AQuA,AQuA,236,0.5625,0.8125,-0.25,1,1
DS-R1-7B,AQuA,AQuA,237,0.25,0.3125,-0.0625,1,1
DS-R1-7B,AQuA,AQuA,239,0.875,1.0,-0.125,1,1
DS-R1-7B,AQuA,AQuA,251,1.0,1.0,0.0,1,1
DS-R1-7B,AQuA,AQuA,253,0.5625,0.5625,0.0,1,1
DS-R1-7B,CommonsenseQA,CSQA,20,0.625,0.8125,-0.1875,1,1
DS-R1-7B,CommonsenseQA,CSQA,21,0.8125,1.0,-0.1875,1,1
DS-R1-7B,CommonsenseQA,CSQA,27,0.6875,0.8125,-0.125,1,1
DS-R1-7B,CommonsenseQA,CSQA,78,0.6875,0.625,0.0625,1,1
DS-R1-7B,CommonsenseQA,CSQA,112,0.625,0.625,0.0,1,1
DS-R1-7B,CommonsenseQA,CSQA,115,1.0,0.5625,0.4375,1,1
DS-R1-7B,CommonsenseQA,CSQA,118,0.8125,0.8125,0.0,1,1
DS-R1-7B,CommonsenseQA,CSQA,142,0.625,0.375,0.25,1,1
DS-R1-7B,CommonsenseQA,CSQA,184,1.0,0.8125,0.1875,1,1
DS-R1-7B,CommonsenseQA,CSQA,195,0.75,1.0,-0.25,1,1
DS-R1-7B,CommonsenseQA,CSQA,199,0.4375,0.375,0.0625,1,1
DS-R1-7B,CommonsenseQA,CSQA,215,0.8125,0.8125,0.0,1,1
DS-R1-7B,CommonsenseQA,CSQA,313,0.8125,0.875,-0.0625,1,1
DS-R1-7B,CommonsenseQA,CSQA,319,0.8125,0.875,-0.0625,1,1
DS-R1-7B,CommonsenseQA,CSQA,333,0.6875,0.8125,-0.125,1,1
DS-R1-7B,CommonsenseQA,CSQA,353,0.5625,0.5,0.0625,1,1
DS-R1-7B,CommonsenseQA,CSQA,364,0.75,0.5625,0.1875,1,1
DS-R1-7B,CommonsenseQA,CSQA,381,1.0,0.8125,0.1875,1,1
DS-R1-7B,CommonsenseQA,CSQA,406,1.0,0.625,0.375,1,1
DS-R1-7B,CommonsenseQA,CSQA,419,0.875,0.8125,0.0625,1,1
DS-R1-7B,CommonsenseQA,CSQA,450,0.8125,0.5625,0.25,1,1
DS-R1-7B,CommonsenseQA,CSQA,452,0.875,0.8125,0.0625,1,1
DS-R1-7B,CommonsenseQA,CSQA,469,1.0,1.0,0.0,1,1
DS-R1-7B,CommonsenseQA,CSQA,481,0.8125,0.8125,0.0,1,1
DS-R1-7B,CommonsenseQA,CSQA,524,0.8125,1.0,-0.1875,1,1
DS-R1-7B,CommonsenseQA,CSQA,528,0.625,0.6875,-0.0625,1,1
DS-R1-7B,CommonsenseQA,CSQA,549,0.5625,0.4375,0.125,1,1
DS-R1-7B,CommonsenseQA,CSQA,608,0.5625,0.625,-0.0625,1,1
DS-R1-7B,CommonsenseQA,CSQA,611,1.0,0.8125,0.1875,1,1
DS-R1-7B,CommonsenseQA,CSQA,683,0.8125,0.625,0.1875,1,1
DS-R1-7B,CommonsenseQA,CSQA,730,1.0,0.8125,0.1875,1,1
DS-R1-7B,CommonsenseQA,CSQA,748,1.0,1.0,0.0,1,1
DS-R1-7B,CommonsenseQA,CSQA,754,0.3125,0.5625,-0.25,1,1
DS-R1-7B,CommonsenseQA,CSQA,768,0.875,1.0,-0.125,1,1
DS-R1-7B,CommonsenseQA,CSQA,775,0.375,0.3125,0.0625,1,1
DS-R1-7B,CommonsenseQA,CSQA,912,1.0,0.8125,0.1875,1,1
DS-R1-7B,CommonsenseQA,CSQA,945,1.0,1.0,0.0,1,1
DS-R1-7B,CommonsenseQA,CSQA,971,0.625,0.625,0.0,1,1
DS-R1-7B,CommonsenseQA,CSQA,974,0.625,0.625,0.0,1,1
DS-R1-7B,CommonsenseQA,CSQA,980,0.6875,0.625,0.0625,1,1
DS-R1-7B,CommonsenseQA,CSQA,1003,0.625,0.375,0.25,1,1
DS-R1-7B,CommonsenseQA,CSQA,1041,0.5625,1.0,-0.4375,1,1
DS-R1-7B,CommonsenseQA,CSQA,1070,0.5625,0.8125,-0.25,1,1
DS-R1-7B,CommonsenseQA,CSQA,1074,0.8125,0.5625,0.25,1,1
DS-R1-7B,CommonsenseQA,CSQA,1091,0.8125,0.625,0.1875,1,1
DS-R1-7B,CommonsenseQA,CSQA,1114,0.6875,0.875,-0.1875,1,1
DS-R1-7B,CommonsenseQA,CSQA,1117,0.8125,1.0,-0.1875,1,1
DS-R1-7B,CommonsenseQA,CSQA,1147,0.625,0.8125,-0.1875,1,1
DS-R1-7B,CommonsenseQA,CSQA,1170,0.5625,0.4375,0.125,1,1
DS-R1-7B,CommonsenseQA,CSQA,1178,0.5,0.5,0.0,1,1
DS-R1-7B,GPQA,GPQA,6,0.375,0.5625,-0.1875,1,1
DS-R1-7B,GPQA,GPQA,16,0.5,0.4375,0.0625,1,1
DS-R1-7B,GPQA,GPQA,17,0.6875,0.5625,0.125,1,1
DS-R1-7B,GPQA,GPQA,20,0.875,0.5625,0.3125,1,1
DS-R1-7B,GPQA,GPQA,41,1.0,0.6875,0.3125,1,1
DS-R1-7B,GPQA,GPQA,52,1.0,0.8125,0.1875,1,1
DS-R1-7B,GPQA,GPQA,55,0.6875,0.8125,-0.125,1,1
DS-R1-7B,GPQA,GPQA,82,0.5625,0.4375,0.125,1,1
DS-R1-7B,GPQA,GPQA,91,0.625,0.5625,0.0625,1,1
DS-R1-7B,GPQA,GPQA,95,0.5625,0.5,0.0625,1,1
DS-R1-7B,GPQA,GPQA,112,0.5625,0.625,-0.0625,1,1
DS-R1-7B,GPQA,GPQA,115,0.3125,0.5625,-0.25,1,1
DS-R1-7B,GPQA,GPQA,139,0.625,0.8125,-0.1875,1,1
DS-R1-7B,GPQA,GPQA,154,1.0,0.4375,0.5625,1,1
DS-R1-7B,GPQA,GPQA,158,0.5,0.8125,-0.3125,1,1
DS-R1-7B,GPQA,GPQA,180,0.625,0.375,0.25,1,1
DS-R1-7B,GPQA,GPQA,195,0.5,0.5625,-0.0625,1,1
DS-R1-7B,GPQA,GPQA,200,0.375,0.5625,-0.1875,1,1
DS-R1-7B,GPQA,GPQA,216,0.5,0.375,0.125,1,1
DS-R1-7B,GPQA,GPQA,217,0.5625,0.5,0.0625,1,1
DS-R1-7B,GPQA,GPQA,226,0.625,0.5625,0.0625,1,1
DS-R1-7B,GPQA,GPQA,232,0.8125,1.0,-0.1875,1,1
DS-R1-7B,GPQA,GPQA,252,0.8125,0.5,0.3125,1,1
DS-R1-7B,GPQA,GPQA,261,1.0,0.3125,0.6875,1,1
DS-R1-7B,GPQA,GPQA,262,0.4375,0.3125,0.125,1,1
DS-R1-7B,GPQA,GPQA,265,0.5625,0.5625,0.0,1,1
DS-R1-7B,GPQA,GPQA,266,1.0,0.5,0.5,1,1
DS-R1-7B,GPQA,GPQA,267,0.375,0.5625,-0.1875,1,1
DS-R1-7B,GPQA,GPQA,268,1.0,0.5625,0.4375,1,1
DS-R1-7B,GPQA,GPQA,270,0.6875,0.5625,0.125,1,1
DS-R1-7B,GPQA,GPQA,296,0.5625,0.5,0.0625,1,1
DS-R1-7B,GPQA,GPQA,301,0.625,0.625,0.0,1,1
DS-R1-7B,GPQA,GPQA,306,0.6875,0.5,0.1875,1,1
DS-R1-7B,GPQA,GPQA,327,0.875,0.875,0.0,1,1
DS-R1-7B,GPQA,GPQA,332,1.0,0.625,0.375,1,1
DS-R1-7B,GPQA,GPQA,335,0.6875,0.6875,0.0,1,1
DS-R1-7B,GPQA,GPQA,347,0.625,0.5625,0.0625,1,1
DS-R1-7B,GPQA,GPQA,355,0.5625,0.5625,0.0,1,1
DS-R1-7B,GPQA,GPQA,364,0.6875,0.5,0.1875,1,1
DS-R1-7B,GPQA,GPQA,366,0.4375,0.5625,-0.125,1,1
DS-R1-7B,GPQA,GPQA,388,0.625,0.5,0.125,1,1
DS-R1-7B,GPQA,GPQA,393,0.5625,0.625,-0.0625,1,1
DS-R1-7B,GPQA,GPQA,396,0.625,0.5625,0.0625,1,1
DS-R1-7B,GPQA,GPQA,406,0.6875,0.5625,0.125,1,1
DS-R1-7B,GPQA,GPQA,418,1.0,0.8125,0.1875,1,1
DS-R1-7B,GPQA,GPQA,424,1.0,0.4375,0.5625,1,1
DS-R1-7B,GPQA,GPQA,434,1.0,0.5625,0.4375,1,1
DS-R1-7B,GPQA,GPQA,440,0.6875,0.5,0.1875,1,1
DS-R1-7B,GPQA,GPQA,444,0.375,0.5625,-0.1875,1,1
DS-R1-7B,GPQA,GPQA,446,0.625,0.3125,0.3125,1,1
DS-R1-7B,GSM8K,GSM8K,16,1.0,1.0,0.0,1,1
DS-R1-7B,GSM8K,GSM8K,17,1.0,0.5,0.5,1,1
DS-R1-7B,GSM8K,GSM8K,61,1.0,1.0,0.0,1,1
DS-R1-7B,GSM8K,GSM8K,77,1.0,1.0,0.0,1,1
DS-R1-7B,GSM8K,GSM8K,82,0.75,1.0,-0.25,1,1
DS-R1-7B,GSM8K,GSM8K,83,1.0,1.0,0.0,1,1
DS-R1-7B,GSM8K,GSM8K,86,1.0,1.0,0.0,1,1
DS-R1-7B,GSM8K,GSM8K,97,0.625,0.3125,0.3125,1,1
DS-R1-7B,GSM8K,GSM8K,123,1.0,1.0,0.0,1,1
DS-R1-7B,GSM8K,GSM8K,203,1.0,1.0,0.0,1,1
DS-R1-7B,GSM8K,GSM8K,206,1.0,0.875,0.125,1,1
DS-R1-7B,GSM8K,GSM8K,211,1.0,1.0,0.0,1,1
DS-R1-7B,GSM8K,GSM8K,226,1.0,1.0,0.0,1,1
DS-R1-7B,GSM8K,GSM8K,239,1.0,1.0,0.0,1,1
DS-R1-7B,GSM8K,GSM8K,243,1.0,1.0,0.0,1,1
DS-R1-7B,GSM8K,GSM8K,287,1.0,1.0,0.0,1,1
DS-R1-7B,GSM8K,GSM8K,294,1.0,1.0,0.0,1,1
DS-R1-7B,GSM8K,GSM8K,305,1.0,1.0,0.0,1,1
DS-R1-7B,GSM8K,GSM8K,306,1.0,0.875,0.125,1,1
DS-R1-7B,GSM8K,GSM8K,310,1.0,0.75,0.25,1,1
DS-R1-7B,GSM8K,GSM8K,384,1.0,1.0,0.0,1,1
DS-R1-7B,GSM8K,GSM8K,400,1.0,1.0,0.0,1,1
DS-R1-7B,GSM8K,GSM8K,411,1.0,1.0,0.0,1,1
DS-R1-7B,GSM8K,GSM8K,430,1.0,1.0,0.0,1,1
DS-R1-7B,GSM8K,GSM8K,431,1.0,1.0,0.0,1,1
DS-R1-7B,GSM8K,GSM8K,489,1.0,1.0,0.0,1,1
DS-R1-7B,GSM8K,GSM8K,491,1.0,0.875,0.125,1,1
DS-R1-7B,GSM8K,GSM8K,493,1.0,0.625,0.375,1,1
DS-R1-7B,GSM8K,GSM8K,574,1.0,1.0,0.0,1,1
DS-R1-7B,GSM8K,GSM8K,600,1.0,1.0,0.0,1,1
DS-R1-7B,GSM8K,GSM8K,668,1.0,1.0,0.0,1,1
DS-R1-7B,GSM8K,GSM8K,704,1.0,1.0,0.0,1,1
DS-R1-7B,GSM8K,GSM8K,710,1.0,1.0,0.0,1,1
DS-R1-7B,GSM8K,GSM8K,724,1.0,1.0,0.0,1,1
DS-R1-7B,GSM8K,GSM8K,732,1.0,1.0,0.0,1,1
DS-R1-7B,GSM8K,GSM8K,771,1.0,1.0,0.0,1,1
DS-R1-7B,GSM8K,GSM8K,882,1.0,1.0,0.0,1,1
DS-R1-7B,GSM8K,GSM8K,939,1.0,1.0,0.0,1,1
DS-R1-7B,GSM8K,GSM8K,947,1.0,1.0,0.0,1,1
DS-R1-7B,GSM8K,GSM8K,962,0.4375,0.4375,0.0,1,1
DS-R1-7B,GSM8K,GSM8K,963,1.0,0.875,0.125,1,1
DS-R1-7B,GSM8K,GSM8K,1009,1.0,1.0,0.0,1,1
DS-R1-7B,GSM8K,GSM8K,1058,0.375,1.0,-0.625,1,1
DS-R1-7B,GSM8K,GSM8K,1066,1.0,1.0,0.0,1,1
DS-R1-7B,GSM8K,GSM8K,1100,1.0,1.0,0.0,1,1
DS-R1-7B,GSM8K,GSM8K,1128,1.0,1.0,0.0,1,1
DS-R1-7B,GSM8K,GSM8K,1166,1.0,1.0,0.0,1,1
DS-R1-7B,GSM8K,GSM8K,1190,1.0,0.8125,0.1875,1,1
DS-R1-7B,GSM8K,GSM8K,1269,1.0,1.0,0.0,1,1
DS-R1-7B,GSM8K,GSM8K,1270,1.0,1.0,0.0,1,1
DS-R1-7B,MATH500,MATH500,31,1.0,1.0,0.0,1,1
DS-R1-7B,MATH500,MATH500,35,1.0,1.0,0.0,1,1
DS-R1-7B,MATH500,MATH500,50,1.0,0.8125,0.1875,1,1
DS-R1-7B,MATH500,MATH500,60,0.5,0.5,0.0,1,1
DS-R1-7B,MATH500,MATH500,75,0.8125,0.625,0.1875,1,1
DS-R1-7B,MATH500,MATH500,84,1.0,1.0,0.0,1,1
DS-R1-7B,MATH500,MATH500,90,0.875,0.625,0.25,1,1
DS-R1-7B,MATH500,MATH500,91,0.875,0.875,0.0,1,1
DS-R1-7B,MATH500,MATH500,101,0.5,0.375,0.125,1,1
DS-R1-7B,MATH500,MATH500,112,1.0,1.0,0.0,1,1
DS-R1-7B,MATH500,MATH500,113,1.0,1.0,0.0,1,1
DS-R1-7B,MATH500,MATH500,135,1.0,0.8125,0.1875,1,1
DS-R1-7B,MATH500,MATH500,136,0.6875,0.5625,0.125,1,1
DS-R1-7B,MATH500,MATH500,149,1.0,1.0,0.0,1,1
DS-R1-7B,MATH500,MATH500,166,0.3125,0.3125,0.0,1,1
DS-R1-7B,MATH500,MATH500,169,1.0,0.875,0.125,1,1
DS-R1-7B,MATH500,MATH500,172,1.0,1.0,0.0,1,1
DS-R1-7B,MATH500,MATH500,173,1.0,0.8125,0.1875,1,1
DS-R1-7B,MATH500,MATH500,177,0.5,0.75,-0.25,1,1
DS-R1-7B,MATH500,MATH500,190,0.875,0.6875,0.1875,1,1
DS-R1-7B,MATH500,MATH500,191,1.0,1.0,0.0,1,1
DS-R1-7B,MATH500,MATH500,193,1.0,0.8125,0.1875,1,1
DS-R1-7B,MATH500,MATH500,233,1.0,1.0,0.0,1,1
DS-R1-7B,MATH500,MATH500,234,1.0,0.5625,0.4375,1,1
DS-R1-7B,MATH500,MATH500,237,1.0,1.0,0.0,1,1
DS-R1-7B,MATH500,MATH500,244,0.875,1.0,-0.125,1,1
DS-R1-7B,MATH500,MATH500,254,1.0,1.0,0.0,1,1
DS-R1-7B,MATH500,MATH500,273,1.0,1.0,0.0,1,1
DS-R1-7B,MATH500,MATH500,278,1.0,1.0,0.0,1,1
DS-R1-7B,MATH500,MATH500,305,1.0,0.75,0.25,1,1
DS-R1-7B,MATH500,MATH500,308,0.375,0.3125,0.0625,1,1
DS-R1-7B,MATH500,MATH500,313,1.0,1.0,0.0,1,1
DS-R1-7B,MATH500,MATH500,314,1.0,0.9375,0.0625,1,1
DS-R1-7B,MATH500,MATH500,325,1.0,1.0,0.0,1,1
DS-R1-7B,MATH500,MATH500,327,0.5,0.5,0.0,1,1
DS-R1-7B,MATH500,MATH500,352,0.3125,0.375,-0.0625,1,1
DS-R1-7B,MATH500,MATH500,365,0.5625,1.0,-0.4375,1,1
DS-R1-7B,MATH500,MATH500,389,0.8125,0.6875,0.125,1,1
DS-R1-7B,MATH500,MATH500,392,0.5,0.3125,0.1875,1,1
DS-R1-7B,MATH500,MATH500,396,1.0,0.75,0.25,1,1
DS-R1-7B,MATH500,MATH500,402,1.0,1.0,0.0,1,1
DS-R1-7B,MATH500,MATH500,405,1.0,1.0,0.0,1,1
DS-R1-7B,MATH500,MATH500,421,0.5,0.5,0.0,1,1
DS-R1-7B,MATH500,MATH500,432,0.5,0.5625,-0.0625,1,1
DS-R1-7B,MATH500,MATH500,438,1.0,0.625,0.375,1,1
DS-R1-7B,MATH500,MATH500,449,1.0,1.0,0.0,1,1
DS-R1-7B,MATH500,MATH500,460,0.6875,0.3125,0.375,1,1
DS-R1-7B,MATH500,MATH500,471,1.0,1.0,0.0,1,1
DS-R1-7B,MATH500,MATH500,478,0.375,0.5,-0.125,1,1
DS-R1-7B,MATH500,MATH500,498,0.75,0.5,0.25,1,1
DS-R1-7B,SVAMP,SVAMP,15,1.0,1.0,0.0,1,1
DS-R1-7B,SVAMP,SVAMP,77,1.0,1.0,0.0,1,1
DS-R1-7B,SVAMP,SVAMP,89,1.0,1.0,0.0,1,1
DS-R1-7B,SVAMP,SVAMP,117,1.0,1.0,0.0,1,1
DS-R1-7B,SVAMP,SVAMP,148,1.0,0.8125,0.1875,1,1
DS-R1-7B,SVAMP,SVAMP,166,1.0,0.8125,0.1875,1,1
DS-R1-7B,SVAMP,SVAMP,168,0.875,0.8125,0.0625,1,1
DS-R1-7B,SVAMP,SVAMP,179,1.0,1.0,0.0,1,1
DS-R1-7B,SVAMP,SVAMP,193,1.0,1.0,0.0,1,1
DS-R1-7B,SVAMP,SVAMP,209,1.0,0.875,0.125,1,1
DS-R1-7B,SVAMP,SVAMP,212,1.0,1.0,0.0,1,1
DS-R1-7B,SVAMP,SVAMP,287,1.0,1.0,0.0,1,1
DS-R1-7B,SVAMP,SVAMP,291,1.0,1.0,0.0,1,1
DS-R1-7B,SVAMP,SVAMP,300,0.9375,1.0,-0.0625,1,1
DS-R1-7B,SVAMP,SVAMP,316,1.0,1.0,0.0,1,1
DS-R1-7B,SVAMP,SVAMP,323,0.875,0.875,0.0,1,1
DS-R1-7B,SVAMP,SVAMP,373,1.0,1.0,0.0,1,1
DS-R1-7B,SVAMP,SVAMP,384,1.0,1.0,0.0,1,1
DS-R1-7B,SVAMP,SVAMP,416,1.0,1.0,0.0,1,1
DS-R1-7B,SVAMP,SVAMP,418,1.0,0.875,0.125,1,1
DS-R1-7B,SVAMP,SVAMP,421,1.0,1.0,0.0,1,1
DS-R1-7B,SVAMP,SVAMP,432,1.0,0.625,0.375,1,1
DS-R1-7B,SVAMP,SVAMP,453,0.875,1.0,-0.125,1,1
DS-R1-7B,SVAMP,SVAMP,464,1.0,1.0,0.0,1,1
DS-R1-7B,SVAMP,SVAMP,489,1.0,1.0,0.0,1,1
DS-R1-7B,SVAMP,SVAMP,490,1.0,0.625,0.375,1,1
DS-R1-7B,SVAMP,SVAMP,523,1.0,1.0,0.0,1,1
DS-R1-7B,SVAMP,SVAMP,541,1.0,1.0,0.0,1,1
DS-R1-7B,SVAMP,SVAMP,582,1.0,1.0,0.0,1,1
DS-R1-7B,SVAMP,SVAMP,593,1.0,0.875,0.125,1,1
DS-R1-7B,SVAMP,SVAMP,597,0.8125,1.0,-0.1875,1,1
DS-R1-7B,SVAMP,SVAMP,618,0.875,1.0,-0.125,1,1
DS-R1-7B,SVAMP,SVAMP,623,1.0,1.0,0.0,1,1
DS-R1-7B,SVAMP,SVAMP,624,1.0,1.0,0.0,1,1
DS-R1-7B,SVAMP,SVAMP,630,0.875,1.0,-0.125,1,1
DS-R1-7B,SVAMP,SVAMP,665,0.875,0.625,0.25,1,1
DS-R1-7B,SVAMP,SVAMP,673,1.0,1.0,0.0,1,1
DS-R1-7B,SVAMP,SVAMP,719,1.0,1.0,0.0,1,1
DS-R1-7B,SVAMP,SVAMP,725,0.875,0.5625,0.3125,1,1
DS-R1-7B,SVAMP,SVAMP,732,1.0,1.0,0.0,1,1
DS-R1-7B,SVAMP,SVAMP,745,1.0,1.0,0.0,1,1
DS-R1-7B,SVAMP,SVAMP,776,1.0,1.0,0.0,1,1
DS-R1-7B,SVAMP,SVAMP,820,1.0,1.0,0.0,1,1
DS-R1-7B,SVAMP,SVAMP,834,1.0,1.0,0.0,1,1
DS-R1-7B,SVAMP,SVAMP,868,0.875,0.6875,0.1875,1,1
DS-R1-7B,SVAMP,SVAMP,874,1.0,1.0,0.0,1,1
DS-R1-7B,SVAMP,SVAMP,938,1.0,1.0,0.0,1,1
DS-R1-7B,SVAMP,SVAMP,952,1.0,1.0,0.0,1,1
DS-R1-7B,SVAMP,SVAMP,958,1.0,1.0,0.0,1,1
DS-R1-7B,SVAMP,SVAMP,970,1.0,1.0,0.0,1,1
Gemma-7B,AQuA,AQuA,1,0.375,0.25,0.125,1,1
Gemma-7B,AQuA,AQuA,2,0.125,0.875,-0.75,1,1
Gemma-7B,AQuA,AQuA,7,0.0,0.25,-0.25,1,1
Gemma-7B,AQuA,AQuA,8,0.125,0.3125,-0.1875,1,1
Gemma-7B,AQuA,AQuA,13,0.25,0.25,0.0,1,1
Gemma-7B,AQuA,AQuA,14,0.0,0.3125,-0.3125,1,1
Gemma-7B,AQuA,AQuA,18,0.0,0.6875,-0.6875,1,1
Gemma-7B,AQuA,AQuA,19,0.25,0.25,0.0,1,1
Gemma-7B,AQuA,AQuA,20,0.0,0.0625,-0.0625,1,1
Gemma-7B,AQuA,AQuA,29,0.0,0.25,-0.25,1,1
Gemma-7B,AQuA,AQuA,32,0.375,0.3125,0.0625,1,1
Gemma-7B,AQuA,AQuA,37,0.8125,0.25,0.5625,1,1
Gemma-7B,AQuA,AQuA,47,0.25,1.0,-0.75,1,1
Gemma-7B,AQuA,AQuA,49,0.125,0.5,-0.375,1,1
Gemma-7B,AQuA,AQuA,54,0.3125,0.3125,0.0,1,1
Gemma-7B,AQuA,AQuA,59,0.0625,0.3125,-0.25,1,1
Gemma-7B,AQuA,AQuA,64,0.25,0.3125,-0.0625,1,1
Gemma-7B,AQuA,AQuA,67,0.1875,0.0625,0.125,1,1
Gemma-7B,AQuA,AQuA,76,0.3125,0.25,0.0625,1,1
Gemma-7B,AQuA,AQuA,80,0.125,0.3125,-0.1875,1,1
Gemma-7B,AQuA,AQuA,85,0.125,0.25,-0.125,1,1
Gemma-7B,AQuA,AQuA,94,0.25,0.3125,-0.0625,1,1
Gemma-7B,AQuA,AQuA,98,0.125,0.3125,-0.1875,1,1
Gemma-7B,AQuA,AQuA,104,0.1875,0.25,-0.0625,1,1
Gemma-7B,AQuA,AQuA,109,0.25,0.25,0.0,1,1
Gemma-7B,AQuA,AQuA,110,0.25,0.3125,-0.0625,1,1
Gemma-7B,AQuA,AQuA,112,0.0,0.375,-0.375,1,1
Gemma-7B,AQuA,AQuA,116,0.25,0.25,0.0,1,1
Gemma-7B,AQuA,AQuA,119,0.0,0.375,-0.375,1,1
Gemma-7B,AQuA,AQuA,125,0.3125,0.375,-0.0625,1,1
Gemma-7B,AQuA,AQuA,133,1.0,1.0,0.0,1,1
Gemma-7B,AQuA,AQuA,134,0.0,0.5625,-0.5625,1,1
Gemma-7B,AQuA,AQuA,146,0.0625,0.25,-0.1875,1,1
Gemma-7B,AQuA,AQuA,147,0.0,0.625,-0.625,1,1
Gemma-7B,AQuA,AQuA,149,0.0,0.25,-0.25,1,1
Gemma-7B,AQuA,AQuA,156,0.0,0.0625,-0.0625,1,1
Gemma-7B,AQuA,AQuA,159,0.25,0.3125,-0.0625,1,1
Gemma-7B,AQuA,AQuA,166,0.0625,1.0,-0.9375,1,1
Gemma-7B,AQuA,AQuA,172,0.25,0.3125,-0.0625,1,1
Gemma-7B,AQuA,AQuA,174,0.6875,0.75,-0.0625,1,1
Gemma-7B,AQuA,AQuA,183,0.25,0.0,0.25,1,1
Gemma-7B,AQuA,AQuA,189,0.25,0.3125,-0.0625,1,1
Gemma-7B,AQuA,AQuA,191,0.3125,0.3125,0.0,1,1
Gemma-7B,AQuA,AQuA,194,0.0,0.3125,-0.3125,1,1
Gemma-7B,AQuA,AQuA,201,0.0,0.375,-0.375,1,1
Gemma-7B,AQuA,AQuA,203,0.3125,1.0,-0.6875,1,1
Gemma-7B,AQuA,AQuA,207,0.0,0.5625,-0.5625,1,1
Gemma-7B,AQuA,AQuA,208,0.125,0.25,-0.125,1,1
Gemma-7B,AQuA,AQuA,220,0.0,0.25,-0.25,1,1
Gemma-7B,AQuA,AQuA,237,0.25,0.3125,-0.0625,1,1
Gemma-7B,CommonsenseQA,CSQA,18,0.0,0.4375,-0.4375,1,1
Gemma-7B,CommonsenseQA,CSQA,29,0.5,0.0,0.5,1,1
Gemma-7B,CommonsenseQA,CSQA,77,0.0,0.5625,-0.5625,1,1
Gemma-7B,CommonsenseQA,CSQA,137,0.0,0.0,0.0,1,1
Gemma-7B,CommonsenseQA,CSQA,156,0.0,0.3125,-0.3125,1,1
Gemma-7B,CommonsenseQA,CSQA,174,0.0,0.25,-0.25,1,1
Gemma-7B,CommonsenseQA,CSQA,179,0.0,0.375,-0.375,1,1
Gemma-7B,CommonsenseQA,CSQA,206,0.0,0.3125,-0.3125,1,1
Gemma-7B,CommonsenseQA,CSQA,225,0.25,0.0625,0.1875,1,1
Gemma-7B,CommonsenseQA,CSQA,266,0.0,0.0,0.0,1,1
Gemma-7B,CommonsenseQA,CSQA,285,0.0,0.0,0.0,1,1
Gemma-7B,CommonsenseQA,CSQA,385,0.0625,0.375,-0.3125,1,1
Gemma-7B,CommonsenseQA,CSQA,400,0.0,0.25,-0.25,1,1
Gemma-7B,CommonsenseQA,CSQA,433,0.0,0.25,-0.25,1,1
Gemma-7B,CommonsenseQA,CSQA,453,0.0,0.375,-0.375,1,1
Gemma-7B,CommonsenseQA,CSQA,473,0.3125,0.3125,0.0,1,1
Gemma-7B,CommonsenseQA,CSQA,488,0.0,0.25,-0.25,1,1
Gemma-7B,CommonsenseQA,CSQA,506,0.0,0.3125,-0.3125,1,1
Gemma-7B,CommonsenseQA,CSQA,509,0.0,0.4375,-0.4375,1,1
Gemma-7B,CommonsenseQA,CSQA,528,0.0,0.0625,-0.0625,1,1
Gemma-7B,CommonsenseQA,CSQA,545,0.3125,0.0,0.3125,1,1
Gemma-7B,CommonsenseQA,CSQA,546,0.375,0.0,0.375,1,1
Gemma-7B,CommonsenseQA,CSQA,554,0.3125,0.3125,0.0,1,1
Gemma-7B,CommonsenseQA,CSQA,577,0.0,0.8125,-0.8125,1,1
Gemma-7B,CommonsenseQA,CSQA,596,0.0,0.3125,-0.3125,1,1
Gemma-7B,CommonsenseQA,CSQA,613,0.0,0.3125,-0.3125,1,1
Gemma-7B,CommonsenseQA,CSQA,621,0.3125,0.0,0.3125,1,1
Gemma-7B,CommonsenseQA,CSQA,632,0.3125,0.3125,0.0,1,1
Gemma-7B,CommonsenseQA,CSQA,662,0.0,0.0,0.0,1,1
Gemma-7B,CommonsenseQA,CSQA,675,0.0,0.0,0.0,1,1
Gemma-7B,CommonsenseQA,CSQA,699,0.0,0.375,-0.375,1,1
Gemma-7B,CommonsenseQA,CSQA,754,0.3125,0.375,-0.0625,1,1
Gemma-7B,CommonsenseQA,CSQA,773,0.0,0.3125,-0.3125,1,1
Gemma-7B,CommonsenseQA,CSQA,781,0.25,0.3125,-0.0625,1,1
Gemma-7B,CommonsenseQA,CSQA,791,0.0,0.25,-0.25,1,1
Gemma-7B,CommonsenseQA,CSQA,825,0.0,0.25,-0.25,1,1
Gemma-7B,CommonsenseQA,CSQA,849,0.0,0.3125,-0.3125,1,1
Gemma-7B,CommonsenseQA,CSQA,850,0.0625,0.3125,-0.25,1,1
Gemma-7B,CommonsenseQA,CSQA,865,0.0,0.75,-0.75,1,1
Gemma-7B,CommonsenseQA,CSQA,883,0.25,0.3125,-0.0625,1,1
Gemma-7B,CommonsenseQA,CSQA,914,0.0,0.25,-0.25,1,1
Gemma-7B,CommonsenseQA,CSQA,938,0.3125,0.3125,0.0,1,1
Gemma-7B,CommonsenseQA,CSQA,941,0.0,0.25,-0.25,1,1
Gemma-7B,CommonsenseQA,CSQA,1000,0.3125,0.3125,0.0,1,1
Gemma-7B,CommonsenseQA,CSQA,1006,0.375,0.3125,0.0625,1,1
Gemma-7B,CommonsenseQA,CSQA,1074,0.3125,0.25,0.0625,1,1
Gemma-7B,CommonsenseQA,CSQA,1099,0.3125,0.8125,-0.5,1,1
Gemma-7B,CommonsenseQA,CSQA,1119,0.0,0.25,-0.25,1,1
Gemma-7B,CommonsenseQA,CSQA,1133,0.3125,0.0625,0.25,1,1
Gemma-7B,CommonsenseQA,CSQA,1170,0.3125,0.3125,0.0,1,1
Gemma-7B,GPQA,GPQA,4,0.25,0.4375,-0.1875,1,1
Gemma-7B,GPQA,GPQA,8,0.0,0.3125,-0.3125,1,1
Gemma-7B,GPQA,GPQA,9,0.5,0.3125,0.1875,1,1
Gemma-7B,GPQA,GPQA,14,0.375,0.25,0.125,1,1
Gemma-7B,GPQA,GPQA,39,0.3125,0.3125,0.0,1,1
Gemma-7B,GPQA,GPQA,55,0.4375,0.4375,0.0,1,1
Gemma-7B,GPQA,GPQA,72,0.3125,0.3125,0.0,1,1
Gemma-7B,GPQA,GPQA,83,0.3125,0.3125,0.0,1,1
Gemma-7B,GPQA,GPQA,85,0.3125,0.375,-0.0625,1,1
Gemma-7B,GPQA,GPQA,87,0.4375,0.25,0.1875,1,1
Gemma-7B,GPQA,GPQA,91,0.375,1.0,-0.625,1,1
Gemma-7B,GPQA,GPQA,106,0.3125,0.375,-0.0625,1,1
Gemma-7B,GPQA,GPQA,119,0.3125,0.25,0.0625,1,1
Gemma-7B,GPQA,GPQA,120,0.5,0.5625,-0.0625,1,1
Gemma-7B,GPQA,GPQA,130,0.375,0.375,0.0,1,1
Gemma-7B,GPQA,GPQA,150,0.3125,0.75,-0.4375,1,1
Gemma-7B,GPQA,GPQA,163,0.3125,0.3125,0.0,1,1
Gemma-7B,GPQA,GPQA,178,0.375,0.5,-0.125,1,1
Gemma-7B,GPQA,GPQA,179,0.375,0.375,0.0,1,1
Gemma-7B,GPQA,GPQA,185,0.375,0.375,0.0,1,1
Gemma-7B,GPQA,GPQA,195,0.375,0.375,0.0,1,1
Gemma-7B,GPQA,GPQA,197,0.375,0.375,0.0,1,1
Gemma-7B,GPQA,GPQA,198,0.3125,0.75,-0.4375,1,1
Gemma-7B,GPQA,GPQA,200,0.3125,0.3125,0.0,1,1
Gemma-7B,GPQA,GPQA,206,0.375,0.375,0.0,1,1
Gemma-7B,GPQA,GPQA,227,0.25,0.375,-0.125,1,1
Gemma-7B,GPQA,GPQA,231,0.5,0.3125,0.1875,1,1
Gemma-7B,GPQA,GPQA,245,0.3125,0.3125,0.0,1,1
Gemma-7B,GPQA,GPQA,248,0.3125,0.3125,0.0,1,1
Gemma-7B,GPQA,GPQA,250,0.25,0.3125,-0.0625,1,1
Gemma-7B,GPQA,GPQA,256,0.25,0.3125,-0.0625,1,1
Gemma-7B,GPQA,GPQA,285,0.25,1.0,-0.75,1,1
Gemma-7B,GPQA,GPQA,288,0.375,0.375,0.0,1,1
Gemma-7B,GPQA,GPQA,293,0.3125,0.3125,0.0,1,1
Gemma-7B,GPQA,GPQA,302,0.4375,0.5,-0.0625,1,1
Gemma-7B,GPQA,GPQA,304,0.25,0.3125,-0.0625,1,1
Gemma-7B,GPQA,GPQA,313,0.25,0.3125,-0.0625,1,1
Gemma-7B,GPQA,GPQA,326,0.875,0.0625,0.8125,1,1
Gemma-7B,GPQA,GPQA,328,0.375,0.5625,-0.1875,1,1
Gemma-7B,GPQA,GPQA,332,0.25,0.375,-0.125,1,1
Gemma-7B,GPQA,GPQA,358,0.25,1.0,-0.75,1,1
Gemma-7B,GPQA,GPQA,372,0.25,0.3125,-0.0625,1,1
Gemma-7B,GPQA,GPQA,397,0.3125,0.8125,-0.5,1,1
Gemma-7B,GPQA,GPQA,399,0.3125,0.3125,0.0,1,1
Gemma-7B,GPQA,GPQA,409,0.375,0.375,0.0,1,1
Gemma-7B,GPQA,GPQA,418,0.3125,0.3125,0.0,1,1
Gemma-7B,GPQA,GPQA,426,0.375,0.375,0.0,1,1
Gemma-7B,GPQA,GPQA,435,0.3125,0.3125,0.0,1,1
Gemma-7B,GPQA,GPQA,443,0.0,0.4375,-0.4375,1,1
Gemma-7B,GPQA,GPQA,444,0.375,0.3125,0.0625,1,1
Gemma-7B,GSM8K,GSM8K,9,1.0,1.0,0.0,1,1
Gemma-7B,GSM8K,GSM8K,23,1.0,0.5,0.5,1,1
Gemma-7B,GSM8K,GSM8K,68,0.0,0.375,-0.375,1,1
Gemma-7B,GSM8K,GSM8K,107,0.25,0.4375,-0.1875,1,1
Gemma-7B,GSM8K,GSM8K,113,0.25,1.0,-0.75,1,1
Gemma-7B,GSM8K,GSM8K,126,0.0,0.25,-0.25,1,1
Gemma-7B,GSM8K,GSM8K,165,0.3125,0.6875,-0.375,1,1
Gemma-7B,GSM8K,GSM8K,184,1.0,0.3125,0.6875,1,1
Gemma-7B,GSM8K,GSM8K,198,0.0,0.5625,-0.5625,1,1
Gemma-7B,GSM8K,GSM8K,282,1.0,1.0,0.0,1,1
Gemma-7B,GSM8K,GSM8K,335,0.8125,1.0,-0.1875,1,1
Gemma-7B,GSM8K,GSM8K,350,1.0,0.5625,0.4375,1,1
Gemma-7B,GSM8K,GSM8K,376,1.0,0.0625,0.9375,1,1
Gemma-7B,GSM8K,GSM8K,398,0.375,0.3125,0.0625,1,1
Gemma-7B,GSM8K,GSM8K,558,1.0,1.0,0.0,1,1
Gemma-7B,GSM8K,GSM8K,598,0.0,0.25,-0.25,1,1
Gemma-7B,GSM8K,GSM8K,604,1.0,1.0,0.0,1,1
Gemma-7B,GSM8K,GSM8K,631,1.0,0.3125,0.6875,1,1
Gemma-7B,GSM8K,GSM8K,633,0.375,0.3125,0.0625,1,1
Gemma-7B,GSM8K,GSM8K,735,1.0,0.8125,0.1875,1,1
Gemma-7B,GSM8K,GSM8K,747,1.0,0.875,0.125,1,1
Gemma-7B,GSM8K,GSM8K,764,0.375,0.0,0.375,1,1
Gemma-7B,GSM8K,GSM8K,768,0.3125,0.3125,0.0,1,1
Gemma-7B,GSM8K,GSM8K,791,0.3125,0.25,0.0625,1,1
Gemma-7B,GSM8K,GSM8K,797,0.3125,0.5625,-0.25,1,1
Gemma-7B,GSM8K,GSM8K,867,1.0,1.0,0.0,1,1
Gemma-7B,GSM8K,GSM8K,872,0.0,0.25,-0.25,1,1
Gemma-7B,GSM8K,GSM8K,890,0.3125,0.6875,-0.375,1,1
Gemma-7B,GSM8K,GSM8K,899,0.875,0.3125,0.5625,1,1
Gemma-7B,GSM8K,GSM8K,915,1.0,1.0,0.0,1,1
Gemma-7B,GSM8K,GSM8K,955,0.0625,0.25,-0.1875,1,1
Gemma-7B,GSM8K,GSM8K,957,0.625,1.0,-0.375,1,1
Gemma-7B,GSM8K,GSM8K,963,0.25,0.25,0.0,1,1
Gemma-7B,GSM8K,GSM8K,1021,0.0,1.0,-1.0,1,1
Gemma-7B,GSM8K,GSM8K,1041,0.6875,0.3125,0.375,1,1
Gemma-7B,GSM8K,GSM8K,1051,0.3125,0.25,0.0625,1,1
Gemma-7B,GSM8K,GSM8K,1065,1.0,1.0,0.0,1,1
Gemma-7B,GSM8K,GSM8K,1077,0.0,0.3125,-0.3125,1,1
Gemma-7B,GSM8K,GSM8K,1091,1.0,1.0,0.0,1,1
Gemma-7B,GSM8K,GSM8K,1104,0.0,0.3125,-0.3125,1,1
Gemma-7B,GSM8K,GSM8K,1114,0.3125,0.3125,0.0,1,1
Gemma-7B,GSM8K,GSM8K,1148,0.0,1.0,-1.0,1,1
Gemma-7B,GSM8K,GSM8K,1192,0.0,0.625,-0.625,1,1
Gemma-7B,GSM8K,GSM8K,1205,0.625,0.25,0.375,1,1
Gemma-7B,GSM8K,GSM8K,1215,0.25,0.3125,-0.0625,1,1
Gemma-7B,GSM8K,GSM8K,1225,0.375,1.0,-0.625,1,1
Gemma-7B,GSM8K,GSM8K,1246,1.0,1.0,0.0,1,1
Gemma-7B,GSM8K,GSM8K,1285,1.0,1.0,0.0,1,1
Gemma-7B,GSM8K,GSM8K,1297,0.3125,0.3125,0.0,1,1
Gemma-7B,GSM8K,GSM8K,1314,0.3125,0.0,0.3125,1,1
Gemma-7B,MATH500,MATH500,2,0.4375,0.375,0.0625,1,1
Gemma-7B,MATH500,MATH500,3,0.0625,0.3125,-0.25,1,1
Gemma-7B,MATH500,MATH500,21,0.25,0.3125,-0.0625,1,1
Gemma-7B,MATH500,MATH500,24,0.25,0.5,-0.25,1,1
Gemma-7B,MATH500,MATH500,30,0.375,0.5,-0.125,1,1
Gemma-7B,MATH500,MATH500,47,0.5625,0.75,-0.1875,1,1
Gemma-7B,MATH500,MATH500,54,0.3125,0.3125,0.0,1,1
Gemma-7B,MATH500,MATH500,61,0.0,0.25,-0.25,1,1
Gemma-7B,MATH500,MATH500,68,0.25,0.25,0.0,1,1
Gemma-7B,MATH500,MATH500,85,0.0,0.375,-0.375,1,1
Gemma-7B,MATH500,MATH500,88,0.3125,0.375,-0.0625,1,1
Gemma-7B,MATH500,MATH500,106,0.125,0.25,-0.125,1,1
Gemma-7B,MATH500,MATH500,112,0.3125,0.5625,-0.25,1,1
Gemma-7B,MATH500,MATH500,115,0.1875,0.3125,-0.125,1,1
Gemma-7B,MATH500,MATH500,123,0.25,0.3125,-0.0625,1,1
Gemma-7B,MATH500,MATH500,144,0.0,0.375,-0.375,1,1
Gemma-7B,MATH500,MATH500,146,0.8125,0.3125,0.5,1,1
Gemma-7B,MATH500,MATH500,150,0.3125,0.0,0.3125,1,1
Gemma-7B,MATH500,MATH500,157,0.0,0.25,-0.25,1,1
Gemma-7B,MATH500,MATH500,162,0.25,0.3125,-0.0625,1,1
Gemma-7B,MATH500,MATH500,163,0.25,0.3125,-0.0625,1,1
Gemma-7B,MATH500,MATH500,173,0.3125,0.5,-0.1875,1,1
Gemma-7B,MATH500,MATH500,181,0.8125,0.3125,0.5,1,1
Gemma-7B,MATH500,MATH500,190,0.0,0.3125,-0.3125,1,1
Gemma-7B,MATH500,MATH500,203,0.0,0.25,-0.25,1,1
Gemma-7B,MATH500,MATH500,215,0.3125,0.25,0.0625,1,1
Gemma-7B,MATH500,MATH500,226,0.0,0.3125,-0.3125,1,1
Gemma-7B,MATH500,MATH500,248,0.0,0.3125,-0.3125,1,1
Gemma-7B,MATH500,MATH500,250,0.25,0.625,-0.375,1,1
Gemma-7B,MATH500,MATH500,252,0.3125,0.8125,-0.5,1,1
Gemma-7B,MATH500,MATH500,257,0.8125,0.4375,0.375,1,1
Gemma-7B,MATH500,MATH500,266,0.5,0.3125,0.1875,1,1
Gemma-7B,MATH500,MATH500,275,0.5,0.3125,0.1875,1,1
Gemma-7B,MATH500,MATH500,289,0.0,0.25,-0.25,1,1
Gemma-7B,MATH500,MATH500,292,0.0,0.25,-0.25,1,1
Gemma-7B,MATH500,MATH500,293,0.125,0.3125,-0.1875,1,1
Gemma-7B,MATH500,MATH500,306,0.25,0.3125,-0.0625,1,1
Gemma-7B,MATH500,MATH500,314,0.25,0.0625,0.1875,1,1
Gemma-7B,MATH500,MATH500,341,0.3125,0.3125,0.0,1,1
Gemma-7B,MATH500,MATH500,347,0.8125,0.375,0.4375,1,1
Gemma-7B,MATH500,MATH500,376,0.3125,0.5,-0.1875,1,1
Gemma-7B,MATH500,MATH500,381,0.0,0.25,-0.25,1,1
Gemma-7B,MATH500,MATH500,383,0.3125,0.4375,-0.125,1,1
Gemma-7B,MATH500,MATH500,402,0.0,0.3125,-0.3125,1,1
Gemma-7B,MATH500,MATH500,403,0.3125,0.5625,-0.25,1,1
Gemma-7B,MATH500,MATH500,431,0.3125,0.375,-0.0625,1,1
Gemma-7B,MATH500,MATH500,453,0.125,0.3125,-0.1875,1,1
Gemma-7B,MATH500,MATH500,464,0.3125,0.3125,0.0,1,1
Gemma-7B,MATH500,MATH500,483,0.25,0.3125,-0.0625,1,1
Gemma-7B,MATH500,MATH500,491,0.5625,0.3125,0.25,1,1
Gemma-7B,SVAMP,SVAMP,13,0.4375,0.75,-0.3125,1,1
Gemma-7B,SVAMP,SVAMP,17,0.25,0.25,0.0,1,1
Gemma-7B,SVAMP,SVAMP,60,0.0,0.125,-0.125,1,1
Gemma-7B,SVAMP,SVAMP,75,1.0,0.875,0.125,1,1
Gemma-7B,SVAMP,SVAMP,89,0.375,0.3125,0.0625,1,1
Gemma-7B,SVAMP,SVAMP,115,0.125,1.0,-0.875,1,1
Gemma-7B,SVAMP,SVAMP,133,0.4375,0.0625,0.375,1,1
Gemma-7B,SVAMP,SVAMP,160,0.8125,0.3125,0.5,1,1
Gemma-7B,SVAMP,SVAMP,182,0.0,0.3125,-0.3125,1,1
Gemma-7B,SVAMP,SVAMP,189,0.0,0.25,-0.25,1,1
Gemma-7B,SVAMP,SVAMP,190,0.375,1.0,-0.625,1,1
Gemma-7B,SVAMP,SVAMP,222,0.25,1.0,-0.75,1,1
Gemma-7B,SVAMP,SVAMP,237,0.1875,0.3125,-0.125,1,1
Gemma-7B,SVAMP,SVAMP,238,0.125,1.0,-0.875,1,1
Gemma-7B,SVAMP,SVAMP,255,0.25,0.6875,-0.4375,1,1
Gemma-7B,SVAMP,SVAMP,264,1.0,0.6875,0.3125,1,1
Gemma-7B,SVAMP,SVAMP,289,0.25,0.3125,-0.0625,1,1
Gemma-7B,SVAMP,SVAMP,332,1.0,0.0625,0.9375,1,1
Gemma-7B,SVAMP,SVAMP,339,1.0,0.0625,0.9375,1,1
Gemma-7B,SVAMP,SVAMP,374,0.3125,0.8125,-0.5,1,1
Gemma-7B,SVAMP,SVAMP,386,0.25,0.5,-0.25,1,1
Gemma-7B,SVAMP,SVAMP,398,0.0,0.25,-0.25,1,1
Gemma-7B,SVAMP,SVAMP,422,0.3125,0.25,0.0625,1,1
Gemma-7B,SVAMP,SVAMP,424,0.0,0.25,-0.25,1,1
Gemma-7B,SVAMP,SVAMP,490,0.3125,0.25,0.0625,1,1
Gemma-7B,SVAMP,SVAMP,546,0.0625,0.0625,0.0,1,1
Gemma-7B,SVAMP,SVAMP,552,0.0,0.5,-0.5,1,1
Gemma-7B,SVAMP,SVAMP,601,0.0625,1.0,-0.9375,1,1
Gemma-7B,SVAMP,SVAMP,611,0.0,0.25,-0.25,1,1
Gemma-7B,SVAMP,SVAMP,613,0.25,0.3125,-0.0625,1,1
Gemma-7B,SVAMP,SVAMP,650,0.0,0.25,-0.25,1,1
Gemma-7B,SVAMP,SVAMP,656,0.25,0.625,-0.375,1,1
Gemma-7B,SVAMP,SVAMP,684,0.25,0.3125,-0.0625,1,1
Gemma-7B,SVAMP,SVAMP,691,0.6875,0.25,0.4375,1,1
Gemma-7B,SVAMP,SVAMP,720,0.25,1.0,-0.75,1,1
Gemma-7B,SVAMP,SVAMP,724,0.6875,0.625,0.0625,1,1
Gemma-7B,SVAMP,SVAMP,761,0.1875,1.0,-0.8125,1,1
Gemma-7B,SVAMP,SVAMP,764,0.0,0.875,-0.875,1,1
Gemma-7B,SVAMP,SVAMP,789,0.1875,0.25,-0.0625,1,1
Gemma-7B,SVAMP,SVAMP,813,0.0,0.3125,-0.3125,1,1
Gemma-7B,SVAMP,SVAMP,823,1.0,1.0,0.0,1,1
Gemma-7B,SVAMP,SVAMP,837,1.0,0.25,0.75,1,1
Gemma-7B,SVAMP,SVAMP,842,0.125,0.25,-0.125,1,1
Gemma-7B,SVAMP,SVAMP,865,0.0,0.8125,-0.8125,1,1
Gemma-7B,SVAMP,SVAMP,868,0.25,0.625,-0.375,1,1
Gemma-7B,SVAMP,SVAMP,896,1.0,0.3125,0.6875,1,1
Gemma-7B,SVAMP,SVAMP,906,0.3125,0.875,-0.5625,1,1
Gemma-7B,SVAMP,SVAMP,914,1.0,0.375,0.625,1,1
Gemma-7B,SVAMP,SVAMP,942,0.1875,1.0,-0.8125,1,1
Gemma-7B,SVAMP,SVAMP,974,0.0,1.0,-1.0,1,1
LLaMA-3.1-8B,AQuA,AQuA,1,0.5625,0.75,-0.1875,1,1
LLaMA-3.1-8B,AQuA,AQuA,3,0.25,0.3125,-0.0625,1,1
LLaMA-3.1-8B,AQuA,AQuA,6,0.25,1.0,-0.75,1,1
LLaMA-3.1-8B,AQuA,AQuA,8,0.25,0.25,0.0,1,1
LLaMA-3.1-8B,AQuA,AQuA,19,0.5,0.25,0.25,1,1
LLaMA-3.1-8B,AQuA,AQuA,20,0.3125,0.3125,0.0,1,1
LLaMA-3.1-8B,AQuA,AQuA,24,0.6875,0.5,0.1875,1,1
LLaMA-3.1-8B,AQuA,AQuA,25,0.5,0.3125,0.1875,1,1
LLaMA-3.1-8B,AQuA,AQuA,30,0.625,0.875,-0.25,1,1
LLaMA-3.1-8B,AQuA,AQuA,31,0.4375,0.5625,-0.125,1,1
LLaMA-3.1-8B,AQuA,AQuA,35,0.25,0.25,0.0,1,1
LLaMA-3.1-8B,AQuA,AQuA,40,0.5,0.3125,0.1875,1,1
LLaMA-3.1-8B,AQuA,AQuA,41,0.3125,0.25,0.0625,1,1
LLaMA-3.1-8B,AQuA,AQuA,46,0.25,0.3125,-0.0625,1,1
LLaMA-3.1-8B,AQuA,AQuA,52,0.5,0.375,0.125,1,1
LLaMA-3.1-8B,AQuA,AQuA,66,0.5,0.3125,0.1875,1,1
LLaMA-3.1-8B,AQuA,AQuA,72,0.5,0.8125,-0.3125,1,1
LLaMA-3.1-8B,AQuA,AQuA,73,0.3125,1.0,-0.6875,1,1
LLaMA-3.1-8B,AQuA,AQuA,76,0.5,0.4375,0.0625,1,1
LLaMA-3.1-8B,AQuA,AQuA,81,0.3125,1.0,-0.6875,1,1
LLaMA-3.1-8B,AQuA,AQuA,85,0.3125,0.5,-0.1875,1,1
LLaMA-3.1-8B,AQuA,AQuA,86,0.25,0.4375,-0.1875,1,1
LLaMA-3.1-8B,AQuA,AQuA,93,0.6875,0.3125,0.375,1,1
LLaMA-3.1-8B,AQuA,AQuA,97,0.75,1.0,-0.25,1,1
LLaMA-3.1-8B,AQuA,AQuA,101,0.25,0.3125,-0.0625,1,1
LLaMA-3.1-8B,AQuA,AQuA,105,0.1875,0.25,-0.0625,1,1
LLaMA-3.1-8B,AQuA,AQuA,134,0.375,0.0,0.375,1,1
LLaMA-3.1-8B,AQuA,AQuA,139,0.0,0.5,-0.5,1,1
LLaMA-3.1-8B,AQuA,AQuA,145,0.3125,0.375,-0.0625,1,1
LLaMA-3.1-8B,AQuA,AQuA,149,0.5625,0.0625,0.5,1,1
LLaMA-3.1-8B,AQuA,AQuA,150,0.5,0.25,0.25,1,1
LLaMA-3.1-8B,AQuA,AQuA,154,0.25,0.25,0.0,1,1
LLaMA-3.1-8B,AQuA,AQuA,160,0.25,0.5625,-0.3125,1,1
LLaMA-3.1-8B,AQuA,AQuA,164,0.375,0.0,0.375,1,1
LLaMA-3.1-8B,AQuA,AQuA,185,0.375,0.5,-0.125,1,1
LLaMA-3.1-8B,AQuA,AQuA,189,1.0,0.5,0.5,1,1
LLaMA-3.1-8B,AQuA,AQuA,193,0.5625,0.3125,0.25,1,1
LLaMA-3.1-8B,AQuA,AQuA,196,0.0,0.3125,-0.3125,1,1
LLaMA-3.1-8B,AQuA,AQuA,202,0.25,0.25,0.0,1,1
LLaMA-3.1-8B,AQuA,AQuA,206,0.8125,0.25,0.5625,1,1
LLaMA-3.1-8B,AQuA,AQuA,209,0.8125,0.25,0.5625,1,1
LLaMA-3.1-8B,AQuA,AQuA,217,0.25,0.375,-0.125,1,1
LLaMA-3.1-8B,AQuA,AQuA,225,0.1875,0.3125,-0.125,1,1
LLaMA-3.1-8B,AQuA,AQuA,227,0.5625,0.8125,-0.25,1,1
LLaMA-3.1-8B,AQuA,AQuA,228,0.3125,0.3125,0.0,1,1
LLaMA-3.1-8B,AQuA,AQuA,229,0.8125,0.875,-0.0625,1,1
LLaMA-3.1-8B,AQuA,AQuA,231,0.3125,1.0,-0.6875,1,1
LLaMA-3.1-8B,AQuA,AQuA,240,0.4375,0.3125,0.125,1,1
LLaMA-3.1-8B,AQuA,AQuA,245,0.25,0.3125,-0.0625,1,1
LLaMA-3.1-8B,AQuA,AQuA,246,0.3125,0.3125,0.0,1,1
LLaMA-3.1-8B,CommonsenseQA,CSQA,68,0.3125,0.5,-0.1875,1,1
LLaMA-3.1-8B,CommonsenseQA,CSQA,72,0.125,0.5,-0.375,1,1
LLaMA-3.1-8B,CommonsenseQA,CSQA,106,0.5,0.5625,-0.0625,1,1
LLaMA-3.1-8B,CommonsenseQA,CSQA,179,0.4375,0.5625,-0.125,1,1
LLaMA-3.1-8B,CommonsenseQA,CSQA,180,0.125,0.6875,-0.5625,1,1
LLaMA-3.1-8B,CommonsenseQA,CSQA,245,0.3125,0.75,-0.4375,1,1
LLaMA-3.1-8B,CommonsenseQA,CSQA,261,0.6875,0.8125,-0.125,1,1
LLaMA-3.1-8B,CommonsenseQA,CSQA,266,0.5,0.375,0.125,1,1
LLaMA-3.1-8B,CommonsenseQA,CSQA,267,0.5,0.4375,0.0625,1,1
LLaMA-3.1-8B,CommonsenseQA,CSQA,284,0.3125,0.5,-0.1875,1,1
LLaMA-3.1-8B,CommonsenseQA,CSQA,294,0.3125,0.8125,-0.5,1,1
LLaMA-3.1-8B,CommonsenseQA,CSQA,298,0.5625,0.6875,-0.125,1,1
LLaMA-3.1-8B,CommonsenseQA,CSQA,326,0.8125,0.5,0.3125,1,1
LLaMA-3.1-8B,CommonsenseQA,CSQA,356,0.5625,0.4375,0.125,1,1
LLaMA-3.1-8B,CommonsenseQA,CSQA,418,0.6875,0.8125,-0.125,1,1
LLaMA-3.1-8B,CommonsenseQA,CSQA,422,0.375,0.625,-0.25,1,1
LLaMA-3.1-8B,CommonsenseQA,CSQA,429,0.3125,0.5,-0.1875,1,1
LLaMA-3.1-8B,CommonsenseQA,CSQA,452,0.5,0.3125,0.1875,1,1
LLaMA-3.1-8B,CommonsenseQA,CSQA,483,0.6875,0.4375,0.25,1,1
LLaMA-3.1-8B,CommonsenseQA,CSQA,492,0.625,0.5625,0.0625,1,1
LLaMA-3.1-8B,CommonsenseQA,CSQA,526,0.5,0.5625,-0.0625,1,1
LLaMA-3.1-8B,CommonsenseQA,CSQA,532,1.0,0.5,0.5,1,1
LLaMA-3.1-8B,CommonsenseQA,CSQA,533,0.6875,0.75,-0.0625,1,1
LLaMA-3.1-8B,CommonsenseQA,CSQA,562,0.8125,0.5,0.3125,1,1
LLaMA-3.1-8B,CommonsenseQA,CSQA,577,0.5,0.5625,-0.0625,1,1
LLaMA-3.1-8B,CommonsenseQA,CSQA,641,0.9375,0.6875,0.25,1,1
LLaMA-3.1-8B,CommonsenseQA,CSQA,646,1.0,1.0,0.0,1,1
LLaMA-3.1-8B,CommonsenseQA,CSQA,666,0.3125,0.25,0.0625,1,1
LLaMA-3.1-8B,CommonsenseQA,CSQA,677,1.0,0.3125,0.6875,1,1
LLaMA-3.1-8B,CommonsenseQA,CSQA,718,1.0,1.0,0.0,1,1
LLaMA-3.1-8B,CommonsenseQA,CSQA,721,0.5,0.5,0.0,1,1
LLaMA-3.1-8B,CommonsenseQA,CSQA,734,0.25,0.4375,-0.1875,1,1
LLaMA-3.1-8B,CommonsenseQA,CSQA,833,0.3125,0.375,-0.0625,1,1
LLaMA-3.1-8B,CommonsenseQA,CSQA,840,0.5625,0.4375,0.125,1,1
LLaMA-3.1-8B,CommonsenseQA,CSQA,962,0.4375,0.4375,0.0,1,1
LLaMA-3.1-8B,CommonsenseQA,CSQA,979,0.3125,0.4375,-0.125,1,1
LLaMA-3.1-8B,CommonsenseQA,CSQA,1007,0.5,0.875,-0.375,1,1
LLaMA-3.1-8B,CommonsenseQA,CSQA,1056,0.5625,0.25,0.3125,1,1
LLaMA-3.1-8B,CommonsenseQA,CSQA,1069,0.3125,1.0,-0.6875,1,1
LLaMA-3.1-8B,CommonsenseQA,CSQA,1078,0.8125,0.3125,0.5,1,1
LLaMA-3.1-8B,CommonsenseQA,CSQA,1093,0.5625,0.375,0.1875,1,1
LLaMA-3.1-8B,CommonsenseQA,CSQA,1114,0.3125,0.5,-0.1875,1,1
LLaMA-3.1-8B,CommonsenseQA,CSQA,1121,0.8125,0.8125,0.0,1,1
LLaMA-3.1-8B,CommonsenseQA,CSQA,1130,0.4375,0.4375,0.0,1,1
LLaMA-3.1-8B,CommonsenseQA,CSQA,1137,0.625,0.8125,-0.1875,1,1
LLaMA-3.1-8B,CommonsenseQA,CSQA,1139,0.3125,0.5625,-0.25,1,1
LLaMA-3.1-8B,CommonsenseQA,CSQA,1155,0.625,0.875,-0.25,1,1
LLaMA-3.1-8B,CommonsenseQA,CSQA,1187,0.125,0.4375,-0.3125,1,1
LLaMA-3.1-8B,CommonsenseQA,CSQA,1202,0.3125,0.5625,-0.25,1,1
LLaMA-3.1-8B,CommonsenseQA,CSQA,1219,0.6875,1.0,-0.3125,1,1
LLaMA-3.1-8B,GPQA,GPQA,1,0.375,0.5625,-0.1875,1,1
LLaMA-3.1-8B,GPQA,GPQA,9,0.5,0.625,-0.125,1,1
LLaMA-3.1-8B,GPQA,GPQA,13,0.5,0.5,0.0,1,1
LLaMA-3.1-8B,GPQA,GPQA,23,0.3125,0.5625,-0.25,1,1
LLaMA-3.1-8B,GPQA,GPQA,54,0.5,0.75,-0.25,1,1
LLaMA-3.1-8B,GPQA,GPQA,65,0.4375,0.625,-0.1875,1,1
LLaMA-3.1-8B,GPQA,GPQA,79,0.5625,0.5625,0.0,1,1
LLaMA-3.1-8B,GPQA,GPQA,123,0.5,0.4375,0.0625,1,1
LLaMA-3.1-8B,GPQA,GPQA,164,0.375,0.5625,-0.1875,1,1
LLaMA-3.1-8B,GPQA,GPQA,169,0.75,0.625,0.125,1,1
LLaMA-3.1-8B,GPQA,GPQA,179,0.5,0.5625,-0.0625,1,1
LLaMA-3.1-8B,GPQA,GPQA,182,0.75,0.3125,0.4375,1,1
LLaMA-3.1-8B,GPQA,GPQA,183,0.375,0.375,0.0,1,1
LLaMA-3.1-8B,GPQA,GPQA,186,0.3125,0.5625,-0.25,1,1
LLaMA-3.1-8B,GPQA,GPQA,193,0.5,1.0,-0.5,1,1
LLaMA-3.1-8B,GPQA,GPQA,206,0.3125,0.5625,-0.25,1,1
LLaMA-3.1-8B,GPQA,GPQA,210,0.5,0.5,0.0,1,1
LLaMA-3.1-8B,GPQA,GPQA,215,0.5625,1.0,-0.4375,1,1
LLaMA-3.1-8B,GPQA,GPQA,223,0.5625,0.75,-0.1875,1,1
LLaMA-3.1-8B,GPQA,GPQA,228,0.3125,0.3125,0.0,1,1
LLaMA-3.1-8B,GPQA,GPQA,235,0.3125,0.5,-0.1875,1,1
LLaMA-3.1-8B,GPQA,GPQA,237,0.625,0.8125,-0.1875,1,1
LLaMA-3.1-8B,GPQA,GPQA,244,0.5625,0.75,-0.1875,1,1
LLaMA-3.1-8B,GPQA,GPQA,247,0.3125,0.25,0.0625,1,1
LLaMA-3.1-8B,GPQA,GPQA,263,0.8125,0.8125,0.0,1,1
LLaMA-3.1-8B,GPQA,GPQA,264,0.3125,0.3125,0.0,1,1
LLaMA-3.1-8B,GPQA,GPQA,265,0.3125,0.3125,0.0,1,1
LLaMA-3.1-8B,GPQA,GPQA,277,0.5,0.25,0.25,1,1
LLaMA-3.1-8B,GPQA,GPQA,278,1.0,1.0,0.0,1,1
LLaMA-3.1-8B,GPQA,GPQA,280,0.8125,0.8125,0.0,1,1
LLaMA-3.1-8B,GPQA,GPQA,284,0.625,0.625,0.0,1,1
LLaMA-3.1-8B,GPQA,GPQA,285,0.3125,0.375,-0.0625,1,1
LLaMA-3.1-8B,GPQA,GPQA,288,0.5,0.4375,0.0625,1,1
LLaMA-3.1-8B,GPQA,GPQA,306,0.8125,0.5,0.3125,1,1
LLaMA-3.1-8B,GPQA,GPQA,327,0.8125,0.5,0.3125,1,1
LLaMA-3.1-8B,GPQA,GPQA,348,0.5,0.4375,0.0625,1,1
LLaMA-3.1-8B,GPQA,GPQA,363,1.0,0.5625,0.4375,1,1
LLaMA-3.1-8B,GPQA,GPQA,369,0.5625,0.625,-0.0625,1,1
LLaMA-3.1-8B,GPQA,GPQA,372,0.5625,0.25,0.3125,1,1
LLaMA-3.1-8B,GPQA,GPQA,391,0.5,0.5625,-0.0625,1,1
LLaMA-3.1-8B,GPQA,GPQA,395,0.3125,0.5625,-0.25,1,1
LLaMA-3.1-8B,GPQA,GPQA,398,0.5625,0.6875,-0.125,1,1
LLaMA-3.1-8B,GPQA,GPQA,404,0.5,0.75,-0.25,1,1
LLaMA-3.1-8B,GPQA,GPQA,411,0.25,0.5,-0.25,1,1
LLaMA-3.1-8B,GPQA,GPQA,416,1.0,0.625,0.375,1,1
LLaMA-3.1-8B,GPQA,GPQA,421,0.3125,0.375,-0.0625,1,1
LLaMA-3.1-8B,GPQA,GPQA,425,0.8125,0.6875,0.125,1,1
LLaMA-3.1-8B,GPQA,GPQA,428,0.5625,0.5,0.0625,1,1
LLaMA-3.1-8B,GPQA,GPQA,433,0.8125,0.375,0.4375,1,1
LLaMA-3.1-8B,GPQA,GPQA,443,0.6875,0.3125,0.375,1,1
LLaMA-3.1-8B,GSM8K,GSM8K,46,0.3125,1.0,-0.6875,1,1
LLaMA-3.1-8B,GSM8K,GSM8K,58,1.0,0.3125,0.6875,1,1
LLaMA-3.1-8B,GSM8K,GSM8K,75,0.3125,0.3125,0.0,1,1
LLaMA-3.1-8B,GSM8K,GSM8K,91,1.0,1.0,0.0,1,1
LLaMA-3.1-8B,GSM8K,GSM8K,98,0.375,0.5,-0.125,1,1
LLaMA-3.1-8B,GSM8K,GSM8K,118,1.0,1.0,0.0,1,1
LLaMA-3.1-8B,GSM8K,GSM8K,139,1.0,1.0,0.0,1,1
LLaMA-3.1-8B,GSM8K,GSM8K,166,1.0,1.0,0.0,1,1
LLaMA-3.1-8B,GSM8K,GSM8K,266,0.75,1.0,-0.25,1,1
LLaMA-3.1-8B,GSM8K,GSM8K,305,1.0,0.5,0.5,1,1
LLaMA-3.1-8B,GSM8K,GSM8K,308,0.75,0.8125,-0.0625,1,1
LLaMA-3.1-8B,GSM8K,GSM8K,342,1.0,1.0,0.0,1,1
LLaMA-3.1-8B,GSM8K,GSM8K,344,1.0,1.0,0.0,1,1
LLaMA-3.1-8B,GSM8K,GSM8K,356,1.0,0.5625,0.4375,1,1
LLaMA-3.1-8B,GSM8K,GSM8K,395,0.875,1.0,-0.125,1,1
LLaMA-3.1-8B,GSM8K,GSM8K,406,0.3125,0.3125,0.0,1,1
LLaMA-3.1-8B,GSM8K,GSM8K,450,0.375,0.3125,0.0625,1,1
LLaMA-3.1-8B,GSM8K,GSM8K,482,1.0,1.0,0.0,1,1
LLaMA-3.1-8B,GSM8K,GSM8K,495,0.875,1.0,-0.125,1,1
LLaMA-3.1-8B,GSM8K,GSM8K,504,0.8125,0.875,-0.0625,1,1
LLaMA-3.1-8B,GSM8K,GSM8K,545,1.0,1.0,0.0,1,1
LLaMA-3.1-8B,GSM8K,GSM8K,557,0.0625,0.75,-0.6875,1,1
LLaMA-3.1-8B,GSM8K,GSM8K,574,1.0,1.0,0.0,1,1
LLaMA-3.1-8B,GSM8K,GSM8K,630,1.0,1.0,0.0,1,1
LLaMA-3.1-8B,GSM8K,GSM8K,644,1.0,1.0,0.0,1,1
LLaMA-3.1-8B,GSM8K,GSM8K,648,0.6875,1.0,-0.3125,1,1
LLaMA-3.1-8B,GSM8K,GSM8K,668,0.625,1.0,-0.375,1,1
LLaMA-3.1-8B,GSM8K,GSM8K,691,0.25,0.3125,-0.0625,1,1
LLaMA-3.1-8B,GSM8K,GSM8K,692,0.3125,0.5625,-0.25,1,1
LLaMA-3.1-8B,GSM8K,GSM8K,708,1.0,1.0,0.0,1,1
LLaMA-3.1-8B,GSM8K,GSM8K,728,0.25,0.3125,-0.0625,1,1
LLaMA-3.1-8B,GSM8K,GSM8K,730,0.5,1.0,-0.5,1,1
LLaMA-3.1-8B,GSM8K,GSM8K,774,1.0,0.375,0.625,1,1
LLaMA-3.1-8B,GSM8K,GSM8K,804,1.0,1.0,0.0,1,1
LLaMA-3.1-8B,GSM8K,GSM8K,807,1.0,0.5625,0.4375,1,1
LLaMA-3.1-8B,GSM8K,GSM8K,818,1.0,1.0,0.0,1,1
LLaMA-3.1-8B,GSM8K,GSM8K,890,0.8125,1.0,-0.1875,1,1
LLaMA-3.1-8B,GSM8K,GSM8K,903,1.0,1.0,0.0,1,1
LLaMA-3.1-8B,GSM8K,GSM8K,929,1.0,0.5,0.5,1,1
LLaMA-3.1-8B,GSM8K,GSM8K,955,1.0,1.0,0.0,1,1
LLaMA-3.1-8B,GSM8K,GSM8K,967,0.625,1.0,-0.375,1,1
LLaMA-3.1-8B,GSM8K,GSM8K,1001,1.0,0.6875,0.3125,1,1
LLaMA-3.1-8B,GSM8K,GSM8K,1018,0.3125,1.0,-0.6875,1,1
LLaMA-3.1-8B,GSM8K,GSM8K,1028,1.0,1.0,0.0,1,1
LLaMA-3.1-8B,GSM8K,GSM8K,1072,1.0,1.0,0.0,1,1
LLaMA-3.1-8B,GSM8K,GSM8K,1110,1.0,1.0,0.0,1,1
LLaMA-3.1-8B,GSM8K,GSM8K,1113,1.0,1.0,0.0,1,1
LLaMA-3.1-8B,GSM8K,GSM8K,1170,1.0,0.5,0.5,1,1
LLaMA-3.1-8B,GSM8K,GSM8K,1204,1.0,0.8125,0.1875,1,1
LLaMA-3.1-8B,GSM8K,GSM8K,1304,1.0,1.0,0.0,1,1
LLaMA-3.1-8B,MATH500,MATH500,2,0.8125,1.0,-0.1875,1,1
LLaMA-3.1-8B,MATH500,MATH500,33,0.25,0.25,0.0,1,1
LLaMA-3.1-8B,MATH500,MATH500,35,0.5625,0.8125,-0.25,1,1
LLaMA-3.1-8B,MATH500,MATH500,53,1.0,0.3125,0.6875,1,1
LLaMA-3.1-8B,MATH500,MATH500,55,0.3125,0.5,-0.1875,1,1
LLaMA-3.1-8B,MATH500,MATH500,72,0.6875,0.6875,0.0,1,1
LLaMA-3.1-8B,MATH500,MATH500,74,0.25,0.8125,-0.5625,1,1
LLaMA-3.1-8B,MATH500,MATH500,120,0.25,0.375,-0.125,1,1
LLaMA-3.1-8B,MATH500,MATH500,126,0.25,0.3125,-0.0625,1,1
LLaMA-3.1-8B,MATH500,MATH500,132,1.0,0.6875,0.3125,1,1
LLaMA-3.1-8B,MATH500,MATH500,138,0.3125,0.25,0.0625,1,1
LLaMA-3.1-8B,MATH500,MATH500,147,0.25,0.25,0.0,1,1
LLaMA-3.1-8B,MATH500,MATH500,155,0.3125,0.3125,0.0,1,1
LLaMA-3.1-8B,MATH500,MATH500,157,1.0,0.3125,0.6875,1,1
LLaMA-3.1-8B,MATH500,MATH500,164,0.3125,0.25,0.0625,1,1
LLaMA-3.1-8B,MATH500,MATH500,174,1.0,0.875,0.125,1,1
LLaMA-3.1-8B,MATH500,MATH500,185,0.25,1.0,-0.75,1,1
LLaMA-3.1-8B,MATH500,MATH500,192,0.25,0.3125,-0.0625,1,1
LLaMA-3.1-8B,MATH500,MATH500,197,0.3125,0.5,-0.1875,1,1
LLaMA-3.1-8B,MATH500,MATH500,206,0.25,0.375,-0.125,1,1
LLaMA-3.1-8B,MATH500,MATH500,215,0.375,0.8125,-0.4375,1,1
LLaMA-3.1-8B,MATH500,MATH500,216,0.25,0.875,-0.625,1,1
LLaMA-3.1-8B,MATH500,MATH500,226,0.0,0.125,-0.125,1,1
LLaMA-3.1-8B,MATH500,MATH500,236,0.3125,0.375,-0.0625,1,1
LLaMA-3.1-8B,MATH500,MATH500,249,0.3125,0.25,0.0625,1,1
LLaMA-3.1-8B,MATH500,MATH500,251,0.3125,0.5,-0.1875,1,1
LLaMA-3.1-8B,MATH500,MATH500,266,1.0,0.3125,0.6875,1,1
LLaMA-3.1-8B,MATH500,MATH500,277,0.5,0.0625,0.4375,1,1
LLaMA-3.1-8B,MATH500,MATH500,300,1.0,1.0,0.0,1,1
LLaMA-3.1-8B,MATH500,MATH500,303,0.3125,0.375,-0.0625,1,1
LLaMA-3.1-8B,MATH500,MATH500,307,0.5,0.5625,-0.0625,1,1
LLaMA-3.1-8B,MATH500,MATH500,322,1.0,1.0,0.0,1,1
LLaMA-3.1-8B,MATH500,MATH500,324,0.3125,0.25,0.0625,1,1
LLaMA-3.1-8B,MATH500,MATH500,362,1.0,0.25,0.75,1,1
LLaMA-3.1-8B,MATH500,MATH500,372,0.25,0.25,0.0,1,1
LLaMA-3.1-8B,MATH500,MATH500,376,0.6875,0.375,0.3125,1,1
LLaMA-3.1-8B,MATH500,MATH500,378,0.3125,0.375,-0.0625,1,1
LLaMA-3.1-8B,MATH500,MATH500,386,0.75,1.0,-0.25,1,1
LLaMA-3.1-8B,MATH500,MATH500,388,0.5,0.875,-0.375,1,1
LLaMA-3.1-8B,MATH500,MATH500,395,0.8125,0.8125,0.0,1,1
LLaMA-3.1-8B,MATH500,MATH500,427,1.0,1.0,0.0,1,1
LLaMA-3.1-8B,MATH500,MATH500,430,0.375,0.4375,-0.0625,1,1
LLaMA-3.1-8B,MATH500,MATH500,433,0.0,0.3125,-0.3125,1,1
LLaMA-3.1-8B,MATH500,MATH500,442,1.0,1.0,0.0,1,1
LLaMA-3.1-8B,MATH500,MATH500,458,0.3125,0.375,-0.0625,1,1
LLaMA-3.1-8B,MATH500,MATH500,463,1.0,0.75,0.25,1,1
LLaMA-3.1-8B,MATH500,MATH500,466,0.25,0.3125,-0.0625,1,1
LLaMA-3.1-8B,MATH500,MATH500,468,1.0,0.5625,0.4375,1,1
LLaMA-3.1-8B,MATH500,MATH500,477,0.3125,0.3125,0.0,1,1
LLaMA-3.1-8B,MATH500,MATH500,483,0.25,0.25,0.0,1,1
LLaMA-3.1-8B,SVAMP,SVAMP,8,1.0,1.0,0.0,1,1
LLaMA-3.1-8B,SVAMP,SVAMP,37,1.0,0.0625,0.9375,1,1
LLaMA-3.1-8B,SVAMP,SVAMP,40,0.75,0.875,-0.125,1,1
LLaMA-3.1-8B,SVAMP,SVAMP,47,1.0,1.0,0.0,1,1
LLaMA-3.1-8B,SVAMP,SVAMP,53,0.5,1.0,-0.5,1,1
LLaMA-3.1-8B,SVAMP,SVAMP,57,1.0,1.0,0.0,1,1
LLaMA-3.1-8B,SVAMP,SVAMP,89,0.6875,1.0,-0.3125,1,1
LLaMA-3.1-8B,SVAMP,SVAMP,126,1.0,1.0,0.0,1,1
LLaMA-3.1-8B,SVAMP,SVAMP,130,0.6875,1.0,-0.3125,1,1
LLaMA-3.1-8B,SVAMP,SVAMP,133,0.6875,0.25,0.4375,1,1
LLaMA-3.1-8B,SVAMP,SVAMP,147,0.5,1.0,-0.5,1,1
LLaMA-3.1-8B,SVAMP,SVAMP,208,0.3125,1.0,-0.6875,1,1
LLaMA-3.1-8B,SVAMP,SVAMP,211,0.5625,1.0,-0.4375,1,1
LLaMA-3.1-8B,SVAMP,SVAMP,278,0.3125,0.3125,0.0,1,1
LLaMA-3.1-8B,SVAMP,SVAMP,285,0.25,1.0,-0.75,1,1
LLaMA-3.1-8B,SVAMP,SVAMP,287,0.875,1.0,-0.125,1,1
LLaMA-3.1-8B,SVAMP,SVAMP,295,0.5,1.0,-0.5,1,1
LLaMA-3.1-8B,SVAMP,SVAMP,317,0.3125,0.5,-0.1875,1,1
LLaMA-3.1-8B,SVAMP,SVAMP,334,0.6875,1.0,-0.3125,1,1
LLaMA-3.1-8B,SVAMP,SVAMP,342,0.0625,0.3125,-0.25,1,1
LLaMA-3.1-8B,SVAMP,SVAMP,347,0.25,0.5625,-0.3125,1,1
LLaMA-3.1-8B,SVAMP,SVAMP,349,0.625,1.0,-0.375,1,1
LLaMA-3.1-8B,SVAMP,SVAMP,360,0.8125,1.0,-0.1875,1,1
LLaMA-3.1-8B,SVAMP,SVAMP,361,1.0,0.5625,0.4375,1,1
LLaMA-3.1-8B,SVAMP,SVAMP,378,0.75,1.0,-0.25,1,1
LLaMA-3.1-8B,SVAMP,SVAMP,413,1.0,1.0,0.0,1,1
LLaMA-3.1-8B,SVAMP,SVAMP,419,1.0,1.0,0.0,1,1
LLaMA-3.1-8B,SVAMP,SVAMP,440,1.0,1.0,0.0,1,1
LLaMA-3.1-8B,SVAMP,SVAMP,446,0.0,0.0625,-0.0625,1,1
LLaMA-3.1-8B,SVAMP,SVAMP,457,0.625,0.875,-0.25,1,1
LLaMA-3.1-8B,SVAMP,SVAMP,469,1.0,1.0,0.0,1,1
LLaMA-3.1-8B,SVAMP,SVAMP,503,1.0,1.0,0.0,1,1
LLaMA-3.1-8B,SVAMP,SVAMP,516,1.0,1.0,0.0,1,1
LLaMA-3.1-8B,SVAMP,SVAMP,534,1.0,0.3125,0.6875,1,1
LLaMA-3.1-8B,SVAMP,SVAMP,567,1.0,1.0,0.0,1,1
LLaMA-3.1-8B,SVAMP,SVAMP,590,1.0,1.0,0.0,1,1
LLaMA-3.1-8B,SVAMP,SVAMP,642,0.625,0.3125,0.3125,1,1
LLaMA-3.1-8B,SVAMP,SVAMP,643,1.0,1.0,0.0,1,1
LLaMA-3.1-8B,SVAMP,SVAMP,662,1.0,1.0,0.0,1,1
LLaMA-3.1-8B,SVAMP,SVAMP,666,0.3125,0.3125,0.0,1,1
LLaMA-3.1-8B,SVAMP,SVAMP,688,0.3125,0.4375,-0.125,1,1
LLaMA-3.1-8B,SVAMP,SVAMP,766,0.5,0.5625,-0.0625,1,1
LLaMA-3.1-8B,SVAMP,SVAMP,777,0.5625,1.0,-0.4375,1,1
LLaMA-3.1-8B,SVAMP,SVAMP,793,1.0,1.0,0.0,1,1
LLaMA-3.1-8B,SVAMP,SVAMP,799,0.25,0.25,0.0,1,1
LLaMA-3.1-8B,SVAMP,SVAMP,809,0.6875,1.0,-0.3125,1,1
LLaMA-3.1-8B,SVAMP,SVAMP,827,1.0,0.25,0.75,1,1
LLaMA-3.1-8B,SVAMP,SVAMP,894,0.6875,1.0,-0.3125,1,1
LLaMA-3.1-8B,SVAMP,SVAMP,907,1.0,0.375,0.625,1,1
LLaMA-3.1-8B,SVAMP,SVAMP,989,0.3125,1.0,-0.6875,1,1
Phi-4,AQuA,AQuA,9,0.875,1.0,-0.125,1,1
Phi-4,AQuA,AQuA,13,1.0,1.0,0.0,1,1
Phi-4,AQuA,AQuA,15,0.75,1.0,-0.25,1,1
Phi-4,AQuA,AQuA,18,1.0,1.0,0.0,1,1
Phi-4,AQuA,AQuA,27,0.6875,1.0,-0.3125,1,1
Phi-4,AQuA,AQuA,36,1.0,1.0,0.0,1,1
Phi-4,AQuA,AQuA,49,1.0,1.0,0.0,1,1
Phi-4,AQuA,AQuA,50,0.8125,1.0,-0.1875,1,1
Phi-4,AQuA,AQuA,53,1.0,1.0,0.0,1,1
Phi-4,AQuA,AQuA,72,1.0,1.0,0.0,1,1
Phi-4,AQuA,AQuA,73,1.0,1.0,0.0,1,1
Phi-4,AQuA,AQuA,78,0.5625,1.0,-0.4375,1,1
Phi-4,AQuA,AQuA,93,0.8125,0.25,0.5625,1,1
Phi-4,AQuA,AQuA,95,0.8125,1.0,-0.1875,1,1
Phi-4,AQuA,AQuA,99,1.0,0.4375,0.5625,1,1
Phi-4,AQuA,AQuA,106,0.25,0.5625,-0.3125,1,1
Phi-4,AQuA,AQuA,110,0.625,0.75,-0.125,1,1
Phi-4,AQuA,AQuA,118,0.6875,1.0,-0.3125,1,1
Phi-4,AQuA,AQuA,125,0.3125,1.0,-0.6875,1,1
Phi-4,AQuA,AQuA,128,1.0,1.0,0.0,1,1
Phi-4,AQuA,AQuA,135,1.0,0.5625,0.4375,1,1
Phi-4,AQuA,AQuA,140,1.0,1.0,0.0,1,1
Phi-4,AQuA,AQuA,142,0.75,1.0,-0.25,1,1
Phi-4,AQuA,AQuA,143,1.0,1.0,0.0,1,1
Phi-4,AQuA,AQuA,146,0.5625,0.375,0.1875,1,1
Phi-4,AQuA,AQuA,148,1.0,1.0,0.0,1,1
Phi-4,AQuA,AQuA,151,1.0,0.375,0.625,1,1
Phi-4,AQuA,AQuA,156,1.0,0.5625,0.4375,1,1
Phi-4,AQuA,AQuA,162,0.3125,0.75,-0.4375,1,1
Phi-4,AQuA,AQuA,163,0.5625,1.0,-0.4375,1,1
Phi-4,AQuA,AQuA,174,0.8125,0.6875,0.125,1,1
Phi-4,AQuA,AQuA,181,0.5625,1.0,-0.4375,1,1
Phi-4,AQuA,AQuA,188,0.5,0.75,-0.25,1,1
Phi-4,AQuA,AQuA,193,0.5625,0.5,0.0625,1,1
Phi-4,AQuA,AQuA,199,0.3125,0.8125,-0.5,1,1
Phi-4,AQuA,AQuA,204,1.0,1.0,0.0,1,1
Phi-4,AQuA,AQuA,209,0.5,0.8125,-0.3125,1,1
Phi-4,AQuA,AQuA,211,1.0,1.0,0.0,1,1
Phi-4,AQuA,AQuA,213,1.0,1.0,0.0,1,1
Phi-4,AQuA,AQuA,215,1.0,1.0,0.0,1,1
Phi-4,AQuA,AQuA,216,0.5,0.4375,0.0625,1,1
Phi-4,AQuA,AQuA,217,0.8125,1.0,-0.1875,1,1
Phi-4,AQuA,AQuA,218,1.0,1.0,0.0,1,1
Phi-4,AQuA,AQuA,229,1.0,1.0,0.0,1,1
Phi-4,AQuA,AQuA,233,1.0,0.75,0.25,1,1
Phi-4,AQuA,AQuA,241,0.5625,0.5625,0.0,1,1
Phi-4,AQuA,AQuA,242,1.0,1.0,0.0,1,1
Phi-4,AQuA,AQuA,243,0.5625,1.0,-0.4375,1,1
Phi-4,AQuA,AQuA,247,0.375,1.0,-0.625,1,1
Phi-4,AQuA,AQuA,253,1.0,0.625,0.375,1,1
Phi-4,CommonsenseQA,CSQA,47,1.0,1.0,0.0,1,1
Phi-4,CommonsenseQA,CSQA,75,0.75,0.8125,-0.0625,1,1
Phi-4,CommonsenseQA,CSQA,123,1.0,0.875,0.125,1,1
Phi-4,CommonsenseQA,CSQA,165,0.8125,0.375,0.4375,1,1
Phi-4,CommonsenseQA,CSQA,166,0.25,1.0,-0.75,1,1
Phi-4,CommonsenseQA,CSQA,201,1.0,0.25,0.75,1,1
Phi-4,CommonsenseQA,CSQA,204,1.0,1.0,0.0,1,1
Phi-4,CommonsenseQA,CSQA,244,0.5,1.0,-0.5,1,1
Phi-4,CommonsenseQA,CSQA,275,0.625,1.0,-0.375,1,1
Phi-4,CommonsenseQA,CSQA,310,1.0,0.75,0.25,1,1
Phi-4,CommonsenseQA,CSQA,342,0.375,0.8125,-0.4375,1,1
Phi-4,CommonsenseQA,CSQA,392,1.0,0.25,0.75,1,1
Phi-4,CommonsenseQA,CSQA,404,1.0,0.375,0.625,1,1
Phi-4,CommonsenseQA,CSQA,424,0.3125,0.5625,-0.25,1,1
Phi-4,CommonsenseQA,CSQA,444,1.0,0.3125,0.6875,1,1
Phi-4,CommonsenseQA,CSQA,482,0.5,0.375,0.125,1,1
Phi-4,CommonsenseQA,CSQA,487,1.0,1.0,0.0,1,1
Phi-4,CommonsenseQA,CSQA,494,1.0,1.0,0.0,1,1
Phi-4,CommonsenseQA,CSQA,526,1.0,1.0,0.0,1,1
Phi-4,CommonsenseQA,CSQA,555,1.0,0.3125,0.6875,1,1
Phi-4,CommonsenseQA,CSQA,558,0.5625,0.375,0.1875,1,1
Phi-4,CommonsenseQA,CSQA,573,0.875,0.3125,0.5625,1,1
Phi-4,CommonsenseQA,CSQA,589,1.0,0.5,0.5,1,1
Phi-4,CommonsenseQA,CSQA,600,0.75,1.0,-0.25,1,1
Phi-4,CommonsenseQA,CSQA,627,0.75,0.8125,-0.0625,1,1
Phi-4,CommonsenseQA,CSQA,669,0.75,1.0,-0.25,1,1
Phi-4,CommonsenseQA,CSQA,688,1.0,0.3125,0.6875,1,1
Phi-4,CommonsenseQA,CSQA,704,1.0,0.8125,0.1875,1,1
Phi-4,CommonsenseQA,CSQA,769,1.0,1.0,0.0,1,1
Phi-4,CommonsenseQA,CSQA,783,0.8125,0.25,0.5625,1,1
Phi-4,CommonsenseQA,CSQA,815,0.625,0.25,0.375,1,1
Phi-4,CommonsenseQA,CSQA,819,1.0,0.0,1.0,1,1
Phi-4,CommonsenseQA,CSQA,827,1.0,1.0,0.0,1,1
Phi-4,CommonsenseQA,CSQA,852,0.625,0.3125,0.3125,1,1
Phi-4,CommonsenseQA,CSQA,902,0.8125,1.0,-0.1875,1,1
Phi-4,CommonsenseQA,CSQA,904,1.0,0.25,0.75,1,1
Phi-4,CommonsenseQA,CSQA,966,0.5625,0.3125,0.25,1,1
Phi-4,CommonsenseQA,CSQA,967,1.0,1.0,0.0,1,1
Phi-4,CommonsenseQA,CSQA,972,0.375,0.375,0.0,1,1
Phi-4,CommonsenseQA,CSQA,973,0.875,1.0,-0.125,1,1
Phi-4,CommonsenseQA,CSQA,1027,0.8125,1.0,-0.1875,1,1
Phi-4,CommonsenseQA,CSQA,1040,1.0,0.25,0.75,1,1
Phi-4,CommonsenseQA,CSQA,1075,1.0,0.25,0.75,1,1
Phi-4,CommonsenseQA,CSQA,1083,0.5625,0.3125,0.25,1,1
Phi-4,CommonsenseQA,CSQA,1101,1.0,1.0,0.0,1,1
Phi-4,CommonsenseQA,CSQA,1106,1.0,1.0,0.0,1,1
Phi-4,CommonsenseQA,CSQA,1122,0.5625,0.0,0.5625,1,1
Phi-4,CommonsenseQA,CSQA,1136,1.0,1.0,0.0,1,1
Phi-4,CommonsenseQA,CSQA,1147,1.0,1.0,0.0,1,1
Phi-4,CommonsenseQA,CSQA,1183,0.375,0.375,0.0,1,1
Phi-4,GPQA,GPQA,0,1.0,0.0,1.0,1,1
Phi-4,GPQA,GPQA,17,0.375,0.375,0.0,1,1
Phi-4,GPQA,GPQA,43,1.0,1.0,0.0,1,1
Phi-4,GPQA,GPQA,58,0.375,0.375,0.0,1,1
Phi-4,GPQA,GPQA,77,0.5,0.625,-0.125,1,1
Phi-4,GPQA,GPQA,85,0.375,0.0,0.375,1,1
Phi-4,GPQA,GPQA,90,0.75,0.625,0.125,1,1
Phi-4,GPQA,GPQA,116,0.5625,0.375,0.1875,1,1
Phi-4,GPQA,GPQA,118,1.0,0.8125,0.1875,1,1
Phi-4,GPQA,GPQA,131,1.0,0.8125,0.1875,1,1
Phi-4,GPQA,GPQA,132,0.5625,0.5625,0.0,1,1
Phi-4,GPQA,GPQA,141,0.5625,0.75,-0.1875,1,1
Phi-4,GPQA,GPQA,150,0.3125,0.3125,0.0,1,1
Phi-4,GPQA,GPQA,174,0.625,0.375,0.25,1,1
Phi-4,GPQA,GPQA,175,1.0,0.5625,0.4375,1,1
Phi-4,GPQA,GPQA,178,1.0,1.0,0.0,1,1
Phi-4,GPQA,GPQA,183,0.3125,0.375,-0.0625,1,1
Phi-4,GPQA,GPQA,194,0.6875,0.75,-0.0625,1,1
Phi-4,GPQA,GPQA,197,0.5,1.0,-0.5,1,1
Phi-4,GPQA,GPQA,232,0.0,0.5625,-0.5625,1,1
Phi-4,GPQA,GPQA,235,0.875,0.4375,0.4375,1,1
Phi-4,GPQA,GPQA,240,0.375,0.375,0.0,1,1
Phi-4,GPQA,GPQA,241,0.5625,0.5625,0.0,1,1
Phi-4,GPQA,GPQA,250,0.5625,0.3125,0.25,1,1
Phi-4,GPQA,GPQA,253,0.75,0.5625,0.1875,1,1
Phi-4,GPQA,GPQA,263,0.625,0.5625,0.0625,1,1
Phi-4,GPQA,GPQA,287,1.0,0.375,0.625,1,1
Phi-4,GPQA,GPQA,291,0.8125,0.5625,0.25,1,1
Phi-4,GPQA,GPQA,304,0.375,0.375,0.0,1,1
Phi-4,GPQA,GPQA,306,0.8125,0.3125,0.5,1,1
Phi-4,GPQA,GPQA,311,0.375,0.375,0.0,1,1
Phi-4,GPQA,GPQA,314,0.25,0.3125,-0.0625,1,1
Phi-4,GPQA,GPQA,329,0.375,0.25,0.125,1,1
Phi-4,GPQA,GPQA,352,0.375,0.8125,-0.4375,1,1
Phi-4,GPQA,GPQA,361,0.875,0.375,0.5,1,1
Phi-4,GPQA,GPQA,369,0.3125,0.5,-0.1875,1,1
Phi-4,GPQA,GPQA,374,0.5625,0.4375,0.125,1,1
Phi-4,GPQA,GPQA,384,0.5,0.8125,-0.3125,1,1
Phi-4,GPQA,GPQA,387,0.8125,0.75,0.0625,1,1
Phi-4,GPQA,GPQA,388,1.0,1.0,0.0,1,1
Phi-4,GPQA,GPQA,394,0.375,0.3125,0.0625,1,1
Phi-4,GPQA,GPQA,398,0.5,0.3125,0.1875,1,1
Phi-4,GPQA,GPQA,409,0.8125,0.375,0.4375,1,1
Phi-4,GPQA,GPQA,411,0.75,0.375,0.375,1,1
Phi-4,GPQA,GPQA,418,1.0,0.3125,0.6875,1,1
Phi-4,GPQA,GPQA,425,0.375,0.0,0.375,1,1
Phi-4,GPQA,GPQA,433,0.5,0.25,0.25,1,1
Phi-4,GPQA,GPQA,437,0.8125,1.0,-0.1875,1,1
Phi-4,GPQA,GPQA,441,0.6875,1.0,-0.3125,1,1
Phi-4,GPQA,GPQA,443,1.0,0.875,0.125,1,1
Phi-4,GSM8K,GSM8K,0,1.0,1.0,0.0,1,1
Phi-4,GSM8K,GSM8K,8,1.0,1.0,0.0,1,1
Phi-4,GSM8K,GSM8K,49,1.0,1.0,0.0,1,1
Phi-4,GSM8K,GSM8K,61,1.0,1.0,0.0,1,1
Phi-4,GSM8K,GSM8K,119,0.5625,0.625,-0.0625,1,1
Phi-4,GSM8K,GSM8K,130,0.625,1.0,-0.375,1,1
Phi-4,GSM8K,GSM8K,154,1.0,1.0,0.0,1,1
Phi-4,GSM8K,GSM8K,155,1.0,1.0,0.0,1,1
Phi-4,GSM8K,GSM8K,191,0.75,1.0,-0.25,1,1
Phi-4,GSM8K,GSM8K,204,1.0,1.0,0.0,1,1
Phi-4,GSM8K,GSM8K,211,1.0,1.0,0.0,1,1
Phi-4,GSM8K,GSM8K,213,1.0,1.0,0.0,1,1
Phi-4,GSM8K,GSM8K,231,0.3125,0.8125,-0.5,1,1
Phi-4,GSM8K,GSM8K,245,1.0,0.5,0.5,1,1
Phi-4,GSM8K,GSM8K,251,0.5,1.0,-0.5,1,1
Phi-4,GSM8K,GSM8K,272,1.0,1.0,0.0,1,1
Phi-4,GSM8K,GSM8K,288,0.5,1.0,-0.5,1,1
Phi-4,GSM8K,GSM8K,296,0.8125,1.0,-0.1875,1,1
Phi-4,GSM8K,GSM8K,321,1.0,0.5,0.5,1,1
Phi-4,GSM8K,GSM8K,348,0.5625,1.0,-0.4375,1,1
Phi-4,GSM8K,GSM8K,472,1.0,1.0,0.0,1,1
Phi-4,GSM8K,GSM8K,488,1.0,1.0,0.0,1,1
Phi-4,GSM8K,GSM8K,573,1.0,1.0,0.0,1,1
Phi-4,GSM8K,GSM8K,580,1.0,1.0,0.0,1,1
Phi-4,GSM8K,GSM8K,588,1.0,0.8125,0.1875,1,1
Phi-4,GSM8K,GSM8K,591,1.0,1.0,0.0,1,1
Phi-4,GSM8K,GSM8K,656,1.0,1.0,0.0,1,1
Phi-4,GSM8K,GSM8K,669,0.75,1.0,-0.25,1,1
Phi-4,GSM8K,GSM8K,675,0.8125,0.5,0.3125,1,1
Phi-4,GSM8K,GSM8K,694,0.5,1.0,-0.5,1,1
Phi-4,GSM8K,GSM8K,698,1.0,1.0,0.0,1,1
Phi-4,GSM8K,GSM8K,785,0.75,1.0,-0.25,1,1
Phi-4,GSM8K,GSM8K,798,0.25,1.0,-0.75,1,1
Phi-4,GSM8K,GSM8K,853,1.0,0.25,0.75,1,1
Phi-4,GSM8K,GSM8K,858,1.0,0.3125,0.6875,1,1
Phi-4,GSM8K,GSM8K,908,0.625,1.0,-0.375,1,1
Phi-4,GSM8K,GSM8K,925,0.6875,1.0,-0.3125,1,1
Phi-4,GSM8K,GSM8K,966,0.4375,1.0,-0.5625,1,1
Phi-4,GSM8K,GSM8K,1041,1.0,1.0,0.0,1,1
Phi-4,GSM8K,GSM8K,1073,1.0,1.0,0.0,1,1
Phi-4,GSM8K,GSM8K,1084,1.0,1.0,0.0,1,1
Phi-4,GSM8K,GSM8K,1090,1.0,1.0,0.0,1,1
Phi-4,GSM8K,GSM8K,1127,1.0,0.5,0.5,1,1
Phi-4,GSM8K,GSM8K,1184,1.0,1.0,0.0,1,1
Phi-4,GSM8K,GSM8K,1211,1.0,1.0,0.0,1,1
Phi-4,GSM8K,GSM8K,1219,0.75,1.0,-0.25,1,1
Phi-4,GSM8K,GSM8K,1222,1.0,1.0,0.0,1,1
Phi-4,GSM8K,GSM8K,1230,1.0,1.0,0.0,1,1
Phi-4,GSM8K,GSM8K,1254,1.0,1.0,0.0,1,1
Phi-4,GSM8K,GSM8K,1277,1.0,1.0,0.0,1,1
Phi-4,MATH500,MATH500,0,1.0,1.0,0.0,1,1
Phi-4,MATH500,MATH500,3,1.0,1.0,0.0,1,1
Phi-4,MATH500,MATH500,23,1.0,0.75,0.25,1,1
Phi-4,MATH500,MATH500,25,0.5,0.75,-0.25,1,1
Phi-4,MATH500,MATH500,45,0.75,1.0,-0.25,1,1
Phi-4,MATH500,MATH500,47,1.0,1.0,0.0,1,1
Phi-4,MATH500,MATH500,50,0.25,0.8125,-0.5625,1,1
Phi-4,MATH500,MATH500,54,1.0,1.0,0.0,1,1
Phi-4,MATH500,MATH500,93,1.0,1.0,0.0,1,1
Phi-4,MATH500,MATH500,100,0.25,0.25,0.0,1,1
Phi-4,MATH500,MATH500,104,1.0,0.375,0.625,1,1
Phi-4,MATH500,MATH500,121,1.0,1.0,0.0,1,1
Phi-4,MATH500,MATH500,162,0.6875,1.0,-0.3125,1,1
Phi-4,MATH500,MATH500,169,1.0,1.0,0.0,1,1
Phi-4,MATH500,MATH500,170,0.25,0.3125,-0.0625,1,1
Phi-4,MATH500,MATH500,201,1.0,1.0,0.0,1,1
Phi-4,MATH500,MATH500,204,0.3125,0.4375,-0.125,1,1
Phi-4,MATH500,MATH500,213,1.0,0.3125,0.6875,1,1
Phi-4,MATH500,MATH500,219,0.5625,0.3125,0.25,1,1
Phi-4,MATH500,MATH500,220,1.0,1.0,0.0,1,1
Phi-4,MATH500,MATH500,238,1.0,1.0,0.0,1,1
Phi-4,MATH500,MATH500,244,1.0,1.0,0.0,1,1
Phi-4,MATH500,MATH500,256,1.0,1.0,0.0,1,1
Phi-4,MATH500,MATH500,266,1.0,1.0,0.0,1,1
Phi-4,MATH500,MATH500,271,1.0,1.0,0.0,1,1
Phi-4,MATH500,MATH500,311,1.0,1.0,0.0,1,1
Phi-4,MATH500,MATH500,325,1.0,1.0,0.0,1,1
Phi-4,MATH500,MATH500,331,1.0,1.0,0.0,1,1
Phi-4,MATH500,MATH500,334,1.0,0.5,0.5,1,1
Phi-4,MATH500,MATH500,336,1.0,1.0,0.0,1,1
Phi-4,MATH500,MATH500,337,0.625,0.3125,0.3125,1,1
Phi-4,MATH500,MATH500,350,0.375,1.0,-0.625,1,1
Phi-4,MATH500,MATH500,355,0.25,0.3125,-0.0625,1,1
Phi-4,MATH500,MATH500,373,1.0,1.0,0.0,1,1
Phi-4,MATH500,MATH500,377,1.0,1.0,0.0,1,1
Phi-4,MATH500,MATH500,379,0.75,0.5625,0.1875,1,1
Phi-4,MATH500,MATH500,383,1.0,1.0,0.0,1,1
Phi-4,MATH500,MATH500,388,0.375,1.0,-0.625,1,1
Phi-4,MATH500,MATH500,399,1.0,1.0,0.0,1,1
Phi-4,MATH500,MATH500,405,1.0,1.0,0.0,1,1
Phi-4,MATH500,MATH500,410,1.0,0.4375,0.5625,1,1
Phi-4,MATH500,MATH500,413,1.0,0.75,0.25,1,1
Phi-4,MATH500,MATH500,422,0.25,0.25,0.0,1,1
Phi-4,MATH500,MATH500,429,1.0,1.0,0.0,1,1
Phi-4,MATH500,MATH500,431,0.3125,1.0,-0.6875,1,1
Phi-4,MATH500,MATH500,443,1.0,1.0,0.0,1,1
Phi-4,MATH500,MATH500,447,0.75,1.0,-0.25,1,1
Phi-4,MATH500,MATH500,458,0.875,1.0,-0.125,1,1
Phi-4,MATH500,MATH500,467,0.75,0.625,0.125,1,1
Phi-4,MATH500,MATH500,484,0.25,1.0,-0.75,1,1
Phi-4,SVAMP,SVAMP,2,0.6875,0.5625,0.125,1,1
Phi-4,SVAMP,SVAMP,10,1.0,1.0,0.0,1,1
Phi-4,SVAMP,SVAMP,27,1.0,0.625,0.375,1,1
Phi-4,SVAMP,SVAMP,30,0.3125,0.6875,-0.375,1,1
Phi-4,SVAMP,SVAMP,37,1.0,1.0,0.0,1,1
Phi-4,SVAMP,SVAMP,43,1.0,1.0,0.0,1,1
Phi-4,SVAMP,SVAMP,64,0.75,1.0,-0.25,1,1
Phi-4,SVAMP,SVAMP,119,0.6875,1.0,-0.3125,1,1
Phi-4,SVAMP,SVAMP,148,0.5625,1.0,-0.4375,1,1
Phi-4,SVAMP,SVAMP,150,0.75,0.4375,0.3125,1,1
Phi-4,SVAMP,SVAMP,154,0.75,1.0,-0.25,1,1
Phi-4,SVAMP,SVAMP,217,1.0,1.0,0.0,1,1
Phi-4,SVAMP,SVAMP,274,1.0,0.25,0.75,1,1
Phi-4,SVAMP,SVAMP,285,1.0,1.0,0.0,1,1
Phi-4,SVAMP,SVAMP,289,1.0,1.0,0.0,1,1
Phi-4,SVAMP,SVAMP,305,1.0,1.0,0.0,1,1
Phi-4,SVAMP,SVAMP,322,0.6875,1.0,-0.3125,1,1
Phi-4,SVAMP,SVAMP,354,1.0,1.0,0.0,1,1
Phi-4,SVAMP,SVAMP,372,1.0,0.625,0.375,1,1
Phi-4,SVAMP,SVAMP,394,1.0,0.6875,0.3125,1,1
Phi-4,SVAMP,SVAMP,446,0.9375,0.875,0.0625,1,1
Phi-4,SVAMP,SVAMP,451,1.0,1.0,0.0,1,1
Phi-4,SVAMP,SVAMP,456,1.0,1.0,0.0,1,1
Phi-4,SVAMP,SVAMP,566,0.5,1.0,-0.5,1,1
Phi-4,SVAMP,SVAMP,570,1.0,1.0,0.0,1,1
Phi-4,SVAMP,SVAMP,585,1.0,0.25,0.75,1,1
Phi-4,SVAMP,SVAMP,594,1.0,1.0,0.0,1,1
Phi-4,SVAMP,SVAMP,598,0.6875,0.4375,0.25,1,1
Phi-4,SVAMP,SVAMP,611,1.0,0.25,0.75,1,1
Phi-4,SVAMP,SVAMP,613,0.5,1.0,-0.5,1,1
Phi-4,SVAMP,SVAMP,615,0.3125,1.0,-0.6875,1,1
Phi-4,SVAMP,SVAMP,628,1.0,1.0,0.0,1,1
Phi-4,SVAMP,SVAMP,641,1.0,0.25,0.75,1,1
Phi-4,SVAMP,SVAMP,645,0.375,0.3125,0.0625,1,1
Phi-4,SVAMP,SVAMP,646,0.75,0.875,-0.125,1,1
Phi-4,SVAMP,SVAMP,648,1.0,1.0,0.0,1,1
Phi-4,SVAMP,SVAMP,649,0.5,1.0,-0.5,1,1
Phi-4,SVAMP,SVAMP,651,0.5625,1.0,-0.4375,1,1
Phi-4,SVAMP,SVAMP,687,0.5,1.0,-0.5,1,1
Phi-4,SVAMP,SVAMP,702,1.0,0.8125,0.1875,1,1
Phi-4,SVAMP,SVAMP,708,1.0,1.0,0.0,1,1
Phi-4,SVAMP,SVAMP,738,0.625,1.0,-0.375,1,1
Phi-4,SVAMP,SVAMP,744,1.0,0.8125,0.1875,1,1
Phi-4,SVAMP,SVAMP,810,0.625,1.0,-0.375,1,1
Phi-4,SVAMP,SVAMP,816,1.0,1.0,0.0,1,1
Phi-4,SVAMP,SVAMP,836,1.0,1.0,0.0,1,1
Phi-4,SVAMP,SVAMP,958,1.0,1.0,0.0,1,1
Phi-4,SVAMP,SVAMP,963,0.875,0.8125,0.0625,1,1
Phi-4,SVAMP,SVAMP,980,0.0,0.25,-0.25,1,1
Phi-4,SVAMP,SVAMP,998,1.0,1.0,0.0,1,1
Phi-4-Reas.,AQuA,AQuA,2,0.5625,0.6875,-0.125,1,1
Phi-4-Reas.,AQuA,AQuA,4,0.5625,1.0,-0.4375,1,1
Phi-4-Reas.,AQuA,AQuA,10,0.625,0.6875,-0.0625,1,1
Phi-4-Reas.,AQuA,AQuA,13,0.375,1.0,-0.625,1,1
Phi-4-Reas.,AQuA,AQuA,14,1.0,1.0,0.0,1,1
Phi-4-Reas.,AQuA,AQuA,15,0.625,1.0,-0.375,1,1
Phi-4-Reas.,AQuA,AQuA,19,1.0,0.8125,0.1875,1,1
Phi-4-Reas.,AQuA,AQuA,21,0.8125,0.8125,0.0,1,1
Phi-4-Reas.,AQuA,AQuA,30,0.625,1.0,-0.375,1,1
Phi-4-Reas.,AQuA,AQuA,32,0.3125,0.25,0.0625,1,1
Phi-4-Reas.,AQuA,AQuA,33,0.625,1.0,-0.375,1,1
Phi-4-Reas.,AQuA,AQuA,34,0.6875,1.0,-0.3125,1,1
Phi-4-Reas.,AQuA,AQuA,43,0.5625,1.0,-0.4375,1,1
Phi-4-Reas.,AQuA,AQuA,44,1.0,1.0,0.0,1,1
Phi-4-Reas.,AQuA,AQuA,57,0.75,0.75,0.0,1,1
Phi-4-Reas.,AQuA,AQuA,58,0.8125,0.75,0.0625,1,1
Phi-4-Reas.,AQuA,AQuA,60,0.875,1.0,-0.125,1,1
Phi-4-Reas.,AQuA,AQuA,62,1.0,0.75,0.25,1,1
Phi-4-Reas.,AQuA,AQuA,70,1.0,0.875,0.125,1,1
Phi-4-Reas.,AQuA,AQuA,83,0.625,1.0,-0.375,1,1
Phi-4-Reas.,AQuA,AQuA,87,0.75,0.875,-0.125,1,1
Phi-4-Reas.,AQuA,AQuA,91,1.0,1.0,0.0,1,1
Phi-4-Reas.,AQuA,AQuA,96,0.4375,1.0,-0.5625,1,1
Phi-4-Reas.,AQuA,AQuA,102,1.0,1.0,0.0,1,1
Phi-4-Reas.,AQuA,AQuA,104,0.75,0.6875,0.0625,1,1
Phi-4-Reas.,AQuA,AQuA,109,0.5625,1.0,-0.4375,1,1
Phi-4-Reas.,AQuA,AQuA,112,0.25,0.25,0.0,1,1
Phi-4-Reas.,AQuA,AQuA,134,1.0,1.0,0.0,1,1
Phi-4-Reas.,AQuA,AQuA,135,1.0,0.875,0.125,1,1
Phi-4-Reas.,AQuA,AQuA,145,0.4375,1.0,-0.5625,1,1
Phi-4-Reas.,AQuA,AQuA,147,1.0,1.0,0.0,1,1
Phi-4-Reas.,AQuA,AQuA,149,1.0,0.8125,0.1875,1,1
Phi-4-Reas.,AQuA,AQuA,153,1.0,0.875,0.125,1,1
Phi-4-Reas.,AQuA,AQuA,156,1.0,1.0,0.0,1,1
Phi-4-Reas.,AQuA,AQuA,166,0.5625,1.0,-0.4375,1,1
Phi-4-Reas.,AQuA,AQuA,171,0.75,1.0,-0.25,1,1
Phi-4-Reas.,AQuA,AQuA,176,0.75,0.5,0.25,1,1
Phi-4-Reas.,AQuA,AQuA,181,1.0,1.0,0.0,1,1
Phi-4-Reas.,AQuA,AQuA,183,1.0,1.0,0.0,1,1
Phi-4-Reas.,AQuA,AQuA,192,0.8125,1.0,-0.1875,1,1
Phi-4-Reas.,AQuA,AQuA,193,0.5625,0.5625,0.0,1,1
Phi-4-Reas.,AQuA,AQuA,211,1.0,0.75,0.25,1,1
Phi-4-Reas.,AQuA,AQuA,212,1.0,1.0,0.0,1,1
Phi-4-Reas.,AQuA,AQuA,213,1.0,0.875,0.125,1,1
Phi-4-Reas.,AQuA,AQuA,218,1.0,1.0,0.0,1,1
Phi-4-Reas.,AQuA,AQuA,224,0.75,0.875,-0.125,1,1
Phi-4-Reas.,AQuA,AQuA,233,1.0,0.5625,0.4375,1,1
Phi-4-Reas.,AQuA,AQuA,240,1.0,1.0,0.0,1,1
Phi-4-Reas.,AQuA,AQuA,242,0.5,0.5625,-0.0625,1,1
Phi-4-Reas.,AQuA,AQuA,245,0.3125,0.6875,-0.375,1,1
Phi-4-Reas.,CommonsenseQA,CSQA,31,0.0,0.5625,-0.5625,1,1
Phi-4-Reas.,CommonsenseQA,CSQA,41,1.0,0.75,0.25,1,1
Phi-4-Reas.,CommonsenseQA,CSQA,60,0.0,1.0,-1.0,1,1
Phi-4-Reas.,CommonsenseQA,CSQA,67,0.0,0.3125,-0.3125,1,1
Phi-4-Reas.,CommonsenseQA,CSQA,96,0.4375,0.625,-0.1875,1,1
Phi-4-Reas.,CommonsenseQA,CSQA,105,0.3125,0.3125,0.0,1,1
Phi-4-Reas.,CommonsenseQA,CSQA,112,0.5625,0.5625,0.0,1,1
Phi-4-Reas.,CommonsenseQA,CSQA,118,0.4375,1.0,-0.5625,1,1
Phi-4-Reas.,CommonsenseQA,CSQA,133,1.0,0.5625,0.4375,1,1
Phi-4-Reas.,CommonsenseQA,CSQA,147,0.25,0.5625,-0.3125,1,1
Phi-4-Reas.,CommonsenseQA,CSQA,150,1.0,0.3125,0.6875,1,1
Phi-4-Reas.,CommonsenseQA,CSQA,181,0.0,0.5625,-0.5625,1,1
Phi-4-Reas.,CommonsenseQA,CSQA,184,0.4375,0.0,0.4375,1,1
Phi-4-Reas.,CommonsenseQA,CSQA,214,0.0,0.4375,-0.4375,1,1
Phi-4-Reas.,CommonsenseQA,CSQA,252,0.5,0.625,-0.125,1,1
Phi-4-Reas.,CommonsenseQA,CSQA,290,0.875,0.5625,0.3125,1,1
Phi-4-Reas.,CommonsenseQA,CSQA,316,0.3125,0.625,-0.3125,1,1
Phi-4-Reas.,CommonsenseQA,CSQA,390,0.8125,0.0,0.8125,1,1
Phi-4-Reas.,CommonsenseQA,CSQA,395,0.3125,1.0,-0.6875,1,1
Phi-4-Reas.,CommonsenseQA,CSQA,409,0.5625,0.5625,0.0,1,1
Phi-4-Reas.,CommonsenseQA,CSQA,427,0.75,0.8125,-0.0625,1,1
Phi-4-Reas.,CommonsenseQA,CSQA,436,0.0,0.5625,-0.5625,1,1
Phi-4-Reas.,CommonsenseQA,CSQA,438,0.0,0.8125,-0.8125,1,1
Phi-4-Reas.,CommonsenseQA,CSQA,453,0.3125,0.8125,-0.5,1,1
Phi-4-Reas.,CommonsenseQA,CSQA,463,0.0,0.875,-0.875,1,1
Phi-4-Reas.,CommonsenseQA,CSQA,466,0.0,0.4375,-0.4375,1,1
Phi-4-Reas.,CommonsenseQA,CSQA,483,0.25,0.0,0.25,1,1
Phi-4-Reas.,CommonsenseQA,CSQA,533,1.0,1.0,0.0,1,1
Phi-4-Reas.,CommonsenseQA,CSQA,535,0.6875,0.8125,-0.125,1,1
Phi-4-Reas.,CommonsenseQA,CSQA,571,0.5,0.875,-0.375,1,1
Phi-4-Reas.,CommonsenseQA,CSQA,582,0.3125,1.0,-0.6875,1,1
Phi-4-Reas.,CommonsenseQA,CSQA,593,0.25,1.0,-0.75,1,1
Phi-4-Reas.,CommonsenseQA,CSQA,648,0.0,0.4375,-0.4375,1,1
Phi-4-Reas.,CommonsenseQA,CSQA,664,0.0,0.75,-0.75,1,1
Phi-4-Reas.,CommonsenseQA,CSQA,717,0.3125,0.625,-0.3125,1,1
Phi-4-Reas.,CommonsenseQA,CSQA,758,0.0,0.75,-0.75,1,1
Phi-4-Reas.,CommonsenseQA,CSQA,819,1.0,0.875,0.125,1,1
Phi-4-Reas.,CommonsenseQA,CSQA,824,0.0,0.625,-0.625,1,1
Phi-4-Reas.,CommonsenseQA,CSQA,831,1.0,0.75,0.25,1,1
Phi-4-Reas.,CommonsenseQA,CSQA,867,0.3125,1.0,-0.6875,1,1
Phi-4-Reas.,CommonsenseQA,CSQA,889,0.0,1.0,-1.0,1,1
Phi-4-Reas.,CommonsenseQA,CSQA,917,0.0,0.3125,-0.3125,1,1
Phi-4-Reas.,CommonsenseQA,CSQA,944,0.0,1.0,-1.0,1,1
Phi-4-Reas.,CommonsenseQA,CSQA,953,0.0,1.0,-1.0,1,1
Phi-4-Reas.,CommonsenseQA,CSQA,1001,0.3125,0.6875,-0.375,1,1
Phi-4-Reas.,CommonsenseQA,CSQA,1074,0.3125,0.8125,-0.5,1,1
Phi-4-Reas.,CommonsenseQA,CSQA,1100,0.75,1.0,-0.25,1,1
Phi-4-Reas.,CommonsenseQA,CSQA,1144,0.3125,0.3125,0.0,1,1
Phi-4-Reas.,CommonsenseQA,CSQA,1172,0.3125,0.75,-0.4375,1,1
Phi-4-Reas.,CommonsenseQA,CSQA,1186,0.0,0.5625,-0.5625,1,1
Phi-4-Reas.,GPQA,GPQA,10,0.4375,0.3125,0.125,1,1
Phi-4-Reas.,GPQA,GPQA,14,0.6875,0.3125,0.375,1,1
Phi-4-Reas.,GPQA,GPQA,16,1.0,0.5625,0.4375,1,1
Phi-4-Reas.,GPQA,GPQA,17,0.5625,0.625,-0.0625,1,1
Phi-4-Reas.,GPQA,GPQA,31,0.5625,0.8125,-0.25,1,1
Phi-4-Reas.,GPQA,GPQA,56,1.0,0.625,0.375,1,1
Phi-4-Reas.,GPQA,GPQA,58,0.0,0.5625,-0.5625,1,1
Phi-4-Reas.,GPQA,GPQA,59,0.25,0.6875,-0.4375,1,1
Phi-4-Reas.,GPQA,GPQA,63,0.3125,0.375,-0.0625,1,1
Phi-4-Reas.,GPQA,GPQA,66,1.0,0.5,0.5,1,1
Phi-4-Reas.,GPQA,GPQA,70,0.5,0.8125,-0.3125,1,1
Phi-4-Reas.,GPQA,GPQA,80,0.5625,0.625,-0.0625,1,1
Phi-4-Reas.,GPQA,GPQA,81,0.0,0.3125,-0.3125,1,1
Phi-4-Reas.,GPQA,GPQA,92,0.8125,0.75,0.0625,1,1
Phi-4-Reas.,GPQA,GPQA,105,0.0,0.375,-0.375,1,1
Phi-4-Reas.,GPQA,GPQA,114,0.8125,0.375,0.4375,1,1
Phi-4-Reas.,GPQA,GPQA,119,0.5625,0.375,0.1875,1,1
Phi-4-Reas.,GPQA,GPQA,121,0.3125,0.625,-0.3125,1,1
Phi-4-Reas.,GPQA,GPQA,124,0.25,0.75,-0.5,1,1
Phi-4-Reas.,GPQA,GPQA,135,0.0,0.5,-0.5,1,1
Phi-4-Reas.,GPQA,GPQA,136,0.8125,0.5,0.3125,1,1
Phi-4-Reas.,GPQA,GPQA,152,0.875,0.75,0.125,1,1
Phi-4-Reas.,GPQA,GPQA,154,0.25,0.25,0.0,1,1
Phi-4-Reas.,GPQA,GPQA,177,0.25,0.625,-0.375,1,1
Phi-4-Reas.,GPQA,GPQA,185,0.0,0.625,-0.625,1,1
Phi-4-Reas.,GPQA,GPQA,187,1.0,0.8125,0.1875,1,1
Phi-4-Reas.,GPQA,GPQA,188,0.75,0.8125,-0.0625,1,1
Phi-4-Reas.,GPQA,GPQA,214,0.6875,0.5625,0.125,1,1
Phi-4-Reas.,GPQA,GPQA,219,0.75,0.5625,0.1875,1,1
Phi-4-Reas.,GPQA,GPQA,220,0.25,0.375,-0.125,1,1
Phi-4-Reas.,GPQA,GPQA,235,0.625,0.375,0.25,1,1
Phi-4-Reas.,GPQA,GPQA,255,0.5625,0.3125,0.25,1,1
Phi-4-Reas.,GPQA,GPQA,256,0.0,0.5625,-0.5625,1,1
Phi-4-Reas.,GPQA,GPQA,259,0.5625,0.5625,0.0,1,1
Phi-4-Reas.,GPQA,GPQA,268,1.0,0.8125,0.1875,1,1
Phi-4-Reas.,GPQA,GPQA,282,0.0,0.6875,-0.6875,1,1
Phi-4-Reas.,GPQA,GPQA,288,0.8125,0.4375,0.375,1,1
Phi-4-Reas.,GPQA,GPQA,289,0.625,0.4375,0.1875,1,1
Phi-4-Reas.,GPQA,GPQA,321,0.375,0.625,-0.25,1,1
Phi-4-Reas.,GPQA,GPQA,325,0.5625,0.5625,0.0,1,1
Phi-4-Reas.,GPQA,GPQA,326,1.0,0.5,0.5,1,1
Phi-4-Reas.,GPQA,GPQA,331,0.8125,1.0,-0.1875,1,1
Phi-4-Reas.,GPQA,GPQA,346,0.0,0.5,-0.5,1,1
Phi-4-Reas.,GPQA,GPQA,355,1.0,1.0,0.0,1,1
Phi-4-Reas.,GPQA,GPQA,371,0.0,0.5625,-0.5625,1,1
Phi-4-Reas.,GPQA,GPQA,384,0.5625,0.3125,0.25,1,1
Phi-4-Reas.,GPQA,GPQA,388,0.5,0.5625,-0.0625,1,1
Phi-4-Reas.,GPQA,GPQA,394,0.0,0.3125,-0.3125,1,1
Phi-4-Reas.,GPQA,GPQA,396,0.6875,0.4375,0.25,1,1
Phi-4-Reas.,GPQA,GPQA,418,0.375,1.0,-0.625,1,1
Phi-4-Reas.,GSM8K,GSM8K,25,1.0,1.0,0.0,1,1
Phi-4-Reas.,GSM8K,GSM8K,38,0.5,1.0,-0.5,1,1
Phi-4-Reas.,GSM8K,GSM8K,42,0.6875,0.875,-0.1875,1,1
Phi-4-Reas.,GSM8K,GSM8K,97,0.6875,1.0,-0.3125,1,1
Phi-4-Reas.,GSM8K,GSM8K,123,1.0,0.6875,0.3125,1,1
Phi-4-Reas.,GSM8K,GSM8K,153,1.0,1.0,0.0,1,1
Phi-4-Reas.,GSM8K,GSM8K,174,0.8125,1.0,-0.1875,1,1
Phi-4-Reas.,GSM8K,GSM8K,182,1.0,1.0,0.0,1,1
Phi-4-Reas.,GSM8K,GSM8K,206,0.6875,0.875,-0.1875,1,1
Phi-4-Reas.,GSM8K,GSM8K,247,0.4375,1.0,-0.5625,1,1
Phi-4-Reas.,GSM8K,GSM8K,249,1.0,1.0,0.0,1,1
Phi-4-Reas.,GSM8K,GSM8K,252,0.875,1.0,-0.125,1,1
Phi-4-Reas.,GSM8K,GSM8K,257,0.75,1.0,-0.25,1,1
Phi-4-Reas.,GSM8K,GSM8K,280,0.4375,1.0,-0.5625,1,1
Phi-4-Reas.,GSM8K,GSM8K,303,1.0,0.75,0.25,1,1
Phi-4-Reas.,GSM8K,GSM8K,304,0.5625,0.3125,0.25,1,1
Phi-4-Reas.,GSM8K,GSM8K,328,1.0,0.9375,0.0625,1,1
Phi-4-Reas.,GSM8K,GSM8K,330,0.875,1.0,-0.125,1,1
Phi-4-Reas.,GSM8K,GSM8K,333,1.0,1.0,0.0,1,1
Phi-4-Reas.,GSM8K,GSM8K,409,0.25,1.0,-0.75,1,1
Phi-4-Reas.,GSM8K,GSM8K,443,0.8125,0.625,0.1875,1,1
Phi-4-Reas.,GSM8K,GSM8K,445,1.0,0.875,0.125,1,1
Phi-4-Reas.,GSM8K,GSM8K,447,0.5625,1.0,-0.4375,1,1
Phi-4-Reas.,GSM8K,GSM8K,452,1.0,1.0,0.0,1,1
Phi-4-Reas.,GSM8K,GSM8K,495,1.0,1.0,0.0,1,1
Phi-4-Reas.,GSM8K,GSM8K,508,0.5625,0.8125,-0.25,1,1
Phi-4-Reas.,GSM8K,GSM8K,510,1.0,1.0,0.0,1,1
Phi-4-Reas.,GSM8K,GSM8K,533,0.75,1.0,-0.25,1,1
Phi-4-Reas.,GSM8K,GSM8K,574,0.5,1.0,-0.5,1,1
Phi-4-Reas.,GSM8K,GSM8K,658,0.75,1.0,-0.25,1,1
Phi-4-Reas.,GSM8K,GSM8K,776,0.4375,0.4375,0.0,1,1
Phi-4-Reas.,GSM8K,GSM8K,817,1.0,1.0,0.0,1,1
Phi-4-Reas.,GSM8K,GSM8K,840,1.0,1.0,0.0,1,1
Phi-4-Reas.,GSM8K,GSM8K,858,0.4375,0.75,-0.3125,1,1
Phi-4-Reas.,GSM8K,GSM8K,874,1.0,1.0,0.0,1,1
Phi-4-Reas.,GSM8K,GSM8K,896,1.0,1.0,0.0,1,1
Phi-4-Reas.,GSM8K,GSM8K,902,1.0,1.0,0.0,1,1
Phi-4-Reas.,GSM8K,GSM8K,914,0.8125,1.0,-0.1875,1,1
Phi-4-Reas.,GSM8K,GSM8K,948,1.0,1.0,0.0,1,1
Phi-4-Reas.,GSM8K,GSM8K,952,0.25,0.3125,-0.0625,1,1
Phi-4-Reas.,GSM8K,GSM8K,1017,0.4375,0.625,-0.1875,1,1
Phi-4-Reas.,GSM8K,GSM8K,1023,1.0,1.0,0.0,1,1
Phi-4-Reas.,GSM8K,GSM8K,1070,1.0,0.875,0.125,1,1
Phi-4-Reas.,GSM8K,GSM8K,1071,1.0,0.6875,0.3125,1,1
Phi-4-Reas.,GSM8K,GSM8K,1080,0.6875,1.0,-0.3125,1,1
Phi-4-Reas.,GSM8K,GSM8K,1103,1.0,1.0,0.0,1,1
Phi-4-Reas.,GSM8K,GSM8K,1165,1.0,1.0,0.0,1,1
Phi-4-Reas.,GSM8K,GSM8K,1207,0.4375,1.0,-0.5625,1,1
Phi-4-Reas.,GSM8K,GSM8K,1218,1.0,1.0,0.0,1,1
Phi-4-Reas.,GSM8K,GSM8K,1289,0.75,1.0,-0.25,1,1
Phi-4-Reas.,MATH500,MATH500,14,1.0,0.8125,0.1875,1,1
Phi-4-Reas.,MATH500,MATH500,19,0.625,0.8125,-0.1875,1,1
Phi-4-Reas.,MATH500,MATH500,22,1.0,1.0,0.0,1,1
Phi-4-Reas.,MATH500,MATH500,53,1.0,0.5,0.5,1,1
Phi-4-Reas.,MATH500,MATH500,67,0.8125,1.0,-0.1875,1,1
Phi-4-Reas.,MATH500,MATH500,75,1.0,0.875,0.125,1,1
Phi-4-Reas.,MATH500,MATH500,83,1.0,1.0,0.0,1,1
Phi-4-Reas.,MATH500,MATH500,93,0.75,1.0,-0.25,1,1
Phi-4-Reas.,MATH500,MATH500,106,0.5,0.8125,-0.3125,1,1
Phi-4-Reas.,MATH500,MATH500,115,0.5625,1.0,-0.4375,1,1
Phi-4-Reas.,MATH500,MATH500,123,1.0,0.8125,0.1875,1,1
Phi-4-Reas.,MATH500,MATH500,129,1.0,0.8125,0.1875,1,1
Phi-4-Reas.,MATH500,MATH500,144,0.5625,1.0,-0.4375,1,1
Phi-4-Reas.,MATH500,MATH500,145,1.0,0.8125,0.1875,1,1
Phi-4-Reas.,MATH500,MATH500,150,1.0,1.0,0.0,1,1
Phi-4-Reas.,MATH500,MATH500,156,0.8125,0.5,0.3125,1,1
Phi-4-Reas.,MATH500,MATH500,161,0.75,0.875,-0.125,1,1
Phi-4-Reas.,MATH500,MATH500,173,1.0,0.8125,0.1875,1,1
Phi-4-Reas.,MATH500,MATH500,191,0.5,1.0,-0.5,1,1
Phi-4-Reas.,MATH500,MATH500,197,1.0,1.0,0.0,1,1
Phi-4-Reas.,MATH500,MATH500,202,1.0,1.0,0.0,1,1
Phi-4-Reas.,MATH500,MATH500,205,1.0,0.75,0.25,1,1
Phi-4-Reas.,MATH500,MATH500,216,0.875,0.875,0.0,1,1
Phi-4-Reas.,MATH500,MATH500,219,0.5625,0.5,0.0625,1,1
Phi-4-Reas.,MATH500,MATH500,222,0.25,0.25,0.0,1,1
Phi-4-Reas.,MATH500,MATH500,234,1.0,1.0,0.0,1,1
Phi-4-Reas.,MATH500,MATH500,238,0.4375,0.75,-0.3125,1,1
Phi-4-Reas.,MATH500,MATH500,245,1.0,0.75,0.25,1,1
Phi-4-Reas.,MATH500,MATH500,250,0.875,1.0,-0.125,1,1
Phi-4-Reas.,MATH500,MATH500,257,0.6875,0.8125,-0.125,1,1
Phi-4-Reas.,MATH500,MATH500,281,0.8125,0.8125,0.0,1,1
Phi-4-Reas.,MATH500,MATH500,289,1.0,0.875,0.125,1,1
Phi-4-Reas.,MATH500,MATH500,291,0.5,1.0,-0.5,1,1
Phi-4-Reas.,MATH500,MATH500,303,0.75,0.8125,-0.0625,1,1
Phi-4-Reas.,MATH500,MATH500,308,0.375,0.3125,0.0625,1,1
Phi-4-Reas.,MATH500,MATH500,312,0.5625,1.0,-0.4375,1,1
Phi-4-Reas.,MATH500,MATH500,325,1.0,1.0,0.0,1,1
Phi-4-Reas.,MATH500,MATH500,356,0.75,0.75,0.0,1,1
Phi-4-Reas.,MATH500,MATH500,373,1.0,1.0,0.0,1,1
Phi-4-Reas.,MATH500,MATH500,399,0.4375,0.5625,-0.125,1,1
Phi-4-Reas.,MATH500,MATH500,405,1.0,1.0,0.0,1,1
Phi-4-Reas.,MATH500,MATH500,408,0.5,0.8125,-0.3125,1,1
Phi-4-Reas.,MATH500,MATH500,414,0.0,1.0,-1.0,1,1
Phi-4-Reas.,MATH500,MATH500,428,1.0,0.8125,0.1875,1,1
Phi-4-Reas.,MATH500,MATH500,448,1.0,0.8125,0.1875,1,1
Phi-4-Reas.,MATH500,MATH500,466,0.8125,1.0,-0.1875,1,1
Phi-4-Reas.,MATH500,MATH500,473,1.0,1.0,0.0,1,1
Phi-4-Reas.,MATH500,MATH500,475,0.8125,0.8125,0.0,1,1
Phi-4-Reas.,MATH500,MATH500,484,1.0,0.8125,0.1875,1,1
Phi-4-Reas.,MATH500,MATH500,489,1.0,0.8125,0.1875,1,1
Phi-4-Reas.,SVAMP,SVAMP,48,1.0,1.0,0.0,1,1
Phi-4-Reas.,SVAMP,SVAMP,66,1.0,1.0,0.0,1,1
Phi-4-Reas.,SVAMP,SVAMP,82,1.0,1.0,0.0,1,1
Phi-4-Reas.,SVAMP,SVAMP,101,0.4375,1.0,-0.5625,1,1
Phi-4-Reas.,SVAMP,SVAMP,133,0.5625,0.5625,0.0,1,1
Phi-4-Reas.,SVAMP,SVAMP,176,0.625,1.0,-0.375,1,1
Phi-4-Reas.,SVAMP,SVAMP,183,0.4375,0.8125,-0.375,1,1
Phi-4-Reas.,SVAMP,SVAMP,217,0.8125,1.0,-0.1875,1,1
Phi-4-Reas.,SVAMP,SVAMP,225,1.0,0.875,0.125,1,1
Phi-4-Reas.,SVAMP,SVAMP,226,1.0,0.6875,0.3125,1,1
Phi-4-Reas.,SVAMP,SVAMP,246,0.75,1.0,-0.25,1,1
Phi-4-Reas.,SVAMP,SVAMP,253,0.625,0.375,0.25,1,1
Phi-4-Reas.,SVAMP,SVAMP,256,0.625,1.0,-0.375,1,1
Phi-4-Reas.,SVAMP,SVAMP,274,1.0,1.0,0.0,1,1
Phi-4-Reas.,SVAMP,SVAMP,295,0.5,1.0,-0.5,1,1
Phi-4-Reas.,SVAMP,SVAMP,316,0.5,1.0,-0.5,1,1
Phi-4-Reas.,SVAMP,SVAMP,331,1.0,1.0,0.0,1,1
Phi-4-Reas.,SVAMP,SVAMP,339,0.5625,1.0,-0.4375,1,1
Phi-4-Reas.,SVAMP,SVAMP,349,0.6875,1.0,-0.3125,1,1
Phi-4-Reas.,SVAMP,SVAMP,379,0.625,0.5,0.125,1,1
Phi-4-Reas.,SVAMP,SVAMP,425,0.3125,0.6875,-0.375,1,1
Phi-4-Reas.,SVAMP,SVAMP,449,0.625,1.0,-0.375,1,1
Phi-4-Reas.,SVAMP,SVAMP,451,1.0,1.0,0.0,1,1
Phi-4-Reas.,SVAMP,SVAMP,466,1.0,1.0,0.0,1,1
Phi-4-Reas.,SVAMP,SVAMP,501,1.0,1.0,0.0,1,1
Phi-4-Reas.,SVAMP,SVAMP,541,1.0,0.75,0.25,1,1
Phi-4-Reas.,SVAMP,SVAMP,547,0.6875,1.0,-0.3125,1,1
Phi-4-Reas.,SVAMP,SVAMP,549,0.5625,0.9375,-0.375,1,1
Phi-4-Reas.,SVAMP,SVAMP,594,0.5625,0.4375,0.125,1,1
Phi-4-Reas.,SVAMP,SVAMP,627,0.4375,1.0,-0.5625,1,1
Phi-4-Reas.,SVAMP,SVAMP,628,0.75,1.0,-0.25,1,1
Phi-4-Reas.,SVAMP,SVAMP,629,0.875,1.0,-0.125,1,1
Phi-4-Reas.,SVAMP,SVAMP,635,0.6875,1.0,-0.3125,1,1
Phi-4-Reas.,SVAMP,SVAMP,641,1.0,0.875,0.125,1,1
Phi-4-Reas.,SVAMP,SVAMP,672,0.3125,1.0,-0.6875,1,1
Phi-4-Reas.,SVAMP,SVAMP,704,1.0,1.0,0.0,1,1
Phi-4-Reas.,SVAMP,SVAMP,718,0.6875,1.0,-0.3125,1,1
Phi-4-Reas.,SVAMP,SVAMP,720,0.8125,1.0,-0.1875,1,1
Phi-4-Reas.,SVAMP,SVAMP,738,0.5,0.75,-0.25,1,1
Phi-4-Reas.,SVAMP,SVAMP,757,1.0,1.0,0.0,1,1
Phi-4-Reas.,SVAMP,SVAMP,759,0.5,1.0,-0.5,1,1
Phi-4-Reas.,SVAMP,SVAMP,794,0.25,0.3125,-0.0625,1,1
Phi-4-Reas.,SVAMP,SVAMP,817,0.4375,0.625,-0.1875,1,1
Phi-4-Reas.,SVAMP,SVAMP,838,0.375,0.5625,-0.1875,1,1
Phi-4-Reas.,SVAMP,SVAMP,853,1.0,1.0,0.0,1,1
Phi-4-Reas.,SVAMP,SVAMP,864,1.0,0.875,0.125,1,1
Phi-4-Reas.,SVAMP,SVAMP,869,0.5625,1.0,-0.4375,1,1
Phi-4-Reas.,SVAMP,SVAMP,874,0.3125,1.0,-0.6875,1,1
Phi-4-Reas.,SVAMP,SVAMP,889,0.5625,1.0,-0.4375,1,1
Phi-4-Reas.,SVAMP,SVAMP,985,1.0,1.0,0.0,1,1
Qwen2.5-7B,AQuA,AQuA,2,0.6875,0.75,-0.0625,1,1
Qwen2.5-7B,AQuA,AQuA,4,0.6875,0.5,0.1875,1,1
Qwen2.5-7B,AQuA,AQuA,10,0.5625,0.8125,-0.25,1,1
Qwen2.5-7B,AQuA,AQuA,17,0.6875,0.375,0.3125,1,1
Qwen2.5-7B,AQuA,AQuA,22,0.75,0.3125,0.4375,1,1
Qwen2.5-7B,AQuA,AQuA,23,0.875,0.25,0.625,1,1
Qwen2.5-7B,AQuA,AQuA,32,0.5,0.5,0.0,1,1
Qwen2.5-7B,AQuA,AQuA,36,0.6875,1.0,-0.3125,1,1
Qwen2.5-7B,AQuA,AQuA,42,0.5,0.9375,-0.4375,1,1
Qwen2.5-7B,AQuA,AQuA,45,0.9375,0.75,0.1875,1,1
Qwen2.5-7B,AQuA,AQuA,48,0.75,1.0,-0.25,1,1
Qwen2.5-7B,AQuA,AQuA,50,0.6875,1.0,-0.3125,1,1
Qwen2.5-7B,AQuA,AQuA,53,0.6875,1.0,-0.3125,1,1
Qwen2.5-7B,AQuA,AQuA,59,0.375,0.375,0.0,1,1
Qwen2.5-7B,AQuA,AQuA,69,0.5,0.375,0.125,1,1
Qwen2.5-7B,AQuA,AQuA,70,0.6875,0.625,0.0625,1,1
Qwen2.5-7B,AQuA,AQuA,80,1.0,1.0,0.0,1,1
Qwen2.5-7B,AQuA,AQuA,82,0.6875,1.0,-0.3125,1,1
Qwen2.5-7B,AQuA,AQuA,83,0.75,0.8125,-0.0625,1,1
Qwen2.5-7B,AQuA,AQuA,88,0.8125,0.875,-0.0625,1,1
Qwen2.5-7B,AQuA,AQuA,92,0.6875,1.0,-0.3125,1,1
Qwen2.5-7B,AQuA,AQuA,98,0.4375,0.6875,-0.25,1,1
Qwen2.5-7B,AQuA,AQuA,99,0.75,1.0,-0.25,1,1
Qwen2.5-7B,AQuA,AQuA,107,0.5,0.6875,-0.1875,1,1
Qwen2.5-7B,AQuA,AQuA,109,0.3125,0.5625,-0.25,1,1
Qwen2.5-7B,AQuA,AQuA,110,0.8125,1.0,-0.1875,1,1
Qwen2.5-7B,AQuA,AQuA,119,0.6875,1.0,-0.3125,1,1
Qwen2.5-7B,AQuA,AQuA,121,1.0,0.625,0.375,1,1
Qwen2.5-7B,AQuA,AQuA,131,0.5625,1.0,-0.4375,1,1
Qwen2.5-7B,AQuA,AQuA,136,0.875,0.5625,0.3125,1,1
Qwen2.5-7B,AQuA,AQuA,141,0.75,0.5625,0.1875,1,1
Qwen2.5-7B,AQuA,AQuA,142,1.0,1.0,0.0,1,1
Qwen2.5-7B,AQuA,AQuA,143,0.75,0.75,0.0,1,1
Qwen2.5-7B,AQuA,AQuA,146,0.3125,0.25,0.0625,1,1
Qwen2.5-7B,AQuA,AQuA,148,0.5625,0.5,0.0625,1,1
Qwen2.5-7B,AQuA,AQuA,151,0.6875,1.0,-0.3125,1,1
Qwen2.5-7B,AQuA,AQuA,153,0.9375,0.5625,0.375,1,1
Qwen2.5-7B,AQuA,AQuA,157,0.625,0.6875,-0.0625,1,1
Qwen2.5-7B,AQuA,AQuA,164,0.375,0.5625,-0.1875,1,1
Qwen2.5-7B,AQuA,AQuA,166,1.0,1.0,0.0,1,1
Qwen2.5-7B,AQuA,AQuA,173,0.5625,0.25,0.3125,1,1
Qwen2.5-7B,AQuA,AQuA,185,1.0,0.75,0.25,1,1
Qwen2.5-7B,AQuA,AQuA,193,0.3125,0.625,-0.3125,1,1
Qwen2.5-7B,AQuA,AQuA,206,0.75,0.5,0.25,1,1
Qwen2.5-7B,AQuA,AQuA,211,1.0,0.5625,0.4375,1,1
Qwen2.5-7B,AQuA,AQuA,228,0.4375,0.5625,-0.125,1,1
Qwen2.5-7B,AQuA,AQuA,231,0.75,0.875,-0.125,1,1
Qwen2.5-7B,AQuA,AQuA,245,0.5625,0.4375,0.125,1,1
Qwen2.5-7B,AQuA,AQuA,246,0.875,0.25,0.625,1,1
Qwen2.5-7B,AQuA,AQuA,250,0.5625,0.5625,0.0,1,1
Qwen2.5-7B,CommonsenseQA,CSQA,9,0.75,0.75,0.0,1,1
Qwen2.5-7B,CommonsenseQA,CSQA,14,1.0,0.9375,0.0625,1,1
Qwen2.5-7B,CommonsenseQA,CSQA,65,0.5,1.0,-0.5,1,1
Qwen2.5-7B,CommonsenseQA,CSQA,76,0.6875,0.875,-0.1875,1,1
Qwen2.5-7B,CommonsenseQA,CSQA,87,0.25,0.5625,-0.3125,1,1
Qwen2.5-7B,CommonsenseQA,CSQA,121,1.0,1.0,0.0,1,1
Qwen2.5-7B,CommonsenseQA,CSQA,187,0.4375,1.0,-0.5625,1,1
Qwen2.5-7B,CommonsenseQA,CSQA,196,0.5,1.0,-0.5,1,1
Qwen2.5-7B,CommonsenseQA,CSQA,232,0.5625,0.5625,0.0,1,1
Qwen2.5-7B,CommonsenseQA,CSQA,234,1.0,1.0,0.0,1,1
Qwen2.5-7B,CommonsenseQA,CSQA,242,0.5625,1.0,-0.4375,1,1
Qwen2.5-7B,CommonsenseQA,CSQA,263,0.5,1.0,-0.5,1,1
Qwen2.5-7B,CommonsenseQA,CSQA,310,0.4375,1.0,-0.5625,1,1
Qwen2.5-7B,CommonsenseQA,CSQA,319,0.875,0.875,0.0,1,1
Qwen2.5-7B,CommonsenseQA,CSQA,334,1.0,1.0,0.0,1,1
Qwen2.5-7B,CommonsenseQA,CSQA,340,1.0,1.0,0.0,1,1
Qwen2.5-7B,CommonsenseQA,CSQA,362,0.5625,1.0,-0.4375,1,1
Qwen2.5-7B,CommonsenseQA,CSQA,373,1.0,1.0,0.0,1,1
Qwen2.5-7B,CommonsenseQA,CSQA,403,0.8125,1.0,-0.1875,1,1
Qwen2.5-7B,CommonsenseQA,CSQA,405,0.3125,0.875,-0.5625,1,1
Qwen2.5-7B,CommonsenseQA,CSQA,412,0.6875,0.625,0.0625,1,1
Qwen2.5-7B,CommonsenseQA,CSQA,429,1.0,1.0,0.0,1,1
Qwen2.5-7B,CommonsenseQA,CSQA,438,0.5625,1.0,-0.4375,1,1
Qwen2.5-7B,CommonsenseQA,CSQA,449,1.0,1.0,0.0,1,1
Qwen2.5-7B,CommonsenseQA,CSQA,482,0.5625,0.875,-0.3125,1,1
Qwen2.5-7B,CommonsenseQA,CSQA,492,1.0,1.0,0.0,1,1
Qwen2.5-7B,CommonsenseQA,CSQA,540,1.0,1.0,0.0,1,1
Qwen2.5-7B,CommonsenseQA,CSQA,607,1.0,1.0,0.0,1,1
Qwen2.5-7B,CommonsenseQA,CSQA,636,0.5625,0.5625,0.0,1,1
Qwen2.5-7B,CommonsenseQA,CSQA,667,0.375,0.4375,-0.0625,1,1
Qwen2.5-7B,CommonsenseQA,CSQA,687,1.0,0.8125,0.1875,1,1
Qwen2.5-7B,CommonsenseQA,CSQA,727,0.75,0.4375,0.3125,1,1
Qwen2.5-7B,CommonsenseQA,CSQA,761,0.6875,0.625,0.0625,1,1
Qwen2.5-7B,CommonsenseQA,CSQA,775,0.3125,0.3125,0.0,1,1
Qwen2.5-7B,CommonsenseQA,CSQA,791,0.4375,0.8125,-0.375,1,1
Qwen2.5-7B,CommonsenseQA,CSQA,842,0.5,1.0,-0.5,1,1
Qwen2.5-7B,CommonsenseQA,CSQA,846,0.6875,0.625,0.0625,1,1
Qwen2.5-7B,CommonsenseQA,CSQA,878,1.0,0.8125,0.1875,1,1
Qwen2.5-7B,CommonsenseQA,CSQA,914,0.5625,0.6875,-0.125,1,1
Qwen2.5-7B,CommonsenseQA,CSQA,917,0.5625,0.6875,-0.125,1,1
Qwen2.5-7B,CommonsenseQA,CSQA,926,1.0,1.0,0.0,1,1
Qwen2.5-7B,CommonsenseQA,CSQA,967,1.0,1.0,0.0,1,1
Qwen2.5-7B,CommonsenseQA,CSQA,1041,1.0,1.0,0.0,1,1
Qwen2.5-7B,CommonsenseQA,CSQA,1042,1.0,1.0,0.0,1,1
Qwen2.5-7B,CommonsenseQA,CSQA,1045,0.5625,1.0,-0.4375,1,1
Qwen2.5-7B,CommonsenseQA,CSQA,1046,0.6875,1.0,-0.3125,1,1
Qwen2.5-7B,CommonsenseQA,CSQA,1075,0.375,0.5,-0.125,1,1
Qwen2.5-7B,CommonsenseQA,CSQA,1089,1.0,1.0,0.0,1,1
Qwen2.5-7B,CommonsenseQA,CSQA,1110,0.5625,0.625,-0.0625,1,1
Qwen2.5-7B,CommonsenseQA,CSQA,1146,0.5,1.0,-0.5,1,1
Qwen2.5-7B,GPQA,GPQA,14,0.4375,0.5625,-0.125,1,1
Qwen2.5-7B,GPQA,GPQA,18,0.5625,0.5,0.0625,1,1
Qwen2.5-7B,GPQA,GPQA,43,0.6875,0.5625,0.125,1,1
Qwen2.5-7B,GPQA,GPQA,47,0.5,0.6875,-0.1875,1,1
Qwen2.5-7B,GPQA,GPQA,50,0.375,0.5625,-0.1875,1,1
Qwen2.5-7B,GPQA,GPQA,53,0.375,0.5625,-0.1875,1,1
Qwen2.5-7B,GPQA,GPQA,57,0.3125,0.5625,-0.25,1,1
Qwen2.5-7B,GPQA,GPQA,74,0.375,0.25,0.125,1,1
Qwen2.5-7B,GPQA,GPQA,106,0.625,0.4375,0.1875,1,1
Qwen2.5-7B,GPQA,GPQA,113,0.375,0.625,-0.25,1,1
Qwen2.5-7B,GPQA,GPQA,124,0.375,0.5,-0.125,1,1
Qwen2.5-7B,GPQA,GPQA,128,0.5,0.5625,-0.0625,1,1
Qwen2.5-7B,GPQA,GPQA,141,0.75,0.75,0.0,1,1
Qwen2.5-7B,GPQA,GPQA,145,0.3125,0.5,-0.1875,1,1
Qwen2.5-7B,GPQA,GPQA,155,0.5,0.3125,0.1875,1,1
Qwen2.5-7B,GPQA,GPQA,157,0.625,0.6875,-0.0625,1,1
Qwen2.5-7B,GPQA,GPQA,176,0.5,0.5625,-0.0625,1,1
Qwen2.5-7B,GPQA,GPQA,179,0.5,0.625,-0.125,1,1
Qwen2.5-7B,GPQA,GPQA,185,0.5,0.6875,-0.1875,1,1
Qwen2.5-7B,GPQA,GPQA,199,0.5,0.3125,0.1875,1,1
Qwen2.5-7B,GPQA,GPQA,202,0.5625,0.6875,-0.125,1,1
Qwen2.5-7B,GPQA,GPQA,207,0.3125,0.625,-0.3125,1,1
Qwen2.5-7B,GPQA,GPQA,215,1.0,0.75,0.25,1,1
Qwen2.5-7B,GPQA,GPQA,238,0.5625,0.5625,0.0,1,1
Qwen2.5-7B,GPQA,GPQA,242,0.25,0.5625,-0.3125,1,1
Qwen2.5-7B,GPQA,GPQA,250,0.375,0.5625,-0.1875,1,1
Qwen2.5-7B,GPQA,GPQA,251,0.75,1.0,-0.25,1,1
Qwen2.5-7B,GPQA,GPQA,274,0.4375,0.5625,-0.125,1,1
Qwen2.5-7B,GPQA,GPQA,287,1.0,0.8125,0.1875,1,1
Qwen2.5-7B,GPQA,GPQA,288,0.5625,0.5,0.0625,1,1
Qwen2.5-7B,GPQA,GPQA,293,0.4375,0.25,0.1875,1,1
Qwen2.5-7B,GPQA,GPQA,326,0.5,0.5625,-0.0625,1,1
Qwen2.5-7B,GPQA,GPQA,336,0.5,0.375,0.125,1,1
Qwen2.5-7B,GPQA,GPQA,338,0.3125,0.5,-0.1875,1,1
Qwen2.5-7B,GPQA,GPQA,340,0.5625,0.6875,-0.125,1,1
Qwen2.5-7B,GPQA,GPQA,342,0.4375,0.5,-0.0625,1,1
Qwen2.5-7B,GPQA,GPQA,344,0.625,0.5,0.125,1,1
Qwen2.5-7B,GPQA,GPQA,347,0.5,0.5625,-0.0625,1,1
Qwen2.5-7B,GPQA,GPQA,354,0.375,0.5625,-0.1875,1,1
Qwen2.5-7B,GPQA,GPQA,375,0.6875,0.8125,-0.125,1,1
Qwen2.5-7B,GPQA,GPQA,388,0.6875,0.5625,0.125,1,1
Qwen2.5-7B,GPQA,GPQA,389,0.3125,0.5625,-0.25,1,1
Qwen2.5-7B,GPQA,GPQA,399,1.0,0.375,0.625,1,1
Qwen2.5-7B,GPQA,GPQA,415,0.375,0.375,0.0,1,1
Qwen2.5-7B,GPQA,GPQA,424,0.5,0.5625,-0.0625,1,1
Qwen2.5-7B,GPQA,GPQA,425,0.75,0.8125,-0.0625,1,1
Qwen2.5-7B,GPQA,GPQA,429,0.5625,0.3125,0.25,1,1
Qwen2.5-7B,GPQA,GPQA,435,0.3125,0.375,-0.0625,1,1
Qwen2.5-7B,GPQA,GPQA,443,0.5625,0.3125,0.25,1,1
Qwen2.5-7B,GPQA,GPQA,444,0.375,0.3125,0.0625,1,1
Qwen2.5-7B,GSM8K,GSM8K,3,0.6875,1.0,-0.3125,1,1
Qwen2.5-7B,GSM8K,GSM8K,14,0.8125,1.0,-0.1875,1,1
Qwen2.5-7B,GSM8K,GSM8K,56,0.5,1.0,-0.5,1,1
Qwen2.5-7B,GSM8K,GSM8K,82,0.25,0.25,0.0,1,1
Qwen2.5-7B,GSM8K,GSM8K,87,0.3125,0.25,0.0625,1,1
Qwen2.5-7B,GSM8K,GSM8K,107,0.6875,0.75,-0.0625,1,1
Qwen2.5-7B,GSM8K,GSM8K,148,0.5625,1.0,-0.4375,1,1
Qwen2.5-7B,GSM8K,GSM8K,156,0.6875,0.6875,0.0,1,1
Qwen2.5-7B,GSM8K,GSM8K,197,0.8125,0.6875,0.125,1,1
Qwen2.5-7B,GSM8K,GSM8K,204,0.875,1.0,-0.125,1,1
Qwen2.5-7B,GSM8K,GSM8K,215,0.5,1.0,-0.5,1,1
Qwen2.5-7B,GSM8K,GSM8K,268,0.75,0.6875,0.0625,1,1
Qwen2.5-7B,GSM8K,GSM8K,310,0.3125,1.0,-0.6875,1,1
Qwen2.5-7B,GSM8K,GSM8K,340,0.4375,0.6875,-0.25,1,1
Qwen2.5-7B,GSM8K,GSM8K,371,0.5625,0.625,-0.0625,1,1
Qwen2.5-7B,GSM8K,GSM8K,383,0.75,1.0,-0.25,1,1
Qwen2.5-7B,GSM8K,GSM8K,451,1.0,0.5,0.5,1,1
Qwen2.5-7B,GSM8K,GSM8K,474,0.5,1.0,-0.5,1,1
Qwen2.5-7B,GSM8K,GSM8K,492,0.6875,1.0,-0.3125,1,1
Qwen2.5-7B,GSM8K,GSM8K,506,0.6875,0.5,0.1875,1,1
Qwen2.5-7B,GSM8K,GSM8K,530,0.3125,0.4375,-0.125,1,1
Qwen2.5-7B,GSM8K,GSM8K,560,0.5,1.0,-0.5,1,1
Qwen2.5-7B,GSM8K,GSM8K,657,0.625,1.0,-0.375,1,1
Qwen2.5-7B,GSM8K,GSM8K,738,1.0,0.6875,0.3125,1,1
Qwen2.5-7B,GSM8K,GSM8K,773,0.6875,1.0,-0.3125,1,1
Qwen2.5-7B,GSM8K,GSM8K,799,0.4375,0.5625,-0.125,1,1
Qwen2.5-7B,GSM8K,GSM8K,805,0.5,1.0,-0.5,1,1
Qwen2.5-7B,GSM8K,GSM8K,840,0.5625,0.4375,0.125,1,1
Qwen2.5-7B,GSM8K,GSM8K,847,0.0625,0.25,-0.1875,1,1
Qwen2.5-7B,GSM8K,GSM8K,868,0.6875,1.0,-0.3125,1,1
Qwen2.5-7B,GSM8K,GSM8K,870,0.5,0.5,0.0,1,1
Qwen2.5-7B,GSM8K,GSM8K,873,0.6875,1.0,-0.3125,1,1
Qwen2.5-7B,GSM8K,GSM8K,902,0.5,1.0,-0.5,1,1
Qwen2.5-7B,GSM8K,GSM8K,914,1.0,0.75,0.25,1,1
Qwen2.5-7B,GSM8K,GSM8K,952,0.25,0.3125,-0.0625,1,1
Qwen2.5-7B,GSM8K,GSM8K,954,0.6875,1.0,-0.3125,1,1
Qwen2.5-7B,GSM8K,GSM8K,998,0.4375,1.0,-0.5625,1,1
Qwen2.5-7B,GSM8K,GSM8K,1034,1.0,1.0,0.0,1,1
Qwen2.5-7B,GSM8K,GSM8K,1056,0.5625,1.0,-0.4375,1,1
Qwen2.5-7B,GSM8K,GSM8K,1111,0.5,0.6875,-0.1875,1,1
Qwen2.5-7B,GSM8K,GSM8K,1136,0.5,1.0,-0.5,1,1
Qwen2.5-7B,GSM8K,GSM8K,1167,0.6875,1.0,-0.3125,1,1
Qwen2.5-7B,GSM8K,GSM8K,1188,0.6875,0.375,0.3125,1,1
Qwen2.5-7B,GSM8K,GSM8K,1199,0.5,0.375,0.125,1,1
Qwen2.5-7B,GSM8K,GSM8K,1204,0.75,0.6875,0.0625,1,1
Qwen2.5-7B,GSM8K,GSM8K,1233,0.625,1.0,-0.375,1,1
Qwen2.5-7B,GSM8K,GSM8K,1240,0.6875,0.6875,0.0,1,1
Qwen2.5-7B,GSM8K,GSM8K,1277,0.625,1.0,-0.375,1,1
Qwen2.5-7B,GSM8K,GSM8K,1293,0.5,0.6875,-0.1875,1,1
Qwen2.5-7B,GSM8K,GSM8K,1299,0.5625,1.0,-0.4375,1,1
Qwen2.5-7B,MATH500,MATH500,20,0.6875,1.0,-0.3125,1,1
Qwen2.5-7B,MATH500,MATH500,25,0.5,0.625,-0.125,1,1
Qwen2.5-7B,MATH500,MATH500,31,0.6875,1.0,-0.3125,1,1
Qwen2.5-7B,MATH500,MATH500,43,0.5,0.5,0.0,1,1
Qwen2.5-7B,MATH500,MATH500,45,0.8125,0.8125,0.0,1,1
Qwen2.5-7B,MATH500,MATH500,53,0.6875,1.0,-0.3125,1,1
Qwen2.5-7B,MATH500,MATH500,68,0.5,0.25,0.25,1,1
Qwen2.5-7B,MATH500,MATH500,69,1.0,1.0,0.0,1,1
Qwen2.5-7B,MATH500,MATH500,74,0.5,0.8125,-0.3125,1,1
Qwen2.5-7B,MATH500,MATH500,91,0.25,0.5,-0.25,1,1
Qwen2.5-7B,MATH500,MATH500,97,1.0,0.875,0.125,1,1
Qwen2.5-7B,MATH500,MATH500,100,0.25,0.25,0.0,1,1
Qwen2.5-7B,MATH500,MATH500,116,0.6875,1.0,-0.3125,1,1
Qwen2.5-7B,MATH500,MATH500,122,1.0,1.0,0.0,1,1
Qwen2.5-7B,MATH500,MATH500,136,0.5625,1.0,-0.4375,1,1
Qwen2.5-7B,MATH500,MATH500,144,0.75,0.6875,0.0625,1,1
Qwen2.5-7B,MATH500,MATH500,147,0.8125,0.375,0.4375,1,1
Qwen2.5-7B,MATH500,MATH500,149,0.5625,1.0,-0.4375,1,1
Qwen2.5-7B,MATH500,MATH500,159,1.0,1.0,0.0,1,1
Qwen2.5-7B,MATH500,MATH500,162,1.0,1.0,0.0,1,1
Qwen2.5-7B,MATH500,MATH500,168,0.3125,0.375,-0.0625,1,1
Qwen2.5-7B,MATH500,MATH500,177,0.3125,0.8125,-0.5,1,1
Qwen2.5-7B,MATH500,MATH500,192,0.6875,0.9375,-0.25,1,1
Qwen2.5-7B,MATH500,MATH500,208,1.0,1.0,0.0,1,1
Qwen2.5-7B,MATH500,MATH500,216,0.8125,0.5625,0.25,1,1
Qwen2.5-7B,MATH500,MATH500,219,0.75,0.375,0.375,1,1
Qwen2.5-7B,MATH500,MATH500,230,0.875,0.5,0.375,1,1
Qwen2.5-7B,MATH500,MATH500,232,0.5,1.0,-0.5,1,1
Qwen2.5-7B,MATH500,MATH500,238,0.8125,0.8125,0.0,1,1
Qwen2.5-7B,MATH500,MATH500,256,0.8125,1.0,-0.1875,1,1
Qwen2.5-7B,MATH500,MATH500,267,1.0,0.875,0.125,1,1
Qwen2.5-7B,MATH500,MATH500,283,0.8125,1.0,-0.1875,1,1
Qwen2.5-7B,MATH500,MATH500,300,0.6875,0.5,0.1875,1,1
Qwen2.5-7B,MATH500,MATH500,303,0.3125,0.5,-0.1875,1,1
Qwen2.5-7B,MATH500,MATH500,309,0.5625,0.8125,-0.25,1,1
Qwen2.5-7B,MATH500,MATH500,325,1.0,0.75,0.25,1,1
Qwen2.5-7B,MATH500,MATH500,341,0.75,1.0,-0.25,1,1
Qwen2.5-7B,MATH500,MATH500,371,0.5,0.375,0.125,1,1
Qwen2.5-7B,MATH500,MATH500,377,1.0,0.6875,0.3125,1,1
Qwen2.5-7B,MATH500,MATH500,386,0.8125,1.0,-0.1875,1,1
Qwen2.5-7B,MATH500,MATH500,408,0.5625,0.3125,0.25,1,1
Qwen2.5-7B,MATH500,MATH500,419,0.3125,0.5,-0.1875,1,1
Qwen2.5-7B,MATH500,MATH500,420,1.0,0.8125,0.1875,1,1
Qwen2.5-7B,MATH500,MATH500,426,0.75,1.0,-0.25,1,1
Qwen2.5-7B,MATH500,MATH500,427,0.75,1.0,-0.25,1,1
Qwen2.5-7B,MATH500,MATH500,430,0.5625,0.5625,0.0,1,1
Qwen2.5-7B,MATH500,MATH500,433,0.6875,0.3125,0.375,1,1
Qwen2.5-7B,MATH500,MATH500,438,0.625,0.8125,-0.1875,1,1
Qwen2.5-7B,MATH500,MATH500,472,0.8125,0.6875,0.125,1,1
Qwen2.5-7B,MATH500,MATH500,499,1.0,0.4375,0.5625,1,1
Qwen2.5-7B,SVAMP,SVAMP,26,0.6875,0.1875,0.5,1,1
Qwen2.5-7B,SVAMP,SVAMP,149,0.5,1.0,-0.5,1,1
Qwen2.5-7B,SVAMP,SVAMP,197,0.5,0.5,0.0,1,1
Qwen2.5-7B,SVAMP,SVAMP,211,0.5,0.5625,-0.0625,1,1
Qwen2.5-7B,SVAMP,SVAMP,222,0.5,0.875,-0.375,1,1
Qwen2.5-7B,SVAMP,SVAMP,223,0.5625,1.0,-0.4375,1,1
Qwen2.5-7B,SVAMP,SVAMP,224,0.625,0.6875,-0.0625,1,1
Qwen2.5-7B,SVAMP,SVAMP,239,0.6875,0.625,0.0625,1,1
Qwen2.5-7B,SVAMP,SVAMP,255,0.6875,0.875,-0.1875,1,1
Qwen2.5-7B,SVAMP,SVAMP,312,1.0,1.0,0.0,1,1
Qwen2.5-7B,SVAMP,SVAMP,339,0.75,1.0,-0.25,1,1
Qwen2.5-7B,SVAMP,SVAMP,362,0.6875,1.0,-0.3125,1,1
Qwen2.5-7B,SVAMP,SVAMP,370,0.6875,0.5,0.1875,1,1
Qwen2.5-7B,SVAMP,SVAMP,376,0.5,1.0,-0.5,1,1
Qwen2.5-7B,SVAMP,SVAMP,442,0.3125,0.5625,-0.25,1,1
Qwen2.5-7B,SVAMP,SVAMP,447,0.6875,0.5,0.1875,1,1
Qwen2.5-7B,SVAMP,SVAMP,464,0.6875,1.0,-0.3125,1,1
Qwen2.5-7B,SVAMP,SVAMP,470,0.3125,0.5,-0.1875,1,1
Qwen2.5-7B,SVAMP,SVAMP,480,0.5,1.0,-0.5,1,1
Qwen2.5-7B,SVAMP,SVAMP,485,0.6875,0.375,0.3125,1,1
Qwen2.5-7B,SVAMP,SVAMP,488,0.5,1.0,-0.5,1,1
Qwen2.5-7B,SVAMP,SVAMP,489,0.6875,1.0,-0.3125,1,1
Qwen2.5-7B,SVAMP,SVAMP,514,1.0,0.5,0.5,1,1
Qwen2.5-7B,SVAMP,SVAMP,528,0.625,1.0,-0.375,1,1
Qwen2.5-7B,SVAMP,SVAMP,530,0.6875,0.6875,0.0,1,1
Qwen2.5-7B,SVAMP,SVAMP,537,0.4375,1.0,-0.5625,1,1
Qwen2.5-7B,SVAMP,SVAMP,586,0.5,1.0,-0.5,1,1
Qwen2.5-7B,SVAMP,SVAMP,602,0.6875,1.0,-0.3125,1,1
Qwen2.5-7B,SVAMP,SVAMP,621,0.5,0.5,0.0,1,1
Qwen2.5-7B,SVAMP,SVAMP,623,0.5625,0.6875,-0.125,1,1
Qwen2.5-7B,SVAMP,SVAMP,681,0.5,1.0,-0.5,1,1
Qwen2.5-7B,SVAMP,SVAMP,688,0.6875,0.5,0.1875,1,1
Qwen2.5-7B,SVAMP,SVAMP,690,0.5,0.5625,-0.0625,1,1
Qwen2.5-7B,SVAMP,SVAMP,699,0.6875,1.0,-0.3125,1,1
Qwen2.5-7B,SVAMP,SVAMP,717,0.6875,0.6875,0.0,1,1
Qwen2.5-7B,SVAMP,SVAMP,719,0.875,1.0,-0.125,1,1
Qwen2.5-7B,SVAMP,SVAMP,722,0.625,0.5,0.125,1,1
Qwen2.5-7B,SVAMP,SVAMP,730,0.5625,1.0,-0.4375,1,1
Qwen2.5-7B,SVAMP,SVAMP,774,0.8125,0.5,0.3125,1,1
Qwen2.5-7B,SVAMP,SVAMP,781,0.6875,0.9375,-0.25,1,1
Qwen2.5-7B,SVAMP,SVAMP,797,0.875,0.6875,0.1875,1,1
Qwen2.5-7B,SVAMP,SVAMP,819,0.5,0.6875,-0.1875,1,1
Qwen2.5-7B,SVAMP,SVAMP,824,0.5,1.0,-0.5,1,1
Qwen2.5-7B,SVAMP,SVAMP,879,0.5625,0.5,0.0625,1,1
Qwen2.5-7B,SVAMP,SVAMP,928,0.375,1.0,-0.625,1,1
Qwen2.5-7B,SVAMP,SVAMP,936,1.0,0.5,0.5,1,1
Qwen2.5-7B,SVAMP,SVAMP,951,0.875,0.5,0.375,1,1
Qwen2.5-7B,SVAMP,SVAMP,960,0.5,1.0,-0.5,1,1
Qwen2.5-7B,SVAMP,SVAMP,982,0.5625,1.0,-0.4375,1,1
Qwen2.5-7B,SVAMP,SVAMP,998,0.5,1.0,-0.5,1,1
Qwen2.5-Math,AQuA,AQuA,0,0.5,0.8125,-0.3125,1,1
Qwen2.5-Math,AQuA,AQuA,7,0.6875,0.125,0.5625,1,1
Qwen2.5-Math,AQuA,AQuA,12,0.25,0.5625,-0.3125,1,1
Qwen2.5-Math,AQuA,AQuA,23,0.25,1.0,-0.75,1,1
Qwen2.5-Math,AQuA,AQuA,31,1.0,0.75,0.25,1,1
Qwen2.5-Math,AQuA,AQuA,33,0.8125,1.0,-0.1875,1,1
Qwen2.5-Math,AQuA,AQuA,34,0.25,1.0,-0.75,1,1
Qwen2.5-Math,AQuA,AQuA,35,1.0,1.0,0.0,1,1
Qwen2.5-Math,AQuA,AQuA,37,0.375,0.3125,0.0625,1,1
Qwen2.5-Math,AQuA,AQuA,40,0.25,0.5625,-0.3125,1,1
Qwen2.5-Math,AQuA,AQuA,48,0.875,1.0,-0.125,1,1
Qwen2.5-Math,AQuA,AQuA,50,0.8125,1.0,-0.1875,1,1
Qwen2.5-Math,AQuA,AQuA,52,0.75,0.5,0.25,1,1
Qwen2.5-Math,AQuA,AQuA,59,0.5625,0.5,0.0625,1,1
Qwen2.5-Math,AQuA,AQuA,68,0.25,0.875,-0.625,1,1
Qwen2.5-Math,AQuA,AQuA,74,1.0,1.0,0.0,1,1
Qwen2.5-Math,AQuA,AQuA,87,1.0,1.0,0.0,1,1
Qwen2.5-Math,AQuA,AQuA,92,1.0,1.0,0.0,1,1
Qwen2.5-Math,AQuA,AQuA,105,1.0,0.375,0.625,1,1
Qwen2.5-Math,AQuA,AQuA,119,0.0,1.0,-1.0,1,1
Qwen2.5-Math,AQuA,AQuA,125,0.625,0.5625,0.0625,1,1
Qwen2.5-Math,AQuA,AQuA,126,0.5625,0.625,-0.0625,1,1
Qwen2.5-Math,AQuA,AQuA,127,1.0,0.3125,0.6875,1,1
Qwen2.5-Math,AQuA,AQuA,129,1.0,1.0,0.0,1,1
Qwen2.5-Math,AQuA,AQuA,136,0.625,0.8125,-0.1875,1,1
Qwen2.5-Math,AQuA,AQuA,148,1.0,1.0,0.0,1,1
Qwen2.5-Math,AQuA,AQuA,157,0.5,0.625,-0.125,1,1
Qwen2.5-Math,AQuA,AQuA,178,0.75,0.5625,0.1875,1,1
Qwen2.5-Math,AQuA,AQuA,180,0.875,1.0,-0.125,1,1
Qwen2.5-Math,AQuA,AQuA,185,0.8125,1.0,-0.1875,1,1
Qwen2.5-Math,AQuA,AQuA,186,0.0,1.0,-1.0,1,1
Qwen2.5-Math,AQuA,AQuA,194,1.0,1.0,0.0,1,1
Qwen2.5-Math,AQuA,AQuA,195,1.0,1.0,0.0,1,1
Qwen2.5-Math,AQuA,AQuA,209,0.5625,0.5,0.0625,1,1
Qwen2.5-Math,AQuA,AQuA,210,0.25,0.5,-0.25,1,1
Qwen2.5-Math,AQuA,AQuA,211,0.8125,1.0,-0.1875,1,1
Qwen2.5-Math,AQuA,AQuA,212,1.0,0.875,0.125,1,1
Qwen2.5-Math,AQuA,AQuA,213,0.75,1.0,-0.25,1,1
Qwen2.5-Math,AQuA,AQuA,218,1.0,1.0,0.0,1,1
Qwen2.5-Math,AQuA,AQuA,220,0.875,1.0,-0.125,1,1
Qwen2.5-Math,AQuA,AQuA,221,0.875,1.0,-0.125,1,1
Qwen2.5-Math,AQuA,AQuA,228,0.6875,0.6875,0.0,1,1
Qwen2.5-Math,AQuA,AQuA,234,0.875,0.875,0.0,1,1
Qwen2.5-Math,AQuA,AQuA,235,1.0,1.0,0.0,1,1
Qwen2.5-Math,AQuA,AQuA,236,0.6875,0.4375,0.25,1,1
Qwen2.5-Math,AQuA,AQuA,242,1.0,1.0,0.0,1,1
Qwen2.5-Math,AQuA,AQuA,245,0.875,0.875,0.0,1,1
Qwen2.5-Math,AQuA,AQuA,248,0.25,0.5625,-0.3125,1,1
Qwen2.5-Math,AQuA,AQuA,250,0.5,0.5625,-0.0625,1,1
Qwen2.5-Math,AQuA,AQuA,252,1.0,0.6875,0.3125,1,1
Qwen2.5-Math,CommonsenseQA,CSQA,80,1.0,1.0,0.0,1,1
Qwen2.5-Math,CommonsenseQA,CSQA,106,0.0625,0.875,-0.8125,1,1
Qwen2.5-Math,CommonsenseQA,CSQA,109,0.8125,1.0,-0.1875,1,1
Qwen2.5-Math,CommonsenseQA,CSQA,143,0.8125,0.375,0.4375,1,1
Qwen2.5-Math,CommonsenseQA,CSQA,146,0.5625,0.625,-0.0625,1,1
Qwen2.5-Math,CommonsenseQA,CSQA,172,0.375,0.5,-0.125,1,1
Qwen2.5-Math,CommonsenseQA,CSQA,207,0.4375,0.3125,0.125,1,1
Qwen2.5-Math,CommonsenseQA,CSQA,220,0.625,0.5625,0.0625,1,1
Qwen2.5-Math,CommonsenseQA,CSQA,281,0.625,0.875,-0.25,1,1
Qwen2.5-Math,CommonsenseQA,CSQA,283,0.5625,0.5625,0.0,1,1
Qwen2.5-Math,CommonsenseQA,CSQA,284,0.6875,0.875,-0.1875,1,1
Qwen2.5-Math,CommonsenseQA,CSQA,289,0.625,0.6875,-0.0625,1,1
Qwen2.5-Math,CommonsenseQA,CSQA,309,0.375,0.125,0.25,1,1
Qwen2.5-Math,CommonsenseQA,CSQA,313,1.0,0.8125,0.1875,1,1
Qwen2.5-Math,CommonsenseQA,CSQA,319,0.6875,0.8125,-0.125,1,1
Qwen2.5-Math,CommonsenseQA,CSQA,325,0.5625,0.3125,0.25,1,1
Qwen2.5-Math,CommonsenseQA,CSQA,348,0.6875,0.8125,-0.125,1,1
Qwen2.5-Math,CommonsenseQA,CSQA,368,0.4375,0.375,0.0625,1,1
Qwen2.5-Math,CommonsenseQA,CSQA,373,1.0,1.0,0.0,1,1
Qwen2.5-Math,CommonsenseQA,CSQA,394,0.875,0.8125,0.0625,1,1
Qwen2.5-Math,CommonsenseQA,CSQA,400,0.875,0.75,0.125,1,1
Qwen2.5-Math,CommonsenseQA,CSQA,458,0.5625,1.0,-0.4375,1,1
Qwen2.5-Math,CommonsenseQA,CSQA,462,1.0,1.0,0.0,1,1
Qwen2.5-Math,CommonsenseQA,CSQA,464,0.5625,0.5625,0.0,1,1
Qwen2.5-Math,CommonsenseQA,CSQA,474,0.5625,0.625,-0.0625,1,1
Qwen2.5-Math,CommonsenseQA,CSQA,538,0.8125,0.5625,0.25,1,1
Qwen2.5-Math,CommonsenseQA,CSQA,543,0.5625,0.625,-0.0625,1,1
Qwen2.5-Math,CommonsenseQA,CSQA,546,0.8125,0.75,0.0625,1,1
Qwen2.5-Math,CommonsenseQA,CSQA,548,0.625,1.0,-0.375,1,1
Qwen2.5-Math,CommonsenseQA,CSQA,555,0.625,0.5625,0.0625,1,1
Qwen2.5-Math,CommonsenseQA,CSQA,563,0.5625,0.375,0.1875,1,1
Qwen2.5-Math,CommonsenseQA,CSQA,582,0.625,0.625,0.0,1,1
Qwen2.5-Math,CommonsenseQA,CSQA,589,1.0,1.0,0.0,1,1
Qwen2.5-Math,CommonsenseQA,CSQA,599,0.625,0.6875,-0.0625,1,1
Qwen2.5-Math,CommonsenseQA,CSQA,625,0.1875,0.3125,-0.125,1,1
Qwen2.5-Math,CommonsenseQA,CSQA,664,1.0,1.0,0.0,1,1
Qwen2.5-Math,CommonsenseQA,CSQA,676,0.8125,0.8125,0.0,1,1
Qwen2.5-Math,CommonsenseQA,CSQA,743,1.0,0.5625,0.4375,1,1
Qwen2.5-Math,CommonsenseQA,CSQA,744,0.3125,1.0,-0.6875,1,1
Qwen2.5-Math,CommonsenseQA,CSQA,774,1.0,1.0,0.0,1,1
Qwen2.5-Math,CommonsenseQA,CSQA,781,1.0,0.8125,0.1875,1,1
Qwen2.5-Math,CommonsenseQA,CSQA,835,0.0,1.0,-1.0,1,1
Qwen2.5-Math,CommonsenseQA,CSQA,864,0.0,0.5625,-0.5625,1,1
Qwen2.5-Math,CommonsenseQA,CSQA,966,0.375,0.3125,0.0625,1,1
Qwen2.5-Math,CommonsenseQA,CSQA,967,1.0,0.8125,0.1875,1,1
Qwen2.5-Math,CommonsenseQA,CSQA,1014,0.625,0.5625,0.0625,1,1
Qwen2.5-Math,CommonsenseQA,CSQA,1173,0.875,0.625,0.25,1,1
Qwen2.5-Math,CommonsenseQA,CSQA,1192,0.5625,0.3125,0.25,1,1
Qwen2.5-Math,CommonsenseQA,CSQA,1200,0.25,0.8125,-0.5625,1,1
Qwen2.5-Math,CommonsenseQA,CSQA,1215,0.625,0.625,0.0,1,1
Qwen2.5-Math,GPQA,GPQA,5,0.3125,0.4375,-0.125,1,1
Qwen2.5-Math,GPQA,GPQA,7,0.875,0.375,0.5,1,1
Qwen2.5-Math,GPQA,GPQA,15,0.375,0.5,-0.125,1,1
Qwen2.5-Math,GPQA,GPQA,20,0.4375,0.5,-0.0625,1,1
Qwen2.5-Math,GPQA,GPQA,22,1.0,0.4375,0.5625,1,1
Qwen2.5-Math,GPQA,GPQA,30,0.375,0.5,-0.125,1,1
Qwen2.5-Math,GPQA,GPQA,37,0.8125,0.375,0.4375,1,1
Qwen2.5-Math,GPQA,GPQA,48,0.5625,0.4375,0.125,1,1
Qwen2.5-Math,GPQA,GPQA,63,0.5625,0.375,0.1875,1,1
Qwen2.5-Math,GPQA,GPQA,70,0.75,0.5,0.25,1,1
Qwen2.5-Math,GPQA,GPQA,73,0.3125,0.5,-0.1875,1,1
Qwen2.5-Math,GPQA,GPQA,83,0.5,0.5,0.0,1,1
Qwen2.5-Math,GPQA,GPQA,87,0.5625,0.75,-0.1875,1,1
Qwen2.5-Math,GPQA,GPQA,100,0.5625,0.625,-0.0625,1,1
Qwen2.5-Math,GPQA,GPQA,119,0.3125,0.5625,-0.25,1,1
Qwen2.5-Math,GPQA,GPQA,128,0.625,0.625,0.0,1,1
Qwen2.5-Math,GPQA,GPQA,142,0.5625,0.5625,0.0,1,1
Qwen2.5-Math,GPQA,GPQA,170,0.625,0.375,0.25,1,1
Qwen2.5-Math,GPQA,GPQA,193,0.8125,0.8125,0.0,1,1
Qwen2.5-Math,GPQA,GPQA,194,0.8125,0.375,0.4375,1,1
Qwen2.5-Math,GPQA,GPQA,201,0.5625,0.5625,0.0,1,1
Qwen2.5-Math,GPQA,GPQA,214,1.0,0.625,0.375,1,1
Qwen2.5-Math,GPQA,GPQA,224,0.5625,0.8125,-0.25,1,1
Qwen2.5-Math,GPQA,GPQA,225,0.5625,0.5625,0.0,1,1
Qwen2.5-Math,GPQA,GPQA,236,0.375,0.4375,-0.0625,1,1
Qwen2.5-Math,GPQA,GPQA,241,0.3125,0.3125,0.0,1,1
Qwen2.5-Math,GPQA,GPQA,245,0.625,0.5625,0.0625,1,1
Qwen2.5-Math,GPQA,GPQA,246,0.3125,0.6875,-0.375,1,1
Qwen2.5-Math,GPQA,GPQA,249,0.5,0.5625,-0.0625,1,1
Qwen2.5-Math,GPQA,GPQA,252,0.8125,0.4375,0.375,1,1
Qwen2.5-Math,GPQA,GPQA,268,0.5625,0.75,-0.1875,1,1
Qwen2.5-Math,GPQA,GPQA,274,0.5,0.4375,0.0625,1,1
Qwen2.5-Math,GPQA,GPQA,276,0.3125,0.375,-0.0625,1,1
Qwen2.5-Math,GPQA,GPQA,277,0.25,0.5,-0.25,1,1
Qwen2.5-Math,GPQA,GPQA,278,0.625,1.0,-0.375,1,1
Qwen2.5-Math,GPQA,GPQA,287,1.0,0.3125,0.6875,1,1
Qwen2.5-Math,GPQA,GPQA,292,0.0,0.375,-0.375,1,1
Qwen2.5-Math,GPQA,GPQA,326,0.5625,0.5,0.0625,1,1
Qwen2.5-Math,GPQA,GPQA,329,0.5,0.75,-0.25,1,1
Qwen2.5-Math,GPQA,GPQA,336,0.3125,0.25,0.0625,1,1
Qwen2.5-Math,GPQA,GPQA,337,0.3125,0.5,-0.1875,1,1
Qwen2.5-Math,GPQA,GPQA,366,0.8125,0.4375,0.375,1,1
Qwen2.5-Math,GPQA,GPQA,380,0.4375,0.375,0.0625,1,1
Qwen2.5-Math,GPQA,GPQA,389,0.5625,0.3125,0.25,1,1
Qwen2.5-Math,GPQA,GPQA,396,0.625,0.5625,0.0625,1,1
Qwen2.5-Math,GPQA,GPQA,408,0.375,0.625,-0.25,1,1
Qwen2.5-Math,GPQA,GPQA,411,0.8125,0.375,0.4375,1,1
Qwen2.5-Math,GPQA,GPQA,429,0.5625,0.4375,0.125,1,1
Qwen2.5-Math,GPQA,GPQA,438,0.5625,0.5,0.0625,1,1
Qwen2.5-Math,GPQA,GPQA,446,0.4375,0.4375,0.0,1,1
Qwen2.5-Math,GSM8K,GSM8K,23,1.0,1.0,0.0,1,1
Qwen2.5-Math,GSM8K,GSM8K,25,0.8125,1.0,-0.1875,1,1
Qwen2.5-Math,GSM8K,GSM8K,41,0.8125,1.0,-0.1875,1,1
Qwen2.5-Math,GSM8K,GSM8K,54,1.0,0.875,0.125,1,1
Qwen2.5-Math,GSM8K,GSM8K,70,1.0,1.0,0.0,1,1
Qwen2.5-Math,GSM8K,GSM8K,137,0.5,1.0,-0.5,1,1
Qwen2.5-Math,GSM8K,GSM8K,153,0.5625,0.8125,-0.25,1,1
Qwen2.5-Math,GSM8K,GSM8K,165,1.0,0.4375,0.5625,1,1
Qwen2.5-Math,GSM8K,GSM8K,166,1.0,1.0,0.0,1,1
Qwen2.5-Math,GSM8K,GSM8K,184,0.5625,1.0,-0.4375,1,1
Qwen2.5-Math,GSM8K,GSM8K,195,1.0,1.0,0.0,1,1
Qwen2.5-Math,GSM8K,GSM8K,209,1.0,1.0,0.0,1,1
Qwen2.5-Math,GSM8K,GSM8K,215,1.0,1.0,0.0,1,1
Qwen2.5-Math,GSM8K,GSM8K,291,0.8125,1.0,-0.1875,1,1
Qwen2.5-Math,GSM8K,GSM8K,294,1.0,1.0,0.0,1,1
Qwen2.5-Math,GSM8K,GSM8K,305,1.0,1.0,0.0,1,1
Qwen2.5-Math,GSM8K,GSM8K,334,0.8125,1.0,-0.1875,1,1
Qwen2.5-Math,GSM8K,GSM8K,394,0.25,1.0,-0.75,1,1
Qwen2.5-Math,GSM8K,GSM8K,416,1.0,1.0,0.0,1,1
Qwen2.5-Math,GSM8K,GSM8K,419,1.0,1.0,0.0,1,1
Qwen2.5-Math,GSM8K,GSM8K,438,0.375,1.0,-0.625,1,1
Qwen2.5-Math,GSM8K,GSM8K,464,0.25,0.875,-0.625,1,1
Qwen2.5-Math,GSM8K,GSM8K,480,1.0,0.8125,0.1875,1,1
Qwen2.5-Math,GSM8K,GSM8K,488,1.0,1.0,0.0,1,1
Qwen2.5-Math,GSM8K,GSM8K,634,1.0,1.0,0.0,1,1
Qwen2.5-Math,GSM8K,GSM8K,664,1.0,1.0,0.0,1,1
Qwen2.5-Math,GSM8K,GSM8K,671,1.0,1.0,0.0,1,1
Qwen2.5-Math,GSM8K,GSM8K,738,1.0,1.0,0.0,1,1
Qwen2.5-Math,GSM8K,GSM8K,739,1.0,1.0,0.0,1,1
Qwen2.5-Math,GSM8K,GSM8K,778,0.5,1.0,-0.5,1,1
Qwen2.5-Math,GSM8K,GSM8K,816,1.0,1.0,0.0,1,1
Qwen2.5-Math,GSM8K,GSM8K,819,1.0,1.0,0.0,1,1
Qwen2.5-Math,GSM8K,GSM8K,832,1.0,1.0,0.0,1,1
Qwen2.5-Math,GSM8K,GSM8K,872,1.0,0.5625,0.4375,1,1
Qwen2.5-Math,GSM8K,GSM8K,928,1.0,0.5625,0.4375,1,1
Qwen2.5-Math,GSM8K,GSM8K,931,0.25,0.3125,-0.0625,1,1
Qwen2.5-Math,GSM8K,GSM8K,961,1.0,0.375,0.625,1,1
Qwen2.5-Math,GSM8K,GSM8K,968,1.0,1.0,0.0,1,1
Qwen2.5-Math,GSM8K,GSM8K,975,0.5625,1.0,-0.4375,1,1
Qwen2.5-Math,GSM8K,GSM8K,983,0.3125,1.0,-0.6875,1,1
Qwen2.5-Math,GSM8K,GSM8K,995,0.25,1.0,-0.75,1,1
Qwen2.5-Math,GSM8K,GSM8K,1035,1.0,0.3125,0.6875,1,1
Qwen2.5-Math,GSM8K,GSM8K,1040,1.0,1.0,0.0,1,1
Qwen2.5-Math,GSM8K,GSM8K,1068,0.8125,1.0,-0.1875,1,1
Qwen2.5-Math,GSM8K,GSM8K,1109,0.3125,0.5625,-0.25,1,1
Qwen2.5-Math,GSM8K,GSM8K,1171,1.0,0.5625,0.4375,1,1
Qwen2.5-Math,GSM8K,GSM8K,1235,1.0,1.0,0.0,1,1
Qwen2.5-Math,GSM8K,GSM8K,1243,1.0,1.0,0.0,1,1
Qwen2.5-Math,GSM8K,GSM8K,1253,1.0,1.0,0.0,1,1
Qwen2.5-Math,GSM8K,GSM8K,1266,0.875,1.0,-0.125,1,1
Qwen2.5-Math,MATH500,MATH500,1,0.25,1.0,-0.75,1,1
Qwen2.5-Math,MATH500,MATH500,27,1.0,1.0,0.0,1,1
Qwen2.5-Math,MATH500,MATH500,30,1.0,1.0,0.0,1,1
Qwen2.5-Math,MATH500,MATH500,39,0.8125,1.0,-0.1875,1,1
Qwen2.5-Math,MATH500,MATH500,43,0.5,0.5,0.0,1,1
Qwen2.5-Math,MATH500,MATH500,63,1.0,1.0,0.0,1,1
Qwen2.5-Math,MATH500,MATH500,108,0.25,1.0,-0.75,1,1
Qwen2.5-Math,MATH500,MATH500,126,0.5,0.375,0.125,1,1
Qwen2.5-Math,MATH500,MATH500,143,1.0,1.0,0.0,1,1
Qwen2.5-Math,MATH500,MATH500,156,0.375,0.375,0.0,1,1
Qwen2.5-Math,MATH500,MATH500,165,0.6875,0.875,-0.1875,1,1
Qwen2.5-Math,MATH500,MATH500,173,0.5,0.8125,-0.3125,1,1
Qwen2.5-Math,MATH500,MATH500,189,0.5,0.5,0.0,1,1
Qwen2.5-Math,MATH500,MATH500,192,1.0,1.0,0.0,1,1
Qwen2.5-Math,MATH500,MATH500,193,1.0,1.0,0.0,1,1
Qwen2.5-Math,MATH500,MATH500,219,0.3125,0.875,-0.5625,1,1
Qwen2.5-Math,MATH500,MATH500,235,1.0,1.0,0.0,1,1
Qwen2.5-Math,MATH500,MATH500,239,0.25,0.25,0.0,1,1
Qwen2.5-Math,MATH500,MATH500,255,1.0,1.0,0.0,1,1
Qwen2.5-Math,MATH500,MATH500,257,0.75,0.8125,-0.0625,1,1
Qwen2.5-Math,MATH500,MATH500,274,0.4375,1.0,-0.5625,1,1
Qwen2.5-Math,MATH500,MATH500,294,0.3125,0.3125,0.0,1,1
Qwen2.5-Math,MATH500,MATH500,295,0.25,0.4375,-0.1875,1,1
Qwen2.5-Math,MATH500,MATH500,300,1.0,1.0,0.0,1,1
Qwen2.5-Math,MATH500,MATH500,302,1.0,1.0,0.0,1,1
Qwen2.5-Math,MATH500,MATH500,304,1.0,0.75,0.25,1,1
Qwen2.5-Math,MATH500,MATH500,306,0.5625,0.5625,0.0,1,1
Qwen2.5-Math,MATH500,MATH500,333,0.5625,0.5,0.0625,1,1
Qwen2.5-Math,MATH500,MATH500,344,1.0,1.0,0.0,1,1
Qwen2.5-Math,MATH500,MATH500,351,0.3125,0.6875,-0.375,1,1
Qwen2.5-Math,MATH500,MATH500,364,1.0,1.0,0.0,1,1
Qwen2.5-Math,MATH500,MATH500,387,1.0,0.625,0.375,1,1
Qwen2.5-Math,MATH500,MATH500,395,1.0,1.0,0.0,1,1
Qwen2.5-Math,MATH500,MATH500,398,0.8125,0.75,0.0625,1,1
Qwen2.5-Math,MATH500,MATH500,412,0.5625,0.375,0.1875,1,1
Qwen2.5-Math,MATH500,MATH500,415,1.0,0.625,0.375,1,1
Qwen2.5-Math,MATH500,MATH500,418,1.0,1.0,0.0,1,1
Qwen2.5-Math,MATH500,MATH500,422,0.3125,0.25,0.0625,1,1
Qwen2.5-Math,MATH500,MATH500,432,0.3125,0.3125,0.0,1,1
Qwen2.5-Math,MATH500,MATH500,449,1.0,1.0,0.0,1,1
Qwen2.5-Math,MATH500,MATH500,454,1.0,0.4375,0.5625,1,1
Qwen2.5-Math,MATH500,MATH500,458,0.625,0.5625,0.0625,1,1
Qwen2.5-Math,MATH500,MATH500,462,0.625,0.3125,0.3125,1,1
Qwen2.5-Math,MATH500,MATH500,467,0.8125,0.6875,0.125,1,1
Qwen2.5-Math,MATH500,MATH500,473,0.25,0.8125,-0.5625,1,1
Qwen2.5-Math,MATH500,MATH500,477,1.0,0.625,0.375,1,1
Qwen2.5-Math,MATH500,MATH500,483,0.5625,0.3125,0.25,1,1
Qwen2.5-Math,MATH500,MATH500,485,1.0,0.8125,0.1875,1,1
Qwen2.5-Math,MATH500,MATH500,496,0.8125,0.75,0.0625,1,1
Qwen2.5-Math,MATH500,MATH500,498,0.5,0.8125,-0.3125,1,1
Qwen2.5-Math,SVAMP,SVAMP,14,1.0,1.0,0.0,1,1
Qwen2.5-Math,SVAMP,SVAMP,17,0.0,0.3125,-0.3125,1,1
Qwen2.5-Math,SVAMP,SVAMP,90,0.5,0.75,-0.25,1,1
Qwen2.5-Math,SVAMP,SVAMP,95,1.0,0.3125,0.6875,1,1
Qwen2.5-Math,SVAMP,SVAMP,110,1.0,0.875,0.125,1,1
Qwen2.5-Math,SVAMP,SVAMP,126,1.0,1.0,0.0,1,1
Qwen2.5-Math,SVAMP,SVAMP,139,0.75,0.375,0.375,1,1
Qwen2.5-Math,SVAMP,SVAMP,155,1.0,1.0,0.0,1,1
Qwen2.5-Math,SVAMP,SVAMP,169,1.0,1.0,0.0,1,1
Qwen2.5-Math,SVAMP,SVAMP,180,0.3125,1.0,-0.6875,1,1
Qwen2.5-Math,SVAMP,SVAMP,225,1.0,1.0,0.0,1,1
Qwen2.5-Math,SVAMP,SVAMP,227,0.375,0.875,-0.5,1,1
Qwen2.5-Math,SVAMP,SVAMP,264,1.0,1.0,0.0,1,1
Qwen2.5-Math,SVAMP,SVAMP,332,1.0,1.0,0.0,1,1
Qwen2.5-Math,SVAMP,SVAMP,335,1.0,1.0,0.0,1,1
Qwen2.5-Math,SVAMP,SVAMP,336,1.0,1.0,0.0,1,1
Qwen2.5-Math,SVAMP,SVAMP,355,1.0,1.0,0.0,1,1
Qwen2.5-Math,SVAMP,SVAMP,360,1.0,1.0,0.0,1,1
Qwen2.5-Math,SVAMP,SVAMP,365,1.0,1.0,0.0,1,1
Qwen2.5-Math,SVAMP,SVAMP,378,1.0,0.25,0.75,1,1
Qwen2.5-Math,SVAMP,SVAMP,439,0.5,0.875,-0.375,1,1
Qwen2.5-Math,SVAMP,SVAMP,450,1.0,1.0,0.0,1,1
Qwen2.5-Math,SVAMP,SVAMP,464,1.0,1.0,0.0,1,1
Qwen2.5-Math,SVAMP,SVAMP,493,1.0,1.0,0.0,1,1
Qwen2.5-Math,SVAMP,SVAMP,525,1.0,1.0,0.0,1,1
Qwen2.5-Math,SVAMP,SVAMP,541,1.0,1.0,0.0,1,1
Qwen2.5-Math,SVAMP,SVAMP,559,1.0,1.0,0.0,1,1
Qwen2.5-Math,SVAMP,SVAMP,563,0.8125,0.75,0.0625,1,1
Qwen2.5-Math,SVAMP,SVAMP,627,1.0,1.0,0.0,1,1
Qwen2.5-Math,SVAMP,SVAMP,656,0.8125,1.0,-0.1875,1,1
Qwen2.5-Math,SVAMP,SVAMP,676,1.0,1.0,0.0,1,1
Qwen2.5-Math,SVAMP,SVAMP,688,1.0,1.0,0.0,1,1
Qwen2.5-Math,SVAMP,SVAMP,690,0.5,0.5,0.0,1,1
Qwen2.5-Math,SVAMP,SVAMP,695,1.0,0.4375,0.5625,1,1
Qwen2.5-Math,SVAMP,SVAMP,701,0.6875,1.0,-0.3125,1,1
Qwen2.5-Math,SVAMP,SVAMP,759,1.0,1.0,0.0,1,1
Qwen2.5-Math,SVAMP,SVAMP,780,1.0,1.0,0.0,1,1
Qwen2.5-Math,SVAMP,SVAMP,786,1.0,0.375,0.625,1,1
Qwen2.5-Math,SVAMP,SVAMP,793,1.0,0.75,0.25,1,1
Qwen2.5-Math,SVAMP,SVAMP,821,0.0,1.0,-1.0,1,1
Qwen2.5-Math,SVAMP,SVAMP,822,1.0,0.25,0.75,1,1
Qwen2.5-Math,SVAMP,SVAMP,834,0.3125,0.875,-0.5625,1,1
Qwen2.5-Math,SVAMP,SVAMP,872,1.0,1.0,0.0,1,1
Qwen2.5-Math,SVAMP,SVAMP,889,0.3125,0.3125,0.0,1,1
Qwen2.5-Math,SVAMP,SVAMP,896,1.0,1.0,0.0,1,1
Qwen2.5-Math,SVAMP,SVAMP,942,0.3125,1.0,-0.6875,1,1
Qwen2.5-Math,SVAMP,SVAMP,964,0.75,1.0,-0.25,1,1
Qwen2.5-Math,SVAMP,SVAMP,989,0.5,0.3125,0.1875,1,1
Qwen2.5-Math,SVAMP,SVAMP,991,0.3125,1.0,-0.6875,1,1
Qwen2.5-Math,SVAMP,SVAMP,998,1.0,0.75,0.25,1,1
Qwen3-4B,AQuA,AQuA,0,0.625,0.5625,0.0625,1,1
Qwen3-4B,AQuA,AQuA,7,1.0,1.0,0.0,1,1
Qwen3-4B,AQuA,AQuA,11,0.8125,0.5625,0.25,1,1
Qwen3-4B,AQuA,AQuA,12,1.0,0.625,0.375,1,1
Qwen3-4B,AQuA,AQuA,22,1.0,0.5625,0.4375,1,1
Qwen3-4B,AQuA,AQuA,24,1.0,0.5625,0.4375,1,1
Qwen3-4B,AQuA,AQuA,26,0.8125,0.75,0.0625,1,1
Qwen3-4B,AQuA,AQuA,29,0.75,0.75,0.0,1,1
Qwen3-4B,AQuA,AQuA,30,1.0,1.0,0.0,1,1
Qwen3-4B,AQuA,AQuA,34,0.9375,0.8125,0.125,1,1
Qwen3-4B,AQuA,AQuA,40,0.8125,0.625,0.1875,1,1
Qwen3-4B,AQuA,AQuA,44,1.0,0.8125,0.1875,1,1
Qwen3-4B,AQuA,AQuA,65,1.0,1.0,0.0,1,1
Qwen3-4B,AQuA,AQuA,72,1.0,1.0,0.0,1,1
Qwen3-4B,AQuA,AQuA,78,0.8125,0.9375,-0.125,1,1
Qwen3-4B,AQuA,AQuA,83,1.0,0.75,0.25,1,1
Qwen3-4B,AQuA,AQuA,105,0.8125,0.625,0.1875,1,1
Qwen3-4B,AQuA,AQuA,109,0.4375,0.3125,0.125,1,1
Qwen3-4B,AQuA,AQuA,111,0.6875,0.5625,0.125,1,1
Qwen3-4B,AQuA,AQuA,112,0.25,0.25,0.0,1,1
Qwen3-4B,AQuA,AQuA,116,0.5625,0.75,-0.1875,1,1
Qwen3-4B,AQuA,AQuA,119,1.0,1.0,0.0,1,1
Qwen3-4B,AQuA,AQuA,122,0.8125,0.3125,0.5,1,1
Qwen3-4B,AQuA,AQuA,123,1.0,0.75,0.25,1,1
Qwen3-4B,AQuA,AQuA,124,0.625,0.5625,0.0625,1,1
Qwen3-4B,AQuA,AQuA,125,0.6875,0.5625,0.125,1,1
Qwen3-4B,AQuA,AQuA,133,1.0,0.6875,0.3125,1,1
Qwen3-4B,AQuA,AQuA,151,1.0,0.6875,0.3125,1,1
Qwen3-4B,AQuA,AQuA,154,1.0,0.5625,0.4375,1,1
Qwen3-4B,AQuA,AQuA,155,0.8125,0.8125,0.0,1,1
Qwen3-4B,AQuA,AQuA,162,0.3125,0.5625,-0.25,1,1
Qwen3-4B,AQuA,AQuA,179,0.8125,1.0,-0.1875,1,1
Qwen3-4B,AQuA,AQuA,180,1.0,0.875,0.125,1,1
Qwen3-4B,AQuA,AQuA,181,0.5625,0.875,-0.3125,1,1
Qwen3-4B,AQuA,AQuA,187,0.375,0.5,-0.125,1,1
Qwen3-4B,AQuA,AQuA,194,0.875,1.0,-0.125,1,1
Qwen3-4B,AQuA,AQuA,195,1.0,1.0,0.0,1,1
Qwen3-4B,AQuA,AQuA,196,0.5625,0.5625,0.0,1,1
Qwen3-4B,AQuA,AQuA,199,0.4375,0.3125,0.125,1,1
Qwen3-4B,AQuA,AQuA,201,1.0,0.8125,0.1875,1,1
Qwen3-4B,AQuA,AQuA,210,0.3125,0.25,0.0625,1,1
Qwen3-4B,AQuA,AQuA,211,0.5625,0.75,-0.1875,1,1
Qwen3-4B,AQuA,AQuA,215,1.0,1.0,0.0,1,1
Qwen3-4B,AQuA,AQuA,218,0.8125,0.8125,0.0,1,1
Qwen3-4B,AQuA,AQuA,224,0.8125,1.0,-0.1875,1,1
Qwen3-4B,AQuA,AQuA,228,0.5625,0.5625,0.0,1,1
Qwen3-4B,AQuA,AQuA,234,0.75,0.5625,0.1875,1,1
Qwen3-4B,AQuA,AQuA,237,0.3125,0.3125,0.0,1,1
Qwen3-4B,AQuA,AQuA,238,0.25,0.25,0.0,1,1
Qwen3-4B,AQuA,AQuA,242,1.0,0.9375,0.0625,1,1
Qwen3-4B,CommonsenseQA,CSQA,5,0.5625,0.5,0.0625,1,1
Qwen3-4B,CommonsenseQA,CSQA,12,0.5625,0.75,-0.1875,1,1
Qwen3-4B,CommonsenseQA,CSQA,20,0.75,0.8125,-0.0625,1,1
Qwen3-4B,CommonsenseQA,CSQA,21,0.8125,1.0,-0.1875,1,1
Qwen3-4B,CommonsenseQA,CSQA,66,0.8125,0.8125,0.0,1,1
Qwen3-4B,CommonsenseQA,CSQA,90,0.8125,0.8125,0.0,1,1
Qwen3-4B,CommonsenseQA,CSQA,105,0.75,0.9375,-0.1875,1,1
Qwen3-4B,CommonsenseQA,CSQA,149,0.8125,0.8125,0.0,1,1
Qwen3-4B,CommonsenseQA,CSQA,208,0.8125,1.0,-0.1875,1,1
Qwen3-4B,CommonsenseQA,CSQA,228,1.0,1.0,0.0,1,1
Qwen3-4B,CommonsenseQA,CSQA,233,0.9375,1.0,-0.0625,1,1
Qwen3-4B,CommonsenseQA,CSQA,380,0.6875,1.0,-0.3125,1,1
Qwen3-4B,CommonsenseQA,CSQA,401,0.6875,0.8125,-0.125,1,1
Qwen3-4B,CommonsenseQA,CSQA,416,0.6875,1.0,-0.3125,1,1
Qwen3-4B,CommonsenseQA,CSQA,446,0.5625,0.5625,0.0,1,1
Qwen3-4B,CommonsenseQA,CSQA,455,1.0,0.75,0.25,1,1
Qwen3-4B,CommonsenseQA,CSQA,523,0.75,0.5625,0.1875,1,1
Qwen3-4B,CommonsenseQA,CSQA,552,0.5625,0.3125,0.25,1,1
Qwen3-4B,CommonsenseQA,CSQA,562,0.5625,0.5625,0.0,1,1
Qwen3-4B,CommonsenseQA,CSQA,657,0.5625,1.0,-0.4375,1,1
Qwen3-4B,CommonsenseQA,CSQA,668,0.875,0.8125,0.0625,1,1
Qwen3-4B,CommonsenseQA,CSQA,688,0.3125,0.5625,-0.25,1,1
Qwen3-4B,CommonsenseQA,CSQA,695,0.625,0.625,0.0,1,1
Qwen3-4B,CommonsenseQA,CSQA,728,0.5625,0.375,0.1875,1,1
Qwen3-4B,CommonsenseQA,CSQA,730,0.8125,0.5625,0.25,1,1
Qwen3-4B,CommonsenseQA,CSQA,740,0.0,0.75,-0.75,1,1
Qwen3-4B,CommonsenseQA,CSQA,745,0.6875,0.8125,-0.125,1,1
Qwen3-4B,CommonsenseQA,CSQA,790,0.8125,1.0,-0.1875,1,1
Qwen3-4B,CommonsenseQA,CSQA,792,1.0,1.0,0.0,1,1
Qwen3-4B,CommonsenseQA,CSQA,827,0.8125,0.8125,0.0,1,1
Qwen3-4B,CommonsenseQA,CSQA,848,0.5625,0.5625,0.0,1,1
Qwen3-4B,CommonsenseQA,CSQA,861,0.375,0.3125,0.0625,1,1
Qwen3-4B,CommonsenseQA,CSQA,862,0.5625,0.5625,0.0,1,1
Qwen3-4B,CommonsenseQA,CSQA,868,0.8125,0.5625,0.25,1,1
Qwen3-4B,CommonsenseQA,CSQA,882,0.8125,0.875,-0.0625,1,1
Qwen3-4B,CommonsenseQA,CSQA,917,0.625,0.5625,0.0625,1,1
Qwen3-4B,CommonsenseQA,CSQA,938,0.8125,0.8125,0.0,1,1
Qwen3-4B,CommonsenseQA,CSQA,958,0.625,0.8125,-0.1875,1,1
Qwen3-4B,CommonsenseQA,CSQA,963,0.8125,0.5625,0.25,1,1
Qwen3-4B,CommonsenseQA,CSQA,986,0.75,0.8125,-0.0625,1,1
Qwen3-4B,CommonsenseQA,CSQA,990,0.5,0.5625,-0.0625,1,1
Qwen3-4B,CommonsenseQA,CSQA,1004,0.5625,0.375,0.1875,1,1
Qwen3-4B,CommonsenseQA,CSQA,1007,0.8125,1.0,-0.1875,1,1
Qwen3-4B,CommonsenseQA,CSQA,1019,0.5625,0.5,0.0625,1,1
Qwen3-4B,CommonsenseQA,CSQA,1066,1.0,1.0,0.0,1,1
Qwen3-4B,CommonsenseQA,CSQA,1081,0.75,0.625,0.125,1,1
Qwen3-4B,CommonsenseQA,CSQA,1093,0.5,0.375,0.125,1,1
Qwen3-4B,CommonsenseQA,CSQA,1099,0.5625,0.5625,0.0,1,1
Qwen3-4B,CommonsenseQA,CSQA,1102,0.8125,0.75,0.0625,1,1
Qwen3-4B,CommonsenseQA,CSQA,1168,0.5625,1.0,-0.4375,1,1
Qwen3-4B,GPQA,GPQA,0,0.5625,0.5625,0.0,1,1
Qwen3-4B,GPQA,GPQA,11,0.5,0.625,-0.125,1,1
Qwen3-4B,GPQA,GPQA,14,0.75,0.3125,0.4375,1,1
Qwen3-4B,GPQA,GPQA,31,0.9375,0.8125,0.125,1,1
Qwen3-4B,GPQA,GPQA,56,0.5625,0.3125,0.25,1,1
Qwen3-4B,GPQA,GPQA,74,0.25,0.375,-0.125,1,1
Qwen3-4B,GPQA,GPQA,86,0.5625,0.5625,0.0,1,1
Qwen3-4B,GPQA,GPQA,87,0.3125,0.3125,0.0,1,1
Qwen3-4B,GPQA,GPQA,89,0.5625,0.4375,0.125,1,1
Qwen3-4B,GPQA,GPQA,103,0.5,0.5625,-0.0625,1,1
Qwen3-4B,GPQA,GPQA,112,0.75,0.5625,0.1875,1,1
Qwen3-4B,GPQA,GPQA,121,0.5,0.5,0.0,1,1
Qwen3-4B,GPQA,GPQA,125,0.5625,0.75,-0.1875,1,1
Qwen3-4B,GPQA,GPQA,129,0.625,0.75,-0.125,1,1
Qwen3-4B,GPQA,GPQA,130,0.5625,0.5625,0.0,1,1
Qwen3-4B,GPQA,GPQA,134,0.5,0.375,0.125,1,1
Qwen3-4B,GPQA,GPQA,136,0.5625,0.5625,0.0,1,1
Qwen3-4B,GPQA,GPQA,168,0.6875,0.5625,0.125,1,1
Qwen3-4B,GPQA,GPQA,187,0.625,0.5625,0.0625,1,1
Qwen3-4B,GPQA,GPQA,188,0.8125,0.8125,0.0,1,1
Qwen3-4B,GPQA,GPQA,194,0.5625,1.0,-0.4375,1,1
Qwen3-4B,GPQA,GPQA,198,0.5,0.4375,0.0625,1,1
Qwen3-4B,GPQA,GPQA,206,0.5625,0.5,0.0625,1,1
Qwen3-4B,GPQA,GPQA,208,0.75,0.75,0.0,1,1
Qwen3-4B,GPQA,GPQA,211,0.3125,0.375,-0.0625,1,1
Qwen3-4B,GPQA,GPQA,216,0.3125,0.3125,0.0,1,1
Qwen3-4B,GPQA,GPQA,227,0.5625,0.5625,0.0,1,1
Qwen3-4B,GPQA,GPQA,228,0.5,0.5625,-0.0625,1,1
Qwen3-4B,GPQA,GPQA,229,0.3125,0.25,0.0625,1,1
Qwen3-4B,GPQA,GPQA,262,0.5,0.4375,0.0625,1,1
Qwen3-4B,GPQA,GPQA,281,0.5625,0.5,0.0625,1,1
Qwen3-4B,GPQA,GPQA,287,0.75,0.625,0.125,1,1
Qwen3-4B,GPQA,GPQA,292,0.25,0.5,-0.25,1,1
Qwen3-4B,GPQA,GPQA,309,0.5,0.3125,0.1875,1,1
Qwen3-4B,GPQA,GPQA,319,0.3125,0.5,-0.1875,1,1
Qwen3-4B,GPQA,GPQA,332,0.8125,0.5625,0.25,1,1
Qwen3-4B,GPQA,GPQA,336,0.25,0.3125,-0.0625,1,1
Qwen3-4B,GPQA,GPQA,348,0.5,0.5625,-0.0625,1,1
Qwen3-4B,GPQA,GPQA,355,0.6875,0.4375,0.25,1,1
Qwen3-4B,GPQA,GPQA,386,0.5625,0.6875,-0.125,1,1
Qwen3-4B,GPQA,GPQA,390,0.5625,0.5,0.0625,1,1
Qwen3-4B,GPQA,GPQA,394,0.5,0.3125,0.1875,1,1
Qwen3-4B,GPQA,GPQA,405,0.75,0.5625,0.1875,1,1
Qwen3-4B,GPQA,GPQA,408,0.5625,0.25,0.3125,1,1
Qwen3-4B,GPQA,GPQA,412,0.5625,0.5625,0.0,1,1
Qwen3-4B,GPQA,GPQA,415,0.3125,0.3125,0.0,1,1
Qwen3-4B,GPQA,GPQA,423,0.5625,0.5625,0.0,1,1
Qwen3-4B,GPQA,GPQA,429,0.5,0.5625,-0.0625,1,1
Qwen3-4B,GPQA,GPQA,434,0.3125,0.3125,0.0,1,1
Qwen3-4B,GPQA,GPQA,439,0.8125,0.5,0.3125,1,1
Qwen3-4B,GSM8K,GSM8K,14,1.0,1.0,0.0,1,1
Qwen3-4B,GSM8K,GSM8K,34,1.0,1.0,0.0,1,1
Qwen3-4B,GSM8K,GSM8K,104,1.0,1.0,0.0,1,1
Qwen3-4B,GSM8K,GSM8K,121,1.0,0.8125,0.1875,1,1
Qwen3-4B,GSM8K,GSM8K,145,1.0,0.625,0.375,1,1
Qwen3-4B,GSM8K,GSM8K,184,0.375,0.75,-0.375,1,1
Qwen3-4B,GSM8K,GSM8K,207,1.0,0.75,0.25,1,1
Qwen3-4B,GSM8K,GSM8K,244,1.0,0.75,0.25,1,1
Qwen3-4B,GSM8K,GSM8K,303,1.0,1.0,0.0,1,1
Qwen3-4B,GSM8K,GSM8K,350,1.0,0.625,0.375,1,1
Qwen3-4B,GSM8K,GSM8K,351,0.6875,0.8125,-0.125,1,1
Qwen3-4B,GSM8K,GSM8K,377,1.0,0.5,0.5,1,1
Qwen3-4B,GSM8K,GSM8K,397,0.75,1.0,-0.25,1,1
Qwen3-4B,GSM8K,GSM8K,406,0.3125,0.5,-0.1875,1,1
Qwen3-4B,GSM8K,GSM8K,423,0.3125,0.3125,0.0,1,1
Qwen3-4B,GSM8K,GSM8K,429,1.0,0.625,0.375,1,1
Qwen3-4B,GSM8K,GSM8K,478,1.0,1.0,0.0,1,1
Qwen3-4B,GSM8K,GSM8K,493,1.0,0.5,0.5,1,1
Qwen3-4B,GSM8K,GSM8K,526,0.8125,0.625,0.1875,1,1
Qwen3-4B,GSM8K,GSM8K,527,1.0,0.75,0.25,1,1
Qwen3-4B,GSM8K,GSM8K,538,1.0,0.25,0.75,1,1
Qwen3-4B,GSM8K,GSM8K,539,0.375,0.3125,0.0625,1,1
Qwen3-4B,GSM8K,GSM8K,582,0.5625,0.5625,0.0,1,1
Qwen3-4B,GSM8K,GSM8K,586,1.0,1.0,0.0,1,1
Qwen3-4B,GSM8K,GSM8K,590,0.625,0.375,0.25,1,1
Qwen3-4B,GSM8K,GSM8K,634,1.0,1.0,0.0,1,1
Qwen3-4B,GSM8K,GSM8K,666,0.8125,1.0,-0.1875,1,1
Qwen3-4B,GSM8K,GSM8K,678,1.0,1.0,0.0,1,1
Qwen3-4B,GSM8K,GSM8K,714,1.0,0.8125,0.1875,1,1
Qwen3-4B,GSM8K,GSM8K,741,1.0,0.6875,0.3125,1,1
Qwen3-4B,GSM8K,GSM8K,744,1.0,1.0,0.0,1,1
Qwen3-4B,GSM8K,GSM8K,749,0.3125,0.5625,-0.25,1,1
Qwen3-4B,GSM8K,GSM8K,755,1.0,1.0,0.0,1,1
Qwen3-4B,GSM8K,GSM8K,757,1.0,0.9375,0.0625,1,1
Qwen3-4B,GSM8K,GSM8K,758,1.0,1.0,0.0,1,1
Qwen3-4B,GSM8K,GSM8K,780,0.5625,0.375,0.1875,1,1
Qwen3-4B,GSM8K,GSM8K,836,1.0,1.0,0.0,1,1
Qwen3-4B,GSM8K,GSM8K,872,1.0,0.5,0.5,1,1
Qwen3-4B,GSM8K,GSM8K,890,1.0,0.8125,0.1875,1,1
Qwen3-4B,GSM8K,GSM8K,964,0.875,0.5625,0.3125,1,1
Qwen3-4B,GSM8K,GSM8K,969,1.0,1.0,0.0,1,1
Qwen3-4B,GSM8K,GSM8K,973,0.5625,0.75,-0.1875,1,1
Qwen3-4B,GSM8K,GSM8K,1022,1.0,1.0,0.0,1,1
Qwen3-4B,GSM8K,GSM8K,1058,0.875,0.875,0.0,1,1
Qwen3-4B,GSM8K,GSM8K,1077,1.0,0.5,0.5,1,1
Qwen3-4B,GSM8K,GSM8K,1125,1.0,1.0,0.0,1,1
Qwen3-4B,GSM8K,GSM8K,1253,1.0,1.0,0.0,1,1
Qwen3-4B,GSM8K,GSM8K,1271,1.0,1.0,0.0,1,1
Qwen3-4B,GSM8K,GSM8K,1273,1.0,1.0,0.0,1,1
Qwen3-4B,GSM8K,GSM8K,1315,1.0,1.0,0.0,1,1
Qwen3-4B,MATH500,MATH500,2,1.0,1.0,0.0,1,1
Qwen3-4B,MATH500,MATH500,24,0.5625,0.9375,-0.375,1,1
Qwen3-4B,MATH500,MATH500,25,0.5625,0.5,0.0625,1,1
Qwen3-4B,MATH500,MATH500,35,1.0,0.8125,0.1875,1,1
Qwen3-4B,MATH500,MATH500,44,1.0,0.875,0.125,1,1
Qwen3-4B,MATH500,MATH500,46,0.5625,0.5,0.0625,1,1
Qwen3-4B,MATH500,MATH500,47,1.0,0.5,0.5,1,1
Qwen3-4B,MATH500,MATH500,48,1.0,0.8125,0.1875,1,1
Qwen3-4B,MATH500,MATH500,61,0.5,0.625,-0.125,1,1
Qwen3-4B,MATH500,MATH500,69,0.5625,0.625,-0.0625,1,1
Qwen3-4B,MATH500,MATH500,98,1.0,1.0,0.0,1,1
Qwen3-4B,MATH500,MATH500,118,0.5625,0.5625,0.0,1,1
Qwen3-4B,MATH500,MATH500,130,0.375,0.25,0.125,1,1
Qwen3-4B,MATH500,MATH500,131,1.0,0.625,0.375,1,1
Qwen3-4B,MATH500,MATH500,134,1.0,1.0,0.0,1,1
Qwen3-4B,MATH500,MATH500,139,0.3125,0.5625,-0.25,1,1
Qwen3-4B,MATH500,MATH500,151,0.5625,0.5625,0.0,1,1
Qwen3-4B,MATH500,MATH500,167,1.0,1.0,0.0,1,1
Qwen3-4B,MATH500,MATH500,174,1.0,1.0,0.0,1,1
Qwen3-4B,MATH500,MATH500,185,1.0,0.875,0.125,1,1
Qwen3-4B,MATH500,MATH500,193,0.625,0.5625,0.0625,1,1
Qwen3-4B,MATH500,MATH500,211,1.0,1.0,0.0,1,1
Qwen3-4B,MATH500,MATH500,216,1.0,0.6875,0.3125,1,1
Qwen3-4B,MATH500,MATH500,218,1.0,1.0,0.0,1,1
Qwen3-4B,MATH500,MATH500,223,0.5,0.3125,0.1875,1,1
Qwen3-4B,MATH500,MATH500,241,1.0,0.5625,0.4375,1,1
Qwen3-4B,MATH500,MATH500,248,0.5625,0.5,0.0625,1,1
Qwen3-4B,MATH500,MATH500,249,0.5625,0.75,-0.1875,1,1
Qwen3-4B,MATH500,MATH500,276,0.5625,0.5625,0.0,1,1
Qwen3-4B,MATH500,MATH500,286,0.375,0.5,-0.125,1,1
Qwen3-4B,MATH500,MATH500,297,1.0,0.5625,0.4375,1,1
Qwen3-4B,MATH500,MATH500,301,0.625,0.625,0.0,1,1
Qwen3-4B,MATH500,MATH500,308,0.375,0.5,-0.125,1,1
Qwen3-4B,MATH500,MATH500,332,0.375,0.5625,-0.1875,1,1
Qwen3-4B,MATH500,MATH500,335,0.625,0.8125,-0.1875,1,1
Qwen3-4B,MATH500,MATH500,346,1.0,1.0,0.0,1,1
Qwen3-4B,MATH500,MATH500,349,0.25,0.25,0.0,1,1
Qwen3-4B,MATH500,MATH500,351,0.5625,0.5,0.0625,1,1
Qwen3-4B,MATH500,MATH500,353,1.0,0.625,0.375,1,1
Qwen3-4B,MATH500,MATH500,359,0.5625,0.5625,0.0,1,1
Qwen3-4B,MATH500,MATH500,369,0.25,0.5,-0.25,1,1
Qwen3-4B,MATH500,MATH500,391,0.5,0.5,0.0,1,1
Qwen3-4B,MATH500,MATH500,405,1.0,1.0,0.0,1,1
Qwen3-4B,MATH500,MATH500,416,0.75,0.3125,0.4375,1,1
Qwen3-4B,MATH500,MATH500,419,0.6875,0.5625,0.125,1,1
Qwen3-4B,MATH500,MATH500,429,0.5,0.5625,-0.0625,1,1
Qwen3-4B,MATH500,MATH500,438,1.0,1.0,0.0,1,1
Qwen3-4B,MATH500,MATH500,439,0.5625,0.5,0.0625,1,1
Qwen3-4B,MATH500,MATH500,473,0.3125,0.3125,0.0,1,1
Qwen3-4B,MATH500,MATH500,484,0.5625,0.8125,-0.25,1,1
Qwen3-4B,SVAMP,SVAMP,9,1.0,0.6875,0.3125,1,1
Qwen3-4B,SVAMP,SVAMP,10,1.0,0.5625,0.4375,1,1
Qwen3-4B,SVAMP,SVAMP,24,0.3125,0.5625,-0.25,1,1
Qwen3-4B,SVAMP,SVAMP,46,0.25,0.5,-0.25,1,1
Qwen3-4B,SVAMP,SVAMP,56,1.0,1.0,0.0,1,1
Qwen3-4B,SVAMP,SVAMP,81,1.0,0.75,0.25,1,1
Qwen3-4B,SVAMP,SVAMP,86,0.75,1.0,-0.25,1,1
Qwen3-4B,SVAMP,SVAMP,90,1.0,0.9375,0.0625,1,1
Qwen3-4B,SVAMP,SVAMP,130,0.875,1.0,-0.125,1,1
Qwen3-4B,SVAMP,SVAMP,140,1.0,1.0,0.0,1,1
Qwen3-4B,SVAMP,SVAMP,163,0.5,0.5,0.0,1,1
Qwen3-4B,SVAMP,SVAMP,189,0.5,1.0,-0.5,1,1
Qwen3-4B,SVAMP,SVAMP,190,1.0,0.8125,0.1875,1,1
Qwen3-4B,SVAMP,SVAMP,209,0.875,0.875,0.0,1,1
Qwen3-4B,SVAMP,SVAMP,214,1.0,1.0,0.0,1,1
Qwen3-4B,SVAMP,SVAMP,216,0.875,1.0,-0.125,1,1
Qwen3-4B,SVAMP,SVAMP,219,0.75,0.75,0.0,1,1
Qwen3-4B,SVAMP,SVAMP,248,0.3125,1.0,-0.6875,1,1
Qwen3-4B,SVAMP,SVAMP,266,0.8125,1.0,-0.1875,1,1
Qwen3-4B,SVAMP,SVAMP,319,1.0,1.0,0.0,1,1
Qwen3-4B,SVAMP,SVAMP,322,1.0,0.9375,0.0625,1,1
Qwen3-4B,SVAMP,SVAMP,391,1.0,1.0,0.0,1,1
Qwen3-4B,SVAMP,SVAMP,394,1.0,0.6875,0.3125,1,1
Qwen3-4B,SVAMP,SVAMP,463,1.0,1.0,0.0,1,1
Qwen3-4B,SVAMP,SVAMP,474,0.25,0.3125,-0.0625,1,1
Qwen3-4B,SVAMP,SVAMP,498,0.375,0.625,-0.25,1,1
Qwen3-4B,SVAMP,SVAMP,511,1.0,1.0,0.0,1,1
Qwen3-4B,SVAMP,SVAMP,533,1.0,1.0,0.0,1,1
Qwen3-4B,SVAMP,SVAMP,546,0.3125,0.3125,0.0,1,1
Qwen3-4B,SVAMP,SVAMP,561,0.8125,0.75,0.0625,1,1
Qwen3-4B,SVAMP,SVAMP,564,0.875,1.0,-0.125,1,1
Qwen3-4B,SVAMP,SVAMP,568,1.0,0.875,0.125,1,1
Qwen3-4B,SVAMP,SVAMP,599,0.6875,1.0,-0.3125,1,1
Qwen3-4B,SVAMP,SVAMP,606,1.0,0.875,0.125,1,1
Qwen3-4B,SVAMP,SVAMP,618,1.0,1.0,0.0,1,1
Qwen3-4B,SVAMP,SVAMP,664,0.75,0.75,0.0,1,1
Qwen3-4B,SVAMP,SVAMP,675,1.0,0.75,0.25,1,1
Qwen3-4B,SVAMP,SVAMP,683,1.0,0.875,0.125,1,1
Qwen3-4B,SVAMP,SVAMP,699,1.0,0.9375,0.0625,1,1
Qwen3-4B,SVAMP,SVAMP,729,1.0,1.0,0.0,1,1
Qwen3-4B,SVAMP,SVAMP,761,1.0,1.0,0.0,1,1
Qwen3-4B,SVAMP,SVAMP,778,1.0,0.5625,0.4375,1,1
Qwen3-4B,SVAMP,SVAMP,783,1.0,1.0,0.0,1,1
Qwen3-4B,SVAMP,SVAMP,832,1.0,1.0,0.0,1,1
Qwen3-4B,SVAMP,SVAMP,858,1.0,1.0,0.0,1,1
Qwen3-4B,SVAMP,SVAMP,886,0.5,1.0,-0.5,1,1
Qwen3-4B,SVAMP,SVAMP,915,1.0,0.625,0.375,1,1
Qwen3-4B,SVAMP,SVAMP,959,0.75,0.5625,0.1875,1,1
Qwen3-4B,SVAMP,SVAMP,967,0.75,0.5625,0.1875,1,1
Qwen3-4B,SVAMP,SVAMP,997,0.375,0.625,-0.25,1,1
